produto_id,mes_referencia,preco_casanova,preco_medio_mercado
P0001,2024-01-01,327.74,354.76
P0001,2024-02-01,327.74,333.37
P0001,2024-03-01,327.74,342.69
P0001,2024-04-01,327.74,354.39
P0001,2024-05-01,327.74,353.06
P0001,2024-06-01,327.74,349.02
P0001,2024-07-01,327.74,333.35
P0001,2024-08-01,327.74,346.55
P0001,2024-09-01,327.74,343.49
P0001,2024-10-01,327.74,324.26
P0001,2024-11-01,327.74,325.81
P0001,2024-12-01,327.74,352.64
P0001,2025-01-01,327.74,326.63
P0001,2025-02-01,327.74,324.13
P0001,2025-03-01,327.74,323.63
P0001,2025-04-01,327.74,327.1
P0001,2025-05-01,327.74,349.98
P0001,2025-06-01,327.74,337.61
P0001,2025-07-01,327.74,354.57
P0001,2025-08-01,327.74,327.4
P0001,2025-09-01,327.74,324.07
P0001,2025-10-01,327.74,343.7
P0001,2025-11-01,327.74,346.74
P0001,2025-12-01,327.74,324.36
P0002,2024-01-01,626.21,677.27
P0002,2024-02-01,626.21,685.01
P0002,2024-03-01,626.21,641.12
P0002,2024-04-01,626.21,640.24
P0002,2024-05-01,626.21,686.63
P0002,2024-06-01,626.21,669.02
P0002,2024-07-01,626.21,678.38
P0002,2024-08-01,626.21,682.16
P0002,2024-09-01,626.21,670.67
P0002,2024-10-01,626.21,648.59
P0002,2024-11-01,626.21,673.19
P0002,2024-12-01,626.21,685.18
P0002,2025-01-01,626.21,675.94
P0002,2025-02-01,626.21,695.29
P0002,2025-03-01,626.21,645.49
P0002,2025-04-01,626.21,683.69
P0002,2025-05-01,626.21,678.55
P0002,2025-06-01,626.21,677.4
P0002,2025-07-01,626.21,662.97
P0002,2025-08-01,626.21,654.64
P0002,2025-09-01,626.21,682.97
P0002,2025-10-01,626.21,678.97
P0002,2025-11-01,626.21,687.13
P0002,2025-12-01,626.21,685.13
P0003,2024-01-01,145.28,129.25
P0003,2024-02-01,145.28,129.04
P0003,2024-03-01,145.28,141.48
P0003,2024-04-01,145.28,135.17
P0003,2024-05-01,145.28,132.3
P0003,2024-06-01,145.28,141.13
P0003,2024-07-01,145.28,134.05
P0003,2024-08-01,145.28,142.18
P0003,2024-09-01,145.28,142.1
P0003,2024-10-01,145.28,140.64
P0003,2024-11-01,145.28,138.39
P0003,2024-12-01,145.28,130.43
P0003,2025-01-01,145.28,129.96
P0003,2025-02-01,145.28,130.08
P0003,2025-03-01,145.28,132.68
P0003,2025-04-01,145.28,139.94
P0003,2025-05-01,145.28,131.32
P0003,2025-06-01,145.28,137.64
P0003,2025-07-01,145.28,140.18
P0003,2025-08-01,145.28,133.32
P0003,2025-09-01,145.28,136.5
P0003,2025-10-01,145.28,140.43
P0003,2025-11-01,145.28,142.32
P0003,2025-12-01,145.28,130.77
P0004,2024-01-01,63.5,71.45
P0004,2024-02-01,63.5,70.41
P0004,2024-03-01,63.5,69.02
P0004,2024-04-01,63.5,71.04
P0004,2024-05-01,63.5,72.28
P0004,2024-06-01,63.5,68.58
P0004,2024-07-01,63.5,71.43
P0004,2024-08-01,63.5,67.45
P0004,2024-09-01,63.5,69.74
P0004,2024-10-01,63.5,69.55
P0004,2024-11-01,63.5,69.19
P0004,2024-12-01,63.5,67.87
P0004,2025-01-01,63.5,67.35
P0004,2025-02-01,63.5,67.37
P0004,2025-03-01,63.5,68.47
P0004,2025-04-01,63.5,67.75
P0004,2025-05-01,63.5,72.84
P0004,2025-06-01,63.5,72.55
P0004,2025-07-01,63.5,69.42
P0004,2025-08-01,63.5,70.79
P0004,2025-09-01,63.5,70.63
P0004,2025-10-01,63.5,69.27
P0004,2025-11-01,63.5,71.51
P0004,2025-12-01,63.5,66.58
P0005,2024-01-01,516.93,498.57
P0005,2024-02-01,516.93,483.43
P0005,2024-03-01,516.93,489.23
P0005,2024-04-01,516.93,511.3
P0005,2024-05-01,516.93,496.82
P0005,2024-06-01,516.93,507.65
P0005,2024-07-01,516.93,491.36
P0005,2024-08-01,516.93,488.4
P0005,2024-09-01,516.93,485.44
P0005,2024-10-01,516.93,466.71
P0005,2024-11-01,516.93,497.79
P0005,2024-12-01,516.93,500.59
P0005,2025-01-01,516.93,508.09
P0005,2025-02-01,516.93,509.12
P0005,2025-03-01,516.93,472.71
P0005,2025-04-01,516.93,492.78
P0005,2025-05-01,516.93,496.44
P0005,2025-06-01,516.93,505.98
P0005,2025-07-01,516.93,468.32
P0005,2025-08-01,516.93,503.63
P0005,2025-09-01,516.93,484.8
P0005,2025-10-01,516.93,479.93
P0005,2025-11-01,516.93,478.55
P0005,2025-12-01,516.93,513.98
P0006,2024-01-01,32.19,27.41
P0006,2024-02-01,32.19,30.27
P0006,2024-03-01,32.19,27.62
P0006,2024-04-01,32.19,29.65
P0006,2024-05-01,32.19,28.03
P0006,2024-06-01,32.19,28.2
P0006,2024-07-01,32.19,28.28
P0006,2024-08-01,32.19,30.37
P0006,2024-09-01,32.19,30.35
P0006,2024-10-01,32.19,27.66
P0006,2024-11-01,32.19,28.29
P0006,2024-12-01,32.19,29.36
P0006,2025-01-01,32.19,28.4
P0006,2025-02-01,32.19,28.67
P0006,2025-03-01,32.19,29.88
P0006,2025-04-01,32.19,28.89
P0006,2025-05-01,32.19,27.84
P0006,2025-06-01,32.19,27.3
P0006,2025-07-01,32.19,30.02
P0006,2025-08-01,32.19,29.46
P0006,2025-09-01,32.19,28.89
P0006,2025-10-01,32.19,27.34
P0006,2025-11-01,32.19,27.63
P0006,2025-12-01,32.19,29.6
P0007,2024-01-01,710.09,673.02
P0007,2024-02-01,710.09,672.98
P0007,2024-03-01,710.09,663.32
P0007,2024-04-01,710.09,630.81
P0007,2024-05-01,710.09,690.64
P0007,2024-06-01,710.09,646.15
P0007,2024-07-01,710.09,670.17
P0007,2024-08-01,710.09,676.04
P0007,2024-09-01,710.09,666.25
P0007,2024-10-01,710.09,653.8
P0007,2024-11-01,710.09,659.79
P0007,2024-12-01,710.09,684.73
P0007,2025-01-01,710.09,644.45
P0007,2025-02-01,710.09,650.03
P0007,2025-03-01,710.09,670.62
P0007,2025-04-01,710.09,678.07
P0007,2025-05-01,710.09,627.6
P0007,2025-06-01,710.09,649.14
P0007,2025-07-01,710.09,683.55
P0007,2025-08-01,710.09,690.61
P0007,2025-09-01,710.09,671.09
P0007,2025-10-01,710.09,635.17
P0007,2025-11-01,710.09,647.67
P0007,2025-12-01,710.09,629.41
P0008,2024-01-01,166.82,145.95
P0008,2024-02-01,166.82,136.63
P0008,2024-03-01,166.82,142.66
P0008,2024-04-01,166.82,141.38
P0008,2024-05-01,166.82,138.72
P0008,2024-06-01,166.82,136.31
P0008,2024-07-01,166.82,135.54
P0008,2024-08-01,166.82,139.98
P0008,2024-09-01,166.82,138.22
P0008,2024-10-01,166.82,142.16
P0008,2024-11-01,166.82,142.29
P0008,2024-12-01,166.82,146.18
P0008,2025-01-01,166.82,140.79
P0008,2025-02-01,166.82,135.34
P0008,2025-03-01,166.82,135.74
P0008,2025-04-01,166.82,142.43
P0008,2025-05-01,166.82,135.5
P0008,2025-06-01,166.82,149.41
P0008,2025-07-01,166.82,136.44
P0008,2025-08-01,166.82,138.52
P0008,2025-09-01,166.82,140.34
P0008,2025-10-01,166.82,143.6
P0008,2025-11-01,166.82,149.63
P0008,2025-12-01,166.82,146.48
P0009,2024-01-01,269.04,287.63
P0009,2024-02-01,269.04,291.73
P0009,2024-03-01,269.04,280.52
P0009,2024-04-01,269.04,272.25
P0009,2024-05-01,269.04,271.49
P0009,2024-06-01,269.04,272.68
P0009,2024-07-01,269.04,285.56
P0009,2024-08-01,269.04,270.34
P0009,2024-09-01,269.04,290.21
P0009,2024-10-01,269.04,276.28
P0009,2024-11-01,269.04,295.9
P0009,2024-12-01,269.04,294.43
P0009,2025-01-01,269.04,279.61
P0009,2025-02-01,269.04,284.46
P0009,2025-03-01,269.04,293.82
P0009,2025-04-01,269.04,273.71
P0009,2025-05-01,269.04,271.42
P0009,2025-06-01,269.04,275.48
P0009,2025-07-01,269.04,281.33
P0009,2025-08-01,269.04,286.09
P0009,2025-09-01,269.04,295.87
P0009,2025-10-01,269.04,289.76
P0009,2025-11-01,269.04,274.4
P0009,2025-12-01,269.04,274.12
P0010,2024-01-01,375.67,358.93
P0010,2024-02-01,375.67,365.09
P0010,2024-03-01,375.67,368.64
P0010,2024-04-01,375.67,392.13
P0010,2024-05-01,375.67,371.15
P0010,2024-06-01,375.67,357.17
P0010,2024-07-01,375.67,363.69
P0010,2024-08-01,375.67,383.75
P0010,2024-09-01,375.67,391.28
P0010,2024-10-01,375.67,383.53
P0010,2024-11-01,375.67,386.15
P0010,2024-12-01,375.67,371.97
P0010,2025-01-01,375.67,381.67
P0010,2025-02-01,375.67,383.08
P0010,2025-03-01,375.67,365.78
P0010,2025-04-01,375.67,381.65
P0010,2025-05-01,375.67,386.48
P0010,2025-06-01,375.67,367.2
P0010,2025-07-01,375.67,385.4
P0010,2025-08-01,375.67,379.72
P0010,2025-09-01,375.67,387.49
P0010,2025-10-01,375.67,385.09
P0010,2025-11-01,375.67,382.8
P0010,2025-12-01,375.67,375.63
P0011,2024-01-01,525.9,575.54
P0011,2024-02-01,525.9,580.95
P0011,2024-03-01,525.9,579.99
P0011,2024-04-01,525.9,536.93
P0011,2024-05-01,525.9,559.95
P0011,2024-06-01,525.9,574.32
P0011,2024-07-01,525.9,556.28
P0011,2024-08-01,525.9,535.09
P0011,2024-09-01,525.9,547.81
P0011,2024-10-01,525.9,540.71
P0011,2024-11-01,525.9,555.16
P0011,2024-12-01,525.9,555.0
P0011,2025-01-01,525.9,558.58
P0011,2025-02-01,525.9,570.49
P0011,2025-03-01,525.9,543.55
P0011,2025-04-01,525.9,538.76
P0011,2025-05-01,525.9,573.4
P0011,2025-06-01,525.9,572.37
P0011,2025-07-01,525.9,560.21
P0011,2025-08-01,525.9,561.0
P0011,2025-09-01,525.9,538.84
P0011,2025-10-01,525.9,554.56
P0011,2025-11-01,525.9,548.1
P0011,2025-12-01,525.9,535.1
P0012,2024-01-01,258.94,261.88
P0012,2024-02-01,258.94,274.34
P0012,2024-03-01,258.94,262.18
P0012,2024-04-01,258.94,278.2
P0012,2024-05-01,258.94,268.27
P0012,2024-06-01,258.94,261.1
P0012,2024-07-01,258.94,268.8
P0012,2024-08-01,258.94,269.09
P0012,2024-09-01,258.94,268.28
P0012,2024-10-01,258.94,279.89
P0012,2024-11-01,258.94,259.43
P0012,2024-12-01,258.94,272.2
P0012,2025-01-01,258.94,259.03
P0012,2025-02-01,258.94,271.61
P0012,2025-03-01,258.94,270.55
P0012,2025-04-01,258.94,265.76
P0012,2025-05-01,258.94,273.64
P0012,2025-06-01,258.94,257.25
P0012,2025-07-01,258.94,258.83
P0012,2025-08-01,258.94,258.75
P0012,2025-09-01,258.94,280.08
P0012,2025-10-01,258.94,258.29
P0012,2025-11-01,258.94,263.33
P0012,2025-12-01,258.94,262.01
P0013,2024-01-01,395.82,407.42
P0013,2024-02-01,395.82,384.57
P0013,2024-03-01,395.82,395.82
P0013,2024-04-01,395.82,379.15
P0013,2024-05-01,395.82,382.97
P0013,2024-06-01,395.82,373.9
P0013,2024-07-01,395.82,378.19
P0013,2024-08-01,395.82,402.84
P0013,2024-09-01,395.82,381.94
P0013,2024-10-01,395.82,403.83
P0013,2024-11-01,395.82,394.67
P0013,2024-12-01,395.82,388.49
P0013,2025-01-01,395.82,384.15
P0013,2025-02-01,395.82,374.44
P0013,2025-03-01,395.82,372.51
P0013,2025-04-01,395.82,404.81
P0013,2025-05-01,395.82,374.58
P0013,2025-06-01,395.82,394.21
P0013,2025-07-01,395.82,393.6
P0013,2025-08-01,395.82,375.5
P0013,2025-09-01,395.82,378.01
P0013,2025-10-01,395.82,402.17
P0013,2025-11-01,395.82,384.52
P0013,2025-12-01,395.82,404.46
P0014,2024-01-01,181.73,200.7
P0014,2024-02-01,181.73,187.56
P0014,2024-03-01,181.73,191.0
P0014,2024-04-01,181.73,192.42
P0014,2024-05-01,181.73,190.98
P0014,2024-06-01,181.73,189.31
P0014,2024-07-01,181.73,194.01
P0014,2024-08-01,181.73,187.8
P0014,2024-09-01,181.73,187.86
P0014,2024-10-01,181.73,189.99
P0014,2024-11-01,181.73,190.93
P0014,2024-12-01,181.73,197.8
P0014,2025-01-01,181.73,186.38
P0014,2025-02-01,181.73,196.02
P0014,2025-03-01,181.73,197.96
P0014,2025-04-01,181.73,192.12
P0014,2025-05-01,181.73,185.15
P0014,2025-06-01,181.73,185.13
P0014,2025-07-01,181.73,186.16
P0014,2025-08-01,181.73,192.64
P0014,2025-09-01,181.73,192.25
P0014,2025-10-01,181.73,196.67
P0014,2025-11-01,181.73,190.79
P0014,2025-12-01,181.73,202.65
P0015,2024-01-01,509.67,545.1
P0015,2024-02-01,509.67,580.95
P0015,2024-03-01,509.67,535.62
P0015,2024-04-01,509.67,559.04
P0015,2024-05-01,509.67,575.84
P0015,2024-06-01,509.67,541.12
P0015,2024-07-01,509.67,563.83
P0015,2024-08-01,509.67,539.12
P0015,2024-09-01,509.67,542.06
P0015,2024-10-01,509.67,554.14
P0015,2024-11-01,509.67,570.67
P0015,2024-12-01,509.67,549.34
P0015,2025-01-01,509.67,556.91
P0015,2025-02-01,509.67,580.05
P0015,2025-03-01,509.67,562.56
P0015,2025-04-01,509.67,539.2
P0015,2025-05-01,509.67,563.54
P0015,2025-06-01,509.67,544.69
P0015,2025-07-01,509.67,538.06
P0015,2025-08-01,509.67,536.02
P0015,2025-09-01,509.67,546.05
P0015,2025-10-01,509.67,538.66
P0015,2025-11-01,509.67,543.45
P0015,2025-12-01,509.67,548.26
P0016,2024-01-01,522.3,578.12
P0016,2024-02-01,522.3,579.32
P0016,2024-03-01,522.3,590.32
P0016,2024-04-01,522.3,562.15
P0016,2024-05-01,522.3,587.78
P0016,2024-06-01,522.3,574.79
P0016,2024-07-01,522.3,597.64
P0016,2024-08-01,522.3,571.22
P0016,2024-09-01,522.3,592.79
P0016,2024-10-01,522.3,567.04
P0016,2024-11-01,522.3,594.04
P0016,2024-12-01,522.3,599.58
P0016,2025-01-01,522.3,569.16
P0016,2025-02-01,522.3,585.14
P0016,2025-03-01,522.3,609.93
P0016,2025-04-01,522.3,580.63
P0016,2025-05-01,522.3,609.83
P0016,2025-06-01,522.3,592.83
P0016,2025-07-01,522.3,592.72
P0016,2025-08-01,522.3,581.78
P0016,2025-09-01,522.3,583.65
P0016,2025-10-01,522.3,577.21
P0016,2025-11-01,522.3,605.84
P0016,2025-12-01,522.3,600.5
P0017,2024-01-01,69.32,75.04
P0017,2024-02-01,69.32,79.49
P0017,2024-03-01,69.32,75.7
P0017,2024-04-01,69.32,74.83
P0017,2024-05-01,69.32,78.3
P0017,2024-06-01,69.32,76.99
P0017,2024-07-01,69.32,78.08
P0017,2024-08-01,69.32,75.96
P0017,2024-09-01,69.32,77.16
P0017,2024-10-01,69.32,78.34
P0017,2024-11-01,69.32,79.41
P0017,2024-12-01,69.32,77.04
P0017,2025-01-01,69.32,76.44
P0017,2025-02-01,69.32,79.0
P0017,2025-03-01,69.32,76.65
P0017,2025-04-01,69.32,77.96
P0017,2025-05-01,69.32,79.57
P0017,2025-06-01,69.32,75.63
P0017,2025-07-01,69.32,78.81
P0017,2025-08-01,69.32,79.59
P0017,2025-09-01,69.32,76.32
P0017,2025-10-01,69.32,75.93
P0017,2025-11-01,69.32,75.32
P0017,2025-12-01,69.32,80.69
P0018,2024-01-01,821.3,758.31
P0018,2024-02-01,821.3,773.71
P0018,2024-03-01,821.3,770.21
P0018,2024-04-01,821.3,739.46
P0018,2024-05-01,821.3,769.43
P0018,2024-06-01,821.3,750.15
P0018,2024-07-01,821.3,796.31
P0018,2024-08-01,821.3,801.8
P0018,2024-09-01,821.3,731.88
P0018,2024-10-01,821.3,797.57
P0018,2024-11-01,821.3,781.58
P0018,2024-12-01,821.3,760.12
P0018,2025-01-01,821.3,798.43
P0018,2025-02-01,821.3,759.79
P0018,2025-03-01,821.3,741.17
P0018,2025-04-01,821.3,774.18
P0018,2025-05-01,821.3,788.28
P0018,2025-06-01,821.3,807.72
P0018,2025-07-01,821.3,742.47
P0018,2025-08-01,821.3,803.63
P0018,2025-09-01,821.3,761.22
P0018,2025-10-01,821.3,734.52
P0018,2025-11-01,821.3,806.65
P0018,2025-12-01,821.3,735.59
P0019,2024-01-01,269.35,273.49
P0019,2024-02-01,269.35,279.56
P0019,2024-03-01,269.35,282.94
P0019,2024-04-01,269.35,282.12
P0019,2024-05-01,269.35,277.11
P0019,2024-06-01,269.35,272.9
P0019,2024-07-01,269.35,289.91
P0019,2024-08-01,269.35,282.6
P0019,2024-09-01,269.35,278.68
P0019,2024-10-01,269.35,278.67
P0019,2024-11-01,269.35,272.11
P0019,2024-12-01,269.35,290.46
P0019,2025-01-01,269.35,290.65
P0019,2025-02-01,269.35,265.49
P0019,2025-03-01,269.35,266.97
P0019,2025-04-01,269.35,289.64
P0019,2025-05-01,269.35,288.34
P0019,2025-06-01,269.35,272.33
P0019,2025-07-01,269.35,277.43
P0019,2025-08-01,269.35,288.14
P0019,2025-09-01,269.35,291.12
P0019,2025-10-01,269.35,279.63
P0019,2025-11-01,269.35,270.24
P0019,2025-12-01,269.35,270.08
P0020,2024-01-01,586.33,619.95
P0020,2024-02-01,586.33,651.65
P0020,2024-03-01,586.33,628.43
P0020,2024-04-01,586.33,640.85
P0020,2024-05-01,586.33,655.68
P0020,2024-06-01,586.33,613.67
P0020,2024-07-01,586.33,648.62
P0020,2024-08-01,586.33,621.85
P0020,2024-09-01,586.33,634.77
P0020,2024-10-01,586.33,623.04
P0020,2024-11-01,586.33,606.64
P0020,2024-12-01,586.33,626.62
P0020,2025-01-01,586.33,610.76
P0020,2025-02-01,586.33,616.03
P0020,2025-03-01,586.33,644.15
P0020,2025-04-01,586.33,649.65
P0020,2025-05-01,586.33,608.9
P0020,2025-06-01,586.33,617.14
P0020,2025-07-01,586.33,630.59
P0020,2025-08-01,586.33,649.1
P0020,2025-09-01,586.33,654.23
P0020,2025-10-01,586.33,646.27
P0020,2025-11-01,586.33,661.61
P0020,2025-12-01,586.33,619.11
P0021,2024-01-01,116.9,135.22
P0021,2024-02-01,116.9,131.29
P0021,2024-03-01,116.9,129.1
P0021,2024-04-01,116.9,133.44
P0021,2024-05-01,116.9,126.84
P0021,2024-06-01,116.9,135.4
P0021,2024-07-01,116.9,129.95
P0021,2024-08-01,116.9,127.59
P0021,2024-09-01,116.9,129.93
P0021,2024-10-01,116.9,127.31
P0021,2024-11-01,116.9,133.37
P0021,2024-12-01,116.9,129.95
P0021,2025-01-01,116.9,129.22
P0021,2025-02-01,116.9,133.36
P0021,2025-03-01,116.9,131.73
P0021,2025-04-01,116.9,130.31
P0021,2025-05-01,116.9,128.4
P0021,2025-06-01,116.9,127.71
P0021,2025-07-01,116.9,133.37
P0021,2025-08-01,116.9,133.51
P0021,2025-09-01,116.9,129.36
P0021,2025-10-01,116.9,137.09
P0021,2025-11-01,116.9,133.22
P0021,2025-12-01,116.9,130.83
P0022,2024-01-01,43.71,41.32
P0022,2024-02-01,43.71,38.8
P0022,2024-03-01,43.71,40.17
P0022,2024-04-01,43.71,40.57
P0022,2024-05-01,43.71,40.09
P0022,2024-06-01,43.71,38.11
P0022,2024-07-01,43.71,39.37
P0022,2024-08-01,43.71,40.23
P0022,2024-09-01,43.71,39.71
P0022,2024-10-01,43.71,38.41
P0022,2024-11-01,43.71,38.15
P0022,2024-12-01,43.71,41.65
P0022,2025-01-01,43.71,39.19
P0022,2025-02-01,43.71,38.05
P0022,2025-03-01,43.71,37.92
P0022,2025-04-01,43.71,39.54
P0022,2025-05-01,43.71,39.34
P0022,2025-06-01,43.71,41.45
P0022,2025-07-01,43.71,37.78
P0022,2025-08-01,43.71,40.4
P0022,2025-09-01,43.71,40.27
P0022,2025-10-01,43.71,40.23
P0022,2025-11-01,43.71,41.03
P0022,2025-12-01,43.71,39.03
P0023,2024-01-01,231.08,235.28
P0023,2024-02-01,231.08,230.76
P0023,2024-03-01,231.08,230.7
P0023,2024-04-01,231.08,229.76
P0023,2024-05-01,231.08,217.2
P0023,2024-06-01,231.08,236.88
P0023,2024-07-01,231.08,238.84
P0023,2024-08-01,231.08,228.17
P0023,2024-09-01,231.08,227.68
P0023,2024-10-01,231.08,227.9
P0023,2024-11-01,231.08,227.35
P0023,2024-12-01,231.08,236.04
P0023,2025-01-01,231.08,237.48
P0023,2025-02-01,231.08,222.32
P0023,2025-03-01,231.08,240.0
P0023,2025-04-01,231.08,232.68
P0023,2025-05-01,231.08,219.49
P0023,2025-06-01,231.08,231.93
P0023,2025-07-01,231.08,226.18
P0023,2025-08-01,231.08,231.33
P0023,2025-09-01,231.08,226.87
P0023,2025-10-01,231.08,230.44
P0023,2025-11-01,231.08,224.12
P0023,2025-12-01,231.08,235.56
P0024,2024-01-01,275.28,309.66
P0024,2024-02-01,275.28,300.59
P0024,2024-03-01,275.28,308.76
P0024,2024-04-01,275.28,293.46
P0024,2024-05-01,275.28,292.97
P0024,2024-06-01,275.28,295.19
P0024,2024-07-01,275.28,303.49
P0024,2024-08-01,275.28,292.87
P0024,2024-09-01,275.28,285.54
P0024,2024-10-01,275.28,296.59
P0024,2024-11-01,275.28,301.51
P0024,2024-12-01,275.28,286.14
P0024,2025-01-01,275.28,302.05
P0024,2025-02-01,275.28,306.75
P0024,2025-03-01,275.28,297.88
P0024,2025-04-01,275.28,283.49
P0024,2025-05-01,275.28,307.93
P0024,2025-06-01,275.28,308.14
P0024,2025-07-01,275.28,307.26
P0024,2025-08-01,275.28,308.99
P0024,2025-09-01,275.28,303.9
P0024,2025-10-01,275.28,293.05
P0024,2025-11-01,275.28,301.09
P0024,2025-12-01,275.28,309.34
P0025,2024-01-01,471.5,500.16
P0025,2024-02-01,471.5,501.17
P0025,2024-03-01,471.5,531.02
P0025,2024-04-01,471.5,528.64
P0025,2024-05-01,471.5,510.43
P0025,2024-06-01,471.5,494.17
P0025,2024-07-01,471.5,496.01
P0025,2024-08-01,471.5,499.33
P0025,2024-09-01,471.5,535.7
P0025,2024-10-01,471.5,534.41
P0025,2024-11-01,471.5,507.65
P0025,2024-12-01,471.5,509.92
P0025,2025-01-01,471.5,497.51
P0025,2025-02-01,471.5,502.9
P0025,2025-03-01,471.5,496.29
P0025,2025-04-01,471.5,533.56
P0025,2025-05-01,471.5,535.7
P0025,2025-06-01,471.5,499.89
P0025,2025-07-01,471.5,534.79
P0025,2025-08-01,471.5,534.41
P0025,2025-09-01,471.5,506.31
P0025,2025-10-01,471.5,494.5
P0025,2025-11-01,471.5,492.6
P0025,2025-12-01,471.5,493.09
P0026,2024-01-01,824.6,753.54
P0026,2024-02-01,824.6,763.33
P0026,2024-03-01,824.6,737.55
P0026,2024-04-01,824.6,744.65
P0026,2024-05-01,824.6,775.82
P0026,2024-06-01,824.6,749.34
P0026,2024-07-01,824.6,787.32
P0026,2024-08-01,824.6,755.44
P0026,2024-09-01,824.6,733.02
P0026,2024-10-01,824.6,709.89
P0026,2024-11-01,824.6,740.55
P0026,2024-12-01,824.6,707.32
P0026,2025-01-01,824.6,759.0
P0026,2025-02-01,824.6,769.84
P0026,2025-03-01,824.6,787.06
P0026,2025-04-01,824.6,739.95
P0026,2025-05-01,824.6,788.07
P0026,2025-06-01,824.6,707.6
P0026,2025-07-01,824.6,749.77
P0026,2025-08-01,824.6,724.83
P0026,2025-09-01,824.6,776.78
P0026,2025-10-01,824.6,734.25
P0026,2025-11-01,824.6,728.3
P0026,2025-12-01,824.6,728.33
P0027,2024-01-01,799.48,781.98
P0027,2024-02-01,799.48,779.71
P0027,2024-03-01,799.48,806.87
P0027,2024-04-01,799.48,748.44
P0027,2024-05-01,799.48,771.73
P0027,2024-06-01,799.48,737.74
P0027,2024-07-01,799.48,775.28
P0027,2024-08-01,799.48,756.87
P0027,2024-09-01,799.48,757.81
P0027,2024-10-01,799.48,796.68
P0027,2024-11-01,799.48,741.08
P0027,2024-12-01,799.48,746.51
P0027,2025-01-01,799.48,780.88
P0027,2025-02-01,799.48,796.07
P0027,2025-03-01,799.48,783.85
P0027,2025-04-01,799.48,798.38
P0027,2025-05-01,799.48,783.07
P0027,2025-06-01,799.48,764.88
P0027,2025-07-01,799.48,773.05
P0027,2025-08-01,799.48,755.69
P0027,2025-09-01,799.48,805.37
P0027,2025-10-01,799.48,763.02
P0027,2025-11-01,799.48,782.24
P0027,2025-12-01,799.48,762.39
P0028,2024-01-01,514.25,470.73
P0028,2024-02-01,514.25,455.2
P0028,2024-03-01,514.25,430.1
P0028,2024-04-01,514.25,456.79
P0028,2024-05-01,514.25,425.93
P0028,2024-06-01,514.25,468.14
P0028,2024-07-01,514.25,429.84
P0028,2024-08-01,514.25,425.9
P0028,2024-09-01,514.25,467.39
P0028,2024-10-01,514.25,442.51
P0028,2024-11-01,514.25,435.87
P0028,2024-12-01,514.25,468.85
P0028,2025-01-01,514.25,427.97
P0028,2025-02-01,514.25,445.59
P0028,2025-03-01,514.25,450.42
P0028,2025-04-01,514.25,466.52
P0028,2025-05-01,514.25,470.59
P0028,2025-06-01,514.25,425.3
P0028,2025-07-01,514.25,434.75
P0028,2025-08-01,514.25,467.71
P0028,2025-09-01,514.25,433.6
P0028,2025-10-01,514.25,471.34
P0028,2025-11-01,514.25,441.94
P0028,2025-12-01,514.25,431.02
P0029,2024-01-01,88.89,73.46
P0029,2024-02-01,88.89,78.62
P0029,2024-03-01,88.89,72.19
P0029,2024-04-01,88.89,77.29
P0029,2024-05-01,88.89,76.42
P0029,2024-06-01,88.89,73.31
P0029,2024-07-01,88.89,78.03
P0029,2024-08-01,88.89,72.24
P0029,2024-09-01,88.89,73.81
P0029,2024-10-01,88.89,79.14
P0029,2024-11-01,88.89,78.26
P0029,2024-12-01,88.89,78.23
P0029,2025-01-01,88.89,79.62
P0029,2025-02-01,88.89,78.22
P0029,2025-03-01,88.89,71.89
P0029,2025-04-01,88.89,79.81
P0029,2025-05-01,88.89,75.47
P0029,2025-06-01,88.89,78.58
P0029,2025-07-01,88.89,73.0
P0029,2025-08-01,88.89,71.91
P0029,2025-09-01,88.89,75.99
P0029,2025-10-01,88.89,73.46
P0029,2025-11-01,88.89,74.02
P0029,2025-12-01,88.89,72.98
P0030,2024-01-01,52.76,52.52
P0030,2024-02-01,52.76,55.42
P0030,2024-03-01,52.76,56.26
P0030,2024-04-01,52.76,54.5
P0030,2024-05-01,52.76,56.92
P0030,2024-06-01,52.76,54.0
P0030,2024-07-01,52.76,54.44
P0030,2024-08-01,52.76,52.54
P0030,2024-09-01,52.76,52.37
P0030,2024-10-01,52.76,56.93
P0030,2024-11-01,52.76,53.67
P0030,2024-12-01,52.76,55.18
P0030,2025-01-01,52.76,52.94
P0030,2025-02-01,52.76,55.54
P0030,2025-03-01,52.76,52.41
P0030,2025-04-01,52.76,53.98
P0030,2025-05-01,52.76,54.93
P0030,2025-06-01,52.76,56.35
P0030,2025-07-01,52.76,56.45
P0030,2025-08-01,52.76,52.98
P0030,2025-09-01,52.76,56.77
P0030,2025-10-01,52.76,53.3
P0030,2025-11-01,52.76,55.9
P0030,2025-12-01,52.76,55.67
P0031,2024-01-01,339.55,339.26
P0031,2024-02-01,339.55,338.36
P0031,2024-03-01,339.55,338.33
P0031,2024-04-01,339.55,326.31
P0031,2024-05-01,339.55,321.99
P0031,2024-06-01,339.55,324.32
P0031,2024-07-01,339.55,338.5
P0031,2024-08-01,339.55,337.99
P0031,2024-09-01,339.55,343.22
P0031,2024-10-01,339.55,348.57
P0031,2024-11-01,339.55,328.76
P0031,2024-12-01,339.55,325.43
P0031,2025-01-01,339.55,334.58
P0031,2025-02-01,339.55,325.3
P0031,2025-03-01,339.55,315.49
P0031,2025-04-01,339.55,345.08
P0031,2025-05-01,339.55,315.7
P0031,2025-06-01,339.55,323.31
P0031,2025-07-01,339.55,335.38
P0031,2025-08-01,339.55,338.31
P0031,2025-09-01,339.55,343.04
P0031,2025-10-01,339.55,319.99
P0031,2025-11-01,339.55,337.97
P0031,2025-12-01,339.55,330.97
P0032,2024-01-01,707.0,622.75
P0032,2024-02-01,707.0,664.85
P0032,2024-03-01,707.0,634.34
P0032,2024-04-01,707.0,669.1
P0032,2024-05-01,707.0,669.12
P0032,2024-06-01,707.0,626.93
P0032,2024-07-01,707.0,637.71
P0032,2024-08-01,707.0,628.52
P0032,2024-09-01,707.0,634.3
P0032,2024-10-01,707.0,635.94
P0032,2024-11-01,707.0,654.99
P0032,2024-12-01,707.0,611.84
P0032,2025-01-01,707.0,626.97
P0032,2025-02-01,707.0,626.78
P0032,2025-03-01,707.0,622.96
P0032,2025-04-01,707.0,643.13
P0032,2025-05-01,707.0,636.14
P0032,2025-06-01,707.0,636.38
P0032,2025-07-01,707.0,671.61
P0032,2025-08-01,707.0,625.19
P0032,2025-09-01,707.0,647.74
P0032,2025-10-01,707.0,675.29
P0032,2025-11-01,707.0,666.54
P0032,2025-12-01,707.0,666.78
P0033,2024-01-01,249.58,242.31
P0033,2024-02-01,249.58,232.58
P0033,2024-03-01,249.58,242.75
P0033,2024-04-01,249.58,236.79
P0033,2024-05-01,249.58,253.25
P0033,2024-06-01,249.58,237.19
P0033,2024-07-01,249.58,230.11
P0033,2024-08-01,249.58,241.76
P0033,2024-09-01,249.58,238.46
P0033,2024-10-01,249.58,245.84
P0033,2024-11-01,249.58,231.36
P0033,2024-12-01,249.58,246.21
P0033,2025-01-01,249.58,231.74
P0033,2025-02-01,249.58,236.63
P0033,2025-03-01,249.58,246.07
P0033,2025-04-01,249.58,246.45
P0033,2025-05-01,249.58,236.56
P0033,2025-06-01,249.58,247.22
P0033,2025-07-01,249.58,251.72
P0033,2025-08-01,249.58,232.2
P0033,2025-09-01,249.58,245.49
P0033,2025-10-01,249.58,247.19
P0033,2025-11-01,249.58,229.28
P0033,2025-12-01,249.58,240.18
P0034,2024-01-01,132.67,119.3
P0034,2024-02-01,132.67,115.79
P0034,2024-03-01,132.67,117.27
P0034,2024-04-01,132.67,117.56
P0034,2024-05-01,132.67,116.33
P0034,2024-06-01,132.67,112.79
P0034,2024-07-01,132.67,120.38
P0034,2024-08-01,132.67,121.73
P0034,2024-09-01,132.67,118.22
P0034,2024-10-01,132.67,114.54
P0034,2024-11-01,132.67,121.31
P0034,2024-12-01,132.67,121.09
P0034,2025-01-01,132.67,120.94
P0034,2025-02-01,132.67,121.75
P0034,2025-03-01,132.67,121.72
P0034,2025-04-01,132.67,117.56
P0034,2025-05-01,132.67,120.02
P0034,2025-06-01,132.67,122.29
P0034,2025-07-01,132.67,114.78
P0034,2025-08-01,132.67,123.7
P0034,2025-09-01,132.67,113.68
P0034,2025-10-01,132.67,125.72
P0034,2025-11-01,132.67,120.12
P0034,2025-12-01,132.67,121.14
P0035,2024-01-01,77.25,63.81
P0035,2024-02-01,77.25,67.72
P0035,2024-03-01,77.25,64.37
P0035,2024-04-01,77.25,65.3
P0035,2024-05-01,77.25,63.9
P0035,2024-06-01,77.25,63.38
P0035,2024-07-01,77.25,69.58
P0035,2024-08-01,77.25,64.54
P0035,2024-09-01,77.25,63.33
P0035,2024-10-01,77.25,69.27
P0035,2024-11-01,77.25,65.76
P0035,2024-12-01,77.25,66.65
P0035,2025-01-01,77.25,66.64
P0035,2025-02-01,77.25,69.16
P0035,2025-03-01,77.25,64.56
P0035,2025-04-01,77.25,64.08
P0035,2025-05-01,77.25,64.81
P0035,2025-06-01,77.25,66.4
P0035,2025-07-01,77.25,69.02
P0035,2025-08-01,77.25,64.69
P0035,2025-09-01,77.25,69.57
P0035,2025-10-01,77.25,67.33
P0035,2025-11-01,77.25,67.36
P0035,2025-12-01,77.25,68.59
P0036,2024-01-01,659.82,720.95
P0036,2024-02-01,659.82,751.78
P0036,2024-03-01,659.82,750.79
P0036,2024-04-01,659.82,749.87
P0036,2024-05-01,659.82,781.08
P0036,2024-06-01,659.82,749.25
P0036,2024-07-01,659.82,730.31
P0036,2024-08-01,659.82,774.88
P0036,2024-09-01,659.82,721.67
P0036,2024-10-01,659.82,780.0
P0036,2024-11-01,659.82,783.31
P0036,2024-12-01,659.82,723.09
P0036,2025-01-01,659.82,734.08
P0036,2025-02-01,659.82,734.53
P0036,2025-03-01,659.82,732.3
P0036,2025-04-01,659.82,723.75
P0036,2025-05-01,659.82,729.04
P0036,2025-06-01,659.82,728.85
P0036,2025-07-01,659.82,761.89
P0036,2025-08-01,659.82,777.89
P0036,2025-09-01,659.82,743.65
P0036,2025-10-01,659.82,722.96
P0036,2025-11-01,659.82,753.95
P0036,2025-12-01,659.82,740.68
P0037,2024-01-01,19.61,16.78
P0037,2024-02-01,19.61,16.64
P0037,2024-03-01,19.61,15.84
P0037,2024-04-01,19.61,15.88
P0037,2024-05-01,19.61,17.67
P0037,2024-06-01,19.61,17.63
P0037,2024-07-01,19.61,17.58
P0037,2024-08-01,19.61,17.25
P0037,2024-09-01,19.61,16.0
P0037,2024-10-01,19.61,17.17
P0037,2024-11-01,19.61,16.36
P0037,2024-12-01,19.61,16.06
P0037,2025-01-01,19.61,16.87
P0037,2025-02-01,19.61,16.19
P0037,2025-03-01,19.61,15.83
P0037,2025-04-01,19.61,16.43
P0037,2025-05-01,19.61,16.44
P0037,2025-06-01,19.61,16.95
P0037,2025-07-01,19.61,16.59
P0037,2025-08-01,19.61,16.34
P0037,2025-09-01,19.61,16.53
P0037,2025-10-01,19.61,15.85
P0037,2025-11-01,19.61,16.19
P0037,2025-12-01,19.61,17.55
P0038,2024-01-01,605.23,651.41
P0038,2024-02-01,605.23,639.7
P0038,2024-03-01,605.23,651.31
P0038,2024-04-01,605.23,607.6
P0038,2024-05-01,605.23,642.19
P0038,2024-06-01,605.23,607.61
P0038,2024-07-01,605.23,633.14
P0038,2024-08-01,605.23,602.5
P0038,2024-09-01,605.23,620.76
P0038,2024-10-01,605.23,646.03
P0038,2024-11-01,605.23,647.44
P0038,2024-12-01,605.23,625.84
P0038,2025-01-01,605.23,614.22
P0038,2025-02-01,605.23,613.92
P0038,2025-03-01,605.23,650.05
P0038,2025-04-01,605.23,633.78
P0038,2025-05-01,605.23,626.57
P0038,2025-06-01,605.23,622.07
P0038,2025-07-01,605.23,605.39
P0038,2025-08-01,605.23,635.21
P0038,2025-09-01,605.23,609.17
P0038,2025-10-01,605.23,652.39
P0038,2025-11-01,605.23,645.36
P0038,2025-12-01,605.23,634.15
P0039,2024-01-01,659.01,732.06
P0039,2024-02-01,659.01,732.38
P0039,2024-03-01,659.01,733.22
P0039,2024-04-01,659.01,720.35
P0039,2024-05-01,659.01,728.61
P0039,2024-06-01,659.01,704.51
P0039,2024-07-01,659.01,685.56
P0039,2024-08-01,659.01,686.92
P0039,2024-09-01,659.01,716.13
P0039,2024-10-01,659.01,715.66
P0039,2024-11-01,659.01,722.78
P0039,2024-12-01,659.01,695.12
P0039,2025-01-01,659.01,679.69
P0039,2025-02-01,659.01,698.13
P0039,2025-03-01,659.01,695.93
P0039,2025-04-01,659.01,720.03
P0039,2025-05-01,659.01,708.85
P0039,2025-06-01,659.01,721.69
P0039,2025-07-01,659.01,720.97
P0039,2025-08-01,659.01,675.64
P0039,2025-09-01,659.01,695.69
P0039,2025-10-01,659.01,722.19
P0039,2025-11-01,659.01,715.99
P0039,2025-12-01,659.01,721.49
P0040,2024-01-01,314.32,317.39
P0040,2024-02-01,314.32,301.13
P0040,2024-03-01,314.32,315.98
P0040,2024-04-01,314.32,293.8
P0040,2024-05-01,314.32,289.12
P0040,2024-06-01,314.32,291.6
P0040,2024-07-01,314.32,290.4
P0040,2024-08-01,314.32,291.7
P0040,2024-09-01,314.32,304.0
P0040,2024-10-01,314.32,287.51
P0040,2024-11-01,314.32,307.17
P0040,2024-12-01,314.32,305.09
P0040,2025-01-01,314.32,298.12
P0040,2025-02-01,314.32,288.14
P0040,2025-03-01,314.32,310.72
P0040,2025-04-01,314.32,289.04
P0040,2025-05-01,314.32,298.25
P0040,2025-06-01,314.32,296.71
P0040,2025-07-01,314.32,316.42
P0040,2025-08-01,314.32,292.64
P0040,2025-09-01,314.32,289.39
P0040,2025-10-01,314.32,293.03
P0040,2025-11-01,314.32,317.28
P0040,2025-12-01,314.32,291.9
P0041,2024-01-01,836.7,907.77
P0041,2024-02-01,836.7,877.92
P0041,2024-03-01,836.7,891.5
P0041,2024-04-01,836.7,890.88
P0041,2024-05-01,836.7,891.17
P0041,2024-06-01,836.7,951.6
P0041,2024-07-01,836.7,894.08
P0041,2024-08-01,836.7,900.37
P0041,2024-09-01,836.7,905.68
P0041,2024-10-01,836.7,930.62
P0041,2024-11-01,836.7,901.03
P0041,2024-12-01,836.7,876.92
P0041,2025-01-01,836.7,891.72
P0041,2025-02-01,836.7,932.73
P0041,2025-03-01,836.7,950.71
P0041,2025-04-01,836.7,927.01
P0041,2025-05-01,836.7,877.61
P0041,2025-06-01,836.7,919.26
P0041,2025-07-01,836.7,894.43
P0041,2025-08-01,836.7,946.01
P0041,2025-09-01,836.7,900.01
P0041,2025-10-01,836.7,897.89
P0041,2025-11-01,836.7,884.69
P0041,2025-12-01,836.7,905.19
P0042,2024-01-01,291.3,299.16
P0042,2024-02-01,291.3,303.51
P0042,2024-03-01,291.3,290.24
P0042,2024-04-01,291.3,294.66
P0042,2024-05-01,291.3,282.41
P0042,2024-06-01,291.3,280.36
P0042,2024-07-01,291.3,275.59
P0042,2024-08-01,291.3,293.91
P0042,2024-09-01,291.3,299.59
P0042,2024-10-01,291.3,295.32
P0042,2024-11-01,291.3,288.49
P0042,2024-12-01,291.3,279.76
P0042,2025-01-01,291.3,276.72
P0042,2025-02-01,291.3,283.26
P0042,2025-03-01,291.3,280.08
P0042,2025-04-01,291.3,295.13
P0042,2025-05-01,291.3,281.52
P0042,2025-06-01,291.3,300.85
P0042,2025-07-01,291.3,278.88
P0042,2025-08-01,291.3,278.93
P0042,2025-09-01,291.3,287.62
P0042,2025-10-01,291.3,281.22
P0042,2025-11-01,291.3,279.85
P0042,2025-12-01,291.3,288.65
P0043,2024-01-01,274.67,262.63
P0043,2024-02-01,274.67,278.39
P0043,2024-03-01,274.67,282.39
P0043,2024-04-01,274.67,282.06
P0043,2024-05-01,274.67,273.67
P0043,2024-06-01,274.67,280.32
P0043,2024-07-01,274.67,284.57
P0043,2024-08-01,274.67,273.56
P0043,2024-09-01,274.67,277.69
P0043,2024-10-01,274.67,282.58
P0043,2024-11-01,274.67,280.4
P0043,2024-12-01,274.67,267.78
P0043,2025-01-01,274.67,269.98
P0043,2025-02-01,274.67,281.08
P0043,2025-03-01,274.67,276.05
P0043,2025-04-01,274.67,279.37
P0043,2025-05-01,274.67,280.07
P0043,2025-06-01,274.67,271.83
P0043,2025-07-01,274.67,259.66
P0043,2025-08-01,274.67,260.29
P0043,2025-09-01,274.67,280.85
P0043,2025-10-01,274.67,282.27
P0043,2025-11-01,274.67,282.22
P0043,2025-12-01,274.67,263.2
P0044,2024-01-01,624.22,680.11
P0044,2024-02-01,624.22,713.22
P0044,2024-03-01,624.22,707.16
P0044,2024-04-01,624.22,685.0
P0044,2024-05-01,624.22,699.84
P0044,2024-06-01,624.22,715.46
P0044,2024-07-01,624.22,712.77
P0044,2024-08-01,624.22,664.41
P0044,2024-09-01,624.22,714.96
P0044,2024-10-01,624.22,694.63
P0044,2024-11-01,624.22,675.25
P0044,2024-12-01,624.22,703.45
P0044,2025-01-01,624.22,700.39
P0044,2025-02-01,624.22,704.82
P0044,2025-03-01,624.22,684.29
P0044,2025-04-01,624.22,701.91
P0044,2025-05-01,624.22,691.06
P0044,2025-06-01,624.22,722.92
P0044,2025-07-01,624.22,720.74
P0044,2025-08-01,624.22,704.45
P0044,2025-09-01,624.22,668.85
P0044,2025-10-01,624.22,717.3
P0044,2025-11-01,624.22,703.1
P0044,2025-12-01,624.22,696.25
P0045,2024-01-01,755.82,874.29
P0045,2024-02-01,755.82,859.42
P0045,2024-03-01,755.82,892.73
P0045,2024-04-01,755.82,836.97
P0045,2024-05-01,755.82,859.87
P0045,2024-06-01,755.82,849.33
P0045,2024-07-01,755.82,828.14
P0045,2024-08-01,755.82,830.15
P0045,2024-09-01,755.82,892.53
P0045,2024-10-01,755.82,861.3
P0045,2024-11-01,755.82,829.94
P0045,2024-12-01,755.82,865.32
P0045,2025-01-01,755.82,853.94
P0045,2025-02-01,755.82,867.17
P0045,2025-03-01,755.82,887.22
P0045,2025-04-01,755.82,878.16
P0045,2025-05-01,755.82,897.29
P0045,2025-06-01,755.82,828.69
P0045,2025-07-01,755.82,844.01
P0045,2025-08-01,755.82,882.6
P0045,2025-09-01,755.82,832.97
P0045,2025-10-01,755.82,868.77
P0045,2025-11-01,755.82,857.95
P0045,2025-12-01,755.82,845.36
P0046,2024-01-01,114.86,100.33
P0046,2024-02-01,114.86,96.58
P0046,2024-03-01,114.86,94.69
P0046,2024-04-01,114.86,96.1
P0046,2024-05-01,114.86,103.51
P0046,2024-06-01,114.86,94.06
P0046,2024-07-01,114.86,103.22
P0046,2024-08-01,114.86,96.44
P0046,2024-09-01,114.86,103.57
P0046,2024-10-01,114.86,100.23
P0046,2024-11-01,114.86,102.1
P0046,2024-12-01,114.86,102.38
P0046,2025-01-01,114.86,95.96
P0046,2025-02-01,114.86,94.1
P0046,2025-03-01,114.86,103.05
P0046,2025-04-01,114.86,98.2
P0046,2025-05-01,114.86,98.98
P0046,2025-06-01,114.86,97.34
P0046,2025-07-01,114.86,100.36
P0046,2025-08-01,114.86,101.98
P0046,2025-09-01,114.86,99.0
P0046,2025-10-01,114.86,98.92
P0046,2025-11-01,114.86,94.98
P0046,2025-12-01,114.86,99.73
P0047,2024-01-01,650.26,681.49
P0047,2024-02-01,650.26,709.37
P0047,2024-03-01,650.26,700.52
P0047,2024-04-01,650.26,686.99
P0047,2024-05-01,650.26,716.72
P0047,2024-06-01,650.26,699.62
P0047,2024-07-01,650.26,688.24
P0047,2024-08-01,650.26,722.02
P0047,2024-09-01,650.26,698.37
P0047,2024-10-01,650.26,720.37
P0047,2024-11-01,650.26,684.82
P0047,2024-12-01,650.26,706.66
P0047,2025-01-01,650.26,715.11
P0047,2025-02-01,650.26,679.17
P0047,2025-03-01,650.26,716.16
P0047,2025-04-01,650.26,682.6
P0047,2025-05-01,650.26,716.49
P0047,2025-06-01,650.26,696.66
P0047,2025-07-01,650.26,703.3
P0047,2025-08-01,650.26,674.56
P0047,2025-09-01,650.26,724.78
P0047,2025-10-01,650.26,682.5
P0047,2025-11-01,650.26,670.75
P0047,2025-12-01,650.26,730.9
P0048,2024-01-01,658.76,694.04
P0048,2024-02-01,658.76,722.46
P0048,2024-03-01,658.76,752.17
P0048,2024-04-01,658.76,747.96
P0048,2024-05-01,658.76,725.25
P0048,2024-06-01,658.76,686.5
P0048,2024-07-01,658.76,696.94
P0048,2024-08-01,658.76,687.68
P0048,2024-09-01,658.76,741.8
P0048,2024-10-01,658.76,712.62
P0048,2024-11-01,658.76,702.89
P0048,2024-12-01,658.76,722.2
P0048,2025-01-01,658.76,696.37
P0048,2025-02-01,658.76,746.9
P0048,2025-03-01,658.76,726.28
P0048,2025-04-01,658.76,694.32
P0048,2025-05-01,658.76,717.77
P0048,2025-06-01,658.76,697.86
P0048,2025-07-01,658.76,744.67
P0048,2025-08-01,658.76,724.84
P0048,2025-09-01,658.76,699.71
P0048,2025-10-01,658.76,747.8
P0048,2025-11-01,658.76,726.51
P0048,2025-12-01,658.76,691.54
P0049,2024-01-01,451.48,483.83
P0049,2024-02-01,451.48,512.68
P0049,2024-03-01,451.48,506.66
P0049,2024-04-01,451.48,498.91
P0049,2024-05-01,451.48,510.22
P0049,2024-06-01,451.48,493.34
P0049,2024-07-01,451.48,486.15
P0049,2024-08-01,451.48,525.48
P0049,2024-09-01,451.48,515.31
P0049,2024-10-01,451.48,493.09
P0049,2024-11-01,451.48,526.03
P0049,2024-12-01,451.48,527.17
P0049,2025-01-01,451.48,496.13
P0049,2025-02-01,451.48,493.39
P0049,2025-03-01,451.48,502.96
P0049,2025-04-01,451.48,494.31
P0049,2025-05-01,451.48,513.71
P0049,2025-06-01,451.48,493.2
P0049,2025-07-01,451.48,504.6
P0049,2025-08-01,451.48,510.41
P0049,2025-09-01,451.48,507.59
P0049,2025-10-01,451.48,515.54
P0049,2025-11-01,451.48,511.92
P0049,2025-12-01,451.48,490.02
P0050,2024-01-01,36.22,40.23
P0050,2024-02-01,36.22,40.75
P0050,2024-03-01,36.22,41.36
P0050,2024-04-01,36.22,38.75
P0050,2024-05-01,36.22,40.8
P0050,2024-06-01,36.22,38.59
P0050,2024-07-01,36.22,40.02
P0050,2024-08-01,36.22,40.49
P0050,2024-09-01,36.22,41.24
P0050,2024-10-01,36.22,40.53
P0050,2024-11-01,36.22,40.96
P0050,2024-12-01,36.22,39.82
P0050,2025-01-01,36.22,40.51
P0050,2025-02-01,36.22,40.15
P0050,2025-03-01,36.22,39.72
P0050,2025-04-01,36.22,38.64
P0050,2025-05-01,36.22,41.19
P0050,2025-06-01,36.22,41.24
P0050,2025-07-01,36.22,39.81
P0050,2025-08-01,36.22,39.52
P0050,2025-09-01,36.22,40.58
P0050,2025-10-01,36.22,39.99
P0050,2025-11-01,36.22,40.27
P0050,2025-12-01,36.22,41.38
P0051,2024-01-01,41.24,41.22
P0051,2024-02-01,41.24,41.78
P0051,2024-03-01,41.24,41.3
P0051,2024-04-01,41.24,43.74
P0051,2024-05-01,41.24,40.53
P0051,2024-06-01,41.24,40.56
P0051,2024-07-01,41.24,41.36
P0051,2024-08-01,41.24,40.32
P0051,2024-09-01,41.24,43.94
P0051,2024-10-01,41.24,43.1
P0051,2024-11-01,41.24,41.69
P0051,2024-12-01,41.24,40.8
P0051,2025-01-01,41.24,42.44
P0051,2025-02-01,41.24,42.29
P0051,2025-03-01,41.24,42.76
P0051,2025-04-01,41.24,41.97
P0051,2025-05-01,41.24,41.74
P0051,2025-06-01,41.24,42.44
P0051,2025-07-01,41.24,42.5
P0051,2025-08-01,41.24,42.33
P0051,2025-09-01,41.24,43.0
P0051,2025-10-01,41.24,40.9
P0051,2025-11-01,41.24,41.21
P0051,2025-12-01,41.24,42.62
P0052,2024-01-01,277.49,294.27
P0052,2024-02-01,277.49,285.43
P0052,2024-03-01,277.49,290.44
P0052,2024-04-01,277.49,289.61
P0052,2024-05-01,277.49,294.8
P0052,2024-06-01,277.49,274.74
P0052,2024-07-01,277.49,287.93
P0052,2024-08-01,277.49,284.74
P0052,2024-09-01,277.49,274.97
P0052,2024-10-01,277.49,285.13
P0052,2024-11-01,277.49,291.45
P0052,2024-12-01,277.49,281.36
P0052,2025-01-01,277.49,281.69
P0052,2025-02-01,277.49,288.24
P0052,2025-03-01,277.49,281.72
P0052,2025-04-01,277.49,293.58
P0052,2025-05-01,277.49,288.7
P0052,2025-06-01,277.49,290.71
P0052,2025-07-01,277.49,278.79
P0052,2025-08-01,277.49,278.75
P0052,2025-09-01,277.49,277.73
P0052,2025-10-01,277.49,281.69
P0052,2025-11-01,277.49,280.28
P0052,2025-12-01,277.49,269.87
P0053,2024-01-01,772.82,843.68
P0053,2024-02-01,772.82,897.8
P0053,2024-03-01,772.82,856.51
P0053,2024-04-01,772.82,891.39
P0053,2024-05-01,772.82,825.57
P0053,2024-06-01,772.82,877.66
P0053,2024-07-01,772.82,888.82
P0053,2024-08-01,772.82,892.88
P0053,2024-09-01,772.82,833.64
P0053,2024-10-01,772.82,829.05
P0053,2024-11-01,772.82,823.52
P0053,2024-12-01,772.82,858.06
P0053,2025-01-01,772.82,899.6
P0053,2025-02-01,772.82,894.83
P0053,2025-03-01,772.82,844.98
P0053,2025-04-01,772.82,871.85
P0053,2025-05-01,772.82,853.99
P0053,2025-06-01,772.82,840.36
P0053,2025-07-01,772.82,847.54
P0053,2025-08-01,772.82,824.52
P0053,2025-09-01,772.82,848.93
P0053,2025-10-01,772.82,844.18
P0053,2025-11-01,772.82,849.54
P0053,2025-12-01,772.82,894.97
P0054,2024-01-01,357.67,321.21
P0054,2024-02-01,357.67,306.14
P0054,2024-03-01,357.67,328.59
P0054,2024-04-01,357.67,322.99
P0054,2024-05-01,357.67,333.35
P0054,2024-06-01,357.67,304.43
P0054,2024-07-01,357.67,328.89
P0054,2024-08-01,357.67,306.58
P0054,2024-09-01,357.67,308.55
P0054,2024-10-01,357.67,326.01
P0054,2024-11-01,357.67,311.4
P0054,2024-12-01,357.67,329.24
P0054,2025-01-01,357.67,303.44
P0054,2025-02-01,357.67,321.63
P0054,2025-03-01,357.67,332.79
P0054,2025-04-01,357.67,327.04
P0054,2025-05-01,357.67,315.33
P0054,2025-06-01,357.67,325.86
P0054,2025-07-01,357.67,334.04
P0054,2025-08-01,357.67,334.39
P0054,2025-09-01,357.67,305.53
P0054,2025-10-01,357.67,307.87
P0054,2025-11-01,357.67,307.99
P0054,2025-12-01,357.67,306.05
P0055,2024-01-01,206.05,202.06
P0055,2024-02-01,206.05,203.54
P0055,2024-03-01,206.05,210.31
P0055,2024-04-01,206.05,201.43
P0055,2024-05-01,206.05,200.99
P0055,2024-06-01,206.05,215.14
P0055,2024-07-01,206.05,209.26
P0055,2024-08-01,206.05,202.35
P0055,2024-09-01,206.05,205.99
P0055,2024-10-01,206.05,208.79
P0055,2024-11-01,206.05,208.93
P0055,2024-12-01,206.05,213.99
P0055,2025-01-01,206.05,211.43
P0055,2025-02-01,206.05,210.72
P0055,2025-03-01,206.05,207.25
P0055,2025-04-01,206.05,215.68
P0055,2025-05-01,206.05,214.54
P0055,2025-06-01,206.05,214.53
P0055,2025-07-01,206.05,209.1
P0055,2025-08-01,206.05,208.8
P0055,2025-09-01,206.05,208.54
P0055,2025-10-01,206.05,216.09
P0055,2025-11-01,206.05,217.84
P0055,2025-12-01,206.05,209.7
P0056,2024-01-01,256.94,282.87
P0056,2024-02-01,256.94,276.05
P0056,2024-03-01,256.94,266.03
P0056,2024-04-01,256.94,263.8
P0056,2024-05-01,256.94,279.95
P0056,2024-06-01,256.94,278.61
P0056,2024-07-01,256.94,260.01
P0056,2024-08-01,256.94,282.62
P0056,2024-09-01,256.94,269.02
P0056,2024-10-01,256.94,281.56
P0056,2024-11-01,256.94,265.64
P0056,2024-12-01,256.94,271.73
P0056,2025-01-01,256.94,263.67
P0056,2025-02-01,256.94,260.31
P0056,2025-03-01,256.94,271.83
P0056,2025-04-01,256.94,261.91
P0056,2025-05-01,256.94,281.92
P0056,2025-06-01,256.94,282.04
P0056,2025-07-01,256.94,283.93
P0056,2025-08-01,256.94,269.48
P0056,2025-09-01,256.94,275.81
P0056,2025-10-01,256.94,271.76
P0056,2025-11-01,256.94,282.72
P0056,2025-12-01,256.94,260.62
P0057,2024-01-01,791.3,707.57
P0057,2024-02-01,791.3,640.03
P0057,2024-03-01,791.3,651.61
P0057,2024-04-01,791.3,650.81
P0057,2024-05-01,791.3,637.17
P0057,2024-06-01,791.3,663.75
P0057,2024-07-01,791.3,651.55
P0057,2024-08-01,791.3,662.14
P0057,2024-09-01,791.3,680.47
P0057,2024-10-01,791.3,707.38
P0057,2024-11-01,791.3,705.16
P0057,2024-12-01,791.3,653.05
P0057,2025-01-01,791.3,689.91
P0057,2025-02-01,791.3,665.0
P0057,2025-03-01,791.3,699.6
P0057,2025-04-01,791.3,647.42
P0057,2025-05-01,791.3,678.42
P0057,2025-06-01,791.3,686.49
P0057,2025-07-01,791.3,696.23
P0057,2025-08-01,791.3,704.06
P0057,2025-09-01,791.3,641.89
P0057,2025-10-01,791.3,661.84
P0057,2025-11-01,791.3,677.87
P0057,2025-12-01,791.3,673.31
P0058,2024-01-01,543.89,454.43
P0058,2024-02-01,543.89,465.86
P0058,2024-03-01,543.89,495.88
P0058,2024-04-01,543.89,453.91
P0058,2024-05-01,543.89,481.46
P0058,2024-06-01,543.89,476.87
P0058,2024-07-01,543.89,451.62
P0058,2024-08-01,543.89,493.53
P0058,2024-09-01,543.89,499.59
P0058,2024-10-01,543.89,471.72
P0058,2024-11-01,543.89,461.81
P0058,2024-12-01,543.89,460.83
P0058,2025-01-01,543.89,482.92
P0058,2025-02-01,543.89,476.2
P0058,2025-03-01,543.89,460.99
P0058,2025-04-01,543.89,464.44
P0058,2025-05-01,543.89,472.32
P0058,2025-06-01,543.89,494.35
P0058,2025-07-01,543.89,491.28
P0058,2025-08-01,543.89,503.22
P0058,2025-09-01,543.89,464.76
P0058,2025-10-01,543.89,498.17
P0058,2025-11-01,543.89,487.08
P0058,2025-12-01,543.89,502.33
P0059,2024-01-01,686.07,678.83
P0059,2024-02-01,686.07,659.2
P0059,2024-03-01,686.07,693.4
P0059,2024-04-01,686.07,688.14
P0059,2024-05-01,686.07,680.14
P0059,2024-06-01,686.07,656.09
P0059,2024-07-01,686.07,719.94
P0059,2024-08-01,686.07,721.2
P0059,2024-09-01,686.07,669.14
P0059,2024-10-01,686.07,702.08
P0059,2024-11-01,686.07,672.99
P0059,2024-12-01,686.07,701.52
P0059,2025-01-01,686.07,682.61
P0059,2025-02-01,686.07,696.23
P0059,2025-03-01,686.07,719.59
P0059,2025-04-01,686.07,656.67
P0059,2025-05-01,686.07,692.47
P0059,2025-06-01,686.07,697.79
P0059,2025-07-01,686.07,655.46
P0059,2025-08-01,686.07,679.01
P0059,2025-09-01,686.07,707.96
P0059,2025-10-01,686.07,712.6
P0059,2025-11-01,686.07,682.43
P0059,2025-12-01,686.07,663.52
P0060,2024-01-01,760.29,797.8
P0060,2024-02-01,760.29,838.93
P0060,2024-03-01,760.29,806.64
P0060,2024-04-01,760.29,796.21
P0060,2024-05-01,760.29,841.44
P0060,2024-06-01,760.29,807.03
P0060,2024-07-01,760.29,790.31
P0060,2024-08-01,760.29,815.9
P0060,2024-09-01,760.29,815.31
P0060,2024-10-01,760.29,836.35
P0060,2024-11-01,760.29,819.8
P0060,2024-12-01,760.29,814.87
P0060,2025-01-01,760.29,794.57
P0060,2025-02-01,760.29,804.81
P0060,2025-03-01,760.29,804.35
P0060,2025-04-01,760.29,860.01
P0060,2025-05-01,760.29,856.43
P0060,2025-06-01,760.29,786.76
P0060,2025-07-01,760.29,820.16
P0060,2025-08-01,760.29,803.75
P0060,2025-09-01,760.29,809.93
P0060,2025-10-01,760.29,817.77
P0060,2025-11-01,760.29,836.81
P0060,2025-12-01,760.29,808.2
P0061,2024-01-01,689.21,595.9
P0061,2024-02-01,689.21,660.5
P0061,2024-03-01,689.21,644.21
P0061,2024-04-01,689.21,617.45
P0061,2024-05-01,689.21,641.91
P0061,2024-06-01,689.21,661.7
P0061,2024-07-01,689.21,606.03
P0061,2024-08-01,689.21,630.26
P0061,2024-09-01,689.21,629.2
P0061,2024-10-01,689.21,634.41
P0061,2024-11-01,689.21,638.18
P0061,2024-12-01,689.21,645.29
P0061,2025-01-01,689.21,636.43
P0061,2025-02-01,689.21,600.15
P0061,2025-03-01,689.21,649.52
P0061,2025-04-01,689.21,628.26
P0061,2025-05-01,689.21,603.59
P0061,2025-06-01,689.21,614.49
P0061,2025-07-01,689.21,610.06
P0061,2025-08-01,689.21,611.27
P0061,2025-09-01,689.21,630.87
P0061,2025-10-01,689.21,660.99
P0061,2025-11-01,689.21,624.08
P0061,2025-12-01,689.21,605.1
P0062,2024-01-01,280.53,297.26
P0062,2024-02-01,280.53,301.52
P0062,2024-03-01,280.53,290.14
P0062,2024-04-01,280.53,290.22
P0062,2024-05-01,280.53,287.49
P0062,2024-06-01,280.53,295.01
P0062,2024-07-01,280.53,291.19
P0062,2024-08-01,280.53,285.59
P0062,2024-09-01,280.53,290.62
P0062,2024-10-01,280.53,277.68
P0062,2024-11-01,280.53,293.96
P0062,2024-12-01,280.53,294.21
P0062,2025-01-01,280.53,298.67
P0062,2025-02-01,280.53,302.08
P0062,2025-03-01,280.53,286.61
P0062,2025-04-01,280.53,278.78
P0062,2025-05-01,280.53,286.72
P0062,2025-06-01,280.53,303.7
P0062,2025-07-01,280.53,284.41
P0062,2025-08-01,280.53,295.14
P0062,2025-09-01,280.53,280.85
P0062,2025-10-01,280.53,288.65
P0062,2025-11-01,280.53,296.89
P0062,2025-12-01,280.53,288.53
P0063,2024-01-01,205.33,203.03
P0063,2024-02-01,205.33,218.26
P0063,2024-03-01,205.33,205.78
P0063,2024-04-01,205.33,217.72
P0063,2024-05-01,205.33,203.95
P0063,2024-06-01,205.33,200.04
P0063,2024-07-01,205.33,216.11
P0063,2024-08-01,205.33,202.27
P0063,2024-09-01,205.33,208.26
P0063,2024-10-01,205.33,206.77
P0063,2024-11-01,205.33,207.14
P0063,2024-12-01,205.33,202.15
P0063,2025-01-01,205.33,205.7
P0063,2025-02-01,205.33,214.35
P0063,2025-03-01,205.33,218.85
P0063,2025-04-01,205.33,204.97
P0063,2025-05-01,205.33,202.03
P0063,2025-06-01,205.33,210.57
P0063,2025-07-01,205.33,209.0
P0063,2025-08-01,205.33,204.46
P0063,2025-09-01,205.33,205.5
P0063,2025-10-01,205.33,220.01
P0063,2025-11-01,205.33,210.66
P0063,2025-12-01,205.33,213.78
P0064,2024-01-01,698.04,631.24
P0064,2024-02-01,698.04,672.22
P0064,2024-03-01,698.04,631.39
P0064,2024-04-01,698.04,638.6
P0064,2024-05-01,698.04,633.87
P0064,2024-06-01,698.04,618.53
P0064,2024-07-01,698.04,670.83
P0064,2024-08-01,698.04,655.66
P0064,2024-09-01,698.04,624.86
P0064,2024-10-01,698.04,674.18
P0064,2024-11-01,698.04,626.55
P0064,2024-12-01,698.04,617.85
P0064,2025-01-01,698.04,625.46
P0064,2025-02-01,698.04,652.31
P0064,2025-03-01,698.04,681.85
P0064,2025-04-01,698.04,655.16
P0064,2025-05-01,698.04,624.47
P0064,2025-06-01,698.04,683.56
P0064,2025-07-01,698.04,626.18
P0064,2025-08-01,698.04,651.57
P0064,2025-09-01,698.04,664.98
P0064,2025-10-01,698.04,658.55
P0064,2025-11-01,698.04,628.97
P0064,2025-12-01,698.04,628.44
P0065,2024-01-01,20.81,21.31
P0065,2024-02-01,20.81,21.25
P0065,2024-03-01,20.81,20.35
P0065,2024-04-01,20.81,22.0
P0065,2024-05-01,20.81,21.22
P0065,2024-06-01,20.81,20.41
P0065,2024-07-01,20.81,21.01
P0065,2024-08-01,20.81,22.0
P0065,2024-09-01,20.81,20.86
P0065,2024-10-01,20.81,21.35
P0065,2024-11-01,20.81,20.23
P0065,2024-12-01,20.81,21.16
P0065,2025-01-01,20.81,20.27
P0065,2025-02-01,20.81,22.1
P0065,2025-03-01,20.81,20.58
P0065,2025-04-01,20.81,21.54
P0065,2025-05-01,20.81,21.22
P0065,2025-06-01,20.81,21.32
P0065,2025-07-01,20.81,21.17
P0065,2025-08-01,20.81,20.99
P0065,2025-09-01,20.81,20.72
P0065,2025-10-01,20.81,22.1
P0065,2025-11-01,20.81,21.32
P0065,2025-12-01,20.81,21.64
P0066,2024-01-01,363.54,342.79
P0066,2024-02-01,363.54,355.5
P0066,2024-03-01,363.54,321.55
P0066,2024-04-01,363.54,341.95
P0066,2024-05-01,363.54,351.35
P0066,2024-06-01,363.54,334.3
P0066,2024-07-01,363.54,340.88
P0066,2024-08-01,363.54,338.74
P0066,2024-09-01,363.54,339.16
P0066,2024-10-01,363.54,335.67
P0066,2024-11-01,363.54,320.28
P0066,2024-12-01,363.54,342.83
P0066,2025-01-01,363.54,345.88
P0066,2025-02-01,363.54,334.03
P0066,2025-03-01,363.54,356.06
P0066,2025-04-01,363.54,355.24
P0066,2025-05-01,363.54,330.95
P0066,2025-06-01,363.54,324.3
P0066,2025-07-01,363.54,320.22
P0066,2025-08-01,363.54,321.84
P0066,2025-09-01,363.54,338.65
P0066,2025-10-01,363.54,321.04
P0066,2025-11-01,363.54,347.59
P0066,2025-12-01,363.54,327.64
P0067,2024-01-01,115.09,126.57
P0067,2024-02-01,115.09,123.2
P0067,2024-03-01,115.09,120.66
P0067,2024-04-01,115.09,125.06
P0067,2024-05-01,115.09,127.85
P0067,2024-06-01,115.09,125.56
P0067,2024-07-01,115.09,123.45
P0067,2024-08-01,115.09,130.87
P0067,2024-09-01,115.09,125.59
P0067,2024-10-01,115.09,126.48
P0067,2024-11-01,115.09,129.11
P0067,2024-12-01,115.09,119.98
P0067,2025-01-01,115.09,125.78
P0067,2025-02-01,115.09,125.15
P0067,2025-03-01,115.09,126.89
P0067,2025-04-01,115.09,120.0
P0067,2025-05-01,115.09,121.29
P0067,2025-06-01,115.09,130.98
P0067,2025-07-01,115.09,122.56
P0067,2025-08-01,115.09,120.11
P0067,2025-09-01,115.09,130.44
P0067,2025-10-01,115.09,129.91
P0067,2025-11-01,115.09,123.51
P0067,2025-12-01,115.09,121.23
P0068,2024-01-01,802.33,761.55
P0068,2024-02-01,802.33,704.53
P0068,2024-03-01,802.33,708.37
P0068,2024-04-01,802.33,703.94
P0068,2024-05-01,802.33,726.7
P0068,2024-06-01,802.33,729.45
P0068,2024-07-01,802.33,727.67
P0068,2024-08-01,802.33,697.01
P0068,2024-09-01,802.33,753.96
P0068,2024-10-01,802.33,717.17
P0068,2024-11-01,802.33,698.47
P0068,2024-12-01,802.33,739.01
P0068,2025-01-01,802.33,754.28
P0068,2025-02-01,802.33,721.28
P0068,2025-03-01,802.33,703.13
P0068,2025-04-01,802.33,737.0
P0068,2025-05-01,802.33,751.25
P0068,2025-06-01,802.33,715.45
P0068,2025-07-01,802.33,752.25
P0068,2025-08-01,802.33,733.99
P0068,2025-09-01,802.33,726.4
P0068,2025-10-01,802.33,758.91
P0068,2025-11-01,802.33,756.81
P0068,2025-12-01,802.33,751.12
P0069,2024-01-01,448.19,461.31
P0069,2024-02-01,448.19,434.36
P0069,2024-03-01,448.19,450.61
P0069,2024-04-01,448.19,461.65
P0069,2024-05-01,448.19,461.78
P0069,2024-06-01,448.19,424.91
P0069,2024-07-01,448.19,433.14
P0069,2024-08-01,448.19,434.57
P0069,2024-09-01,448.19,425.29
P0069,2024-10-01,448.19,450.42
P0069,2024-11-01,448.19,464.11
P0069,2024-12-01,448.19,429.35
P0069,2025-01-01,448.19,449.33
P0069,2025-02-01,448.19,438.86
P0069,2025-03-01,448.19,463.76
P0069,2025-04-01,448.19,461.95
P0069,2025-05-01,448.19,429.81
P0069,2025-06-01,448.19,465.55
P0069,2025-07-01,448.19,447.92
P0069,2025-08-01,448.19,431.51
P0069,2025-09-01,448.19,465.47
P0069,2025-10-01,448.19,446.08
P0069,2025-11-01,448.19,442.01
P0069,2025-12-01,448.19,428.77
P0070,2024-01-01,318.63,304.83
P0070,2024-02-01,318.63,289.98
P0070,2024-03-01,318.63,283.53
P0070,2024-04-01,318.63,299.49
P0070,2024-05-01,318.63,302.27
P0070,2024-06-01,318.63,280.55
P0070,2024-07-01,318.63,285.78
P0070,2024-08-01,318.63,276.81
P0070,2024-09-01,318.63,292.75
P0070,2024-10-01,318.63,274.69
P0070,2024-11-01,318.63,282.95
P0070,2024-12-01,318.63,303.24
P0070,2025-01-01,318.63,284.11
P0070,2025-02-01,318.63,296.09
P0070,2025-03-01,318.63,278.45
P0070,2025-04-01,318.63,279.6
P0070,2025-05-01,318.63,295.25
P0070,2025-06-01,318.63,304.01
P0070,2025-07-01,318.63,289.54
P0070,2025-08-01,318.63,284.38
P0070,2025-09-01,318.63,280.73
P0070,2025-10-01,318.63,300.17
P0070,2025-11-01,318.63,281.03
P0070,2025-12-01,318.63,291.22
P0071,2024-01-01,818.64,716.83
P0071,2024-02-01,818.64,708.58
P0071,2024-03-01,818.64,708.6
P0071,2024-04-01,818.64,674.82
P0071,2024-05-01,818.64,727.4
P0071,2024-06-01,818.64,679.95
P0071,2024-07-01,818.64,666.65
P0071,2024-08-01,818.64,713.23
P0071,2024-09-01,818.64,676.14
P0071,2024-10-01,818.64,722.75
P0071,2024-11-01,818.64,690.03
P0071,2024-12-01,818.64,692.98
P0071,2025-01-01,818.64,671.64
P0071,2025-02-01,818.64,732.55
P0071,2025-03-01,818.64,730.43
P0071,2025-04-01,818.64,705.57
P0071,2025-05-01,818.64,702.18
P0071,2025-06-01,818.64,707.85
P0071,2025-07-01,818.64,665.3
P0071,2025-08-01,818.64,734.63
P0071,2025-09-01,818.64,740.27
P0071,2025-10-01,818.64,665.87
P0071,2025-11-01,818.64,736.56
P0071,2025-12-01,818.64,697.83
P0072,2024-01-01,430.2,446.97
P0072,2024-02-01,430.2,477.67
P0072,2024-03-01,430.2,445.67
P0072,2024-04-01,430.2,475.68
P0072,2024-05-01,430.2,458.67
P0072,2024-06-01,430.2,451.42
P0072,2024-07-01,430.2,476.6
P0072,2024-08-01,430.2,449.25
P0072,2024-09-01,430.2,444.63
P0072,2024-10-01,430.2,461.51
P0072,2024-11-01,430.2,448.8
P0072,2024-12-01,430.2,459.28
P0072,2025-01-01,430.2,473.33
P0072,2025-02-01,430.2,455.32
P0072,2025-03-01,430.2,454.96
P0072,2025-04-01,430.2,463.94
P0072,2025-05-01,430.2,463.58
P0072,2025-06-01,430.2,461.51
P0072,2025-07-01,430.2,448.01
P0072,2025-08-01,430.2,473.35
P0072,2025-09-01,430.2,474.59
P0072,2025-10-01,430.2,480.61
P0072,2025-11-01,430.2,444.32
P0072,2025-12-01,430.2,441.67
P0073,2024-01-01,252.84,254.12
P0073,2024-02-01,252.84,258.38
P0073,2024-03-01,252.84,260.91
P0073,2024-04-01,252.84,255.92
P0073,2024-05-01,252.84,260.29
P0073,2024-06-01,252.84,261.47
P0073,2024-07-01,252.84,267.22
P0073,2024-08-01,252.84,256.87
P0073,2024-09-01,252.84,262.53
P0073,2024-10-01,252.84,248.73
P0073,2024-11-01,252.84,265.4
P0073,2024-12-01,252.84,249.56
P0073,2025-01-01,252.84,256.88
P0073,2025-02-01,252.84,248.8
P0073,2025-03-01,252.84,249.41
P0073,2025-04-01,252.84,253.92
P0073,2025-05-01,252.84,272.99
P0073,2025-06-01,252.84,272.07
P0073,2025-07-01,252.84,256.2
P0073,2025-08-01,252.84,259.72
P0073,2025-09-01,252.84,263.68
P0073,2025-10-01,252.84,254.49
P0073,2025-11-01,252.84,253.8
P0073,2025-12-01,252.84,266.3
P0074,2024-01-01,523.99,473.44
P0074,2024-02-01,523.99,523.78
P0074,2024-03-01,523.99,492.83
P0074,2024-04-01,523.99,501.87
P0074,2024-05-01,523.99,514.61
P0074,2024-06-01,523.99,522.01
P0074,2024-07-01,523.99,517.88
P0074,2024-08-01,523.99,483.67
P0074,2024-09-01,523.99,514.23
P0074,2024-10-01,523.99,504.55
P0074,2024-11-01,523.99,499.8
P0074,2024-12-01,523.99,485.23
P0074,2025-01-01,523.99,504.23
P0074,2025-02-01,523.99,523.63
P0074,2025-03-01,523.99,486.81
P0074,2025-04-01,523.99,484.75
P0074,2025-05-01,523.99,514.35
P0074,2025-06-01,523.99,484.41
P0074,2025-07-01,523.99,508.37
P0074,2025-08-01,523.99,490.85
P0074,2025-09-01,523.99,492.61
P0074,2025-10-01,523.99,504.81
P0074,2025-11-01,523.99,500.62
P0074,2025-12-01,523.99,472.17
P0075,2024-01-01,57.98,53.28
P0075,2024-02-01,57.98,57.08
P0075,2024-03-01,57.98,54.42
P0075,2024-04-01,57.98,56.88
P0075,2024-05-01,57.98,53.86
P0075,2024-06-01,57.98,55.07
P0075,2024-07-01,57.98,57.11
P0075,2024-08-01,57.98,57.35
P0075,2024-09-01,57.98,57.19
P0075,2024-10-01,57.98,57.96
P0075,2024-11-01,57.98,53.83
P0075,2024-12-01,57.98,55.53
P0075,2025-01-01,57.98,57.56
P0075,2025-02-01,57.98,57.17
P0075,2025-03-01,57.98,55.48
P0075,2025-04-01,57.98,56.05
P0075,2025-05-01,57.98,56.0
P0075,2025-06-01,57.98,53.46
P0075,2025-07-01,57.98,53.56
P0075,2025-08-01,57.98,57.46
P0075,2025-09-01,57.98,53.55
P0075,2025-10-01,57.98,55.27
P0075,2025-11-01,57.98,52.66
P0075,2025-12-01,57.98,53.19
P0076,2024-01-01,773.4,700.37
P0076,2024-02-01,773.4,661.84
P0076,2024-03-01,773.4,664.37
P0076,2024-04-01,773.4,647.97
P0076,2024-05-01,773.4,663.9
P0076,2024-06-01,773.4,644.53
P0076,2024-07-01,773.4,660.25
P0076,2024-08-01,773.4,624.49
P0076,2024-09-01,773.4,698.3
P0076,2024-10-01,773.4,673.94
P0076,2024-11-01,773.4,640.17
P0076,2024-12-01,773.4,686.07
P0076,2025-01-01,773.4,624.37
P0076,2025-02-01,773.4,640.23
P0076,2025-03-01,773.4,661.71
P0076,2025-04-01,773.4,629.48
P0076,2025-05-01,773.4,636.15
P0076,2025-06-01,773.4,662.61
P0076,2025-07-01,773.4,663.98
P0076,2025-08-01,773.4,681.22
P0076,2025-09-01,773.4,628.13
P0076,2025-10-01,773.4,628.89
P0076,2025-11-01,773.4,624.16
P0076,2025-12-01,773.4,642.44
P0077,2024-01-01,135.99,128.85
P0077,2024-02-01,135.99,130.12
P0077,2024-03-01,135.99,120.4
P0077,2024-04-01,135.99,127.2
P0077,2024-05-01,135.99,127.87
P0077,2024-06-01,135.99,126.6
P0077,2024-07-01,135.99,131.79
P0077,2024-08-01,135.99,131.06
P0077,2024-09-01,135.99,131.82
P0077,2024-10-01,135.99,130.95
P0077,2024-11-01,135.99,126.54
P0077,2024-12-01,135.99,126.96
P0077,2025-01-01,135.99,131.11
P0077,2025-02-01,135.99,132.88
P0077,2025-03-01,135.99,131.83
P0077,2025-04-01,135.99,132.12
P0077,2025-05-01,135.99,122.2
P0077,2025-06-01,135.99,119.55
P0077,2025-07-01,135.99,119.87
P0077,2025-08-01,135.99,131.14
P0077,2025-09-01,135.99,124.67
P0077,2025-10-01,135.99,121.87
P0077,2025-11-01,135.99,121.0
P0077,2025-12-01,135.99,121.47
P0078,2024-01-01,838.02,845.07
P0078,2024-02-01,838.02,898.11
P0078,2024-03-01,838.02,897.69
P0078,2024-04-01,838.02,875.79
P0078,2024-05-01,838.02,878.41
P0078,2024-06-01,838.02,865.13
P0078,2024-07-01,838.02,832.85
P0078,2024-08-01,838.02,873.66
P0078,2024-09-01,838.02,816.09
P0078,2024-10-01,838.02,885.64
P0078,2024-11-01,838.02,817.53
P0078,2024-12-01,838.02,885.07
P0078,2025-01-01,838.02,821.0
P0078,2025-02-01,838.02,830.69
P0078,2025-03-01,838.02,844.61
P0078,2025-04-01,838.02,868.88
P0078,2025-05-01,838.02,853.04
P0078,2025-06-01,838.02,871.12
P0078,2025-07-01,838.02,894.72
P0078,2025-08-01,838.02,841.45
P0078,2025-09-01,838.02,871.29
P0078,2025-10-01,838.02,816.23
P0078,2025-11-01,838.02,842.12
P0078,2025-12-01,838.02,850.11
P0079,2024-01-01,576.23,602.3
P0079,2024-02-01,576.23,589.17
P0079,2024-03-01,576.23,599.22
P0079,2024-04-01,576.23,585.45
P0079,2024-05-01,576.23,628.09
P0079,2024-06-01,576.23,611.39
P0079,2024-07-01,576.23,615.0
P0079,2024-08-01,576.23,614.21
P0079,2024-09-01,576.23,601.57
P0079,2024-10-01,576.23,623.02
P0079,2024-11-01,576.23,591.5
P0079,2024-12-01,576.23,609.73
P0079,2025-01-01,576.23,605.77
P0079,2025-02-01,576.23,614.38
P0079,2025-03-01,576.23,626.17
P0079,2025-04-01,576.23,580.13
P0079,2025-05-01,576.23,627.5
P0079,2025-06-01,576.23,616.5
P0079,2025-07-01,576.23,629.61
P0079,2025-08-01,576.23,635.55
P0079,2025-09-01,576.23,627.96
P0079,2025-10-01,576.23,594.81
P0079,2025-11-01,576.23,635.17
P0079,2025-12-01,576.23,588.68
P0080,2024-01-01,213.43,249.6
P0080,2024-02-01,213.43,231.46
P0080,2024-03-01,213.43,246.3
P0080,2024-04-01,213.43,243.63
P0080,2024-05-01,213.43,247.84
P0080,2024-06-01,213.43,244.05
P0080,2024-07-01,213.43,249.95
P0080,2024-08-01,213.43,241.28
P0080,2024-09-01,213.43,232.23
P0080,2024-10-01,213.43,241.74
P0080,2024-11-01,213.43,240.12
P0080,2024-12-01,213.43,232.71
P0080,2025-01-01,213.43,231.66
P0080,2025-02-01,213.43,235.3
P0080,2025-03-01,213.43,236.71
P0080,2025-04-01,213.43,234.26
P0080,2025-05-01,213.43,233.15
P0080,2025-06-01,213.43,246.17
P0080,2025-07-01,213.43,247.38
P0080,2025-08-01,213.43,237.3
P0080,2025-09-01,213.43,236.85
P0080,2025-10-01,213.43,231.77
P0080,2025-11-01,213.43,235.89
P0080,2025-12-01,213.43,237.77
P0081,2024-01-01,322.1,287.43
P0081,2024-02-01,322.1,259.27
P0081,2024-03-01,322.1,274.51
P0081,2024-04-01,322.1,272.18
P0081,2024-05-01,322.1,287.2
P0081,2024-06-01,322.1,290.37
P0081,2024-07-01,322.1,288.41
P0081,2024-08-01,322.1,276.25
P0081,2024-09-01,322.1,268.6
P0081,2024-10-01,322.1,266.63
P0081,2024-11-01,322.1,290.36
P0081,2024-12-01,322.1,286.14
P0081,2025-01-01,322.1,282.72
P0081,2025-02-01,322.1,286.39
P0081,2025-03-01,322.1,279.61
P0081,2025-04-01,322.1,282.05
P0081,2025-05-01,322.1,278.13
P0081,2025-06-01,322.1,265.75
P0081,2025-07-01,322.1,285.94
P0081,2025-08-01,322.1,265.71
P0081,2025-09-01,322.1,266.83
P0081,2025-10-01,322.1,261.97
P0081,2025-11-01,322.1,267.06
P0081,2025-12-01,322.1,277.15
P0082,2024-01-01,544.0,489.9
P0082,2024-02-01,544.0,493.62
P0082,2024-03-01,544.0,489.55
P0082,2024-04-01,544.0,482.93
P0082,2024-05-01,544.0,483.41
P0082,2024-06-01,544.0,522.45
P0082,2024-07-01,544.0,509.54
P0082,2024-08-01,544.0,500.0
P0082,2024-09-01,544.0,490.21
P0082,2024-10-01,544.0,492.56
P0082,2024-11-01,544.0,522.39
P0082,2024-12-01,544.0,483.78
P0082,2025-01-01,544.0,485.23
P0082,2025-02-01,544.0,516.53
P0082,2025-03-01,544.0,504.45
P0082,2025-04-01,544.0,509.5
P0082,2025-05-01,544.0,522.36
P0082,2025-06-01,544.0,508.4
P0082,2025-07-01,544.0,518.79
P0082,2025-08-01,544.0,494.33
P0082,2025-09-01,544.0,515.06
P0082,2025-10-01,544.0,511.34
P0082,2025-11-01,544.0,488.27
P0082,2025-12-01,544.0,493.5
P0083,2024-01-01,90.39,106.23
P0083,2024-02-01,90.39,99.5
P0083,2024-03-01,90.39,107.3
P0083,2024-04-01,90.39,100.1
P0083,2024-05-01,90.39,104.53
P0083,2024-06-01,90.39,103.11
P0083,2024-07-01,90.39,103.85
P0083,2024-08-01,90.39,105.0
P0083,2024-09-01,90.39,101.88
P0083,2024-10-01,90.39,99.48
P0083,2024-11-01,90.39,103.52
P0083,2024-12-01,90.39,98.64
P0083,2025-01-01,90.39,105.97
P0083,2025-02-01,90.39,98.74
P0083,2025-03-01,90.39,104.2
P0083,2025-04-01,90.39,101.05
P0083,2025-05-01,90.39,105.93
P0083,2025-06-01,90.39,98.86
P0083,2025-07-01,90.39,101.86
P0083,2025-08-01,90.39,106.25
P0083,2025-09-01,90.39,106.66
P0083,2025-10-01,90.39,99.31
P0083,2025-11-01,90.39,103.84
P0083,2025-12-01,90.39,104.27
P0084,2024-01-01,282.85,275.82
P0084,2024-02-01,282.85,279.53
P0084,2024-03-01,282.85,280.75
P0084,2024-04-01,282.85,270.27
P0084,2024-05-01,282.85,291.2
P0084,2024-06-01,282.85,284.51
P0084,2024-07-01,282.85,290.89
P0084,2024-08-01,282.85,274.53
P0084,2024-09-01,282.85,286.38
P0084,2024-10-01,282.85,272.63
P0084,2024-11-01,282.85,292.73
P0084,2024-12-01,282.85,286.59
P0084,2025-01-01,282.85,279.73
P0084,2025-02-01,282.85,295.15
P0084,2025-03-01,282.85,271.06
P0084,2025-04-01,282.85,289.7
P0084,2025-05-01,282.85,277.55
P0084,2025-06-01,282.85,291.69
P0084,2025-07-01,282.85,276.76
P0084,2025-08-01,282.85,286.47
P0084,2025-09-01,282.85,292.85
P0084,2025-10-01,282.85,296.99
P0084,2025-11-01,282.85,271.76
P0084,2025-12-01,282.85,278.6
P0085,2024-01-01,49.05,42.03
P0085,2024-02-01,49.05,44.29
P0085,2024-03-01,49.05,42.92
P0085,2024-04-01,49.05,41.15
P0085,2024-05-01,49.05,40.22
P0085,2024-06-01,49.05,43.46
P0085,2024-07-01,49.05,42.05
P0085,2024-08-01,49.05,43.75
P0085,2024-09-01,49.05,43.35
P0085,2024-10-01,49.05,42.76
P0085,2024-11-01,49.05,43.53
P0085,2024-12-01,49.05,43.0
P0085,2025-01-01,49.05,45.04
P0085,2025-02-01,49.05,41.81
P0085,2025-03-01,49.05,40.2
P0085,2025-04-01,49.05,41.1
P0085,2025-05-01,49.05,42.18
P0085,2025-06-01,49.05,44.27
P0085,2025-07-01,49.05,43.28
P0085,2025-08-01,49.05,41.63
P0085,2025-09-01,49.05,42.03
P0085,2025-10-01,49.05,41.4
P0085,2025-11-01,49.05,42.97
P0085,2025-12-01,49.05,42.07
P0086,2024-01-01,580.77,571.88
P0086,2024-02-01,580.77,606.66
P0086,2024-03-01,580.77,608.39
P0086,2024-04-01,580.77,581.7
P0086,2024-05-01,580.77,555.65
P0086,2024-06-01,580.77,589.19
P0086,2024-07-01,580.77,601.48
P0086,2024-08-01,580.77,573.27
P0086,2024-09-01,580.77,563.04
P0086,2024-10-01,580.77,575.86
P0086,2024-11-01,580.77,574.68
P0086,2024-12-01,580.77,555.76
P0086,2025-01-01,580.77,579.27
P0086,2025-02-01,580.77,574.9
P0086,2025-03-01,580.77,561.84
P0086,2025-04-01,580.77,593.2
P0086,2025-05-01,580.77,579.56
P0086,2025-06-01,580.77,566.33
P0086,2025-07-01,580.77,589.67
P0086,2025-08-01,580.77,590.73
P0086,2025-09-01,580.77,565.28
P0086,2025-10-01,580.77,572.53
P0086,2025-11-01,580.77,592.23
P0086,2025-12-01,580.77,559.21
P0087,2024-01-01,442.6,425.22
P0087,2024-02-01,442.6,425.6
P0087,2024-03-01,442.6,454.14
P0087,2024-04-01,442.6,426.8
P0087,2024-05-01,442.6,427.64
P0087,2024-06-01,442.6,426.8
P0087,2024-07-01,442.6,442.32
P0087,2024-08-01,442.6,461.52
P0087,2024-09-01,442.6,444.38
P0087,2024-10-01,442.6,427.62
P0087,2024-11-01,442.6,431.27
P0087,2024-12-01,442.6,468.4
P0087,2025-01-01,442.6,450.51
P0087,2025-02-01,442.6,442.68
P0087,2025-03-01,442.6,450.2
P0087,2025-04-01,442.6,462.7
P0087,2025-05-01,442.6,442.61
P0087,2025-06-01,442.6,441.0
P0087,2025-07-01,442.6,450.35
P0087,2025-08-01,442.6,428.15
P0087,2025-09-01,442.6,449.54
P0087,2025-10-01,442.6,463.15
P0087,2025-11-01,442.6,447.33
P0087,2025-12-01,442.6,450.58
P0088,2024-01-01,553.72,520.07
P0088,2024-02-01,553.72,512.34
P0088,2024-03-01,553.72,522.35
P0088,2024-04-01,553.72,520.77
P0088,2024-05-01,553.72,506.5
P0088,2024-06-01,553.72,487.33
P0088,2024-07-01,553.72,475.23
P0088,2024-08-01,553.72,504.09
P0088,2024-09-01,553.72,518.31
P0088,2024-10-01,553.72,499.44
P0088,2024-11-01,553.72,481.64
P0088,2024-12-01,553.72,486.27
P0088,2025-01-01,553.72,513.92
P0088,2025-02-01,553.72,518.51
P0088,2025-03-01,553.72,496.38
P0088,2025-04-01,553.72,484.33
P0088,2025-05-01,553.72,511.85
P0088,2025-06-01,553.72,471.02
P0088,2025-07-01,553.72,484.51
P0088,2025-08-01,553.72,520.55
P0088,2025-09-01,553.72,475.16
P0088,2025-10-01,553.72,484.8
P0088,2025-11-01,553.72,518.12
P0088,2025-12-01,553.72,474.29
P0089,2024-01-01,591.93,680.94
P0089,2024-02-01,591.93,663.7
P0089,2024-03-01,591.93,657.33
P0089,2024-04-01,591.93,676.75
P0089,2024-05-01,591.93,684.09
P0089,2024-06-01,591.93,648.97
P0089,2024-07-01,591.93,641.9
P0089,2024-08-01,591.93,693.11
P0089,2024-09-01,591.93,690.27
P0089,2024-10-01,591.93,687.11
P0089,2024-11-01,591.93,680.19
P0089,2024-12-01,591.93,673.18
P0089,2025-01-01,591.93,659.6
P0089,2025-02-01,591.93,667.08
P0089,2025-03-01,591.93,644.94
P0089,2025-04-01,591.93,674.42
P0089,2025-05-01,591.93,640.3
P0089,2025-06-01,591.93,643.46
P0089,2025-07-01,591.93,671.51
P0089,2025-08-01,591.93,665.46
P0089,2025-09-01,591.93,646.82
P0089,2025-10-01,591.93,684.82
P0089,2025-11-01,591.93,655.38
P0089,2025-12-01,591.93,651.2
P0090,2024-01-01,797.17,868.39
P0090,2024-02-01,797.17,826.42
P0090,2024-03-01,797.17,860.44
P0090,2024-04-01,797.17,849.9
P0090,2024-05-01,797.17,819.82
P0090,2024-06-01,797.17,859.77
P0090,2024-07-01,797.17,844.39
P0090,2024-08-01,797.17,820.98
P0090,2024-09-01,797.17,833.59
P0090,2024-10-01,797.17,852.73
P0090,2024-11-01,797.17,827.87
P0090,2024-12-01,797.17,876.57
P0090,2025-01-01,797.17,836.54
P0090,2025-02-01,797.17,825.81
P0090,2025-03-01,797.17,847.94
P0090,2025-04-01,797.17,835.52
P0090,2025-05-01,797.17,838.64
P0090,2025-06-01,797.17,869.38
P0090,2025-07-01,797.17,834.38
P0090,2025-08-01,797.17,822.58
P0090,2025-09-01,797.17,836.8
P0090,2025-10-01,797.17,840.57
P0090,2025-11-01,797.17,821.58
P0090,2025-12-01,797.17,837.05
P0091,2024-01-01,299.79,289.04
P0091,2024-02-01,299.79,291.91
P0091,2024-03-01,299.79,292.43
P0091,2024-04-01,299.79,285.21
P0091,2024-05-01,299.79,274.61
P0091,2024-06-01,299.79,291.11
P0091,2024-07-01,299.79,293.62
P0091,2024-08-01,299.79,299.34
P0091,2024-09-01,299.79,293.46
P0091,2024-10-01,299.79,288.04
P0091,2024-11-01,299.79,281.0
P0091,2024-12-01,299.79,289.95
P0091,2025-01-01,299.79,296.71
P0091,2025-02-01,299.79,281.58
P0091,2025-03-01,299.79,294.32
P0091,2025-04-01,299.79,275.28
P0091,2025-05-01,299.79,289.92
P0091,2025-06-01,299.79,280.86
P0091,2025-07-01,299.79,284.27
P0091,2025-08-01,299.79,294.71
P0091,2025-09-01,299.79,299.89
P0091,2025-10-01,299.79,300.58
P0091,2025-11-01,299.79,277.36
P0091,2025-12-01,299.79,291.56
P0092,2024-01-01,787.12,728.31
P0092,2024-02-01,787.12,761.04
P0092,2024-03-01,787.12,753.5
P0092,2024-04-01,787.12,756.74
P0092,2024-05-01,787.12,753.75
P0092,2024-06-01,787.12,751.79
P0092,2024-07-01,787.12,764.39
P0092,2024-08-01,787.12,704.04
P0092,2024-09-01,787.12,731.54
P0092,2024-10-01,787.12,730.62
P0092,2024-11-01,787.12,775.21
P0092,2024-12-01,787.12,746.92
P0092,2025-01-01,787.12,761.78
P0092,2025-02-01,787.12,722.45
P0092,2025-03-01,787.12,743.21
P0092,2025-04-01,787.12,712.03
P0092,2025-05-01,787.12,747.92
P0092,2025-06-01,787.12,734.58
P0092,2025-07-01,787.12,722.25
P0092,2025-08-01,787.12,755.77
P0092,2025-09-01,787.12,720.62
P0092,2025-10-01,787.12,743.06
P0092,2025-11-01,787.12,763.29
P0092,2025-12-01,787.12,713.09
P0093,2024-01-01,230.38,223.36
P0093,2024-02-01,230.38,220.82
P0093,2024-03-01,230.38,205.41
P0093,2024-04-01,230.38,212.92
P0093,2024-05-01,230.38,225.03
P0093,2024-06-01,230.38,219.07
P0093,2024-07-01,230.38,207.05
P0093,2024-08-01,230.38,206.89
P0093,2024-09-01,230.38,222.19
P0093,2024-10-01,230.38,221.08
P0093,2024-11-01,230.38,226.31
P0093,2024-12-01,230.38,216.69
P0093,2025-01-01,230.38,209.38
P0093,2025-02-01,230.38,205.2
P0093,2025-03-01,230.38,205.62
P0093,2025-04-01,230.38,218.35
P0093,2025-05-01,230.38,223.19
P0093,2025-06-01,230.38,212.67
P0093,2025-07-01,230.38,214.61
P0093,2025-08-01,230.38,212.68
P0093,2025-09-01,230.38,226.59
P0093,2025-10-01,230.38,208.05
P0093,2025-11-01,230.38,211.75
P0093,2025-12-01,230.38,215.15
P0094,2024-01-01,697.38,797.22
P0094,2024-02-01,697.38,773.01
P0094,2024-03-01,697.38,765.08
P0094,2024-04-01,697.38,789.81
P0094,2024-05-01,697.38,783.44
P0094,2024-06-01,697.38,798.01
P0094,2024-07-01,697.38,799.63
P0094,2024-08-01,697.38,811.57
P0094,2024-09-01,697.38,792.68
P0094,2024-10-01,697.38,805.09
P0094,2024-11-01,697.38,797.23
P0094,2024-12-01,697.38,763.15
P0094,2025-01-01,697.38,756.45
P0094,2025-02-01,697.38,805.09
P0094,2025-03-01,697.38,816.3
P0094,2025-04-01,697.38,777.7
P0094,2025-05-01,697.38,806.45
P0094,2025-06-01,697.38,767.38
P0094,2025-07-01,697.38,783.06
P0094,2025-08-01,697.38,764.2
P0094,2025-09-01,697.38,787.76
P0094,2025-10-01,697.38,768.18
P0094,2025-11-01,697.38,769.84
P0094,2025-12-01,697.38,797.36
P0095,2024-01-01,457.26,422.01
P0095,2024-02-01,457.26,395.17
P0095,2024-03-01,457.26,407.3
P0095,2024-04-01,457.26,419.68
P0095,2024-05-01,457.26,422.12
P0095,2024-06-01,457.26,409.28
P0095,2024-07-01,457.26,398.15
P0095,2024-08-01,457.26,401.26
P0095,2024-09-01,457.26,402.92
P0095,2024-10-01,457.26,399.8
P0095,2024-11-01,457.26,435.67
P0095,2024-12-01,457.26,414.72
P0095,2025-01-01,457.26,406.05
P0095,2025-02-01,457.26,400.37
P0095,2025-03-01,457.26,399.22
P0095,2025-04-01,457.26,434.41
P0095,2025-05-01,457.26,410.82
P0095,2025-06-01,457.26,433.62
P0095,2025-07-01,457.26,427.58
P0095,2025-08-01,457.26,405.37
P0095,2025-09-01,457.26,419.51
P0095,2025-10-01,457.26,421.57
P0095,2025-11-01,457.26,420.34
P0095,2025-12-01,457.26,396.34
P0096,2024-01-01,92.74,81.53
P0096,2024-02-01,92.74,79.21
P0096,2024-03-01,92.74,80.21
P0096,2024-04-01,92.74,85.02
P0096,2024-05-01,92.74,80.48
P0096,2024-06-01,92.74,78.75
P0096,2024-07-01,92.74,79.64
P0096,2024-08-01,92.74,78.67
P0096,2024-09-01,92.74,82.21
P0096,2024-10-01,92.74,81.22
P0096,2024-11-01,92.74,84.98
P0096,2024-12-01,92.74,82.23
P0096,2025-01-01,92.74,81.43
P0096,2025-02-01,92.74,81.59
P0096,2025-03-01,92.74,84.99
P0096,2025-04-01,92.74,85.04
P0096,2025-05-01,92.74,83.95
P0096,2025-06-01,92.74,83.4
P0096,2025-07-01,92.74,80.39
P0096,2025-08-01,92.74,79.46
P0096,2025-09-01,92.74,78.76
P0096,2025-10-01,92.74,87.26
P0096,2025-11-01,92.74,79.7
P0096,2025-12-01,92.74,87.87
P0097,2024-01-01,766.85,689.68
P0097,2024-02-01,766.85,686.89
P0097,2024-03-01,766.85,716.08
P0097,2024-04-01,766.85,728.84
P0097,2024-05-01,766.85,699.21
P0097,2024-06-01,766.85,736.15
P0097,2024-07-01,766.85,733.41
P0097,2024-08-01,766.85,663.05
P0097,2024-09-01,766.85,711.41
P0097,2024-10-01,766.85,713.17
P0097,2024-11-01,766.85,676.77
P0097,2024-12-01,766.85,685.05
P0097,2025-01-01,766.85,660.21
P0097,2025-02-01,766.85,696.9
P0097,2025-03-01,766.85,692.63
P0097,2025-04-01,766.85,725.0
P0097,2025-05-01,766.85,694.78
P0097,2025-06-01,766.85,717.33
P0097,2025-07-01,766.85,703.76
P0097,2025-08-01,766.85,682.43
P0097,2025-09-01,766.85,666.32
P0097,2025-10-01,766.85,682.84
P0097,2025-11-01,766.85,714.18
P0097,2025-12-01,766.85,675.66
P0098,2024-01-01,298.09,272.52
P0098,2024-02-01,298.09,281.41
P0098,2024-03-01,298.09,270.35
P0098,2024-04-01,298.09,270.06
P0098,2024-05-01,298.09,267.64
P0098,2024-06-01,298.09,278.13
P0098,2024-07-01,298.09,276.97
P0098,2024-08-01,298.09,280.48
P0098,2024-09-01,298.09,267.54
P0098,2024-10-01,298.09,289.07
P0098,2024-11-01,298.09,273.89
P0098,2024-12-01,298.09,288.46
P0098,2025-01-01,298.09,283.28
P0098,2025-02-01,298.09,279.74
P0098,2025-03-01,298.09,288.83
P0098,2025-04-01,298.09,271.31
P0098,2025-05-01,298.09,288.4
P0098,2025-06-01,298.09,286.12
P0098,2025-07-01,298.09,274.6
P0098,2025-08-01,298.09,278.13
P0098,2025-09-01,298.09,276.66
P0098,2025-10-01,298.09,284.15
P0098,2025-11-01,298.09,267.88
P0098,2025-12-01,298.09,267.77
P0099,2024-01-01,621.17,580.6
P0099,2024-02-01,621.17,557.24
P0099,2024-03-01,621.17,576.38
P0099,2024-04-01,621.17,565.59
P0099,2024-05-01,621.17,567.61
P0099,2024-06-01,621.17,548.08
P0099,2024-07-01,621.17,533.52
P0099,2024-08-01,621.17,574.35
P0099,2024-09-01,621.17,554.03
P0099,2024-10-01,621.17,571.2
P0099,2024-11-01,621.17,559.34
P0099,2024-12-01,621.17,554.0
P0099,2025-01-01,621.17,523.0
P0099,2025-02-01,621.17,574.9
P0099,2025-03-01,621.17,552.71
P0099,2025-04-01,621.17,539.87
P0099,2025-05-01,621.17,546.48
P0099,2025-06-01,621.17,572.04
P0099,2025-07-01,621.17,542.83
P0099,2025-08-01,621.17,539.44
P0099,2025-09-01,621.17,558.74
P0099,2025-10-01,621.17,561.5
P0099,2025-11-01,621.17,530.76
P0099,2025-12-01,621.17,571.35
P0100,2024-01-01,755.72,727.98
P0100,2024-02-01,755.72,700.23
P0100,2024-03-01,755.72,709.7
P0100,2024-04-01,755.72,695.57
P0100,2024-05-01,755.72,672.76
P0100,2024-06-01,755.72,668.2
P0100,2024-07-01,755.72,707.97
P0100,2024-08-01,755.72,712.74
P0100,2024-09-01,755.72,720.59
P0100,2024-10-01,755.72,692.23
P0100,2024-11-01,755.72,689.85
P0100,2024-12-01,755.72,673.78
P0100,2025-01-01,755.72,691.79
P0100,2025-02-01,755.72,675.07
P0100,2025-03-01,755.72,727.57
P0100,2025-04-01,755.72,702.57
P0100,2025-05-01,755.72,728.34
P0100,2025-06-01,755.72,702.47
P0100,2025-07-01,755.72,683.19
P0100,2025-08-01,755.72,710.42
P0100,2025-09-01,755.72,680.02
P0100,2025-10-01,755.72,725.89
P0100,2025-11-01,755.72,672.58
P0100,2025-12-01,755.72,731.69
P0101,2024-01-01,551.1,473.67
P0101,2024-02-01,551.1,460.63
P0101,2024-03-01,551.1,444.83
P0101,2024-04-01,551.1,452.25
P0101,2024-05-01,551.1,458.83
P0101,2024-06-01,551.1,464.35
P0101,2024-07-01,551.1,455.45
P0101,2024-08-01,551.1,449.9
P0101,2024-09-01,551.1,485.11
P0101,2024-10-01,551.1,488.56
P0101,2024-11-01,551.1,453.26
P0101,2024-12-01,551.1,487.64
P0101,2025-01-01,551.1,492.93
P0101,2025-02-01,551.1,472.07
P0101,2025-03-01,551.1,474.79
P0101,2025-04-01,551.1,445.73
P0101,2025-05-01,551.1,479.49
P0101,2025-06-01,551.1,462.86
P0101,2025-07-01,551.1,479.31
P0101,2025-08-01,551.1,458.63
P0101,2025-09-01,551.1,449.66
P0101,2025-10-01,551.1,493.74
P0101,2025-11-01,551.1,451.92
P0101,2025-12-01,551.1,477.88
P0102,2024-01-01,149.96,176.49
P0102,2024-02-01,149.96,175.08
P0102,2024-03-01,149.96,178.21
P0102,2024-04-01,149.96,176.78
P0102,2024-05-01,149.96,170.41
P0102,2024-06-01,149.96,176.74
P0102,2024-07-01,149.96,172.29
P0102,2024-08-01,149.96,171.86
P0102,2024-09-01,149.96,169.76
P0102,2024-10-01,149.96,178.47
P0102,2024-11-01,149.96,165.67
P0102,2024-12-01,149.96,168.84
P0102,2025-01-01,149.96,164.95
P0102,2025-02-01,149.96,176.7
P0102,2025-03-01,149.96,175.69
P0102,2025-04-01,149.96,173.67
P0102,2025-05-01,149.96,170.76
P0102,2025-06-01,149.96,171.32
P0102,2025-07-01,149.96,170.1
P0102,2025-08-01,149.96,176.86
P0102,2025-09-01,149.96,164.75
P0102,2025-10-01,149.96,168.15
P0102,2025-11-01,149.96,175.95
P0102,2025-12-01,149.96,172.87
P0103,2024-01-01,521.37,487.12
P0103,2024-02-01,521.37,470.68
P0103,2024-03-01,521.37,454.41
P0103,2024-04-01,521.37,487.24
P0103,2024-05-01,521.37,479.74
P0103,2024-06-01,521.37,459.45
P0103,2024-07-01,521.37,503.1
P0103,2024-08-01,521.37,456.96
P0103,2024-09-01,521.37,464.91
P0103,2024-10-01,521.37,478.54
P0103,2024-11-01,521.37,475.02
P0103,2024-12-01,521.37,466.38
P0103,2025-01-01,521.37,478.6
P0103,2025-02-01,521.37,466.67
P0103,2025-03-01,521.37,461.63
P0103,2025-04-01,521.37,501.39
P0103,2025-05-01,521.37,463.06
P0103,2025-06-01,521.37,466.77
P0103,2025-07-01,521.37,453.61
P0103,2025-08-01,521.37,454.43
P0103,2025-09-01,521.37,454.42
P0103,2025-10-01,521.37,479.05
P0103,2025-11-01,521.37,495.14
P0103,2025-12-01,521.37,468.23
P0104,2024-01-01,99.73,109.93
P0104,2024-02-01,99.73,115.18
P0104,2024-03-01,99.73,116.71
P0104,2024-04-01,99.73,117.26
P0104,2024-05-01,99.73,116.94
P0104,2024-06-01,99.73,113.3
P0104,2024-07-01,99.73,110.53
P0104,2024-08-01,99.73,113.13
P0104,2024-09-01,99.73,117.09
P0104,2024-10-01,99.73,117.07
P0104,2024-11-01,99.73,112.53
P0104,2024-12-01,99.73,113.59
P0104,2025-01-01,99.73,109.59
P0104,2025-02-01,99.73,114.6
P0104,2025-03-01,99.73,116.19
P0104,2025-04-01,99.73,116.19
P0104,2025-05-01,99.73,115.4
P0104,2025-06-01,99.73,109.04
P0104,2025-07-01,99.73,108.24
P0104,2025-08-01,99.73,109.27
P0104,2025-09-01,99.73,109.72
P0104,2025-10-01,99.73,112.69
P0104,2025-11-01,99.73,107.9
P0104,2025-12-01,99.73,110.85
P0105,2024-01-01,19.23,20.16
P0105,2024-02-01,19.23,20.55
P0105,2024-03-01,19.23,19.96
P0105,2024-04-01,19.23,20.37
P0105,2024-05-01,19.23,20.16
P0105,2024-06-01,19.23,20.29
P0105,2024-07-01,19.23,20.13
P0105,2024-08-01,19.23,20.28
P0105,2024-09-01,19.23,20.77
P0105,2024-10-01,19.23,19.76
P0105,2024-11-01,19.23,19.76
P0105,2024-12-01,19.23,20.67
P0105,2025-01-01,19.23,21.07
P0105,2025-02-01,19.23,19.85
P0105,2025-03-01,19.23,21.22
P0105,2025-04-01,19.23,21.03
P0105,2025-05-01,19.23,20.58
P0105,2025-06-01,19.23,20.59
P0105,2025-07-01,19.23,21.35
P0105,2025-08-01,19.23,20.08
P0105,2025-09-01,19.23,20.95
P0105,2025-10-01,19.23,19.74
P0105,2025-11-01,19.23,21.03
P0105,2025-12-01,19.23,21.47
P0106,2024-01-01,657.47,641.28
P0106,2024-02-01,657.47,608.86
P0106,2024-03-01,657.47,641.47
P0106,2024-04-01,657.47,656.69
P0106,2024-05-01,657.47,643.61
P0106,2024-06-01,657.47,656.45
P0106,2024-07-01,657.47,629.82
P0106,2024-08-01,657.47,616.42
P0106,2024-09-01,657.47,641.78
P0106,2024-10-01,657.47,667.59
P0106,2024-11-01,657.47,655.62
P0106,2024-12-01,657.47,621.52
P0106,2025-01-01,657.47,615.28
P0106,2025-02-01,657.47,618.94
P0106,2025-03-01,657.47,630.37
P0106,2025-04-01,657.47,614.81
P0106,2025-05-01,657.47,627.34
P0106,2025-06-01,657.47,661.96
P0106,2025-07-01,657.47,645.5
P0106,2025-08-01,657.47,653.06
P0106,2025-09-01,657.47,618.97
P0106,2025-10-01,657.47,612.1
P0106,2025-11-01,657.47,625.73
P0106,2025-12-01,657.47,611.35
P0107,2024-01-01,559.39,601.54
P0107,2024-02-01,559.39,593.06
P0107,2024-03-01,559.39,601.62
P0107,2024-04-01,559.39,604.54
P0107,2024-05-01,559.39,615.14
P0107,2024-06-01,559.39,616.92
P0107,2024-07-01,559.39,617.83
P0107,2024-08-01,559.39,640.79
P0107,2024-09-01,559.39,607.23
P0107,2024-10-01,559.39,621.87
P0107,2024-11-01,559.39,586.4
P0107,2024-12-01,559.39,586.32
P0107,2025-01-01,559.39,623.7
P0107,2025-02-01,559.39,615.61
P0107,2025-03-01,559.39,633.95
P0107,2025-04-01,559.39,620.09
P0107,2025-05-01,559.39,593.59
P0107,2025-06-01,559.39,629.93
P0107,2025-07-01,559.39,602.8
P0107,2025-08-01,559.39,588.44
P0107,2025-09-01,559.39,630.98
P0107,2025-10-01,559.39,603.44
P0107,2025-11-01,559.39,599.39
P0107,2025-12-01,559.39,590.3
P0108,2024-01-01,609.67,687.43
P0108,2024-02-01,609.67,677.85
P0108,2024-03-01,609.67,690.99
P0108,2024-04-01,609.67,644.88
P0108,2024-05-01,609.67,699.08
P0108,2024-06-01,609.67,658.28
P0108,2024-07-01,609.67,696.94
P0108,2024-08-01,609.67,661.59
P0108,2024-09-01,609.67,679.47
P0108,2024-10-01,609.67,654.47
P0108,2024-11-01,609.67,668.3
P0108,2024-12-01,609.67,687.63
P0108,2025-01-01,609.67,650.19
P0108,2025-02-01,609.67,672.75
P0108,2025-03-01,609.67,691.1
P0108,2025-04-01,609.67,667.18
P0108,2025-05-01,609.67,657.28
P0108,2025-06-01,609.67,699.05
P0108,2025-07-01,609.67,663.88
P0108,2025-08-01,609.67,676.46
P0108,2025-09-01,609.67,677.13
P0108,2025-10-01,609.67,663.58
P0108,2025-11-01,609.67,651.02
P0108,2025-12-01,609.67,675.17
P0109,2024-01-01,286.71,314.95
P0109,2024-02-01,286.71,291.74
P0109,2024-03-01,286.71,296.98
P0109,2024-04-01,286.71,292.84
P0109,2024-05-01,286.71,303.53
P0109,2024-06-01,286.71,292.27
P0109,2024-07-01,286.71,290.34
P0109,2024-08-01,286.71,296.32
P0109,2024-09-01,286.71,292.8
P0109,2024-10-01,286.71,304.34
P0109,2024-11-01,286.71,292.2
P0109,2024-12-01,286.71,315.88
P0109,2025-01-01,286.71,297.24
P0109,2025-02-01,286.71,308.43
P0109,2025-03-01,286.71,302.41
P0109,2025-04-01,286.71,304.0
P0109,2025-05-01,286.71,297.74
P0109,2025-06-01,286.71,303.35
P0109,2025-07-01,286.71,309.64
P0109,2025-08-01,286.71,294.31
P0109,2025-09-01,286.71,292.93
P0109,2025-10-01,286.71,289.18
P0109,2025-11-01,286.71,298.65
P0109,2025-12-01,286.71,298.2
P0110,2024-01-01,557.44,635.32
P0110,2024-02-01,557.44,591.67
P0110,2024-03-01,557.44,604.73
P0110,2024-04-01,557.44,637.21
P0110,2024-05-01,557.44,599.98
P0110,2024-06-01,557.44,596.67
P0110,2024-07-01,557.44,611.19
P0110,2024-08-01,557.44,639.15
P0110,2024-09-01,557.44,623.56
P0110,2024-10-01,557.44,600.68
P0110,2024-11-01,557.44,586.6
P0110,2024-12-01,557.44,617.21
P0110,2025-01-01,557.44,591.55
P0110,2025-02-01,557.44,610.05
P0110,2025-03-01,557.44,608.28
P0110,2025-04-01,557.44,604.01
P0110,2025-05-01,557.44,596.26
P0110,2025-06-01,557.44,621.74
P0110,2025-07-01,557.44,624.58
P0110,2025-08-01,557.44,626.18
P0110,2025-09-01,557.44,619.18
P0110,2025-10-01,557.44,590.48
P0110,2025-11-01,557.44,599.41
P0110,2025-12-01,557.44,619.82
P0111,2024-01-01,564.11,541.14
P0111,2024-02-01,564.11,560.98
P0111,2024-03-01,564.11,532.9
P0111,2024-04-01,564.11,536.03
P0111,2024-05-01,564.11,553.91
P0111,2024-06-01,564.11,563.38
P0111,2024-07-01,564.11,569.55
P0111,2024-08-01,564.11,549.96
P0111,2024-09-01,564.11,557.98
P0111,2024-10-01,564.11,555.79
P0111,2024-11-01,564.11,557.88
P0111,2024-12-01,564.11,532.98
P0111,2025-01-01,564.11,550.63
P0111,2025-02-01,564.11,540.19
P0111,2025-03-01,564.11,534.49
P0111,2025-04-01,564.11,575.72
P0111,2025-05-01,564.11,545.92
P0111,2025-06-01,564.11,573.29
P0111,2025-07-01,564.11,585.22
P0111,2025-08-01,564.11,557.75
P0111,2025-09-01,564.11,549.26
P0111,2025-10-01,564.11,547.08
P0111,2025-11-01,564.11,568.01
P0111,2025-12-01,564.11,546.4
P0112,2024-01-01,93.22,94.28
P0112,2024-02-01,93.22,101.06
P0112,2024-03-01,93.22,96.88
P0112,2024-04-01,93.22,101.05
P0112,2024-05-01,93.22,98.91
P0112,2024-06-01,93.22,96.48
P0112,2024-07-01,93.22,101.32
P0112,2024-08-01,93.22,100.6
P0112,2024-09-01,93.22,101.92
P0112,2024-10-01,93.22,101.68
P0112,2024-11-01,93.22,95.57
P0112,2024-12-01,93.22,95.26
P0112,2025-01-01,93.22,97.59
P0112,2025-02-01,93.22,94.48
P0112,2025-03-01,93.22,97.75
P0112,2025-04-01,93.22,100.26
P0112,2025-05-01,93.22,101.91
P0112,2025-06-01,93.22,95.34
P0112,2025-07-01,93.22,98.32
P0112,2025-08-01,93.22,92.89
P0112,2025-09-01,93.22,96.07
P0112,2025-10-01,93.22,97.73
P0112,2025-11-01,93.22,95.43
P0112,2025-12-01,93.22,101.93
P0113,2024-01-01,236.44,238.26
P0113,2024-02-01,236.44,224.57
P0113,2024-03-01,236.44,224.89
P0113,2024-04-01,236.44,226.17
P0113,2024-05-01,236.44,239.39
P0113,2024-06-01,236.44,222.79
P0113,2024-07-01,236.44,232.44
P0113,2024-08-01,236.44,237.3
P0113,2024-09-01,236.44,218.36
P0113,2024-10-01,236.44,238.34
P0113,2024-11-01,236.44,225.77
P0113,2024-12-01,236.44,230.83
P0113,2025-01-01,236.44,225.08
P0113,2025-02-01,236.44,221.2
P0113,2025-03-01,236.44,230.37
P0113,2025-04-01,236.44,231.21
P0113,2025-05-01,236.44,234.38
P0113,2025-06-01,236.44,233.61
P0113,2025-07-01,236.44,222.51
P0113,2025-08-01,236.44,222.1
P0113,2025-09-01,236.44,229.09
P0113,2025-10-01,236.44,231.12
P0113,2025-11-01,236.44,221.75
P0113,2025-12-01,236.44,235.7
P0114,2024-01-01,827.46,745.88
P0114,2024-02-01,827.46,738.14
P0114,2024-03-01,827.46,759.86
P0114,2024-04-01,827.46,768.01
P0114,2024-05-01,827.46,704.13
P0114,2024-06-01,827.46,743.06
P0114,2024-07-01,827.46,766.51
P0114,2024-08-01,827.46,709.21
P0114,2024-09-01,827.46,741.98
P0114,2024-10-01,827.46,721.61
P0114,2024-11-01,827.46,721.18
P0114,2024-12-01,827.46,736.75
P0114,2025-01-01,827.46,712.1
P0114,2025-02-01,827.46,713.41
P0114,2025-03-01,827.46,752.53
P0114,2025-04-01,827.46,710.18
P0114,2025-05-01,827.46,707.34
P0114,2025-06-01,827.46,746.04
P0114,2025-07-01,827.46,745.17
P0114,2025-08-01,827.46,718.8
P0114,2025-09-01,827.46,701.22
P0114,2025-10-01,827.46,708.02
P0114,2025-11-01,827.46,687.24
P0114,2025-12-01,827.46,721.04
P0115,2024-01-01,759.86,807.91
P0115,2024-02-01,759.86,810.79
P0115,2024-03-01,759.86,798.09
P0115,2024-04-01,759.86,800.95
P0115,2024-05-01,759.86,801.56
P0115,2024-06-01,759.86,813.7
P0115,2024-07-01,759.86,775.61
P0115,2024-08-01,759.86,843.14
P0115,2024-09-01,759.86,775.57
P0115,2024-10-01,759.86,784.53
P0115,2024-11-01,759.86,826.55
P0115,2024-12-01,759.86,841.72
P0115,2025-01-01,759.86,799.6
P0115,2025-02-01,759.86,772.09
P0115,2025-03-01,759.86,770.51
P0115,2025-04-01,759.86,831.79
P0115,2025-05-01,759.86,844.67
P0115,2025-06-01,759.86,795.49
P0115,2025-07-01,759.86,822.9
P0115,2025-08-01,759.86,802.44
P0115,2025-09-01,759.86,825.5
P0115,2025-10-01,759.86,808.23
P0115,2025-11-01,759.86,795.47
P0115,2025-12-01,759.86,841.17
P0116,2024-01-01,678.67,792.8
P0116,2024-02-01,678.67,795.08
P0116,2024-03-01,678.67,734.57
P0116,2024-04-01,678.67,795.42
P0116,2024-05-01,678.67,766.86
P0116,2024-06-01,678.67,756.5
P0116,2024-07-01,678.67,790.14
P0116,2024-08-01,678.67,749.97
P0116,2024-09-01,678.67,792.64
P0116,2024-10-01,678.67,766.5
P0116,2024-11-01,678.67,795.93
P0116,2024-12-01,678.67,779.71
P0116,2025-01-01,678.67,790.01
P0116,2025-02-01,678.67,733.3
P0116,2025-03-01,678.67,744.36
P0116,2025-04-01,678.67,736.76
P0116,2025-05-01,678.67,753.06
P0116,2025-06-01,678.67,729.48
P0116,2025-07-01,678.67,792.61
P0116,2025-08-01,678.67,777.26
P0116,2025-09-01,678.67,764.22
P0116,2025-10-01,678.67,731.05
P0116,2025-11-01,678.67,749.96
P0116,2025-12-01,678.67,746.12
P0117,2024-01-01,496.71,454.72
P0117,2024-02-01,496.71,464.22
P0117,2024-03-01,496.71,423.27
P0117,2024-04-01,496.71,425.23
P0117,2024-05-01,496.71,464.45
P0117,2024-06-01,496.71,461.61
P0117,2024-07-01,496.71,436.28
P0117,2024-08-01,496.71,450.07
P0117,2024-09-01,496.71,456.92
P0117,2024-10-01,496.71,424.48
P0117,2024-11-01,496.71,442.89
P0117,2024-12-01,496.71,426.12
P0117,2025-01-01,496.71,464.58
P0117,2025-02-01,496.71,417.61
P0117,2025-03-01,496.71,426.7
P0117,2025-04-01,496.71,437.8
P0117,2025-05-01,496.71,415.92
P0117,2025-06-01,496.71,427.37
P0117,2025-07-01,496.71,416.78
P0117,2025-08-01,496.71,435.84
P0117,2025-09-01,496.71,443.94
P0117,2025-10-01,496.71,425.86
P0117,2025-11-01,496.71,449.38
P0117,2025-12-01,496.71,443.01
P0118,2024-01-01,178.03,181.96
P0118,2024-02-01,178.03,182.23
P0118,2024-03-01,178.03,184.11
P0118,2024-04-01,178.03,179.99
P0118,2024-05-01,178.03,182.14
P0118,2024-06-01,178.03,176.88
P0118,2024-07-01,178.03,183.88
P0118,2024-08-01,178.03,173.08
P0118,2024-09-01,178.03,179.22
P0118,2024-10-01,178.03,171.78
P0118,2024-11-01,178.03,173.64
P0118,2024-12-01,178.03,167.58
P0118,2025-01-01,178.03,176.08
P0118,2025-02-01,178.03,182.67
P0118,2025-03-01,178.03,174.53
P0118,2025-04-01,178.03,173.62
P0118,2025-05-01,178.03,177.39
P0118,2025-06-01,178.03,175.75
P0118,2025-07-01,178.03,174.4
P0118,2025-08-01,178.03,166.97
P0118,2025-09-01,178.03,176.13
P0118,2025-10-01,178.03,178.97
P0118,2025-11-01,178.03,169.79
P0118,2025-12-01,178.03,181.23
P0119,2024-01-01,249.44,229.12
P0119,2024-02-01,249.44,247.19
P0119,2024-03-01,249.44,251.26
P0119,2024-04-01,249.44,238.47
P0119,2024-05-01,249.44,239.47
P0119,2024-06-01,249.44,231.46
P0119,2024-07-01,249.44,241.46
P0119,2024-08-01,249.44,250.6
P0119,2024-09-01,249.44,236.98
P0119,2024-10-01,249.44,231.22
P0119,2024-11-01,249.44,235.14
P0119,2024-12-01,249.44,235.5
P0119,2025-01-01,249.44,231.69
P0119,2025-02-01,249.44,248.18
P0119,2025-03-01,249.44,236.34
P0119,2025-04-01,249.44,232.26
P0119,2025-05-01,249.44,251.58
P0119,2025-06-01,249.44,251.34
P0119,2025-07-01,249.44,250.95
P0119,2025-08-01,249.44,234.57
P0119,2025-09-01,249.44,253.7
P0119,2025-10-01,249.44,253.27
P0119,2025-11-01,249.44,245.51
P0119,2025-12-01,249.44,233.26
P0120,2024-01-01,553.97,501.09
P0120,2024-02-01,553.97,524.62
P0120,2024-03-01,553.97,486.26
P0120,2024-04-01,553.97,483.23
P0120,2024-05-01,553.97,473.31
P0120,2024-06-01,553.97,488.68
P0120,2024-07-01,553.97,503.38
P0120,2024-08-01,553.97,497.36
P0120,2024-09-01,553.97,494.87
P0120,2024-10-01,553.97,509.82
P0120,2024-11-01,553.97,499.09
P0120,2024-12-01,553.97,501.13
P0120,2025-01-01,553.97,492.96
P0120,2025-02-01,553.97,519.78
P0120,2025-03-01,553.97,505.93
P0120,2025-04-01,553.97,490.62
P0120,2025-05-01,553.97,509.5
P0120,2025-06-01,553.97,497.46
P0120,2025-07-01,553.97,486.73
P0120,2025-08-01,553.97,511.39
P0120,2025-09-01,553.97,471.97
P0120,2025-10-01,553.97,487.67
P0120,2025-11-01,553.97,473.42
P0120,2025-12-01,553.97,505.83
P0121,2024-01-01,800.28,772.61
P0121,2024-02-01,800.28,721.0
P0121,2024-03-01,800.28,705.48
P0121,2024-04-01,800.28,749.27
P0121,2024-05-01,800.28,727.31
P0121,2024-06-01,800.28,739.04
P0121,2024-07-01,800.28,750.44
P0121,2024-08-01,800.28,755.43
P0121,2024-09-01,800.28,731.52
P0121,2024-10-01,800.28,695.85
P0121,2024-11-01,800.28,746.81
P0121,2024-12-01,800.28,728.58
P0121,2025-01-01,800.28,720.64
P0121,2025-02-01,800.28,700.77
P0121,2025-03-01,800.28,724.68
P0121,2025-04-01,800.28,713.55
P0121,2025-05-01,800.28,769.97
P0121,2025-06-01,800.28,739.21
P0121,2025-07-01,800.28,711.22
P0121,2025-08-01,800.28,772.88
P0121,2025-09-01,800.28,736.28
P0121,2025-10-01,800.28,760.23
P0121,2025-11-01,800.28,704.02
P0121,2025-12-01,800.28,731.42
P0122,2024-01-01,778.91,791.53
P0122,2024-02-01,778.91,771.43
P0122,2024-03-01,778.91,786.11
P0122,2024-04-01,778.91,717.63
P0122,2024-05-01,778.91,750.88
P0122,2024-06-01,778.91,791.81
P0122,2024-07-01,778.91,770.71
P0122,2024-08-01,778.91,726.14
P0122,2024-09-01,778.91,733.81
P0122,2024-10-01,778.91,738.69
P0122,2024-11-01,778.91,786.08
P0122,2024-12-01,778.91,744.29
P0122,2025-01-01,778.91,767.94
P0122,2025-02-01,778.91,742.78
P0122,2025-03-01,778.91,737.91
P0122,2025-04-01,778.91,740.94
P0122,2025-05-01,778.91,767.12
P0122,2025-06-01,778.91,770.18
P0122,2025-07-01,778.91,715.63
P0122,2025-08-01,778.91,774.08
P0122,2025-09-01,778.91,757.88
P0122,2025-10-01,778.91,719.91
P0122,2025-11-01,778.91,731.99
P0122,2025-12-01,778.91,721.71
P0123,2024-01-01,27.91,25.86
P0123,2024-02-01,27.91,26.26
P0123,2024-03-01,27.91,27.51
P0123,2024-04-01,27.91,25.15
P0123,2024-05-01,27.91,27.44
P0123,2024-06-01,27.91,25.47
P0123,2024-07-01,27.91,26.74
P0123,2024-08-01,27.91,27.48
P0123,2024-09-01,27.91,27.12
P0123,2024-10-01,27.91,26.01
P0123,2024-11-01,27.91,25.04
P0123,2024-12-01,27.91,26.71
P0123,2025-01-01,27.91,25.94
P0123,2025-02-01,27.91,26.23
P0123,2025-03-01,27.91,25.84
P0123,2025-04-01,27.91,27.07
P0123,2025-05-01,27.91,25.5
P0123,2025-06-01,27.91,25.28
P0123,2025-07-01,27.91,26.85
P0123,2025-08-01,27.91,25.58
P0123,2025-09-01,27.91,27.36
P0123,2025-10-01,27.91,26.27
P0123,2025-11-01,27.91,27.59
P0123,2025-12-01,27.91,25.95
P0124,2024-01-01,372.53,330.68
P0124,2024-02-01,372.53,342.42
P0124,2024-03-01,372.53,330.26
P0124,2024-04-01,372.53,324.64
P0124,2024-05-01,372.53,337.05
P0124,2024-06-01,372.53,330.75
P0124,2024-07-01,372.53,343.29
P0124,2024-08-01,372.53,341.19
P0124,2024-09-01,372.53,335.51
P0124,2024-10-01,372.53,327.45
P0124,2024-11-01,372.53,337.52
P0124,2024-12-01,372.53,313.89
P0124,2025-01-01,372.53,325.75
P0124,2025-02-01,372.53,314.21
P0124,2025-03-01,372.53,340.94
P0124,2025-04-01,372.53,317.98
P0124,2025-05-01,372.53,331.5
P0124,2025-06-01,372.53,347.32
P0124,2025-07-01,372.53,341.31
P0124,2025-08-01,372.53,326.16
P0124,2025-09-01,372.53,339.28
P0124,2025-10-01,372.53,335.21
P0124,2025-11-01,372.53,347.5
P0124,2025-12-01,372.53,346.34
P0125,2024-01-01,819.62,798.0
P0125,2024-02-01,819.62,754.7
P0125,2024-03-01,819.62,771.08
P0125,2024-04-01,819.62,812.55
P0125,2024-05-01,819.62,765.42
P0125,2024-06-01,819.62,826.59
P0125,2024-07-01,819.62,813.49
P0125,2024-08-01,819.62,801.57
P0125,2024-09-01,819.62,778.76
P0125,2024-10-01,819.62,825.4
P0125,2024-11-01,819.62,827.27
P0125,2024-12-01,819.62,798.14
P0125,2025-01-01,819.62,796.6
P0125,2025-02-01,819.62,783.02
P0125,2025-03-01,819.62,784.29
P0125,2025-04-01,819.62,760.87
P0125,2025-05-01,819.62,768.44
P0125,2025-06-01,819.62,777.67
P0125,2025-07-01,819.62,762.98
P0125,2025-08-01,819.62,805.01
P0125,2025-09-01,819.62,811.02
P0125,2025-10-01,819.62,815.91
P0125,2025-11-01,819.62,810.83
P0125,2025-12-01,819.62,803.76
P0126,2024-01-01,260.86,253.43
P0126,2024-02-01,260.86,259.04
P0126,2024-03-01,260.86,233.79
P0126,2024-04-01,260.86,255.52
P0126,2024-05-01,260.86,249.83
P0126,2024-06-01,260.86,242.72
P0126,2024-07-01,260.86,240.98
P0126,2024-08-01,260.86,238.62
P0126,2024-09-01,260.86,259.37
P0126,2024-10-01,260.86,259.23
P0126,2024-11-01,260.86,238.25
P0126,2024-12-01,260.86,249.26
P0126,2025-01-01,260.86,246.89
P0126,2025-02-01,260.86,256.98
P0126,2025-03-01,260.86,259.03
P0126,2025-04-01,260.86,249.39
P0126,2025-05-01,260.86,253.5
P0126,2025-06-01,260.86,252.91
P0126,2025-07-01,260.86,248.07
P0126,2025-08-01,260.86,236.05
P0126,2025-09-01,260.86,258.05
P0126,2025-10-01,260.86,242.25
P0126,2025-11-01,260.86,251.4
P0126,2025-12-01,260.86,257.18
P0127,2024-01-01,725.7,726.8
P0127,2024-02-01,725.7,706.8
P0127,2024-03-01,725.7,737.14
P0127,2024-04-01,725.7,699.79
P0127,2024-05-01,725.7,744.59
P0127,2024-06-01,725.7,764.46
P0127,2024-07-01,725.7,713.82
P0127,2024-08-01,725.7,755.88
P0127,2024-09-01,725.7,765.77
P0127,2024-10-01,725.7,706.66
P0127,2024-11-01,725.7,737.13
P0127,2024-12-01,725.7,723.57
P0127,2025-01-01,725.7,761.92
P0127,2025-02-01,725.7,707.13
P0127,2025-03-01,725.7,717.2
P0127,2025-04-01,725.7,740.52
P0127,2025-05-01,725.7,755.32
P0127,2025-06-01,725.7,711.4
P0127,2025-07-01,725.7,760.7
P0127,2025-08-01,725.7,736.93
P0127,2025-09-01,725.7,752.05
P0127,2025-10-01,725.7,730.27
P0127,2025-11-01,725.7,728.4
P0127,2025-12-01,725.7,700.12
P0128,2024-01-01,156.53,181.55
P0128,2024-02-01,156.53,176.26
P0128,2024-03-01,156.53,177.73
P0128,2024-04-01,156.53,176.72
P0128,2024-05-01,156.53,169.71
P0128,2024-06-01,156.53,173.02
P0128,2024-07-01,156.53,173.11
P0128,2024-08-01,156.53,178.15
P0128,2024-09-01,156.53,179.2
P0128,2024-10-01,156.53,179.07
P0128,2024-11-01,156.53,175.46
P0128,2024-12-01,156.53,181.79
P0128,2025-01-01,156.53,179.95
P0128,2025-02-01,156.53,175.35
P0128,2025-03-01,156.53,177.07
P0128,2025-04-01,156.53,167.31
P0128,2025-05-01,156.53,171.45
P0128,2025-06-01,156.53,172.61
P0128,2025-07-01,156.53,179.35
P0128,2025-08-01,156.53,175.98
P0128,2025-09-01,156.53,171.74
P0128,2025-10-01,156.53,178.77
P0128,2025-11-01,156.53,175.27
P0128,2025-12-01,156.53,171.02
P0129,2024-01-01,796.69,712.47
P0129,2024-02-01,796.69,696.32
P0129,2024-03-01,796.69,722.83
P0129,2024-04-01,796.69,735.91
P0129,2024-05-01,796.69,757.72
P0129,2024-06-01,796.69,686.82
P0129,2024-07-01,796.69,700.96
P0129,2024-08-01,796.69,751.14
P0129,2024-09-01,796.69,722.3
P0129,2024-10-01,796.69,690.74
P0129,2024-11-01,796.69,726.45
P0129,2024-12-01,796.69,704.53
P0129,2025-01-01,796.69,695.95
P0129,2025-02-01,796.69,736.59
P0129,2025-03-01,796.69,703.02
P0129,2025-04-01,796.69,696.22
P0129,2025-05-01,796.69,754.47
P0129,2025-06-01,796.69,758.44
P0129,2025-07-01,796.69,687.95
P0129,2025-08-01,796.69,748.14
P0129,2025-09-01,796.69,764.25
P0129,2025-10-01,796.69,739.99
P0129,2025-11-01,796.69,709.68
P0129,2025-12-01,796.69,691.34
P0130,2024-01-01,491.0,521.28
P0130,2024-02-01,491.0,504.92
P0130,2024-03-01,491.0,489.91
P0130,2024-04-01,491.0,533.79
P0130,2024-05-01,491.0,518.76
P0130,2024-06-01,491.0,501.56
P0130,2024-07-01,491.0,500.71
P0130,2024-08-01,491.0,519.11
P0130,2024-09-01,491.0,515.14
P0130,2024-10-01,491.0,528.73
P0130,2024-11-01,491.0,527.5
P0130,2024-12-01,491.0,527.21
P0130,2025-01-01,491.0,497.12
P0130,2025-02-01,491.0,510.71
P0130,2025-03-01,491.0,485.93
P0130,2025-04-01,491.0,493.08
P0130,2025-05-01,491.0,522.66
P0130,2025-06-01,491.0,506.38
P0130,2025-07-01,491.0,491.09
P0130,2025-08-01,491.0,524.74
P0130,2025-09-01,491.0,495.08
P0130,2025-10-01,491.0,525.74
P0130,2025-11-01,491.0,496.76
P0130,2025-12-01,491.0,510.53
P0131,2024-01-01,528.53,500.83
P0131,2024-02-01,528.53,474.48
P0131,2024-03-01,528.53,488.12
P0131,2024-04-01,528.53,495.2
P0131,2024-05-01,528.53,508.45
P0131,2024-06-01,528.53,480.53
P0131,2024-07-01,528.53,506.46
P0131,2024-08-01,528.53,494.23
P0131,2024-09-01,528.53,497.25
P0131,2024-10-01,528.53,485.72
P0131,2024-11-01,528.53,487.69
P0131,2024-12-01,528.53,494.81
P0131,2025-01-01,528.53,507.1
P0131,2025-02-01,528.53,524.81
P0131,2025-03-01,528.53,516.29
P0131,2025-04-01,528.53,515.85
P0131,2025-05-01,528.53,501.18
P0131,2025-06-01,528.53,519.82
P0131,2025-07-01,528.53,478.36
P0131,2025-08-01,528.53,510.23
P0131,2025-09-01,528.53,484.63
P0131,2025-10-01,528.53,518.7
P0131,2025-11-01,528.53,506.46
P0131,2025-12-01,528.53,514.99
P0132,2024-01-01,131.97,138.62
P0132,2024-02-01,131.97,140.64
P0132,2024-03-01,131.97,138.5
P0132,2024-04-01,131.97,148.19
P0132,2024-05-01,131.97,147.41
P0132,2024-06-01,131.97,140.22
P0132,2024-07-01,131.97,138.38
P0132,2024-08-01,131.97,148.1
P0132,2024-09-01,131.97,141.96
P0132,2024-10-01,131.97,148.82
P0132,2024-11-01,131.97,148.75
P0132,2024-12-01,131.97,145.58
P0132,2025-01-01,131.97,149.13
P0132,2025-02-01,131.97,140.25
P0132,2025-03-01,131.97,138.52
P0132,2025-04-01,131.97,139.02
P0132,2025-05-01,131.97,143.82
P0132,2025-06-01,131.97,141.12
P0132,2025-07-01,131.97,137.19
P0132,2025-08-01,131.97,143.21
P0132,2025-09-01,131.97,147.68
P0132,2025-10-01,131.97,138.7
P0132,2025-11-01,131.97,146.52
P0132,2025-12-01,131.97,145.14
P0133,2024-01-01,747.61,801.07
P0133,2024-02-01,747.61,775.26
P0133,2024-03-01,747.61,805.92
P0133,2024-04-01,747.61,831.43
P0133,2024-05-01,747.61,820.28
P0133,2024-06-01,747.61,795.27
P0133,2024-07-01,747.61,821.22
P0133,2024-08-01,747.61,821.91
P0133,2024-09-01,747.61,805.25
P0133,2024-10-01,747.61,794.75
P0133,2024-11-01,747.61,774.09
P0133,2024-12-01,747.61,813.76
P0133,2025-01-01,747.61,832.23
P0133,2025-02-01,747.61,783.41
P0133,2025-03-01,747.61,822.19
P0133,2025-04-01,747.61,827.82
P0133,2025-05-01,747.61,788.66
P0133,2025-06-01,747.61,813.78
P0133,2025-07-01,747.61,804.17
P0133,2025-08-01,747.61,826.55
P0133,2025-09-01,747.61,820.26
P0133,2025-10-01,747.61,800.69
P0133,2025-11-01,747.61,826.13
P0133,2025-12-01,747.61,796.22
P0134,2024-01-01,597.01,654.83
P0134,2024-02-01,597.01,660.5
P0134,2024-03-01,597.01,614.0
P0134,2024-04-01,597.01,615.75
P0134,2024-05-01,597.01,659.7
P0134,2024-06-01,597.01,642.61
P0134,2024-07-01,597.01,626.39
P0134,2024-08-01,597.01,651.51
P0134,2024-09-01,597.01,661.05
P0134,2024-10-01,597.01,633.08
P0134,2024-11-01,597.01,610.0
P0134,2024-12-01,597.01,647.99
P0134,2025-01-01,597.01,628.59
P0134,2025-02-01,597.01,612.86
P0134,2025-03-01,597.01,618.73
P0134,2025-04-01,597.01,621.83
P0134,2025-05-01,597.01,611.32
P0134,2025-06-01,597.01,663.24
P0134,2025-07-01,597.01,627.8
P0134,2025-08-01,597.01,664.83
P0134,2025-09-01,597.01,627.57
P0134,2025-10-01,597.01,635.05
P0134,2025-11-01,597.01,625.35
P0134,2025-12-01,597.01,653.61
P0135,2024-01-01,315.18,325.57
P0135,2024-02-01,315.18,315.6
P0135,2024-03-01,315.18,318.91
P0135,2024-04-01,315.18,324.83
P0135,2024-05-01,315.18,313.48
P0135,2024-06-01,315.18,321.74
P0135,2024-07-01,315.18,313.56
P0135,2024-08-01,315.18,317.58
P0135,2024-09-01,315.18,325.45
P0135,2024-10-01,315.18,315.5
P0135,2024-11-01,315.18,332.9
P0135,2024-12-01,315.18,336.49
P0135,2025-01-01,315.18,330.43
P0135,2025-02-01,315.18,340.72
P0135,2025-03-01,315.18,326.0
P0135,2025-04-01,315.18,334.43
P0135,2025-05-01,315.18,324.23
P0135,2025-06-01,315.18,321.06
P0135,2025-07-01,315.18,318.1
P0135,2025-08-01,315.18,335.79
P0135,2025-09-01,315.18,316.24
P0135,2025-10-01,315.18,326.12
P0135,2025-11-01,315.18,321.93
P0135,2025-12-01,315.18,324.25
P0136,2024-01-01,690.82,616.31
P0136,2024-02-01,690.82,581.56
P0136,2024-03-01,690.82,615.38
P0136,2024-04-01,690.82,625.93
P0136,2024-05-01,690.82,637.45
P0136,2024-06-01,690.82,628.19
P0136,2024-07-01,690.82,619.97
P0136,2024-08-01,690.82,611.47
P0136,2024-09-01,690.82,587.77
P0136,2024-10-01,690.82,628.25
P0136,2024-11-01,690.82,645.82
P0136,2024-12-01,690.82,603.78
P0136,2025-01-01,690.82,631.71
P0136,2025-02-01,690.82,613.37
P0136,2025-03-01,690.82,633.06
P0136,2025-04-01,690.82,602.11
P0136,2025-05-01,690.82,594.22
P0136,2025-06-01,690.82,603.05
P0136,2025-07-01,690.82,643.35
P0136,2025-08-01,690.82,640.4
P0136,2025-09-01,690.82,624.38
P0136,2025-10-01,690.82,612.37
P0136,2025-11-01,690.82,604.32
P0136,2025-12-01,690.82,619.9
P0137,2024-01-01,739.01,704.64
P0137,2024-02-01,739.01,688.83
P0137,2024-03-01,739.01,726.7
P0137,2024-04-01,739.01,714.79
P0137,2024-05-01,739.01,735.02
P0137,2024-06-01,739.01,728.98
P0137,2024-07-01,739.01,734.55
P0137,2024-08-01,739.01,699.28
P0137,2024-09-01,739.01,669.38
P0137,2024-10-01,739.01,724.68
P0137,2024-11-01,739.01,729.7
P0137,2024-12-01,739.01,708.88
P0137,2025-01-01,739.01,676.23
P0137,2025-02-01,739.01,725.5
P0137,2025-03-01,739.01,677.67
P0137,2025-04-01,739.01,675.87
P0137,2025-05-01,739.01,704.23
P0137,2025-06-01,739.01,722.85
P0137,2025-07-01,739.01,710.14
P0137,2025-08-01,739.01,719.97
P0137,2025-09-01,739.01,730.25
P0137,2025-10-01,739.01,695.84
P0137,2025-11-01,739.01,735.55
P0137,2025-12-01,739.01,679.85
P0138,2024-01-01,441.97,469.9
P0138,2024-02-01,441.97,459.5
P0138,2024-03-01,441.97,474.25
P0138,2024-04-01,441.97,472.57
P0138,2024-05-01,441.97,454.45
P0138,2024-06-01,441.97,458.04
P0138,2024-07-01,441.97,490.71
P0138,2024-08-01,441.97,487.25
P0138,2024-09-01,441.97,484.2
P0138,2024-10-01,441.97,480.67
P0138,2024-11-01,441.97,466.43
P0138,2024-12-01,441.97,455.48
P0138,2025-01-01,441.97,465.56
P0138,2025-02-01,441.97,497.1
P0138,2025-03-01,441.97,487.18
P0138,2025-04-01,441.97,479.2
P0138,2025-05-01,441.97,478.0
P0138,2025-06-01,441.97,489.72
P0138,2025-07-01,441.97,470.72
P0138,2025-08-01,441.97,471.76
P0138,2025-09-01,441.97,483.34
P0138,2025-10-01,441.97,459.82
P0138,2025-11-01,441.97,497.76
P0138,2025-12-01,441.97,456.83
P0139,2024-01-01,681.58,642.57
P0139,2024-02-01,681.58,641.3
P0139,2024-03-01,681.58,702.21
P0139,2024-04-01,681.58,652.8
P0139,2024-05-01,681.58,677.72
P0139,2024-06-01,681.58,691.1
P0139,2024-07-01,681.58,678.66
P0139,2024-08-01,681.58,700.21
P0139,2024-09-01,681.58,691.17
P0139,2024-10-01,681.58,646.86
P0139,2024-11-01,681.58,659.83
P0139,2024-12-01,681.58,693.15
P0139,2025-01-01,681.58,654.8
P0139,2025-02-01,681.58,672.5
P0139,2025-03-01,681.58,643.41
P0139,2025-04-01,681.58,688.72
P0139,2025-05-01,681.58,686.55
P0139,2025-06-01,681.58,703.35
P0139,2025-07-01,681.58,658.66
P0139,2025-08-01,681.58,664.62
P0139,2025-09-01,681.58,695.37
P0139,2025-10-01,681.58,646.53
P0139,2025-11-01,681.58,645.84
P0139,2025-12-01,681.58,693.35
P0140,2024-01-01,601.14,663.46
P0140,2024-02-01,601.14,665.0
P0140,2024-03-01,601.14,663.83
P0140,2024-04-01,601.14,661.36
P0140,2024-05-01,601.14,651.93
P0140,2024-06-01,601.14,649.98
P0140,2024-07-01,601.14,654.92
P0140,2024-08-01,601.14,623.82
P0140,2024-09-01,601.14,617.12
P0140,2024-10-01,601.14,649.18
P0140,2024-11-01,601.14,633.25
P0140,2024-12-01,601.14,644.24
P0140,2025-01-01,601.14,644.51
P0140,2025-02-01,601.14,613.91
P0140,2025-03-01,601.14,612.41
P0140,2025-04-01,601.14,648.52
P0140,2025-05-01,601.14,661.22
P0140,2025-06-01,601.14,611.5
P0140,2025-07-01,601.14,646.01
P0140,2025-08-01,601.14,630.37
P0140,2025-09-01,601.14,650.74
P0140,2025-10-01,601.14,634.07
P0140,2025-11-01,601.14,606.87
P0140,2025-12-01,601.14,647.92
P0141,2024-01-01,758.15,871.59
P0141,2024-02-01,758.15,848.44
P0141,2024-03-01,758.15,846.09
P0141,2024-04-01,758.15,865.67
P0141,2024-05-01,758.15,860.81
P0141,2024-06-01,758.15,866.35
P0141,2024-07-01,758.15,866.63
P0141,2024-08-01,758.15,880.29
P0141,2024-09-01,758.15,833.46
P0141,2024-10-01,758.15,839.19
P0141,2024-11-01,758.15,852.44
P0141,2024-12-01,758.15,885.64
P0141,2025-01-01,758.15,857.7
P0141,2025-02-01,758.15,865.63
P0141,2025-03-01,758.15,875.8
P0141,2025-04-01,758.15,887.06
P0141,2025-05-01,758.15,886.68
P0141,2025-06-01,758.15,898.12
P0141,2025-07-01,758.15,891.47
P0141,2025-08-01,758.15,869.64
P0141,2025-09-01,758.15,837.84
P0141,2025-10-01,758.15,879.36
P0141,2025-11-01,758.15,898.95
P0141,2025-12-01,758.15,901.02
P0142,2024-01-01,328.61,370.77
P0142,2024-02-01,328.61,384.93
P0142,2024-03-01,328.61,362.35
P0142,2024-04-01,328.61,391.05
P0142,2024-05-01,328.61,374.6
P0142,2024-06-01,328.61,371.4
P0142,2024-07-01,328.61,366.01
P0142,2024-08-01,328.61,385.91
P0142,2024-09-01,328.61,379.55
P0142,2024-10-01,328.61,373.46
P0142,2024-11-01,328.61,389.02
P0142,2024-12-01,328.61,376.96
P0142,2025-01-01,328.61,369.14
P0142,2025-02-01,328.61,374.9
P0142,2025-03-01,328.61,384.9
P0142,2025-04-01,328.61,391.97
P0142,2025-05-01,328.61,391.99
P0142,2025-06-01,328.61,380.97
P0142,2025-07-01,328.61,381.94
P0142,2025-08-01,328.61,386.27
P0142,2025-09-01,328.61,361.54
P0142,2025-10-01,328.61,389.17
P0142,2025-11-01,328.61,380.77
P0142,2025-12-01,328.61,385.8
P0143,2024-01-01,497.86,482.34
P0143,2024-02-01,497.86,448.11
P0143,2024-03-01,497.86,487.84
P0143,2024-04-01,497.86,470.46
P0143,2024-05-01,497.86,480.01
P0143,2024-06-01,497.86,480.46
P0143,2024-07-01,497.86,492.4
P0143,2024-08-01,497.86,463.28
P0143,2024-09-01,497.86,472.88
P0143,2024-10-01,497.86,445.59
P0143,2024-11-01,497.86,489.33
P0143,2024-12-01,497.86,492.66
P0143,2025-01-01,497.86,488.58
P0143,2025-02-01,497.86,449.95
P0143,2025-03-01,497.86,446.96
P0143,2025-04-01,497.86,487.6
P0143,2025-05-01,497.86,457.8
P0143,2025-06-01,497.86,483.02
P0143,2025-07-01,497.86,446.52
P0143,2025-08-01,497.86,457.77
P0143,2025-09-01,497.86,485.32
P0143,2025-10-01,497.86,450.69
P0143,2025-11-01,497.86,486.55
P0143,2025-12-01,497.86,489.62
P0144,2024-01-01,403.77,374.22
P0144,2024-02-01,403.77,373.6
P0144,2024-03-01,403.77,371.44
P0144,2024-04-01,403.77,363.27
P0144,2024-05-01,403.77,380.1
P0144,2024-06-01,403.77,369.39
P0144,2024-07-01,403.77,362.95
P0144,2024-08-01,403.77,360.35
P0144,2024-09-01,403.77,372.86
P0144,2024-10-01,403.77,371.65
P0144,2024-11-01,403.77,381.87
P0144,2024-12-01,403.77,363.54
P0144,2025-01-01,403.77,379.79
P0144,2025-02-01,403.77,385.12
P0144,2025-03-01,403.77,365.96
P0144,2025-04-01,403.77,381.86
P0144,2025-05-01,403.77,359.88
P0144,2025-06-01,403.77,385.01
P0144,2025-07-01,403.77,385.3
P0144,2025-08-01,403.77,357.83
P0144,2025-09-01,403.77,361.09
P0144,2025-10-01,403.77,385.05
P0144,2025-11-01,403.77,379.01
P0144,2025-12-01,403.77,379.23
P0145,2024-01-01,254.26,258.33
P0145,2024-02-01,254.26,250.95
P0145,2024-03-01,254.26,248.15
P0145,2024-04-01,254.26,250.59
P0145,2024-05-01,254.26,251.43
P0145,2024-06-01,254.26,249.84
P0145,2024-07-01,254.26,243.42
P0145,2024-08-01,254.26,264.41
P0145,2024-09-01,254.26,252.56
P0145,2024-10-01,254.26,260.92
P0145,2024-11-01,254.26,253.71
P0145,2024-12-01,254.26,247.43
P0145,2025-01-01,254.26,250.24
P0145,2025-02-01,254.26,263.67
P0145,2025-03-01,254.26,249.76
P0145,2025-04-01,254.26,242.33
P0145,2025-05-01,254.26,252.62
P0145,2025-06-01,254.26,242.7
P0145,2025-07-01,254.26,250.25
P0145,2025-08-01,254.26,248.78
P0145,2025-09-01,254.26,256.1
P0145,2025-10-01,254.26,247.8
P0145,2025-11-01,254.26,246.2
P0145,2025-12-01,254.26,264.94
P0146,2024-01-01,40.47,40.53
P0146,2024-02-01,40.47,42.24
P0146,2024-03-01,40.47,43.67
P0146,2024-04-01,40.47,43.6
P0146,2024-05-01,40.47,42.91
P0146,2024-06-01,40.47,44.31
P0146,2024-07-01,40.47,41.16
P0146,2024-08-01,40.47,42.83
P0146,2024-09-01,40.47,42.4
P0146,2024-10-01,40.47,41.15
P0146,2024-11-01,40.47,44.35
P0146,2024-12-01,40.47,40.52
P0146,2025-01-01,40.47,41.83
P0146,2025-02-01,40.47,41.17
P0146,2025-03-01,40.47,41.46
P0146,2025-04-01,40.47,40.7
P0146,2025-05-01,40.47,43.07
P0146,2025-06-01,40.47,44.26
P0146,2025-07-01,40.47,43.59
P0146,2025-08-01,40.47,44.44
P0146,2025-09-01,40.47,41.84
P0146,2025-10-01,40.47,43.79
P0146,2025-11-01,40.47,43.29
P0146,2025-12-01,40.47,44.01
P0147,2024-01-01,701.87,680.76
P0147,2024-02-01,701.87,722.09
P0147,2024-03-01,701.87,711.59
P0147,2024-04-01,701.87,744.48
P0147,2024-05-01,701.87,683.34
P0147,2024-06-01,701.87,730.95
P0147,2024-07-01,701.87,686.88
P0147,2024-08-01,701.87,739.4
P0147,2024-09-01,701.87,737.16
P0147,2024-10-01,701.87,707.85
P0147,2024-11-01,701.87,747.79
P0147,2024-12-01,701.87,744.66
P0147,2025-01-01,701.87,747.87
P0147,2025-02-01,701.87,743.66
P0147,2025-03-01,701.87,716.52
P0147,2025-04-01,701.87,741.21
P0147,2025-05-01,701.87,696.07
P0147,2025-06-01,701.87,724.59
P0147,2025-07-01,701.87,734.6
P0147,2025-08-01,701.87,727.21
P0147,2025-09-01,701.87,679.72
P0147,2025-10-01,701.87,707.3
P0147,2025-11-01,701.87,719.9
P0147,2025-12-01,701.87,748.08
P0148,2024-01-01,121.1,135.47
P0148,2024-02-01,121.1,134.8
P0148,2024-03-01,121.1,135.51
P0148,2024-04-01,121.1,131.38
P0148,2024-05-01,121.1,127.16
P0148,2024-06-01,121.1,127.58
P0148,2024-07-01,121.1,132.04
P0148,2024-08-01,121.1,131.96
P0148,2024-09-01,121.1,130.41
P0148,2024-10-01,121.1,133.34
P0148,2024-11-01,121.1,134.31
P0148,2024-12-01,121.1,135.25
P0148,2025-01-01,121.1,124.34
P0148,2025-02-01,121.1,131.07
P0148,2025-03-01,121.1,134.65
P0148,2025-04-01,121.1,127.57
P0148,2025-05-01,121.1,133.93
P0148,2025-06-01,121.1,126.68
P0148,2025-07-01,121.1,131.42
P0148,2025-08-01,121.1,126.94
P0148,2025-09-01,121.1,134.62
P0148,2025-10-01,121.1,131.19
P0148,2025-11-01,121.1,134.94
P0148,2025-12-01,121.1,135.09
P0149,2024-01-01,657.94,574.6
P0149,2024-02-01,657.94,554.39
P0149,2024-03-01,657.94,581.75
P0149,2024-04-01,657.94,575.69
P0149,2024-05-01,657.94,586.28
P0149,2024-06-01,657.94,601.4
P0149,2024-07-01,657.94,579.07
P0149,2024-08-01,657.94,592.83
P0149,2024-09-01,657.94,592.97
P0149,2024-10-01,657.94,576.85
P0149,2024-11-01,657.94,601.72
P0149,2024-12-01,657.94,592.05
P0149,2025-01-01,657.94,571.04
P0149,2025-02-01,657.94,585.61
P0149,2025-03-01,657.94,594.03
P0149,2025-04-01,657.94,547.1
P0149,2025-05-01,657.94,560.71
P0149,2025-06-01,657.94,601.06
P0149,2025-07-01,657.94,592.6
P0149,2025-08-01,657.94,555.12
P0149,2025-09-01,657.94,587.81
P0149,2025-10-01,657.94,593.55
P0149,2025-11-01,657.94,571.17
P0149,2025-12-01,657.94,579.05
P0150,2024-01-01,535.11,531.54
P0150,2024-02-01,535.11,513.61
P0150,2024-03-01,535.11,513.49
P0150,2024-04-01,535.11,544.22
P0150,2024-05-01,535.11,524.6
P0150,2024-06-01,535.11,522.01
P0150,2024-07-01,535.11,541.93
P0150,2024-08-01,535.11,529.47
P0150,2024-09-01,535.11,536.86
P0150,2024-10-01,535.11,513.83
P0150,2024-11-01,535.11,548.46
P0150,2024-12-01,535.11,555.1
P0150,2025-01-01,535.11,531.91
P0150,2025-02-01,535.11,525.01
P0150,2025-03-01,535.11,547.89
P0150,2025-04-01,535.11,524.21
P0150,2025-05-01,535.11,527.9
P0150,2025-06-01,535.11,546.56
P0150,2025-07-01,535.11,534.46
P0150,2025-08-01,535.11,546.44
P0150,2025-09-01,535.11,529.27
P0150,2025-10-01,535.11,554.9
P0150,2025-11-01,535.11,550.34
P0150,2025-12-01,535.11,545.04
