data,categoria,dispositivo,visualizacoes,add_carrinho,checkout_iniciado,compra_concluida
2024-01-01,Ferramentas,mobile,145,28,16,8
2024-01-01,Ferramentas,desktop,293,67,38,20
2024-01-01,Iluminação,mobile,278,52,26,16
2024-01-01,Iluminação,desktop,98,17,9,5
2024-01-01,Utilidades Domésticas,mobile,148,28,16,11
2024-01-01,Utilidades Domésticas,desktop,217,49,22,18
2024-01-01,Jardim e Área Externa,mobile,120,25,11,6
2024-01-01,Jardim e Área Externa,desktop,262,69,34,19
2024-01-01,Organização,mobile,235,57,26,19
2024-01-01,Organização,desktop,207,52,25,17
2024-01-01,Elétrica,mobile,97,18,8,2
2024-01-01,Elétrica,desktop,294,69,39,14
2024-01-01,Hidráulica,mobile,239,54,27,12
2024-01-01,Hidráulica,desktop,167,43,25,9
2024-01-01,Pintura e Acabamento,mobile,196,35,17,9
2024-01-01,Pintura e Acabamento,desktop,232,63,33,21
2024-01-01,Segurança,mobile,121,30,15,5
2024-01-01,Segurança,desktop,295,72,34,11
2024-01-02,Ferramentas,mobile,189,52,30,19
2024-01-02,Ferramentas,desktop,152,28,13,7
2024-01-02,Iluminação,mobile,131,34,17,12
2024-01-02,Iluminação,desktop,180,48,22,13
2024-01-02,Utilidades Domésticas,mobile,226,44,25,21
2024-01-02,Utilidades Domésticas,desktop,165,37,17,12
2024-01-02,Jardim e Área Externa,mobile,135,33,15,11
2024-01-02,Jardim e Área Externa,desktop,223,56,32,22
2024-01-02,Organização,mobile,221,42,20,16
2024-01-02,Organização,desktop,80,14,6,3
2024-01-02,Elétrica,mobile,269,55,32,13
2024-01-02,Elétrica,desktop,241,57,31,12
2024-01-02,Hidráulica,mobile,270,69,34,16
2024-01-02,Hidráulica,desktop,244,62,28,13
2024-01-02,Pintura e Acabamento,mobile,299,59,28,16
2024-01-02,Pintura e Acabamento,desktop,232,46,21,15
2024-01-02,Segurança,mobile,83,19,10,2
2024-01-02,Segurança,desktop,110,27,12,3
2024-01-03,Ferramentas,mobile,194,47,23,16
2024-01-03,Ferramentas,desktop,256,69,37,21
2024-01-03,Iluminação,mobile,270,70,38,26
2024-01-03,Iluminação,desktop,261,63,36,26
2024-01-03,Utilidades Domésticas,mobile,112,22,10,8
2024-01-03,Utilidades Domésticas,desktop,86,20,11,7
2024-01-03,Jardim e Área Externa,mobile,94,21,9,5
2024-01-03,Jardim e Área Externa,desktop,265,51,27,15
2024-01-03,Organização,mobile,243,47,27,22
2024-01-03,Organização,desktop,287,71,34,27
2024-01-03,Elétrica,mobile,173,38,20,8
2024-01-03,Elétrica,desktop,222,57,28,11
2024-01-03,Hidráulica,mobile,248,60,33,13
2024-01-03,Hidráulica,desktop,142,30,16,6
2024-01-03,Pintura e Acabamento,mobile,296,80,42,29
2024-01-03,Pintura e Acabamento,desktop,173,34,16,9
2024-01-03,Segurança,mobile,268,52,27,7
2024-01-03,Segurança,desktop,172,44,26,9
2024-01-04,Ferramentas,mobile,150,27,15,9
2024-01-04,Ferramentas,desktop,222,44,25,16
2024-01-04,Iluminação,mobile,253,50,28,17
2024-01-04,Iluminação,desktop,150,34,17,13
2024-01-04,Utilidades Domésticas,mobile,217,47,27,20
2024-01-04,Utilidades Domésticas,desktop,154,29,13,10
2024-01-04,Jardim e Área Externa,mobile,182,43,24,14
2024-01-04,Jardim e Área Externa,desktop,195,36,16,10
2024-01-04,Organização,mobile,146,38,19,13
2024-01-04,Organização,desktop,209,38,17,13
2024-01-04,Elétrica,mobile,240,54,31,13
2024-01-04,Elétrica,desktop,215,42,21,7
2024-01-04,Hidráulica,mobile,213,59,29,14
2024-01-04,Hidráulica,desktop,117,27,14,5
2024-01-04,Pintura e Acabamento,mobile,96,20,10,6
2024-01-04,Pintura e Acabamento,desktop,267,66,35,21
2024-01-04,Segurança,mobile,155,32,16,5
2024-01-04,Segurança,desktop,120,26,12,3
2024-01-05,Ferramentas,mobile,280,72,34,21
2024-01-05,Ferramentas,desktop,150,27,12,7
2024-01-05,Iluminação,mobile,253,66,35,23
2024-01-05,Iluminação,desktop,283,54,26,20
2024-01-05,Utilidades Domésticas,mobile,277,76,45,35
2024-01-05,Utilidades Domésticas,desktop,243,67,36,25
2024-01-05,Jardim e Área Externa,mobile,226,43,22,13
2024-01-05,Jardim e Área Externa,desktop,80,14,6,4
2024-01-05,Organização,mobile,238,51,23,18
2024-01-05,Organização,desktop,200,49,24,17
2024-01-05,Elétrica,mobile,110,20,10,4
2024-01-05,Elétrica,desktop,83,18,10,4
2024-01-05,Hidráulica,mobile,136,35,16,7
2024-01-05,Hidráulica,desktop,99,20,10,4
2024-01-05,Pintura e Acabamento,mobile,246,61,34,20
2024-01-05,Pintura e Acabamento,desktop,162,34,17,11
2024-01-05,Segurança,mobile,241,63,32,9
2024-01-05,Segurança,desktop,231,42,19,5
2024-01-06,Ferramentas,mobile,170,33,18,11
2024-01-06,Ferramentas,desktop,292,73,37,22
2024-01-06,Iluminação,mobile,213,52,23,17
2024-01-06,Iluminação,desktop,137,38,21,14
2024-01-06,Utilidades Domésticas,mobile,132,34,16,13
2024-01-06,Utilidades Domésticas,desktop,88,17,7,4
2024-01-06,Jardim e Área Externa,mobile,84,22,11,7
2024-01-06,Jardim e Área Externa,desktop,224,59,31,22
2024-01-06,Organização,mobile,244,45,21,13
2024-01-06,Organização,desktop,251,52,24,16
2024-01-06,Elétrica,mobile,252,62,33,11
2024-01-06,Elétrica,desktop,179,44,24,9
2024-01-06,Hidráulica,mobile,248,61,32,13
2024-01-06,Hidráulica,desktop,160,36,18,7
2024-01-06,Pintura e Acabamento,mobile,230,43,23,14
2024-01-06,Pintura e Acabamento,desktop,216,48,27,16
2024-01-06,Segurança,mobile,280,65,32,9
2024-01-06,Segurança,desktop,259,59,32,9
2024-01-07,Ferramentas,mobile,284,70,35,22
2024-01-07,Ferramentas,desktop,221,51,28,16
2024-01-07,Iluminação,mobile,240,52,24,14
2024-01-07,Iluminação,desktop,235,56,30,21
2024-01-07,Utilidades Domésticas,mobile,274,58,31,20
2024-01-07,Utilidades Domésticas,desktop,202,41,19,12
2024-01-07,Jardim e Área Externa,mobile,98,25,11,6
2024-01-07,Jardim e Área Externa,desktop,239,54,29,21
2024-01-07,Organização,mobile,116,21,12,9
2024-01-07,Organização,desktop,207,53,24,15
2024-01-07,Elétrica,mobile,81,18,8,2
2024-01-07,Elétrica,desktop,146,28,16,6
2024-01-07,Hidráulica,mobile,266,52,29,12
2024-01-07,Hidráulica,desktop,196,45,26,9
2024-01-07,Pintura e Acabamento,mobile,281,62,33,20
2024-01-07,Pintura e Acabamento,desktop,145,35,15,11
2024-01-07,Segurança,mobile,162,34,15,4
2024-01-07,Segurança,desktop,200,42,22,6
2024-01-08,Ferramentas,mobile,249,46,22,13
2024-01-08,Ferramentas,desktop,128,23,13,8
2024-01-08,Iluminação,mobile,273,57,29,18
2024-01-08,Iluminação,desktop,269,51,30,23
2024-01-08,Utilidades Domésticas,mobile,166,38,17,10
2024-01-08,Utilidades Domésticas,desktop,197,39,18,14
2024-01-08,Jardim e Área Externa,mobile,142,25,13,7
2024-01-08,Jardim e Área Externa,desktop,177,40,19,13
2024-01-08,Organização,mobile,183,38,20,16
2024-01-08,Organização,desktop,272,66,30,23
2024-01-08,Elétrica,mobile,135,30,16,6
2024-01-08,Elétrica,desktop,285,69,34,12
2024-01-08,Hidráulica,mobile,288,77,39,15
2024-01-08,Hidráulica,desktop,180,43,25,9
2024-01-08,Pintura e Acabamento,mobile,262,50,27,15
2024-01-08,Pintura e Acabamento,desktop,137,25,13,9
2024-01-08,Segurança,mobile,289,59,30,9
2024-01-08,Segurança,desktop,264,55,32,10
2024-01-09,Ferramentas,mobile,98,20,11,6
2024-01-09,Ferramentas,desktop,111,26,14,9
2024-01-09,Iluminação,mobile,131,27,15,10
2024-01-09,Iluminação,desktop,98,25,13,8
2024-01-09,Utilidades Domésticas,mobile,142,29,15,11
2024-01-09,Utilidades Domésticas,desktop,195,47,25,21
2024-01-09,Jardim e Área Externa,mobile,249,62,28,16
2024-01-09,Jardim e Área Externa,desktop,274,69,36,22
2024-01-09,Organização,mobile,128,26,13,10
2024-01-09,Organização,desktop,258,61,28,20
2024-01-09,Elétrica,mobile,154,32,14,5
2024-01-09,Elétrica,desktop,84,20,9,3
2024-01-09,Hidráulica,mobile,177,43,24,8
2024-01-09,Hidráulica,desktop,239,63,35,17
2024-01-09,Pintura e Acabamento,mobile,102,25,14,10
2024-01-09,Pintura e Acabamento,desktop,258,48,22,13
2024-01-09,Segurança,mobile,276,76,45,14
2024-01-09,Segurança,desktop,294,58,28,10
2024-01-10,Ferramentas,mobile,259,66,34,22
2024-01-10,Ferramentas,desktop,101,21,9,6
2024-01-10,Iluminação,mobile,264,72,36,24
2024-01-10,Iluminação,desktop,284,60,31,21
2024-01-10,Utilidades Domésticas,mobile,108,28,13,9
2024-01-10,Utilidades Domésticas,desktop,218,59,27,22
2024-01-10,Jardim e Área Externa,mobile,142,29,16,8
2024-01-10,Jardim e Área Externa,desktop,240,49,24,15
2024-01-10,Organização,mobile,213,45,26,19
2024-01-10,Organização,desktop,185,39,22,17
2024-01-10,Elétrica,mobile,162,38,19,6
2024-01-10,Elétrica,desktop,261,71,40,16
2024-01-10,Hidráulica,mobile,250,58,30,13
2024-01-10,Hidráulica,desktop,97,18,8,3
2024-01-10,Pintura e Acabamento,mobile,86,18,10,7
2024-01-10,Pintura e Acabamento,desktop,241,43,20,13
2024-01-10,Segurança,mobile,90,17,10,3
2024-01-10,Segurança,desktop,259,68,34,10
2024-01-11,Ferramentas,mobile,241,51,23,13
2024-01-11,Ferramentas,desktop,276,59,29,17
2024-01-11,Iluminação,mobile,286,61,29,23
2024-01-11,Iluminação,desktop,190,35,19,12
2024-01-11,Utilidades Domésticas,mobile,241,55,31,22
2024-01-11,Utilidades Domésticas,desktop,88,18,10,7
2024-01-11,Jardim e Área Externa,mobile,179,45,20,12
2024-01-11,Jardim e Área Externa,desktop,92,18,8,5
2024-01-11,Organização,mobile,195,49,27,21
2024-01-11,Organização,desktop,191,37,17,13
2024-01-11,Elétrica,mobile,117,26,14,5
2024-01-11,Elétrica,desktop,173,39,19,7
2024-01-11,Hidráulica,mobile,210,38,21,9
2024-01-11,Hidráulica,desktop,198,51,29,10
2024-01-11,Pintura e Acabamento,mobile,104,22,12,7
2024-01-11,Pintura e Acabamento,desktop,251,55,26,19
2024-01-11,Segurança,mobile,126,25,13,3
2024-01-11,Segurança,desktop,164,43,21,5
2024-01-12,Ferramentas,mobile,109,30,17,9
2024-01-12,Ferramentas,desktop,138,37,20,12
2024-01-12,Iluminação,mobile,247,50,23,15
2024-01-12,Iluminação,desktop,288,68,37,23
2024-01-12,Utilidades Domésticas,mobile,231,44,25,18
2024-01-12,Utilidades Domésticas,desktop,173,47,26,21
2024-01-12,Jardim e Área Externa,mobile,248,68,31,17
2024-01-12,Jardim e Área Externa,desktop,218,46,23,13
2024-01-12,Organização,mobile,282,76,41,28
2024-01-12,Organização,desktop,117,22,11,8
2024-01-12,Elétrica,mobile,278,65,38,15
2024-01-12,Elétrica,desktop,283,73,37,12
2024-01-12,Hidráulica,mobile,137,31,17,7
2024-01-12,Hidráulica,desktop,236,43,24,9
2024-01-12,Pintura e Acabamento,mobile,258,60,35,20
2024-01-12,Pintura e Acabamento,desktop,234,59,29,20
2024-01-12,Segurança,mobile,241,61,28,7
2024-01-12,Segurança,desktop,269,58,32,10
2024-01-13,Ferramentas,mobile,291,61,33,18
2024-01-13,Ferramentas,desktop,196,41,20,13
2024-01-13,Iluminação,mobile,136,33,17,12
2024-01-13,Iluminação,desktop,160,32,17,11
2024-01-13,Utilidades Domésticas,mobile,143,33,19,15
2024-01-13,Utilidades Domésticas,desktop,224,59,28,21
2024-01-13,Jardim e Área Externa,mobile,82,20,9,5
2024-01-13,Jardim e Área Externa,desktop,230,46,24,13
2024-01-13,Organização,mobile,145,26,14,9
2024-01-13,Organização,desktop,191,47,24,17
2024-01-13,Elétrica,mobile,187,40,18,7
2024-01-13,Elétrica,desktop,209,38,20,7
2024-01-13,Hidráulica,mobile,144,39,20,8
2024-01-13,Hidráulica,desktop,245,61,29,12
2024-01-13,Pintura e Acabamento,mobile,116,22,10,7
2024-01-13,Pintura e Acabamento,desktop,134,25,12,9
2024-01-13,Segurança,mobile,99,20,10,3
2024-01-13,Segurança,desktop,225,56,33,11
2024-01-14,Ferramentas,mobile,113,27,13,7
2024-01-14,Ferramentas,desktop,208,54,28,15
2024-01-14,Iluminação,mobile,197,36,20,15
2024-01-14,Iluminação,desktop,134,31,15,11
2024-01-14,Utilidades Domésticas,mobile,227,51,25,16
2024-01-14,Utilidades Domésticas,desktop,290,67,33,28
2024-01-14,Jardim e Área Externa,mobile,239,55,27,17
2024-01-14,Jardim e Área Externa,desktop,234,49,24,16
2024-01-14,Organização,mobile,249,63,29,19
2024-01-14,Organização,desktop,192,43,19,12
2024-01-14,Elétrica,mobile,254,64,31,11
2024-01-14,Elétrica,desktop,183,40,20,6
2024-01-14,Hidráulica,mobile,135,29,16,6
2024-01-14,Hidráulica,desktop,88,17,9,3
2024-01-14,Pintura e Acabamento,mobile,162,29,13,8
2024-01-14,Pintura e Acabamento,desktop,206,48,21,13
2024-01-14,Segurança,mobile,160,44,24,8
2024-01-14,Segurança,desktop,251,51,27,9
2024-01-15,Ferramentas,mobile,151,37,21,11
2024-01-15,Ferramentas,desktop,187,37,16,9
2024-01-15,Iluminação,mobile,202,46,21,16
2024-01-15,Iluminação,desktop,293,55,28,21
2024-01-15,Utilidades Domésticas,mobile,280,75,34,29
2024-01-15,Utilidades Domésticas,desktop,240,55,25,16
2024-01-15,Jardim e Área Externa,mobile,108,28,14,7
2024-01-15,Jardim e Área Externa,desktop,248,68,33,22
2024-01-15,Organização,mobile,210,48,23,17
2024-01-15,Organização,desktop,255,55,29,20
2024-01-15,Elétrica,mobile,179,40,22,9
2024-01-15,Elétrica,desktop,96,20,11,4
2024-01-15,Hidráulica,mobile,211,58,27,10
2024-01-15,Hidráulica,desktop,260,53,29,11
2024-01-15,Pintura e Acabamento,mobile,202,36,20,14
2024-01-15,Pintura e Acabamento,desktop,123,34,19,11
2024-01-15,Segurança,mobile,99,22,11,3
2024-01-15,Segurança,desktop,192,42,20,6
2024-01-16,Ferramentas,mobile,181,34,20,10
2024-01-16,Ferramentas,desktop,139,28,14,7
2024-01-16,Iluminação,mobile,231,46,23,17
2024-01-16,Iluminação,desktop,286,76,38,22
2024-01-16,Utilidades Domésticas,mobile,169,45,24,18
2024-01-16,Utilidades Domésticas,desktop,122,24,13,8
2024-01-16,Jardim e Área Externa,mobile,147,36,19,10
2024-01-16,Jardim e Área Externa,desktop,171,42,20,14
2024-01-16,Organização,mobile,109,26,13,8
2024-01-16,Organização,desktop,296,76,44,34
2024-01-16,Elétrica,mobile,194,47,24,9
2024-01-16,Elétrica,desktop,298,65,31,12
2024-01-16,Hidráulica,mobile,90,23,12,5
2024-01-16,Hidráulica,desktop,196,37,21,8
2024-01-16,Pintura e Acabamento,mobile,215,40,21,15
2024-01-16,Pintura e Acabamento,desktop,277,51,28,16
2024-01-16,Segurança,mobile,153,40,20,5
2024-01-16,Segurança,desktop,124,24,11,3
2024-01-17,Ferramentas,mobile,193,46,25,13
2024-01-17,Ferramentas,desktop,147,36,16,9
2024-01-17,Iluminação,mobile,120,22,12,8
2024-01-17,Iluminação,desktop,236,56,30,23
2024-01-17,Utilidades Domésticas,mobile,270,52,25,20
2024-01-17,Utilidades Domésticas,desktop,217,41,21,14
2024-01-17,Jardim e Área Externa,mobile,299,71,35,20
2024-01-17,Jardim e Área Externa,desktop,120,26,12,8
2024-01-17,Organização,mobile,116,29,16,13
2024-01-17,Organização,desktop,94,23,13,8
2024-01-17,Elétrica,mobile,248,63,36,14
2024-01-17,Elétrica,desktop,164,32,14,5
2024-01-17,Hidráulica,mobile,113,20,10,4
2024-01-17,Hidráulica,desktop,215,42,19,7
2024-01-17,Pintura e Acabamento,mobile,97,18,9,6
2024-01-17,Pintura e Acabamento,desktop,174,43,25,14
2024-01-17,Segurança,mobile,290,58,31,9
2024-01-17,Segurança,desktop,131,34,19,5
2024-01-18,Ferramentas,mobile,140,25,14,7
2024-01-18,Ferramentas,desktop,216,49,27,14
2024-01-18,Iluminação,mobile,104,23,11,6
2024-01-18,Iluminação,desktop,249,52,26,15
2024-01-18,Utilidades Domésticas,mobile,174,33,17,11
2024-01-18,Utilidades Domésticas,desktop,120,31,17,11
2024-01-18,Jardim e Área Externa,mobile,288,63,34,24
2024-01-18,Jardim e Área Externa,desktop,132,34,18,11
2024-01-18,Organização,mobile,110,22,11,8
2024-01-18,Organização,desktop,249,69,37,23
2024-01-18,Elétrica,mobile,85,22,10,4
2024-01-18,Elétrica,desktop,289,72,40,14
2024-01-18,Hidráulica,mobile,95,22,12,4
2024-01-18,Hidráulica,desktop,210,45,26,11
2024-01-18,Pintura e Acabamento,mobile,104,27,12,9
2024-01-18,Pintura e Acabamento,desktop,157,29,16,10
2024-01-18,Segurança,mobile,240,55,28,8
2024-01-18,Segurança,desktop,136,30,15,4
2024-01-19,Ferramentas,mobile,81,18,10,5
2024-01-19,Ferramentas,desktop,297,70,33,19
2024-01-19,Iluminação,mobile,194,37,21,16
2024-01-19,Iluminação,desktop,87,21,10,5
2024-01-19,Utilidades Domésticas,mobile,157,35,16,10
2024-01-19,Utilidades Domésticas,desktop,133,33,16,13
2024-01-19,Jardim e Área Externa,mobile,203,37,19,13
2024-01-19,Jardim e Área Externa,desktop,130,27,14,10
2024-01-19,Organização,mobile,207,37,20,13
2024-01-19,Organização,desktop,286,63,28,21
2024-01-19,Elétrica,mobile,134,24,12,4
2024-01-19,Elétrica,desktop,291,61,35,15
2024-01-19,Hidráulica,mobile,140,37,20,7
2024-01-19,Hidráulica,desktop,189,35,17,6
2024-01-19,Pintura e Acabamento,mobile,234,47,23,15
2024-01-19,Pintura e Acabamento,desktop,238,46,22,15
2024-01-19,Segurança,mobile,247,63,30,9
2024-01-19,Segurança,desktop,290,54,27,8
2024-01-20,Ferramentas,mobile,218,46,22,12
2024-01-20,Ferramentas,desktop,237,44,21,11
2024-01-20,Iluminação,mobile,221,47,24,15
2024-01-20,Iluminação,desktop,195,50,26,19
2024-01-20,Utilidades Domésticas,mobile,255,64,35,25
2024-01-20,Utilidades Domésticas,desktop,204,54,27,20
2024-01-20,Jardim e Área Externa,mobile,267,68,40,28
2024-01-20,Jardim e Área Externa,desktop,159,43,21,14
2024-01-20,Organização,mobile,126,34,15,11
2024-01-20,Organização,desktop,186,42,21,14
2024-01-20,Elétrica,mobile,105,26,14,5
2024-01-20,Elétrica,desktop,200,39,17,6
2024-01-20,Hidráulica,mobile,83,19,9,3
2024-01-20,Hidráulica,desktop,205,41,23,8
2024-01-20,Pintura e Acabamento,mobile,124,28,12,8
2024-01-20,Pintura e Acabamento,desktop,124,28,16,11
2024-01-20,Segurança,mobile,115,29,13,4
2024-01-20,Segurança,desktop,189,36,17,5
2024-01-21,Ferramentas,mobile,243,44,22,13
2024-01-21,Ferramentas,desktop,277,59,29,16
2024-01-21,Iluminação,mobile,143,37,18,13
2024-01-21,Iluminação,desktop,135,35,18,13
2024-01-21,Utilidades Domésticas,mobile,106,21,9,6
2024-01-21,Utilidades Domésticas,desktop,84,19,10,7
2024-01-21,Jardim e Área Externa,mobile,247,59,31,23
2024-01-21,Jardim e Área Externa,desktop,270,49,25,18
2024-01-21,Organização,mobile,286,74,36,23
2024-01-21,Organização,desktop,96,20,10,7
2024-01-21,Elétrica,mobile,124,31,16,6
2024-01-21,Elétrica,desktop,155,38,17,5
2024-01-21,Hidráulica,mobile,254,58,27,13
2024-01-21,Hidráulica,desktop,99,19,8,3
2024-01-21,Pintura e Acabamento,mobile,197,54,29,18
2024-01-21,Pintura e Acabamento,desktop,243,54,25,15
2024-01-21,Segurança,mobile,119,32,15,5
2024-01-21,Segurança,desktop,268,65,31,9
2024-01-22,Ferramentas,mobile,174,31,17,8
2024-01-22,Ferramentas,desktop,142,34,16,11
2024-01-22,Iluminação,mobile,125,25,11,6
2024-01-22,Iluminação,desktop,233,50,26,15
2024-01-22,Utilidades Domésticas,mobile,208,52,24,16
2024-01-22,Utilidades Domésticas,desktop,239,55,24,17
2024-01-22,Jardim e Área Externa,mobile,125,32,16,9
2024-01-22,Jardim e Área Externa,desktop,131,28,16,9
2024-01-22,Organização,mobile,162,34,18,14
2024-01-22,Organização,desktop,122,29,16,11
2024-01-22,Elétrica,mobile,132,25,13,5
2024-01-22,Elétrica,desktop,282,74,39,13
2024-01-22,Hidráulica,mobile,233,55,30,13
2024-01-22,Hidráulica,desktop,154,33,15,7
2024-01-22,Pintura e Acabamento,mobile,279,60,32,21
2024-01-22,Pintura e Acabamento,desktop,183,40,23,13
2024-01-22,Segurança,mobile,281,62,31,10
2024-01-22,Segurança,desktop,278,62,35,12
2024-01-23,Ferramentas,mobile,121,29,13,7
2024-01-23,Ferramentas,desktop,116,30,13,8
2024-01-23,Iluminação,mobile,294,56,29,20
2024-01-23,Iluminação,desktop,266,63,31,24
2024-01-23,Utilidades Domésticas,mobile,259,56,26,16
2024-01-23,Utilidades Domésticas,desktop,190,49,22,14
2024-01-23,Jardim e Área Externa,mobile,227,45,21,12
2024-01-23,Jardim e Área Externa,desktop,242,56,31,19
2024-01-23,Organização,mobile,242,47,23,17
2024-01-23,Organização,desktop,285,57,27,18
2024-01-23,Elétrica,mobile,162,41,23,7
2024-01-23,Elétrica,desktop,148,36,16,5
2024-01-23,Hidráulica,mobile,89,23,11,5
2024-01-23,Hidráulica,desktop,150,33,15,6
2024-01-23,Pintura e Acabamento,mobile,132,33,18,12
2024-01-23,Pintura e Acabamento,desktop,86,17,8,5
2024-01-23,Segurança,mobile,235,56,30,9
2024-01-23,Segurança,desktop,296,62,32,8
2024-01-24,Ferramentas,mobile,125,25,11,6
2024-01-24,Ferramentas,desktop,290,67,35,19
2024-01-24,Iluminação,mobile,132,32,17,10
2024-01-24,Iluminação,desktop,216,40,18,13
2024-01-24,Utilidades Domésticas,mobile,227,59,30,25
2024-01-24,Utilidades Domésticas,desktop,117,30,14,10
2024-01-24,Jardim e Área Externa,mobile,284,52,24,17
2024-01-24,Jardim e Área Externa,desktop,124,30,16,10
2024-01-24,Organização,mobile,108,24,12,8
2024-01-24,Organização,desktop,294,60,35,28
2024-01-24,Elétrica,mobile,284,52,25,9
2024-01-24,Elétrica,desktop,164,37,17,6
2024-01-24,Hidráulica,mobile,263,57,25,11
2024-01-24,Hidráulica,desktop,167,39,18,8
2024-01-24,Pintura e Acabamento,mobile,225,57,33,21
2024-01-24,Pintura e Acabamento,desktop,141,37,20,13
2024-01-24,Segurança,mobile,127,23,12,3
2024-01-24,Segurança,desktop,133,35,18,5
2024-01-25,Ferramentas,mobile,172,38,22,13
2024-01-25,Ferramentas,desktop,192,52,29,17
2024-01-25,Iluminação,mobile,117,27,12,8
2024-01-25,Iluminação,desktop,226,41,24,19
2024-01-25,Utilidades Domésticas,mobile,210,54,27,17
2024-01-25,Utilidades Domésticas,desktop,182,43,25,17
2024-01-25,Jardim e Área Externa,mobile,273,70,40,24
2024-01-25,Jardim e Área Externa,desktop,137,27,15,10
2024-01-25,Organização,mobile,266,69,32,23
2024-01-25,Organização,desktop,257,48,25,17
2024-01-25,Elétrica,mobile,82,16,8,3
2024-01-25,Elétrica,desktop,204,54,24,9
2024-01-25,Hidráulica,mobile,177,37,17,7
2024-01-25,Hidráulica,desktop,179,37,20,7
2024-01-25,Pintura e Acabamento,mobile,209,41,21,13
2024-01-25,Pintura e Acabamento,desktop,133,32,18,10
2024-01-25,Segurança,mobile,86,22,11,4
2024-01-25,Segurança,desktop,154,29,16,5
2024-01-26,Ferramentas,mobile,288,69,39,25
2024-01-26,Ferramentas,desktop,81,17,8,4
2024-01-26,Iluminação,mobile,264,52,25,15
2024-01-26,Iluminação,desktop,261,63,33,22
2024-01-26,Utilidades Domésticas,mobile,95,21,11,7
2024-01-26,Utilidades Domésticas,desktop,80,15,8,6
2024-01-26,Jardim e Área Externa,mobile,298,64,29,21
2024-01-26,Jardim e Área Externa,desktop,292,81,45,25
2024-01-26,Organização,mobile,299,77,39,27
2024-01-26,Organização,desktop,108,21,11,7
2024-01-26,Elétrica,mobile,179,45,26,11
2024-01-26,Elétrica,desktop,253,47,23,8
2024-01-26,Hidráulica,mobile,265,54,26,10
2024-01-26,Hidráulica,desktop,213,41,23,9
2024-01-26,Pintura e Acabamento,mobile,203,55,29,17
2024-01-26,Pintura e Acabamento,desktop,129,31,14,10
2024-01-26,Segurança,mobile,190,41,24,8
2024-01-26,Segurança,desktop,112,28,12,3
2024-01-27,Ferramentas,mobile,94,25,14,8
2024-01-27,Ferramentas,desktop,299,58,31,21
2024-01-27,Iluminação,mobile,121,31,14,9
2024-01-27,Iluminação,desktop,171,43,23,14
2024-01-27,Utilidades Domésticas,mobile,89,18,9,7
2024-01-27,Utilidades Domésticas,desktop,268,58,34,25
2024-01-27,Jardim e Área Externa,mobile,264,51,28,17
2024-01-27,Jardim e Área Externa,desktop,230,46,22,14
2024-01-27,Organização,mobile,219,55,30,22
2024-01-27,Organização,desktop,120,29,14,10
2024-01-27,Elétrica,mobile,200,38,20,7
2024-01-27,Elétrica,desktop,225,50,29,10
2024-01-27,Hidráulica,mobile,90,19,10,4
2024-01-27,Hidráulica,desktop,103,19,11,4
2024-01-27,Pintura e Acabamento,mobile,290,80,36,26
2024-01-27,Pintura e Acabamento,desktop,125,27,14,8
2024-01-27,Segurança,mobile,161,40,19,6
2024-01-27,Segurança,desktop,237,50,26,8
2024-01-28,Ferramentas,mobile,171,39,18,11
2024-01-28,Ferramentas,desktop,82,18,10,5
2024-01-28,Iluminação,mobile,196,42,22,14
2024-01-28,Iluminação,desktop,204,49,22,14
2024-01-28,Utilidades Domésticas,mobile,133,33,19,12
2024-01-28,Utilidades Domésticas,desktop,242,62,33,27
2024-01-28,Jardim e Área Externa,mobile,283,59,30,19
2024-01-28,Jardim e Área Externa,desktop,258,47,23,15
2024-01-28,Organização,mobile,280,63,28,19
2024-01-28,Organização,desktop,290,66,34,23
2024-01-28,Elétrica,mobile,188,41,24,8
2024-01-28,Elétrica,desktop,186,46,22,9
2024-01-28,Hidráulica,mobile,212,40,18,7
2024-01-28,Hidráulica,desktop,90,20,9,4
2024-01-28,Pintura e Acabamento,mobile,233,48,24,17
2024-01-28,Pintura e Acabamento,desktop,160,31,18,12
2024-01-28,Segurança,mobile,178,35,16,4
2024-01-28,Segurança,desktop,145,40,18,6
2024-01-29,Ferramentas,mobile,209,40,20,12
2024-01-29,Ferramentas,desktop,195,37,20,12
2024-01-29,Iluminação,mobile,163,41,20,15
2024-01-29,Iluminação,desktop,153,31,17,10
2024-01-29,Utilidades Domésticas,mobile,273,62,31,25
2024-01-29,Utilidades Domésticas,desktop,211,42,22,17
2024-01-29,Jardim e Área Externa,mobile,200,37,21,14
2024-01-29,Jardim e Área Externa,desktop,180,33,19,10
2024-01-29,Organização,mobile,256,66,35,25
2024-01-29,Organização,desktop,121,24,11,6
2024-01-29,Elétrica,mobile,265,55,25,10
2024-01-29,Elétrica,desktop,89,20,10,4
2024-01-29,Hidráulica,mobile,147,37,19,8
2024-01-29,Hidráulica,desktop,295,55,27,10
2024-01-29,Pintura e Acabamento,mobile,185,34,20,12
2024-01-29,Pintura e Acabamento,desktop,170,37,19,11
2024-01-29,Segurança,mobile,195,38,22,6
2024-01-29,Segurança,desktop,217,58,30,9
2024-01-30,Ferramentas,mobile,97,26,12,6
2024-01-30,Ferramentas,desktop,172,31,14,9
2024-01-30,Iluminação,mobile,96,20,10,7
2024-01-30,Iluminação,desktop,144,27,12,7
2024-01-30,Utilidades Domésticas,mobile,159,39,22,16
2024-01-30,Utilidades Domésticas,desktop,266,63,36,31
2024-01-30,Jardim e Área Externa,mobile,139,35,17,10
2024-01-30,Jardim e Área Externa,desktop,159,31,16,9
2024-01-30,Organização,mobile,145,27,14,10
2024-01-30,Organização,desktop,220,61,28,20
2024-01-30,Elétrica,mobile,229,55,29,10
2024-01-30,Elétrica,desktop,160,38,21,9
2024-01-30,Hidráulica,mobile,265,71,38,16
2024-01-30,Hidráulica,desktop,272,63,36,13
2024-01-30,Pintura e Acabamento,mobile,152,34,18,13
2024-01-30,Pintura e Acabamento,desktop,285,52,28,20
2024-01-30,Segurança,mobile,264,61,28,8
2024-01-30,Segurança,desktop,270,56,30,9
2024-01-31,Ferramentas,mobile,83,20,11,6
2024-01-31,Ferramentas,desktop,251,53,28,14
2024-01-31,Iluminação,mobile,164,37,19,14
2024-01-31,Iluminação,desktop,169,40,22,14
2024-01-31,Utilidades Domésticas,mobile,109,26,11,8
2024-01-31,Utilidades Domésticas,desktop,134,27,14,12
2024-01-31,Jardim e Área Externa,mobile,189,42,19,12
2024-01-31,Jardim e Área Externa,desktop,177,38,22,12
2024-01-31,Organização,mobile,183,48,23,13
2024-01-31,Organização,desktop,227,51,23,14
2024-01-31,Elétrica,mobile,272,69,38,15
2024-01-31,Elétrica,desktop,194,36,20,8
2024-01-31,Hidráulica,mobile,274,75,44,21
2024-01-31,Hidráulica,desktop,155,32,15,6
2024-01-31,Pintura e Acabamento,mobile,193,50,25,15
2024-01-31,Pintura e Acabamento,desktop,193,35,19,13
2024-01-31,Segurança,mobile,242,67,39,12
2024-01-31,Segurança,desktop,169,35,17,4
2024-02-01,Ferramentas,mobile,106,26,11,6
2024-02-01,Ferramentas,desktop,123,30,14,9
2024-02-01,Iluminação,mobile,289,77,42,28
2024-02-01,Iluminação,desktop,299,80,37,22
2024-02-01,Utilidades Domésticas,mobile,171,40,22,14
2024-02-01,Utilidades Domésticas,desktop,255,52,29,19
2024-02-01,Jardim e Área Externa,mobile,198,44,23,16
2024-02-01,Jardim e Área Externa,desktop,185,36,20,14
2024-02-01,Organização,mobile,232,57,26,17
2024-02-01,Organização,desktop,218,45,24,16
2024-02-01,Elétrica,mobile,161,32,16,5
2024-02-01,Elétrica,desktop,134,26,15,6
2024-02-01,Hidráulica,mobile,285,62,35,14
2024-02-01,Hidráulica,desktop,258,71,33,12
2024-02-01,Pintura e Acabamento,mobile,193,44,23,17
2024-02-01,Pintura e Acabamento,desktop,216,51,23,17
2024-02-01,Segurança,mobile,156,40,21,7
2024-02-01,Segurança,desktop,242,44,25,7
2024-02-02,Ferramentas,mobile,189,38,21,11
2024-02-02,Ferramentas,desktop,226,62,32,17
2024-02-02,Iluminação,mobile,98,25,12,8
2024-02-02,Iluminação,desktop,276,76,34,23
2024-02-02,Utilidades Domésticas,mobile,283,73,35,24
2024-02-02,Utilidades Domésticas,desktop,157,39,18,15
2024-02-02,Jardim e Área Externa,mobile,258,52,27,19
2024-02-02,Jardim e Área Externa,desktop,141,31,16,9
2024-02-02,Organização,mobile,174,45,21,14
2024-02-02,Organização,desktop,200,38,17,12
2024-02-02,Elétrica,mobile,126,22,10,4
2024-02-02,Elétrica,desktop,216,46,26,10
2024-02-02,Hidráulica,mobile,155,40,19,7
2024-02-02,Hidráulica,desktop,115,31,15,6
2024-02-02,Pintura e Acabamento,mobile,129,24,12,8
2024-02-02,Pintura e Acabamento,desktop,102,21,10,6
2024-02-02,Segurança,mobile,184,43,22,8
2024-02-02,Segurança,desktop,288,67,39,11
2024-02-03,Ferramentas,mobile,218,51,26,15
2024-02-03,Ferramentas,desktop,203,39,19,11
2024-02-03,Iluminação,mobile,254,50,29,17
2024-02-03,Iluminação,desktop,134,27,14,9
2024-02-03,Utilidades Domésticas,mobile,92,23,12,8
2024-02-03,Utilidades Domésticas,desktop,285,63,30,22
2024-02-03,Jardim e Área Externa,mobile,101,25,14,8
2024-02-03,Jardim e Área Externa,desktop,258,49,28,15
2024-02-03,Organização,mobile,191,45,21,13
2024-02-03,Organização,desktop,174,46,25,17
2024-02-03,Elétrica,mobile,83,18,9,3
2024-02-03,Elétrica,desktop,92,24,12,4
2024-02-03,Hidráulica,mobile,217,50,23,8
2024-02-03,Hidráulica,desktop,256,50,27,13
2024-02-03,Pintura e Acabamento,mobile,270,71,35,24
2024-02-03,Pintura e Acabamento,desktop,279,54,28,18
2024-02-03,Segurança,mobile,286,66,33,10
2024-02-03,Segurança,desktop,175,45,24,8
2024-02-04,Ferramentas,mobile,172,34,16,9
2024-02-04,Ferramentas,desktop,142,35,15,8
2024-02-04,Iluminação,mobile,123,24,10,6
2024-02-04,Iluminação,desktop,143,39,20,14
2024-02-04,Utilidades Domésticas,mobile,190,38,17,14
2024-02-04,Utilidades Domésticas,desktop,87,21,9,5
2024-02-04,Jardim e Área Externa,mobile,109,29,14,8
2024-02-04,Jardim e Área Externa,desktop,226,47,24,14
2024-02-04,Organização,mobile,173,48,24,19
2024-02-04,Organização,desktop,190,44,19,14
2024-02-04,Elétrica,mobile,100,19,8,2
2024-02-04,Elétrica,desktop,217,59,31,13
2024-02-04,Hidráulica,mobile,185,37,20,8
2024-02-04,Hidráulica,desktop,291,65,36,14
2024-02-04,Pintura e Acabamento,mobile,99,23,12,7
2024-02-04,Pintura e Acabamento,desktop,179,41,23,14
2024-02-04,Segurança,mobile,236,65,35,13
2024-02-04,Segurança,desktop,104,29,15,4
2024-02-05,Ferramentas,mobile,86,17,8,4
2024-02-05,Ferramentas,desktop,230,49,28,17
2024-02-05,Iluminação,mobile,254,46,26,18
2024-02-05,Iluminação,desktop,286,76,43,33
2024-02-05,Utilidades Domésticas,mobile,285,69,34,28
2024-02-05,Utilidades Domésticas,desktop,126,31,17,13
2024-02-05,Jardim e Área Externa,mobile,141,33,19,13
2024-02-05,Jardim e Área Externa,desktop,163,38,22,13
2024-02-05,Organização,mobile,251,47,22,17
2024-02-05,Organização,desktop,297,60,29,19
2024-02-05,Elétrica,mobile,228,49,28,11
2024-02-05,Elétrica,desktop,186,47,27,9
2024-02-05,Hidráulica,mobile,190,40,21,8
2024-02-05,Hidráulica,desktop,161,44,23,8
2024-02-05,Pintura e Acabamento,mobile,110,28,15,11
2024-02-05,Pintura e Acabamento,desktop,206,43,19,11
2024-02-05,Segurança,mobile,279,60,27,8
2024-02-05,Segurança,desktop,103,24,11,3
2024-02-06,Ferramentas,mobile,281,73,37,25
2024-02-06,Ferramentas,desktop,196,47,22,14
2024-02-06,Iluminação,mobile,181,42,19,11
2024-02-06,Iluminação,desktop,256,60,32,21
2024-02-06,Utilidades Domésticas,mobile,160,40,21,17
2024-02-06,Utilidades Domésticas,desktop,196,38,19,14
2024-02-06,Jardim e Área Externa,mobile,138,37,18,10
2024-02-06,Jardim e Área Externa,desktop,293,62,29,19
2024-02-06,Organização,mobile,82,19,9,5
2024-02-06,Organização,desktop,113,21,12,8
2024-02-06,Elétrica,mobile,171,30,16,6
2024-02-06,Elétrica,desktop,90,19,9,3
2024-02-06,Hidráulica,mobile,118,21,10,3
2024-02-06,Hidráulica,desktop,265,73,37,18
2024-02-06,Pintura e Acabamento,mobile,239,56,27,15
2024-02-06,Pintura e Acabamento,desktop,255,46,27,16
2024-02-06,Segurança,mobile,91,24,14,4
2024-02-06,Segurança,desktop,119,26,13,3
2024-02-07,Ferramentas,mobile,179,49,23,14
2024-02-07,Ferramentas,desktop,108,26,11,7
2024-02-07,Iluminação,mobile,239,45,21,13
2024-02-07,Iluminação,desktop,94,17,8,5
2024-02-07,Utilidades Domésticas,mobile,201,43,22,14
2024-02-07,Utilidades Domésticas,desktop,120,25,14,10
2024-02-07,Jardim e Área Externa,mobile,250,65,38,22
2024-02-07,Jardim e Área Externa,desktop,94,22,11,6
2024-02-07,Organização,mobile,186,37,22,14
2024-02-07,Organização,desktop,163,41,19,13
2024-02-07,Elétrica,mobile,241,58,26,9
2024-02-07,Elétrica,desktop,286,54,25,11
2024-02-07,Hidráulica,mobile,207,46,21,8
2024-02-07,Hidráulica,desktop,119,28,15,6
2024-02-07,Pintura e Acabamento,mobile,213,40,23,16
2024-02-07,Pintura e Acabamento,desktop,93,20,10,6
2024-02-07,Segurança,mobile,181,47,24,8
2024-02-07,Segurança,desktop,268,72,37,10
2024-02-08,Ferramentas,mobile,120,26,13,6
2024-02-08,Ferramentas,desktop,95,26,11,6
2024-02-08,Iluminação,mobile,80,14,7,4
2024-02-08,Iluminação,desktop,254,63,32,21
2024-02-08,Utilidades Domésticas,mobile,110,26,13,9
2024-02-08,Utilidades Domésticas,desktop,121,30,16,12
2024-02-08,Jardim e Área Externa,mobile,167,40,22,12
2024-02-08,Jardim e Área Externa,desktop,116,25,11,7
2024-02-08,Organização,mobile,99,22,12,9
2024-02-08,Organização,desktop,244,53,29,20
2024-02-08,Elétrica,mobile,216,45,26,8
2024-02-08,Elétrica,desktop,191,52,28,10
2024-02-08,Hidráulica,mobile,184,38,21,8
2024-02-08,Hidráulica,desktop,212,53,31,14
2024-02-08,Pintura e Acabamento,mobile,133,25,12,7
2024-02-08,Pintura e Acabamento,desktop,178,41,18,12
2024-02-08,Segurança,mobile,100,24,11,3
2024-02-08,Segurança,desktop,183,50,24,6
2024-02-09,Ferramentas,mobile,204,44,26,16
2024-02-09,Ferramentas,desktop,151,38,22,11
2024-02-09,Iluminação,mobile,285,51,25,16
2024-02-09,Iluminação,desktop,232,56,32,25
2024-02-09,Utilidades Domésticas,mobile,179,49,28,21
2024-02-09,Utilidades Domésticas,desktop,94,22,12,10
2024-02-09,Jardim e Área Externa,mobile,204,39,22,12
2024-02-09,Jardim e Área Externa,desktop,201,38,20,14
2024-02-09,Organização,mobile,116,24,13,8
2024-02-09,Organização,desktop,125,34,18,12
2024-02-09,Elétrica,mobile,239,62,28,10
2024-02-09,Elétrica,desktop,115,21,12,4
2024-02-09,Hidráulica,mobile,247,47,25,11
2024-02-09,Hidráulica,desktop,105,23,11,4
2024-02-09,Pintura e Acabamento,mobile,171,32,17,9
2024-02-09,Pintura e Acabamento,desktop,109,23,13,9
2024-02-09,Segurança,mobile,163,34,15,5
2024-02-09,Segurança,desktop,288,60,29,8
2024-02-10,Ferramentas,mobile,90,16,7,4
2024-02-10,Ferramentas,desktop,200,42,24,16
2024-02-10,Iluminação,mobile,85,16,8,5
2024-02-10,Iluminação,desktop,223,41,22,16
2024-02-10,Utilidades Domésticas,mobile,176,38,17,12
2024-02-10,Utilidades Domésticas,desktop,213,57,27,22
2024-02-10,Jardim e Área Externa,mobile,239,43,23,14
2024-02-10,Jardim e Área Externa,desktop,102,26,12,7
2024-02-10,Organização,mobile,136,34,19,14
2024-02-10,Organização,desktop,145,31,18,13
2024-02-10,Elétrica,mobile,169,47,26,10
2024-02-10,Elétrica,desktop,100,20,9,3
2024-02-10,Hidráulica,mobile,96,17,8,3
2024-02-10,Hidráulica,desktop,253,59,31,15
2024-02-10,Pintura e Acabamento,mobile,123,30,17,13
2024-02-10,Pintura e Acabamento,desktop,93,24,12,8
2024-02-10,Segurança,mobile,115,21,11,3
2024-02-10,Segurança,desktop,125,24,12,3
2024-02-11,Ferramentas,mobile,221,51,23,14
2024-02-11,Ferramentas,desktop,229,58,28,15
2024-02-11,Iluminação,mobile,119,30,14,10
2024-02-11,Iluminação,desktop,164,36,20,15
2024-02-11,Utilidades Domésticas,mobile,175,36,17,11
2024-02-11,Utilidades Domésticas,desktop,179,34,16,13
2024-02-11,Jardim e Área Externa,mobile,261,52,30,17
2024-02-11,Jardim e Área Externa,desktop,247,55,25,16
2024-02-11,Organização,mobile,117,22,12,8
2024-02-11,Organização,desktop,285,53,26,16
2024-02-11,Elétrica,mobile,153,28,16,5
2024-02-11,Elétrica,desktop,225,47,21,9
2024-02-11,Hidráulica,mobile,96,19,8,3
2024-02-11,Hidráulica,desktop,263,59,33,13
2024-02-11,Pintura e Acabamento,mobile,122,29,14,9
2024-02-11,Pintura e Acabamento,desktop,115,21,11,7
2024-02-11,Segurança,mobile,267,70,39,10
2024-02-11,Segurança,desktop,81,19,11,3
2024-02-12,Ferramentas,mobile,112,20,9,6
2024-02-12,Ferramentas,desktop,284,79,38,20
2024-02-12,Iluminação,mobile,175,38,18,11
2024-02-12,Iluminação,desktop,183,45,22,15
2024-02-12,Utilidades Domésticas,mobile,226,54,26,17
2024-02-12,Utilidades Domésticas,desktop,148,40,23,19
2024-02-12,Jardim e Área Externa,mobile,236,53,23,15
2024-02-12,Jardim e Área Externa,desktop,248,53,24,14
2024-02-12,Organização,mobile,243,58,26,16
2024-02-12,Organização,desktop,127,23,13,9
2024-02-12,Elétrica,mobile,94,23,13,5
2024-02-12,Elétrica,desktop,163,34,18,6
2024-02-12,Hidráulica,mobile,263,53,24,11
2024-02-12,Hidráulica,desktop,252,58,27,13
2024-02-12,Pintura e Acabamento,mobile,168,42,21,15
2024-02-12,Pintura e Acabamento,desktop,93,21,10,6
2024-02-12,Segurança,mobile,84,22,12,3
2024-02-12,Segurança,desktop,142,38,20,7
2024-02-13,Ferramentas,mobile,262,62,36,22
2024-02-13,Ferramentas,desktop,194,50,25,12
2024-02-13,Iluminação,mobile,118,23,12,7
2024-02-13,Iluminação,desktop,170,39,17,10
2024-02-13,Utilidades Domésticas,mobile,85,19,9,7
2024-02-13,Utilidades Domésticas,desktop,236,44,25,20
2024-02-13,Jardim e Área Externa,mobile,112,24,11,7
2024-02-13,Jardim e Área Externa,desktop,159,36,21,13
2024-02-13,Organização,mobile,163,40,23,14
2024-02-13,Organização,desktop,172,47,21,16
2024-02-13,Elétrica,mobile,270,52,24,8
2024-02-13,Elétrica,desktop,163,42,18,6
2024-02-13,Hidráulica,mobile,238,60,35,13
2024-02-13,Hidráulica,desktop,298,70,33,14
2024-02-13,Pintura e Acabamento,mobile,266,63,33,21
2024-02-13,Pintura e Acabamento,desktop,267,62,36,21
2024-02-13,Segurança,mobile,125,25,13,4
2024-02-13,Segurança,desktop,210,54,26,7
2024-02-14,Ferramentas,mobile,194,44,23,11
2024-02-14,Ferramentas,desktop,252,61,35,20
2024-02-14,Iluminação,mobile,205,50,25,19
2024-02-14,Iluminação,desktop,134,29,17,11
2024-02-14,Utilidades Domésticas,mobile,230,59,32,24
2024-02-14,Utilidades Domésticas,desktop,257,55,32,23
2024-02-14,Jardim e Área Externa,mobile,257,47,23,13
2024-02-14,Jardim e Área Externa,desktop,87,16,8,4
2024-02-14,Organização,mobile,248,52,26,19
2024-02-14,Organização,desktop,95,18,9,6
2024-02-14,Elétrica,mobile,228,63,35,12
2024-02-14,Elétrica,desktop,224,48,24,9
2024-02-14,Hidráulica,mobile,247,49,27,10
2024-02-14,Hidráulica,desktop,187,44,21,9
2024-02-14,Pintura e Acabamento,mobile,107,28,14,10
2024-02-14,Pintura e Acabamento,desktop,270,70,35,24
2024-02-14,Segurança,mobile,99,21,10,3
2024-02-14,Segurança,desktop,140,33,17,5
2024-02-15,Ferramentas,mobile,252,54,29,16
2024-02-15,Ferramentas,desktop,184,51,29,18
2024-02-15,Iluminação,mobile,163,44,20,15
2024-02-15,Iluminação,desktop,203,42,24,18
2024-02-15,Utilidades Domésticas,mobile,100,20,9,6
2024-02-15,Utilidades Domésticas,desktop,91,23,12,8
2024-02-15,Jardim e Área Externa,mobile,274,73,40,25
2024-02-15,Jardim e Área Externa,desktop,190,38,20,11
2024-02-15,Organização,mobile,297,54,28,17
2024-02-15,Organização,desktop,119,21,11,8
2024-02-15,Elétrica,mobile,148,35,20,7
2024-02-15,Elétrica,desktop,178,35,17,7
2024-02-15,Hidráulica,mobile,231,44,26,10
2024-02-15,Hidráulica,desktop,197,41,21,8
2024-02-15,Pintura e Acabamento,mobile,97,24,12,7
2024-02-15,Pintura e Acabamento,desktop,133,28,16,12
2024-02-15,Segurança,mobile,217,44,23,7
2024-02-15,Segurança,desktop,98,21,10,3
2024-02-16,Ferramentas,mobile,182,42,19,12
2024-02-16,Ferramentas,desktop,249,58,31,16
2024-02-16,Iluminação,mobile,262,66,30,21
2024-02-16,Iluminação,desktop,261,60,32,25
2024-02-16,Utilidades Domésticas,mobile,231,59,31,20
2024-02-16,Utilidades Domésticas,desktop,176,31,14,10
2024-02-16,Jardim e Área Externa,mobile,165,38,21,14
2024-02-16,Jardim e Área Externa,desktop,107,29,15,8
2024-02-16,Organização,mobile,151,36,17,11
2024-02-16,Organização,desktop,193,39,20,13
2024-02-16,Elétrica,mobile,267,71,34,13
2024-02-16,Elétrica,desktop,155,42,23,8
2024-02-16,Hidráulica,mobile,266,50,25,9
2024-02-16,Hidráulica,desktop,149,32,15,6
2024-02-16,Pintura e Acabamento,mobile,178,37,20,13
2024-02-16,Pintura e Acabamento,desktop,93,20,10,5
2024-02-16,Segurança,mobile,97,25,12,3
2024-02-16,Segurança,desktop,119,22,11,3
2024-02-17,Ferramentas,mobile,127,27,14,9
2024-02-17,Ferramentas,desktop,210,48,27,18
2024-02-17,Iluminação,mobile,173,36,19,14
2024-02-17,Iluminação,desktop,90,23,13,8
2024-02-17,Utilidades Domésticas,mobile,234,48,28,20
2024-02-17,Utilidades Domésticas,desktop,257,47,26,21
2024-02-17,Jardim e Área Externa,mobile,155,30,17,12
2024-02-17,Jardim e Área Externa,desktop,165,30,15,8
2024-02-17,Organização,mobile,137,35,19,13
2024-02-17,Organização,desktop,276,55,28,21
2024-02-17,Elétrica,mobile,186,41,20,7
2024-02-17,Elétrica,desktop,194,38,21,7
2024-02-17,Hidráulica,mobile,223,49,28,11
2024-02-17,Hidráulica,desktop,181,35,17,7
2024-02-17,Pintura e Acabamento,mobile,147,32,16,11
2024-02-17,Pintura e Acabamento,desktop,141,25,13,9
2024-02-17,Segurança,mobile,269,71,37,11
2024-02-17,Segurança,desktop,186,48,25,8
2024-02-18,Ferramentas,mobile,109,26,14,9
2024-02-18,Ferramentas,desktop,255,66,39,21
2024-02-18,Iluminação,mobile,215,45,25,17
2024-02-18,Iluminação,desktop,196,49,24,17
2024-02-18,Utilidades Domésticas,mobile,260,49,25,18
2024-02-18,Utilidades Domésticas,desktop,270,71,39,26
2024-02-18,Jardim e Área Externa,mobile,293,60,31,22
2024-02-18,Jardim e Área Externa,desktop,274,64,33,20
2024-02-18,Organização,mobile,202,44,22,15
2024-02-18,Organização,desktop,290,67,39,28
2024-02-18,Elétrica,mobile,189,50,26,8
2024-02-18,Elétrica,desktop,236,61,32,11
2024-02-18,Hidráulica,mobile,165,36,19,7
2024-02-18,Hidráulica,desktop,256,52,30,11
2024-02-18,Pintura e Acabamento,mobile,248,59,27,17
2024-02-18,Pintura e Acabamento,desktop,212,51,28,18
2024-02-18,Segurança,mobile,288,55,30,9
2024-02-18,Segurança,desktop,193,36,18,6
2024-02-19,Ferramentas,mobile,161,31,14,7
2024-02-19,Ferramentas,desktop,199,48,23,12
2024-02-19,Iluminação,mobile,130,33,18,11
2024-02-19,Iluminação,desktop,133,26,15,11
2024-02-19,Utilidades Domésticas,mobile,189,44,25,20
2024-02-19,Utilidades Domésticas,desktop,206,38,18,12
2024-02-19,Jardim e Área Externa,mobile,242,53,30,19
2024-02-19,Jardim e Área Externa,desktop,180,49,27,19
2024-02-19,Organização,mobile,166,46,24,18
2024-02-19,Organização,desktop,284,60,33,25
2024-02-19,Elétrica,mobile,139,28,15,6
2024-02-19,Elétrica,desktop,256,68,32,13
2024-02-19,Hidráulica,mobile,207,39,21,8
2024-02-19,Hidráulica,desktop,95,19,8,3
2024-02-19,Pintura e Acabamento,mobile,82,15,7,4
2024-02-19,Pintura e Acabamento,desktop,286,69,34,26
2024-02-19,Segurança,mobile,217,46,26,9
2024-02-19,Segurança,desktop,179,33,15,4
2024-02-20,Ferramentas,mobile,241,61,32,21
2024-02-20,Ferramentas,desktop,107,26,14,9
2024-02-20,Iluminação,mobile,107,28,13,9
2024-02-20,Iluminação,desktop,162,37,19,12
2024-02-20,Utilidades Domésticas,mobile,150,29,14,12
2024-02-20,Utilidades Domésticas,desktop,279,75,38,26
2024-02-20,Jardim e Área Externa,mobile,251,61,30,18
2024-02-20,Jardim e Área Externa,desktop,288,77,38,24
2024-02-20,Organização,mobile,149,36,18,13
2024-02-20,Organização,desktop,87,15,7,5
2024-02-20,Elétrica,mobile,279,76,35,12
2024-02-20,Elétrica,desktop,209,57,27,11
2024-02-20,Hidráulica,mobile,223,53,26,11
2024-02-20,Hidráulica,desktop,255,54,31,15
2024-02-20,Pintura e Acabamento,mobile,132,35,18,12
2024-02-20,Pintura e Acabamento,desktop,157,31,16,11
2024-02-20,Segurança,mobile,251,55,32,9
2024-02-20,Segurança,desktop,101,24,12,4
2024-02-21,Ferramentas,mobile,140,25,11,5
2024-02-21,Ferramentas,desktop,294,65,29,17
2024-02-21,Iluminação,mobile,198,53,25,18
2024-02-21,Iluminação,desktop,187,46,24,17
2024-02-21,Utilidades Domésticas,mobile,219,40,22,17
2024-02-21,Utilidades Domésticas,desktop,150,36,18,11
2024-02-21,Jardim e Área Externa,mobile,99,27,15,9
2024-02-21,Jardim e Área Externa,desktop,242,45,23,15
2024-02-21,Organização,mobile,119,25,11,8
2024-02-21,Organização,desktop,244,46,22,16
2024-02-21,Elétrica,mobile,292,60,32,12
2024-02-21,Elétrica,desktop,93,25,11,3
2024-02-21,Hidráulica,mobile,198,36,20,9
2024-02-21,Hidráulica,desktop,245,61,30,13
2024-02-21,Pintura e Acabamento,mobile,110,22,11,7
2024-02-21,Pintura e Acabamento,desktop,264,50,28,19
2024-02-21,Segurança,mobile,239,53,28,9
2024-02-21,Segurança,desktop,274,60,32,8
2024-02-22,Ferramentas,mobile,297,82,48,32
2024-02-22,Ferramentas,desktop,139,34,19,11
2024-02-22,Iluminação,mobile,240,60,34,22
2024-02-22,Iluminação,desktop,157,35,20,15
2024-02-22,Utilidades Domésticas,mobile,209,46,23,18
2024-02-22,Utilidades Domésticas,desktop,156,34,19,13
2024-02-22,Jardim e Área Externa,mobile,222,44,24,15
2024-02-22,Jardim e Área Externa,desktop,260,61,31,19
2024-02-22,Organização,mobile,235,57,33,25
2024-02-22,Organização,desktop,259,68,38,24
2024-02-22,Elétrica,mobile,117,31,17,6
2024-02-22,Elétrica,desktop,152,40,18,7
2024-02-22,Hidráulica,mobile,218,61,32,13
2024-02-22,Hidráulica,desktop,104,20,11,5
2024-02-22,Pintura e Acabamento,mobile,254,50,23,16
2024-02-22,Pintura e Acabamento,desktop,210,46,23,16
2024-02-22,Segurança,mobile,233,55,28,8
2024-02-22,Segurança,desktop,261,57,31,11
2024-02-23,Ferramentas,mobile,221,57,25,15
2024-02-23,Ferramentas,desktop,149,27,15,7
2024-02-23,Iluminação,mobile,89,17,10,7
2024-02-23,Iluminação,desktop,215,59,30,20
2024-02-23,Utilidades Domésticas,mobile,137,35,20,14
2024-02-23,Utilidades Domésticas,desktop,203,51,28,18
2024-02-23,Jardim e Área Externa,mobile,270,50,25,18
2024-02-23,Jardim e Área Externa,desktop,270,67,36,23
2024-02-23,Organização,mobile,244,63,34,25
2024-02-23,Organização,desktop,145,33,16,12
2024-02-23,Elétrica,mobile,81,20,11,4
2024-02-23,Elétrica,desktop,101,26,12,4
2024-02-23,Hidráulica,mobile,134,36,21,9
2024-02-23,Hidráulica,desktop,146,38,20,8
2024-02-23,Pintura e Acabamento,mobile,216,40,22,12
2024-02-23,Pintura e Acabamento,desktop,130,26,13,8
2024-02-23,Segurança,mobile,144,30,14,3
2024-02-23,Segurança,desktop,213,43,19,6
2024-02-24,Ferramentas,mobile,277,73,34,22
2024-02-24,Ferramentas,desktop,258,63,30,20
2024-02-24,Iluminação,mobile,108,26,12,7
2024-02-24,Iluminação,desktop,271,66,37,24
2024-02-24,Utilidades Domésticas,mobile,223,62,33,26
2024-02-24,Utilidades Domésticas,desktop,261,54,30,19
2024-02-24,Jardim e Área Externa,mobile,277,63,36,22
2024-02-24,Jardim e Área Externa,desktop,101,27,15,11
2024-02-24,Organização,mobile,177,45,24,18
2024-02-24,Organização,desktop,237,60,29,22
2024-02-24,Elétrica,mobile,83,22,12,4
2024-02-24,Elétrica,desktop,281,59,29,10
2024-02-24,Hidráulica,mobile,109,24,10,4
2024-02-24,Hidráulica,desktop,178,46,25,9
2024-02-24,Pintura e Acabamento,mobile,232,45,22,15
2024-02-24,Pintura e Acabamento,desktop,195,42,22,15
2024-02-24,Segurança,mobile,277,66,33,10
2024-02-24,Segurança,desktop,211,57,30,10
2024-02-25,Ferramentas,mobile,151,32,14,8
2024-02-25,Ferramentas,desktop,209,57,29,20
2024-02-25,Iluminação,mobile,292,61,34,20
2024-02-25,Iluminação,desktop,106,24,13,9
2024-02-25,Utilidades Domésticas,mobile,168,35,19,15
2024-02-25,Utilidades Domésticas,desktop,116,20,10,7
2024-02-25,Jardim e Área Externa,mobile,214,44,21,11
2024-02-25,Jardim e Área Externa,desktop,147,37,19,14
2024-02-25,Organização,mobile,148,30,16,13
2024-02-25,Organização,desktop,130,34,19,15
2024-02-25,Elétrica,mobile,285,78,36,12
2024-02-25,Elétrica,desktop,286,78,37,14
2024-02-25,Hidráulica,mobile,292,71,38,14
2024-02-25,Hidráulica,desktop,285,75,42,17
2024-02-25,Pintura e Acabamento,mobile,187,39,22,12
2024-02-25,Pintura e Acabamento,desktop,274,72,35,21
2024-02-25,Segurança,mobile,195,53,31,9
2024-02-25,Segurança,desktop,84,23,13,3
2024-02-26,Ferramentas,mobile,254,68,38,20
2024-02-26,Ferramentas,desktop,212,47,22,11
2024-02-26,Iluminação,mobile,99,22,12,9
2024-02-26,Iluminação,desktop,273,68,32,20
2024-02-26,Utilidades Domésticas,mobile,127,28,13,10
2024-02-26,Utilidades Domésticas,desktop,167,34,18,11
2024-02-26,Jardim e Área Externa,mobile,129,34,16,10
2024-02-26,Jardim e Área Externa,desktop,233,51,30,16
2024-02-26,Organização,mobile,195,37,21,13
2024-02-26,Organização,desktop,84,16,9,7
2024-02-26,Elétrica,mobile,232,62,32,10
2024-02-26,Elétrica,desktop,290,64,28,11
2024-02-26,Hidráulica,mobile,277,65,34,15
2024-02-26,Hidráulica,desktop,265,66,34,16
2024-02-26,Pintura e Acabamento,mobile,254,55,30,18
2024-02-26,Pintura e Acabamento,desktop,139,33,18,13
2024-02-26,Segurança,mobile,102,26,13,4
2024-02-26,Segurança,desktop,244,59,28,7
2024-02-27,Ferramentas,mobile,298,68,30,19
2024-02-27,Ferramentas,desktop,89,21,9,5
2024-02-27,Iluminação,mobile,119,32,19,13
2024-02-27,Iluminação,desktop,223,59,35,24
2024-02-27,Utilidades Domésticas,mobile,237,51,25,16
2024-02-27,Utilidades Domésticas,desktop,138,28,14,9
2024-02-27,Jardim e Área Externa,mobile,226,44,19,11
2024-02-27,Jardim e Área Externa,desktop,105,21,12,7
2024-02-27,Organização,mobile,134,32,16,11
2024-02-27,Organização,desktop,282,75,43,27
2024-02-27,Elétrica,mobile,139,36,18,7
2024-02-27,Elétrica,desktop,193,37,19,7
2024-02-27,Hidráulica,mobile,226,56,27,13
2024-02-27,Hidráulica,desktop,243,52,29,13
2024-02-27,Pintura e Acabamento,mobile,114,25,14,8
2024-02-27,Pintura e Acabamento,desktop,203,37,17,11
2024-02-27,Segurança,mobile,90,19,9,2
2024-02-27,Segurança,desktop,150,27,14,5
2024-02-28,Ferramentas,mobile,127,30,17,9
2024-02-28,Ferramentas,desktop,139,27,13,7
2024-02-28,Iluminação,mobile,241,45,21,14
2024-02-28,Iluminação,desktop,222,46,20,13
2024-02-28,Utilidades Domésticas,mobile,132,27,14,10
2024-02-28,Utilidades Domésticas,desktop,263,52,23,19
2024-02-28,Jardim e Área Externa,mobile,249,68,37,21
2024-02-28,Jardim e Área Externa,desktop,216,46,21,13
2024-02-28,Organização,mobile,162,42,19,15
2024-02-28,Organização,desktop,89,24,12,8
2024-02-28,Elétrica,mobile,194,40,21,8
2024-02-28,Elétrica,desktop,94,24,12,4
2024-02-28,Hidráulica,mobile,152,33,16,7
2024-02-28,Hidráulica,desktop,292,81,43,20
2024-02-28,Pintura e Acabamento,mobile,167,31,15,9
2024-02-28,Pintura e Acabamento,desktop,248,58,33,20
2024-02-28,Segurança,mobile,142,37,19,6
2024-02-28,Segurança,desktop,291,79,46,15
2024-02-29,Ferramentas,mobile,172,47,21,13
2024-02-29,Ferramentas,desktop,253,51,29,16
2024-02-29,Iluminação,mobile,121,22,11,7
2024-02-29,Iluminação,desktop,147,29,14,9
2024-02-29,Utilidades Domésticas,mobile,256,64,32,20
2024-02-29,Utilidades Domésticas,desktop,293,76,42,32
2024-02-29,Jardim e Área Externa,mobile,266,68,36,21
2024-02-29,Jardim e Área Externa,desktop,105,24,12,7
2024-02-29,Organização,mobile,162,33,18,11
2024-02-29,Organização,desktop,205,46,25,17
2024-02-29,Elétrica,mobile,85,15,8,3
2024-02-29,Elétrica,desktop,94,18,10,3
2024-02-29,Hidráulica,mobile,174,31,17,7
2024-02-29,Hidráulica,desktop,88,18,8,3
2024-02-29,Pintura e Acabamento,mobile,178,37,18,13
2024-02-29,Pintura e Acabamento,desktop,126,27,15,9
2024-02-29,Segurança,mobile,89,22,11,4
2024-02-29,Segurança,desktop,154,30,17,5
2024-03-01,Ferramentas,mobile,190,50,29,14
2024-03-01,Ferramentas,desktop,178,40,21,11
2024-03-01,Iluminação,mobile,207,56,25,16
2024-03-01,Iluminação,desktop,189,42,22,16
2024-03-01,Utilidades Domésticas,mobile,150,39,22,16
2024-03-01,Utilidades Domésticas,desktop,241,54,28,18
2024-03-01,Jardim e Área Externa,mobile,238,54,26,17
2024-03-01,Jardim e Área Externa,desktop,231,59,30,21
2024-03-01,Organização,mobile,211,49,23,17
2024-03-01,Organização,desktop,252,59,32,26
2024-03-01,Elétrica,mobile,167,45,25,11
2024-03-01,Elétrica,desktop,296,71,41,14
2024-03-01,Hidráulica,mobile,171,42,19,9
2024-03-01,Hidráulica,desktop,252,59,31,14
2024-03-01,Pintura e Acabamento,mobile,108,28,13,9
2024-03-01,Pintura e Acabamento,desktop,101,24,12,7
2024-03-01,Segurança,mobile,278,73,39,11
2024-03-01,Segurança,desktop,213,58,34,10
2024-03-02,Ferramentas,mobile,121,22,10,5
2024-03-02,Ferramentas,desktop,248,54,28,16
2024-03-02,Iluminação,mobile,146,31,16,11
2024-03-02,Iluminação,desktop,259,52,27,16
2024-03-02,Utilidades Domésticas,mobile,202,43,24,15
2024-03-02,Utilidades Domésticas,desktop,182,34,17,14
2024-03-02,Jardim e Área Externa,mobile,253,58,29,16
2024-03-02,Jardim e Área Externa,desktop,207,57,27,19
2024-03-02,Organização,mobile,148,36,17,13
2024-03-02,Organização,desktop,87,22,12,7
2024-03-02,Elétrica,mobile,139,32,16,6
2024-03-02,Elétrica,desktop,85,17,9,3
2024-03-02,Hidráulica,mobile,283,74,35,16
2024-03-02,Hidráulica,desktop,212,48,27,9
2024-03-02,Pintura e Acabamento,mobile,132,25,12,7
2024-03-02,Pintura e Acabamento,desktop,130,27,14,9
2024-03-02,Segurança,mobile,213,58,31,9
2024-03-02,Segurança,desktop,184,46,23,8
2024-03-03,Ferramentas,mobile,166,35,19,12
2024-03-03,Ferramentas,desktop,101,18,8,4
2024-03-03,Iluminação,mobile,215,48,25,18
2024-03-03,Iluminação,desktop,201,53,25,16
2024-03-03,Utilidades Domésticas,mobile,292,78,35,29
2024-03-03,Utilidades Domésticas,desktop,280,54,28,23
2024-03-03,Jardim e Área Externa,mobile,162,32,15,11
2024-03-03,Jardim e Área Externa,desktop,89,20,9,5
2024-03-03,Organização,mobile,193,45,22,17
2024-03-03,Organização,desktop,209,45,21,17
2024-03-03,Elétrica,mobile,184,38,20,6
2024-03-03,Elétrica,desktop,288,52,27,9
2024-03-03,Hidráulica,mobile,240,49,28,11
2024-03-03,Hidráulica,desktop,96,26,13,5
2024-03-03,Pintura e Acabamento,mobile,145,31,14,8
2024-03-03,Pintura e Acabamento,desktop,153,32,14,9
2024-03-03,Segurança,mobile,117,27,13,4
2024-03-03,Segurança,desktop,86,20,11,3
2024-03-04,Ferramentas,mobile,118,31,16,9
2024-03-04,Ferramentas,desktop,153,33,15,8
2024-03-04,Iluminação,mobile,136,33,15,11
2024-03-04,Iluminação,desktop,230,60,30,21
2024-03-04,Utilidades Domésticas,mobile,258,52,24,18
2024-03-04,Utilidades Domésticas,desktop,204,45,23,19
2024-03-04,Jardim e Área Externa,mobile,220,53,31,18
2024-03-04,Jardim e Área Externa,desktop,169,35,17,12
2024-03-04,Organização,mobile,229,42,22,17
2024-03-04,Organização,desktop,117,31,17,13
2024-03-04,Elétrica,mobile,253,56,28,10
2024-03-04,Elétrica,desktop,131,32,14,5
2024-03-04,Hidráulica,mobile,252,47,26,9
2024-03-04,Hidráulica,desktop,210,50,27,10
2024-03-04,Pintura e Acabamento,mobile,132,28,16,11
2024-03-04,Pintura e Acabamento,desktop,217,42,20,14
2024-03-04,Segurança,mobile,244,48,26,8
2024-03-04,Segurança,desktop,148,40,19,5
2024-03-05,Ferramentas,mobile,114,22,9,5
2024-03-05,Ferramentas,desktop,207,56,31,20
2024-03-05,Iluminação,mobile,119,22,11,6
2024-03-05,Iluminação,desktop,283,53,26,19
2024-03-05,Utilidades Domésticas,mobile,116,32,15,12
2024-03-05,Utilidades Domésticas,desktop,244,59,35,29
2024-03-05,Jardim e Área Externa,mobile,223,57,34,20
2024-03-05,Jardim e Área Externa,desktop,292,77,45,31
2024-03-05,Organização,mobile,257,55,24,16
2024-03-05,Organização,desktop,156,40,19,14
2024-03-05,Elétrica,mobile,234,43,23,8
2024-03-05,Elétrica,desktop,248,54,26,9
2024-03-05,Hidráulica,mobile,206,39,21,7
2024-03-05,Hidráulica,desktop,177,41,22,8
2024-03-05,Pintura e Acabamento,mobile,219,43,25,19
2024-03-05,Pintura e Acabamento,desktop,286,52,26,19
2024-03-05,Segurança,mobile,150,30,14,4
2024-03-05,Segurança,desktop,257,50,22,6
2024-03-06,Ferramentas,mobile,264,56,30,17
2024-03-06,Ferramentas,desktop,284,68,37,23
2024-03-06,Iluminação,mobile,220,53,29,17
2024-03-06,Iluminação,desktop,277,64,31,20
2024-03-06,Utilidades Domésticas,mobile,172,40,23,15
2024-03-06,Utilidades Domésticas,desktop,234,42,20,15
2024-03-06,Jardim e Área Externa,mobile,137,34,16,9
2024-03-06,Jardim e Área Externa,desktop,263,49,27,20
2024-03-06,Organização,mobile,111,22,11,7
2024-03-06,Organização,desktop,148,40,18,11
2024-03-06,Elétrica,mobile,129,28,15,6
2024-03-06,Elétrica,desktop,295,56,25,9
2024-03-06,Hidráulica,mobile,294,76,44,21
2024-03-06,Hidráulica,desktop,104,25,12,5
2024-03-06,Pintura e Acabamento,mobile,253,49,23,14
2024-03-06,Pintura e Acabamento,desktop,231,58,32,20
2024-03-06,Segurança,mobile,86,19,11,3
2024-03-06,Segurança,desktop,185,34,16,4
2024-03-07,Ferramentas,mobile,299,57,26,16
2024-03-07,Ferramentas,desktop,178,35,20,11
2024-03-07,Iluminação,mobile,253,67,31,22
2024-03-07,Iluminação,desktop,137,25,12,7
2024-03-07,Utilidades Domésticas,mobile,210,41,23,17
2024-03-07,Utilidades Domésticas,desktop,94,25,12,10
2024-03-07,Jardim e Área Externa,mobile,196,53,29,17
2024-03-07,Jardim e Área Externa,desktop,206,39,22,14
2024-03-07,Organização,mobile,198,42,22,16
2024-03-07,Organização,desktop,114,22,13,10
2024-03-07,Elétrica,mobile,234,47,23,8
2024-03-07,Elétrica,desktop,284,55,28,12
2024-03-07,Hidráulica,mobile,127,24,12,5
2024-03-07,Hidráulica,desktop,269,66,29,13
2024-03-07,Pintura e Acabamento,mobile,291,57,30,19
2024-03-07,Pintura e Acabamento,desktop,194,49,24,17
2024-03-07,Segurança,mobile,174,31,14,4
2024-03-07,Segurança,desktop,229,63,29,9
2024-03-08,Ferramentas,mobile,166,37,16,9
2024-03-08,Ferramentas,desktop,224,60,29,17
2024-03-08,Iluminação,mobile,280,73,36,24
2024-03-08,Iluminação,desktop,275,64,29,21
2024-03-08,Utilidades Domésticas,mobile,259,71,42,32
2024-03-08,Utilidades Domésticas,desktop,143,36,16,11
2024-03-08,Jardim e Área Externa,mobile,281,73,40,25
2024-03-08,Jardim e Área Externa,desktop,236,58,30,19
2024-03-08,Organização,mobile,176,35,19,13
2024-03-08,Organização,desktop,195,46,22,14
2024-03-08,Elétrica,mobile,147,31,13,5
2024-03-08,Elétrica,desktop,141,26,13,5
2024-03-08,Hidráulica,mobile,136,30,16,7
2024-03-08,Hidráulica,desktop,283,62,30,14
2024-03-08,Pintura e Acabamento,mobile,192,39,18,12
2024-03-08,Pintura e Acabamento,desktop,258,53,28,19
2024-03-08,Segurança,mobile,172,38,18,5
2024-03-08,Segurança,desktop,144,37,18,5
2024-03-09,Ferramentas,mobile,270,66,34,21
2024-03-09,Ferramentas,desktop,213,50,29,15
2024-03-09,Iluminação,mobile,208,43,22,15
2024-03-09,Iluminação,desktop,103,20,10,7
2024-03-09,Utilidades Domésticas,mobile,276,70,32,23
2024-03-09,Utilidades Domésticas,desktop,188,40,23,16
2024-03-09,Jardim e Área Externa,mobile,246,63,30,19
2024-03-09,Jardim e Área Externa,desktop,84,23,10,7
2024-03-09,Organização,mobile,108,27,12,8
2024-03-09,Organização,desktop,195,43,21,13
2024-03-09,Elétrica,mobile,115,23,11,3
2024-03-09,Elétrica,desktop,186,34,16,7
2024-03-09,Hidráulica,mobile,264,63,33,15
2024-03-09,Hidráulica,desktop,290,54,28,12
2024-03-09,Pintura e Acabamento,mobile,151,35,20,15
2024-03-09,Pintura e Acabamento,desktop,235,59,30,21
2024-03-09,Segurança,mobile,174,47,27,9
2024-03-09,Segurança,desktop,81,19,9,2
2024-03-10,Ferramentas,mobile,297,81,46,25
2024-03-10,Ferramentas,desktop,159,33,15,7
2024-03-10,Iluminação,mobile,231,59,28,21
2024-03-10,Iluminação,desktop,84,20,11,6
2024-03-10,Utilidades Domésticas,mobile,123,31,16,10
2024-03-10,Utilidades Domésticas,desktop,95,17,8,6
2024-03-10,Jardim e Área Externa,mobile,181,43,24,13
2024-03-10,Jardim e Área Externa,desktop,163,36,16,10
2024-03-10,Organização,mobile,128,24,11,7
2024-03-10,Organização,desktop,155,29,16,12
2024-03-10,Elétrica,mobile,164,43,22,9
2024-03-10,Elétrica,desktop,200,53,25,10
2024-03-10,Hidráulica,mobile,84,20,9,4
2024-03-10,Hidráulica,desktop,204,49,23,11
2024-03-10,Pintura e Acabamento,mobile,86,16,7,4
2024-03-10,Pintura e Acabamento,desktop,97,21,10,6
2024-03-10,Segurança,mobile,137,25,11,3
2024-03-10,Segurança,desktop,194,51,25,7
2024-03-11,Ferramentas,mobile,193,42,24,16
2024-03-11,Ferramentas,desktop,275,57,28,14
2024-03-11,Iluminação,mobile,207,48,22,13
2024-03-11,Iluminação,desktop,127,25,14,9
2024-03-11,Utilidades Domésticas,mobile,201,42,23,17
2024-03-11,Utilidades Domésticas,desktop,190,45,21,13
2024-03-11,Jardim e Área Externa,mobile,90,20,11,7
2024-03-11,Jardim e Área Externa,desktop,81,16,7,4
2024-03-11,Organização,mobile,113,30,14,9
2024-03-11,Organização,desktop,156,40,23,17
2024-03-11,Elétrica,mobile,119,23,11,4
2024-03-11,Elétrica,desktop,106,21,11,3
2024-03-11,Hidráulica,mobile,184,51,25,11
2024-03-11,Hidráulica,desktop,228,52,24,10
2024-03-11,Pintura e Acabamento,mobile,155,35,15,9
2024-03-11,Pintura e Acabamento,desktop,114,24,10,6
2024-03-11,Segurança,mobile,149,34,16,4
2024-03-11,Segurança,desktop,207,41,18,6
2024-03-12,Ferramentas,mobile,281,53,27,16
2024-03-12,Ferramentas,desktop,242,52,25,16
2024-03-12,Iluminação,mobile,252,67,34,22
2024-03-12,Iluminação,desktop,251,48,26,15
2024-03-12,Utilidades Domésticas,mobile,242,66,39,30
2024-03-12,Utilidades Domésticas,desktop,160,34,17,13
2024-03-12,Jardim e Área Externa,mobile,285,51,23,15
2024-03-12,Jardim e Área Externa,desktop,281,77,37,26
2024-03-12,Organização,mobile,130,31,17,11
2024-03-12,Organização,desktop,124,25,12,7
2024-03-12,Elétrica,mobile,285,74,41,17
2024-03-12,Elétrica,desktop,150,32,15,5
2024-03-12,Hidráulica,mobile,249,68,32,14
2024-03-12,Hidráulica,desktop,181,48,25,9
2024-03-12,Pintura e Acabamento,mobile,209,41,20,14
2024-03-12,Pintura e Acabamento,desktop,194,45,26,17
2024-03-12,Segurança,mobile,276,62,34,9
2024-03-12,Segurança,desktop,291,75,43,12
2024-03-13,Ferramentas,mobile,176,36,18,11
2024-03-13,Ferramentas,desktop,187,44,22,13
2024-03-13,Iluminação,mobile,252,61,35,25
2024-03-13,Iluminação,desktop,259,57,30,19
2024-03-13,Utilidades Domésticas,mobile,237,50,23,17
2024-03-13,Utilidades Domésticas,desktop,102,22,11,8
2024-03-13,Jardim e Área Externa,mobile,81,16,7,4
2024-03-13,Jardim e Área Externa,desktop,114,25,14,9
2024-03-13,Organização,mobile,95,17,9,6
2024-03-13,Organização,desktop,221,48,26,16
2024-03-13,Elétrica,mobile,206,37,18,6
2024-03-13,Elétrica,desktop,282,78,43,15
2024-03-13,Hidráulica,mobile,268,59,31,11
2024-03-13,Hidráulica,desktop,209,53,29,11
2024-03-13,Pintura e Acabamento,mobile,275,61,36,24
2024-03-13,Pintura e Acabamento,desktop,121,28,16,10
2024-03-13,Segurança,mobile,119,22,10,3
2024-03-13,Segurança,desktop,94,19,9,3
2024-03-14,Ferramentas,mobile,203,38,19,10
2024-03-14,Ferramentas,desktop,130,24,12,7
2024-03-14,Iluminação,mobile,163,37,20,14
2024-03-14,Iluminação,desktop,269,60,28,19
2024-03-14,Utilidades Domésticas,mobile,138,28,15,11
2024-03-14,Utilidades Domésticas,desktop,237,61,28,19
2024-03-14,Jardim e Área Externa,mobile,88,16,9,5
2024-03-14,Jardim e Área Externa,desktop,282,55,27,16
2024-03-14,Organização,mobile,275,75,44,29
2024-03-14,Organização,desktop,146,39,22,16
2024-03-14,Elétrica,mobile,263,68,32,11
2024-03-14,Elétrica,desktop,272,68,35,12
2024-03-14,Hidráulica,mobile,284,67,32,14
2024-03-14,Hidráulica,desktop,285,77,46,20
2024-03-14,Pintura e Acabamento,mobile,215,43,25,17
2024-03-14,Pintura e Acabamento,desktop,243,54,28,17
2024-03-14,Segurança,mobile,103,27,13,4
2024-03-14,Segurança,desktop,202,42,21,6
2024-03-15,Ferramentas,mobile,233,63,33,19
2024-03-15,Ferramentas,desktop,202,46,21,12
2024-03-15,Iluminação,mobile,265,57,26,16
2024-03-15,Iluminação,desktop,191,42,23,14
2024-03-15,Utilidades Domésticas,mobile,179,46,21,14
2024-03-15,Utilidades Domésticas,desktop,251,53,31,24
2024-03-15,Jardim e Área Externa,mobile,245,45,25,17
2024-03-15,Jardim e Área Externa,desktop,170,38,20,12
2024-03-15,Organização,mobile,149,35,20,12
2024-03-15,Organização,desktop,282,69,33,26
2024-03-15,Elétrica,mobile,101,26,13,4
2024-03-15,Elétrica,desktop,230,46,24,9
2024-03-15,Hidráulica,mobile,215,42,21,8
2024-03-15,Hidráulica,desktop,88,21,10,4
2024-03-15,Pintura e Acabamento,mobile,86,17,8,5
2024-03-15,Pintura e Acabamento,desktop,112,29,13,9
2024-03-15,Segurança,mobile,160,35,20,6
2024-03-15,Segurança,desktop,202,41,19,5
2024-03-16,Ferramentas,mobile,116,28,14,8
2024-03-16,Ferramentas,desktop,102,21,10,5
2024-03-16,Iluminação,mobile,179,32,15,10
2024-03-16,Iluminação,desktop,284,72,33,20
2024-03-16,Utilidades Domésticas,mobile,293,70,40,30
2024-03-16,Utilidades Domésticas,desktop,107,28,16,11
2024-03-16,Jardim e Área Externa,mobile,240,43,24,15
2024-03-16,Jardim e Área Externa,desktop,167,33,19,11
2024-03-16,Organização,mobile,210,38,20,12
2024-03-16,Organização,desktop,235,44,24,19
2024-03-16,Elétrica,mobile,270,74,33,11
2024-03-16,Elétrica,desktop,204,41,20,7
2024-03-16,Hidráulica,mobile,201,48,26,12
2024-03-16,Hidráulica,desktop,86,18,10,4
2024-03-16,Pintura e Acabamento,mobile,112,20,9,5
2024-03-16,Pintura e Acabamento,desktop,176,48,24,14
2024-03-16,Segurança,mobile,115,25,13,4
2024-03-16,Segurança,desktop,103,21,9,2
2024-03-17,Ferramentas,mobile,247,58,31,16
2024-03-17,Ferramentas,desktop,221,42,24,12
2024-03-17,Iluminação,mobile,213,57,31,22
2024-03-17,Iluminação,desktop,186,40,23,15
2024-03-17,Utilidades Domésticas,mobile,265,67,30,20
2024-03-17,Utilidades Domésticas,desktop,163,41,21,17
2024-03-17,Jardim e Área Externa,mobile,141,31,14,10
2024-03-17,Jardim e Área Externa,desktop,241,46,21,12
2024-03-17,Organização,mobile,166,35,17,11
2024-03-17,Organização,desktop,281,66,32,26
2024-03-17,Elétrica,mobile,288,68,39,17
2024-03-17,Elétrica,desktop,184,39,18,6
2024-03-17,Hidráulica,mobile,155,31,17,8
2024-03-17,Hidráulica,desktop,102,22,12,5
2024-03-17,Pintura e Acabamento,mobile,224,59,33,24
2024-03-17,Pintura e Acabamento,desktop,115,24,12,6
2024-03-17,Segurança,mobile,135,33,18,6
2024-03-17,Segurança,desktop,256,52,26,7
2024-03-18,Ferramentas,mobile,232,56,31,16
2024-03-18,Ferramentas,desktop,264,49,27,14
2024-03-18,Iluminação,mobile,241,61,34,21
2024-03-18,Iluminação,desktop,139,32,18,10
2024-03-18,Utilidades Domésticas,mobile,274,62,32,27
2024-03-18,Utilidades Domésticas,desktop,279,76,44,36
2024-03-18,Jardim e Área Externa,mobile,204,54,26,16
2024-03-18,Jardim e Área Externa,desktop,275,76,43,27
2024-03-18,Organização,mobile,116,23,13,8
2024-03-18,Organização,desktop,168,34,15,9
2024-03-18,Elétrica,mobile,107,24,12,4
2024-03-18,Elétrica,desktop,132,29,16,7
2024-03-18,Hidráulica,mobile,204,40,18,8
2024-03-18,Hidráulica,desktop,164,34,17,7
2024-03-18,Pintura e Acabamento,mobile,198,53,28,21
2024-03-18,Pintura e Acabamento,desktop,179,41,24,17
2024-03-18,Segurança,mobile,162,31,16,5
2024-03-18,Segurança,desktop,200,44,26,8
2024-03-19,Ferramentas,mobile,246,52,23,12
2024-03-19,Ferramentas,desktop,286,53,24,14
2024-03-19,Iluminação,mobile,242,65,35,20
2024-03-19,Iluminação,desktop,221,40,23,17
2024-03-19,Utilidades Domésticas,mobile,259,49,26,17
2024-03-19,Utilidades Domésticas,desktop,168,31,16,11
2024-03-19,Jardim e Área Externa,mobile,211,55,32,22
2024-03-19,Jardim e Área Externa,desktop,100,24,14,9
2024-03-19,Organização,mobile,90,22,12,8
2024-03-19,Organização,desktop,180,41,19,11
2024-03-19,Elétrica,mobile,219,58,28,10
2024-03-19,Elétrica,desktop,214,49,25,8
2024-03-19,Hidráulica,mobile,193,35,20,7
2024-03-19,Hidráulica,desktop,163,37,17,7
2024-03-19,Pintura e Acabamento,mobile,97,19,10,6
2024-03-19,Pintura e Acabamento,desktop,160,30,17,12
2024-03-19,Segurança,mobile,250,50,28,7
2024-03-19,Segurança,desktop,235,43,22,6
2024-03-20,Ferramentas,mobile,156,31,15,7
2024-03-20,Ferramentas,desktop,108,20,11,6
2024-03-20,Iluminação,mobile,194,46,20,14
2024-03-20,Iluminação,desktop,109,26,14,9
2024-03-20,Utilidades Domésticas,mobile,280,67,30,23
2024-03-20,Utilidades Domésticas,desktop,128,32,17,14
2024-03-20,Jardim e Área Externa,mobile,263,52,27,15
2024-03-20,Jardim e Área Externa,desktop,130,29,16,9
2024-03-20,Organização,mobile,295,80,46,32
2024-03-20,Organização,desktop,187,37,20,16
2024-03-20,Elétrica,mobile,85,19,10,3
2024-03-20,Elétrica,desktop,170,32,14,5
2024-03-20,Hidráulica,mobile,105,28,14,5
2024-03-20,Hidráulica,desktop,123,29,14,6
2024-03-20,Pintura e Acabamento,mobile,122,30,17,10
2024-03-20,Pintura e Acabamento,desktop,156,31,17,10
2024-03-20,Segurança,mobile,162,34,19,5
2024-03-20,Segurança,desktop,249,46,23,8
2024-03-21,Ferramentas,mobile,165,40,21,12
2024-03-21,Ferramentas,desktop,268,52,28,17
2024-03-21,Iluminação,mobile,133,24,11,7
2024-03-21,Iluminação,desktop,134,36,17,10
2024-03-21,Utilidades Domésticas,mobile,196,45,20,15
2024-03-21,Utilidades Domésticas,desktop,224,52,26,17
2024-03-21,Jardim e Área Externa,mobile,156,35,16,10
2024-03-21,Jardim e Área Externa,desktop,134,28,15,9
2024-03-21,Organização,mobile,138,33,17,12
2024-03-21,Organização,desktop,216,58,34,24
2024-03-21,Elétrica,mobile,157,37,18,7
2024-03-21,Elétrica,desktop,172,47,22,7
2024-03-21,Hidráulica,mobile,242,62,34,13
2024-03-21,Hidráulica,desktop,105,26,13,5
2024-03-21,Pintura e Acabamento,mobile,235,47,24,16
2024-03-21,Pintura e Acabamento,desktop,129,26,12,9
2024-03-21,Segurança,mobile,193,44,22,7
2024-03-21,Segurança,desktop,163,33,15,4
2024-03-22,Ferramentas,mobile,163,31,16,10
2024-03-22,Ferramentas,desktop,143,26,12,6
2024-03-22,Iluminação,mobile,201,52,30,21
2024-03-22,Iluminação,desktop,165,41,22,13
2024-03-22,Utilidades Domésticas,mobile,177,38,17,13
2024-03-22,Utilidades Domésticas,desktop,104,23,12,10
2024-03-22,Jardim e Área Externa,mobile,225,43,24,17
2024-03-22,Jardim e Área Externa,desktop,298,69,36,24
2024-03-22,Organização,mobile,169,39,22,15
2024-03-22,Organização,desktop,205,41,19,15
2024-03-22,Elétrica,mobile,161,34,16,6
2024-03-22,Elétrica,desktop,125,24,10,3
2024-03-22,Hidráulica,mobile,83,17,9,3
2024-03-22,Hidráulica,desktop,98,26,13,5
2024-03-22,Pintura e Acabamento,mobile,120,27,14,9
2024-03-22,Pintura e Acabamento,desktop,200,46,23,17
2024-03-22,Segurança,mobile,247,61,30,8
2024-03-22,Segurança,desktop,272,60,29,8
2024-03-23,Ferramentas,mobile,86,15,7,4
2024-03-23,Ferramentas,desktop,88,22,10,6
2024-03-23,Iluminação,mobile,94,19,9,5
2024-03-23,Iluminação,desktop,159,37,20,13
2024-03-23,Utilidades Domésticas,mobile,296,70,38,28
2024-03-23,Utilidades Domésticas,desktop,235,61,28,22
2024-03-23,Jardim e Área Externa,mobile,255,57,30,17
2024-03-23,Jardim e Área Externa,desktop,80,22,11,7
2024-03-23,Organização,mobile,104,25,12,8
2024-03-23,Organização,desktop,83,23,11,7
2024-03-23,Elétrica,mobile,288,80,46,19
2024-03-23,Elétrica,desktop,196,38,17,6
2024-03-23,Hidráulica,mobile,253,59,27,12
2024-03-23,Hidráulica,desktop,122,31,14,5
2024-03-23,Pintura e Acabamento,mobile,86,20,9,5
2024-03-23,Pintura e Acabamento,desktop,116,23,12,6
2024-03-23,Segurança,mobile,234,55,29,10
2024-03-23,Segurança,desktop,213,40,20,5
2024-03-24,Ferramentas,mobile,274,67,32,18
2024-03-24,Ferramentas,desktop,270,49,26,14
2024-03-24,Iluminação,mobile,113,22,11,7
2024-03-24,Iluminação,desktop,148,37,16,11
2024-03-24,Utilidades Domésticas,mobile,109,22,10,8
2024-03-24,Utilidades Domésticas,desktop,251,45,21,16
2024-03-24,Jardim e Área Externa,mobile,144,31,17,11
2024-03-24,Jardim e Área Externa,desktop,215,45,24,17
2024-03-24,Organização,mobile,129,30,17,12
2024-03-24,Organização,desktop,210,39,21,15
2024-03-24,Elétrica,mobile,119,22,11,3
2024-03-24,Elétrica,desktop,96,26,14,4
2024-03-24,Hidráulica,mobile,123,29,14,6
2024-03-24,Hidráulica,desktop,291,65,30,13
2024-03-24,Pintura e Acabamento,mobile,252,48,27,16
2024-03-24,Pintura e Acabamento,desktop,246,64,35,23
2024-03-24,Segurança,mobile,84,15,7,1
2024-03-24,Segurança,desktop,208,41,23,6
2024-03-25,Ferramentas,mobile,85,18,9,5
2024-03-25,Ferramentas,desktop,243,59,34,19
2024-03-25,Iluminação,mobile,284,65,35,27
2024-03-25,Iluminação,desktop,179,33,18,14
2024-03-25,Utilidades Domésticas,mobile,91,18,10,6
2024-03-25,Utilidades Domésticas,desktop,115,26,13,9
2024-03-25,Jardim e Área Externa,mobile,224,56,27,20
2024-03-25,Jardim e Área Externa,desktop,142,28,16,11
2024-03-25,Organização,mobile,277,65,32,25
2024-03-25,Organização,desktop,282,56,29,20
2024-03-25,Elétrica,mobile,276,67,34,14
2024-03-25,Elétrica,desktop,254,59,29,12
2024-03-25,Hidráulica,mobile,141,26,13,6
2024-03-25,Hidráulica,desktop,137,29,16,7
2024-03-25,Pintura e Acabamento,mobile,185,42,24,14
2024-03-25,Pintura e Acabamento,desktop,296,62,31,21
2024-03-25,Segurança,mobile,151,41,23,6
2024-03-25,Segurança,desktop,213,48,27,9
2024-03-26,Ferramentas,mobile,180,32,15,9
2024-03-26,Ferramentas,desktop,279,51,26,15
2024-03-26,Iluminação,mobile,106,23,10,6
2024-03-26,Iluminação,desktop,270,60,29,17
2024-03-26,Utilidades Domésticas,mobile,227,56,29,22
2024-03-26,Utilidades Domésticas,desktop,194,41,24,20
2024-03-26,Jardim e Área Externa,mobile,196,47,24,13
2024-03-26,Jardim e Área Externa,desktop,145,28,13,8
2024-03-26,Organização,mobile,199,55,29,21
2024-03-26,Organização,desktop,280,59,27,19
2024-03-26,Elétrica,mobile,280,68,32,13
2024-03-26,Elétrica,desktop,144,27,13,4
2024-03-26,Hidráulica,mobile,188,38,19,8
2024-03-26,Hidráulica,desktop,182,50,23,10
2024-03-26,Pintura e Acabamento,mobile,236,53,30,19
2024-03-26,Pintura e Acabamento,desktop,180,45,26,19
2024-03-26,Segurança,mobile,243,50,23,7
2024-03-26,Segurança,desktop,185,35,15,4
2024-03-27,Ferramentas,mobile,137,29,16,10
2024-03-27,Ferramentas,desktop,179,33,15,10
2024-03-27,Iluminação,mobile,222,53,31,19
2024-03-27,Iluminação,desktop,251,53,28,21
2024-03-27,Utilidades Domésticas,mobile,126,35,17,13
2024-03-27,Utilidades Domésticas,desktop,277,61,32,20
2024-03-27,Jardim e Área Externa,mobile,250,58,30,20
2024-03-27,Jardim e Área Externa,desktop,248,69,32,18
2024-03-27,Organização,mobile,279,51,29,18
2024-03-27,Organização,desktop,273,67,36,26
2024-03-27,Elétrica,mobile,242,50,26,11
2024-03-27,Elétrica,desktop,214,46,26,8
2024-03-27,Hidráulica,mobile,216,48,23,10
2024-03-27,Hidráulica,desktop,221,40,22,8
2024-03-27,Pintura e Acabamento,mobile,248,68,36,21
2024-03-27,Pintura e Acabamento,desktop,196,35,17,11
2024-03-27,Segurança,mobile,269,55,32,11
2024-03-27,Segurança,desktop,213,55,27,8
2024-03-28,Ferramentas,mobile,217,57,29,16
2024-03-28,Ferramentas,desktop,83,22,9,5
2024-03-28,Iluminação,mobile,94,24,14,9
2024-03-28,Iluminação,desktop,281,50,25,16
2024-03-28,Utilidades Domésticas,mobile,180,43,20,16
2024-03-28,Utilidades Domésticas,desktop,180,49,22,16
2024-03-28,Jardim e Área Externa,mobile,105,28,12,7
2024-03-28,Jardim e Área Externa,desktop,232,56,26,15
2024-03-28,Organização,mobile,135,27,12,7
2024-03-28,Organização,desktop,89,17,7,5
2024-03-28,Elétrica,mobile,87,21,12,4
2024-03-28,Elétrica,desktop,121,29,13,5
2024-03-28,Hidráulica,mobile,178,42,18,6
2024-03-28,Hidráulica,desktop,269,50,26,11
2024-03-28,Pintura e Acabamento,mobile,238,46,24,14
2024-03-28,Pintura e Acabamento,desktop,281,71,37,21
2024-03-28,Segurança,mobile,168,44,20,6
2024-03-28,Segurança,desktop,176,35,17,5
2024-03-29,Ferramentas,mobile,226,60,31,21
2024-03-29,Ferramentas,desktop,158,37,20,11
2024-03-29,Iluminação,mobile,118,22,11,8
2024-03-29,Iluminação,desktop,115,22,10,7
2024-03-29,Utilidades Domésticas,mobile,294,78,46,31
2024-03-29,Utilidades Domésticas,desktop,119,28,12,7
2024-03-29,Jardim e Área Externa,mobile,138,29,13,7
2024-03-29,Jardim e Área Externa,desktop,288,56,28,17
2024-03-29,Organização,mobile,236,59,31,19
2024-03-29,Organização,desktop,145,32,16,10
2024-03-29,Elétrica,mobile,255,68,40,15
2024-03-29,Elétrica,desktop,131,33,16,6
2024-03-29,Hidráulica,mobile,238,57,27,12
2024-03-29,Hidráulica,desktop,84,20,10,4
2024-03-29,Pintura e Acabamento,mobile,217,51,30,19
2024-03-29,Pintura e Acabamento,desktop,109,20,9,5
2024-03-29,Segurança,mobile,284,69,34,10
2024-03-29,Segurança,desktop,92,22,10,3
2024-03-30,Ferramentas,mobile,156,32,15,8
2024-03-30,Ferramentas,desktop,252,56,27,16
2024-03-30,Iluminação,mobile,217,54,32,24
2024-03-30,Iluminação,desktop,93,22,10,6
2024-03-30,Utilidades Domésticas,mobile,100,23,10,7
2024-03-30,Utilidades Domésticas,desktop,224,47,22,14
2024-03-30,Jardim e Área Externa,mobile,97,26,13,8
2024-03-30,Jardim e Área Externa,desktop,138,31,17,12
2024-03-30,Organização,mobile,102,24,12,9
2024-03-30,Organização,desktop,114,31,16,9
2024-03-30,Elétrica,mobile,102,25,14,4
2024-03-30,Elétrica,desktop,138,34,15,6
2024-03-30,Hidráulica,mobile,134,31,14,6
2024-03-30,Hidráulica,desktop,80,21,10,4
2024-03-30,Pintura e Acabamento,mobile,279,66,35,19
2024-03-30,Pintura e Acabamento,desktop,234,50,29,21
2024-03-30,Segurança,mobile,192,34,15,5
2024-03-30,Segurança,desktop,147,35,17,5
2024-03-31,Ferramentas,mobile,172,34,20,12
2024-03-31,Ferramentas,desktop,262,66,33,23
2024-03-31,Iluminação,mobile,165,39,20,13
2024-03-31,Iluminação,desktop,192,49,29,18
2024-03-31,Utilidades Domésticas,mobile,224,57,30,21
2024-03-31,Utilidades Domésticas,desktop,95,20,10,7
2024-03-31,Jardim e Área Externa,mobile,222,44,21,13
2024-03-31,Jardim e Área Externa,desktop,154,38,21,14
2024-03-31,Organização,mobile,233,63,32,25
2024-03-31,Organização,desktop,280,65,30,23
2024-03-31,Elétrica,mobile,144,33,17,6
2024-03-31,Elétrica,desktop,106,21,11,4
2024-03-31,Hidráulica,mobile,212,41,20,8
2024-03-31,Hidráulica,desktop,210,52,29,14
2024-03-31,Pintura e Acabamento,mobile,272,72,32,19
2024-03-31,Pintura e Acabamento,desktop,147,39,18,12
2024-03-31,Segurança,mobile,188,51,29,8
2024-03-31,Segurança,desktop,253,63,36,10
2024-04-01,Ferramentas,mobile,173,33,19,12
2024-04-01,Ferramentas,desktop,192,47,26,15
2024-04-01,Iluminação,mobile,88,16,8,5
2024-04-01,Iluminação,desktop,221,41,19,13
2024-04-01,Utilidades Domésticas,mobile,275,56,29,21
2024-04-01,Utilidades Domésticas,desktop,154,29,16,13
2024-04-01,Jardim e Área Externa,mobile,102,19,10,6
2024-04-01,Jardim e Área Externa,desktop,252,51,24,15
2024-04-01,Organização,mobile,90,16,7,5
2024-04-01,Organização,desktop,296,58,32,26
2024-04-01,Elétrica,mobile,117,27,12,5
2024-04-01,Elétrica,desktop,164,38,20,7
2024-04-01,Hidráulica,mobile,93,20,10,3
2024-04-01,Hidráulica,desktop,259,49,24,9
2024-04-01,Pintura e Acabamento,mobile,164,29,13,9
2024-04-01,Pintura e Acabamento,desktop,131,30,14,8
2024-04-01,Segurança,mobile,215,45,23,7
2024-04-01,Segurança,desktop,153,32,17,4
2024-04-02,Ferramentas,mobile,105,29,16,10
2024-04-02,Ferramentas,desktop,129,24,13,7
2024-04-02,Iluminação,mobile,166,35,19,11
2024-04-02,Iluminação,desktop,296,78,35,23
2024-04-02,Utilidades Domésticas,mobile,268,68,39,30
2024-04-02,Utilidades Domésticas,desktop,205,57,28,19
2024-04-02,Jardim e Área Externa,mobile,167,30,15,8
2024-04-02,Jardim e Área Externa,desktop,170,35,16,8
2024-04-02,Organização,mobile,126,24,13,8
2024-04-02,Organização,desktop,226,42,20,14
2024-04-02,Elétrica,mobile,153,36,17,7
2024-04-02,Elétrica,desktop,105,24,11,4
2024-04-02,Hidráulica,mobile,156,36,20,7
2024-04-02,Hidráulica,desktop,126,33,16,7
2024-04-02,Pintura e Acabamento,mobile,81,15,8,4
2024-04-02,Pintura e Acabamento,desktop,109,25,13,10
2024-04-02,Segurança,mobile,245,44,26,8
2024-04-02,Segurança,desktop,227,59,31,8
2024-04-03,Ferramentas,mobile,248,48,26,14
2024-04-03,Ferramentas,desktop,93,25,13,8
2024-04-03,Iluminação,mobile,215,54,29,17
2024-04-03,Iluminação,desktop,95,21,10,6
2024-04-03,Utilidades Domésticas,mobile,194,39,19,15
2024-04-03,Utilidades Domésticas,desktop,204,42,24,15
2024-04-03,Jardim e Área Externa,mobile,167,35,18,11
2024-04-03,Jardim e Área Externa,desktop,119,25,14,8
2024-04-03,Organização,mobile,117,21,10,7
2024-04-03,Organização,desktop,252,59,31,20
2024-04-03,Elétrica,mobile,96,18,9,3
2024-04-03,Elétrica,desktop,164,41,23,7
2024-04-03,Hidráulica,mobile,169,31,15,5
2024-04-03,Hidráulica,desktop,211,40,18,7
2024-04-03,Pintura e Acabamento,mobile,88,17,9,5
2024-04-03,Pintura e Acabamento,desktop,220,59,26,18
2024-04-03,Segurança,mobile,137,36,21,7
2024-04-03,Segurança,desktop,231,55,25,8
2024-04-04,Ferramentas,mobile,101,22,10,5
2024-04-04,Ferramentas,desktop,189,43,23,14
2024-04-04,Iluminação,mobile,156,38,19,14
2024-04-04,Iluminação,desktop,238,47,24,18
2024-04-04,Utilidades Domésticas,mobile,136,28,14,11
2024-04-04,Utilidades Domésticas,desktop,226,60,33,27
2024-04-04,Jardim e Área Externa,mobile,119,27,14,9
2024-04-04,Jardim e Área Externa,desktop,198,44,25,17
2024-04-04,Organização,mobile,182,43,23,17
2024-04-04,Organização,desktop,184,37,21,17
2024-04-04,Elétrica,mobile,235,45,25,9
2024-04-04,Elétrica,desktop,195,52,25,10
2024-04-04,Hidráulica,mobile,124,24,14,5
2024-04-04,Hidráulica,desktop,168,41,19,7
2024-04-04,Pintura e Acabamento,mobile,174,35,19,11
2024-04-04,Pintura e Acabamento,desktop,297,75,42,29
2024-04-04,Segurança,mobile,103,18,10,3
2024-04-04,Segurança,desktop,96,17,9,2
2024-04-05,Ferramentas,mobile,156,37,19,10
2024-04-05,Ferramentas,desktop,279,58,29,15
2024-04-05,Iluminação,mobile,267,54,26,19
2024-04-05,Iluminação,desktop,93,24,12,9
2024-04-05,Utilidades Domésticas,mobile,128,34,18,12
2024-04-05,Utilidades Domésticas,desktop,246,51,27,23
2024-04-05,Jardim e Área Externa,mobile,90,16,8,5
2024-04-05,Jardim e Área Externa,desktop,272,60,27,15
2024-04-05,Organização,mobile,107,27,14,10
2024-04-05,Organização,desktop,297,53,31,20
2024-04-05,Elétrica,mobile,121,32,17,7
2024-04-05,Elétrica,desktop,253,61,35,15
2024-04-05,Hidráulica,mobile,149,40,19,7
2024-04-05,Hidráulica,desktop,216,40,19,8
2024-04-05,Pintura e Acabamento,mobile,265,69,37,26
2024-04-05,Pintura e Acabamento,desktop,110,28,15,10
2024-04-05,Segurança,mobile,119,25,14,4
2024-04-05,Segurança,desktop,122,32,16,4
2024-04-06,Ferramentas,mobile,221,60,35,19
2024-04-06,Ferramentas,desktop,248,67,31,18
2024-04-06,Iluminação,mobile,185,38,19,11
2024-04-06,Iluminação,desktop,109,25,14,10
2024-04-06,Utilidades Domésticas,mobile,165,32,18,15
2024-04-06,Utilidades Domésticas,desktop,234,63,33,28
2024-04-06,Jardim e Área Externa,mobile,118,24,11,6
2024-04-06,Jardim e Área Externa,desktop,282,68,35,19
2024-04-06,Organização,mobile,169,33,17,13
2024-04-06,Organização,desktop,276,76,41,33
2024-04-06,Elétrica,mobile,232,43,24,9
2024-04-06,Elétrica,desktop,125,28,13,5
2024-04-06,Hidráulica,mobile,158,33,16,6
2024-04-06,Hidráulica,desktop,106,19,10,3
2024-04-06,Pintura e Acabamento,mobile,132,33,15,11
2024-04-06,Pintura e Acabamento,desktop,171,38,17,13
2024-04-06,Segurança,mobile,94,21,12,3
2024-04-06,Segurança,desktop,220,55,25,7
2024-04-07,Ferramentas,mobile,204,39,22,12
2024-04-07,Ferramentas,desktop,225,53,24,14
2024-04-07,Iluminação,mobile,190,53,29,20
2024-04-07,Iluminação,desktop,215,45,20,11
2024-04-07,Utilidades Domésticas,mobile,193,35,19,14
2024-04-07,Utilidades Domésticas,desktop,173,36,17,12
2024-04-07,Jardim e Área Externa,mobile,218,57,27,18
2024-04-07,Jardim e Área Externa,desktop,103,23,12,7
2024-04-07,Organização,mobile,203,47,21,15
2024-04-07,Organização,desktop,215,41,20,15
2024-04-07,Elétrica,mobile,230,59,32,11
2024-04-07,Elétrica,desktop,109,26,14,5
2024-04-07,Hidráulica,mobile,183,47,23,8
2024-04-07,Hidráulica,desktop,288,73,33,15
2024-04-07,Pintura e Acabamento,mobile,116,29,14,9
2024-04-07,Pintura e Acabamento,desktop,215,39,21,15
2024-04-07,Segurança,mobile,127,28,13,4
2024-04-07,Segurança,desktop,195,36,17,6
2024-04-08,Ferramentas,mobile,247,60,29,17
2024-04-08,Ferramentas,desktop,150,29,14,8
2024-04-08,Iluminação,mobile,113,27,15,11
2024-04-08,Iluminação,desktop,100,20,11,7
2024-04-08,Utilidades Domésticas,mobile,284,53,26,21
2024-04-08,Utilidades Domésticas,desktop,81,17,8,5
2024-04-08,Jardim e Área Externa,mobile,218,49,24,14
2024-04-08,Jardim e Área Externa,desktop,164,37,16,10
2024-04-08,Organização,mobile,236,46,25,16
2024-04-08,Organização,desktop,137,37,19,14
2024-04-08,Elétrica,mobile,198,43,22,9
2024-04-08,Elétrica,desktop,232,52,26,10
2024-04-08,Hidráulica,mobile,269,70,39,19
2024-04-08,Hidráulica,desktop,122,24,12,5
2024-04-08,Pintura e Acabamento,mobile,163,37,17,12
2024-04-08,Pintura e Acabamento,desktop,141,34,16,11
2024-04-08,Segurança,mobile,214,52,25,7
2024-04-08,Segurança,desktop,231,43,20,6
2024-04-09,Ferramentas,mobile,173,47,25,13
2024-04-09,Ferramentas,desktop,81,16,9,5
2024-04-09,Iluminação,mobile,223,54,25,18
2024-04-09,Iluminação,desktop,267,71,40,24
2024-04-09,Utilidades Domésticas,mobile,249,55,29,23
2024-04-09,Utilidades Domésticas,desktop,139,36,18,15
2024-04-09,Jardim e Área Externa,mobile,252,67,35,22
2024-04-09,Jardim e Área Externa,desktop,200,49,26,14
2024-04-09,Organização,mobile,99,19,10,7
2024-04-09,Organização,desktop,122,32,16,10
2024-04-09,Elétrica,mobile,88,18,10,3
2024-04-09,Elétrica,desktop,273,71,36,16
2024-04-09,Hidráulica,mobile,136,30,15,5
2024-04-09,Hidráulica,desktop,226,54,29,14
2024-04-09,Pintura e Acabamento,mobile,118,23,12,7
2024-04-09,Pintura e Acabamento,desktop,275,60,34,26
2024-04-09,Segurança,mobile,94,20,11,3
2024-04-09,Segurança,desktop,139,26,13,3
2024-04-10,Ferramentas,mobile,96,19,10,6
2024-04-10,Ferramentas,desktop,223,41,20,12
2024-04-10,Iluminação,mobile,299,58,29,17
2024-04-10,Iluminação,desktop,239,58,26,17
2024-04-10,Utilidades Domésticas,mobile,155,35,20,13
2024-04-10,Utilidades Domésticas,desktop,130,35,20,16
2024-04-10,Jardim e Área Externa,mobile,142,29,17,11
2024-04-10,Jardim e Área Externa,desktop,93,24,13,8
2024-04-10,Organização,mobile,132,33,17,13
2024-04-10,Organização,desktop,181,35,19,14
2024-04-10,Elétrica,mobile,121,31,14,5
2024-04-10,Elétrica,desktop,284,79,39,13
2024-04-10,Hidráulica,mobile,110,30,17,7
2024-04-10,Hidráulica,desktop,137,37,20,9
2024-04-10,Pintura e Acabamento,mobile,148,29,14,9
2024-04-10,Pintura e Acabamento,desktop,135,30,17,12
2024-04-10,Segurança,mobile,234,51,24,6
2024-04-10,Segurança,desktop,156,33,17,5
2024-04-11,Ferramentas,mobile,258,63,33,21
2024-04-11,Ferramentas,desktop,285,59,27,17
2024-04-11,Iluminação,mobile,167,32,16,12
2024-04-11,Iluminação,desktop,199,41,23,16
2024-04-11,Utilidades Domésticas,mobile,244,67,34,26
2024-04-11,Utilidades Domésticas,desktop,137,32,18,12
2024-04-11,Jardim e Área Externa,mobile,217,39,21,13
2024-04-11,Jardim e Área Externa,desktop,194,42,22,15
2024-04-11,Organização,mobile,249,51,25,17
2024-04-11,Organização,desktop,218,43,24,15
2024-04-11,Elétrica,mobile,184,43,20,6
2024-04-11,Elétrica,desktop,180,47,21,8
2024-04-11,Hidráulica,mobile,278,62,32,12
2024-04-11,Hidráulica,desktop,87,22,11,5
2024-04-11,Pintura e Acabamento,mobile,149,34,20,14
2024-04-11,Pintura e Acabamento,desktop,299,79,35,23
2024-04-11,Segurança,mobile,216,40,22,7
2024-04-11,Segurança,desktop,85,20,9,3
2024-04-12,Ferramentas,mobile,280,55,25,15
2024-04-12,Ferramentas,desktop,273,75,35,22
2024-04-12,Iluminação,mobile,209,55,32,24
2024-04-12,Iluminação,desktop,285,68,36,22
2024-04-12,Utilidades Domésticas,mobile,230,43,22,17
2024-04-12,Utilidades Domésticas,desktop,123,32,18,13
2024-04-12,Jardim e Área Externa,mobile,151,39,19,13
2024-04-12,Jardim e Área Externa,desktop,220,48,28,16
2024-04-12,Organização,mobile,211,54,26,19
2024-04-12,Organização,desktop,235,62,32,22
2024-04-12,Elétrica,mobile,292,72,40,16
2024-04-12,Elétrica,desktop,297,76,40,17
2024-04-12,Hidráulica,mobile,97,21,12,5
2024-04-12,Hidráulica,desktop,192,39,19,8
2024-04-12,Pintura e Acabamento,mobile,161,33,15,10
2024-04-12,Pintura e Acabamento,desktop,198,41,23,14
2024-04-12,Segurança,mobile,295,75,41,12
2024-04-12,Segurança,desktop,218,40,21,5
2024-04-13,Ferramentas,mobile,281,78,35,22
2024-04-13,Ferramentas,desktop,155,40,22,13
2024-04-13,Iluminação,mobile,273,53,30,18
2024-04-13,Iluminação,desktop,257,48,27,18
2024-04-13,Utilidades Domésticas,mobile,229,45,22,15
2024-04-13,Utilidades Domésticas,desktop,97,20,10,7
2024-04-13,Jardim e Área Externa,mobile,116,28,15,9
2024-04-13,Jardim e Área Externa,desktop,234,61,36,22
2024-04-13,Organização,mobile,221,41,22,17
2024-04-13,Organização,desktop,253,66,34,22
2024-04-13,Elétrica,mobile,138,25,12,5
2024-04-13,Elétrica,desktop,212,50,27,9
2024-04-13,Hidráulica,mobile,167,35,19,8
2024-04-13,Hidráulica,desktop,206,43,25,11
2024-04-13,Pintura e Acabamento,mobile,261,54,24,15
2024-04-13,Pintura e Acabamento,desktop,293,76,37,28
2024-04-13,Segurança,mobile,118,25,12,3
2024-04-13,Segurança,desktop,117,26,12,4
2024-04-14,Ferramentas,mobile,200,45,21,11
2024-04-14,Ferramentas,desktop,170,30,13,8
2024-04-14,Iluminação,mobile,80,15,7,5
2024-04-14,Iluminação,desktop,161,34,16,9
2024-04-14,Utilidades Domésticas,mobile,89,16,8,5
2024-04-14,Utilidades Domésticas,desktop,278,51,28,19
2024-04-14,Jardim e Área Externa,mobile,172,46,21,15
2024-04-14,Jardim e Área Externa,desktop,296,67,31,22
2024-04-14,Organização,mobile,273,58,33,20
2024-04-14,Organização,desktop,80,17,8,6
2024-04-14,Elétrica,mobile,202,45,24,8
2024-04-14,Elétrica,desktop,227,54,24,9
2024-04-14,Hidráulica,mobile,133,29,17,7
2024-04-14,Hidráulica,desktop,115,28,16,6
2024-04-14,Pintura e Acabamento,mobile,219,45,22,13
2024-04-14,Pintura e Acabamento,desktop,98,23,10,6
2024-04-14,Segurança,mobile,170,47,24,8
2024-04-14,Segurança,desktop,192,50,26,8
2024-04-15,Ferramentas,mobile,93,22,11,6
2024-04-15,Ferramentas,desktop,181,50,29,17
2024-04-15,Iluminação,mobile,155,41,23,16
2024-04-15,Iluminação,desktop,100,25,12,9
2024-04-15,Utilidades Domésticas,mobile,299,56,31,24
2024-04-15,Utilidades Domésticas,desktop,238,65,32,22
2024-04-15,Jardim e Área Externa,mobile,92,24,12,8
2024-04-15,Jardim e Área Externa,desktop,263,61,34,24
2024-04-15,Organização,mobile,258,71,39,32
2024-04-15,Organização,desktop,89,20,9,7
2024-04-15,Elétrica,mobile,225,49,23,9
2024-04-15,Elétrica,desktop,200,55,29,10
2024-04-15,Hidráulica,mobile,127,24,13,5
2024-04-15,Hidráulica,desktop,226,47,22,10
2024-04-15,Pintura e Acabamento,mobile,168,33,19,11
2024-04-15,Pintura e Acabamento,desktop,117,23,13,7
2024-04-15,Segurança,mobile,193,40,20,5
2024-04-15,Segurança,desktop,289,58,28,9
2024-04-16,Ferramentas,mobile,91,16,8,4
2024-04-16,Ferramentas,desktop,166,45,24,13
2024-04-16,Iluminação,mobile,172,40,23,15
2024-04-16,Iluminação,desktop,96,19,10,6
2024-04-16,Utilidades Domésticas,mobile,112,26,15,10
2024-04-16,Utilidades Domésticas,desktop,196,51,28,23
2024-04-16,Jardim e Área Externa,mobile,230,63,37,25
2024-04-16,Jardim e Área Externa,desktop,148,41,20,14
2024-04-16,Organização,mobile,274,65,38,25
2024-04-16,Organização,desktop,204,53,25,19
2024-04-16,Elétrica,mobile,126,33,15,6
2024-04-16,Elétrica,desktop,145,38,22,9
2024-04-16,Hidráulica,mobile,262,71,37,15
2024-04-16,Hidráulica,desktop,122,30,14,6
2024-04-16,Pintura e Acabamento,mobile,179,44,21,15
2024-04-16,Pintura e Acabamento,desktop,124,24,12,7
2024-04-16,Segurança,mobile,290,71,34,10
2024-04-16,Segurança,desktop,193,44,23,7
2024-04-17,Ferramentas,mobile,225,47,24,13
2024-04-17,Ferramentas,desktop,249,62,27,17
2024-04-17,Iluminação,mobile,127,33,18,13
2024-04-17,Iluminação,desktop,297,74,40,28
2024-04-17,Utilidades Domésticas,mobile,251,50,28,20
2024-04-17,Utilidades Domésticas,desktop,278,59,33,23
2024-04-17,Jardim e Área Externa,mobile,266,72,36,19
2024-04-17,Jardim e Área Externa,desktop,267,52,24,16
2024-04-17,Organização,mobile,232,54,31,20
2024-04-17,Organização,desktop,115,25,11,7
2024-04-17,Elétrica,mobile,200,39,23,8
2024-04-17,Elétrica,desktop,215,42,21,7
2024-04-17,Hidráulica,mobile,85,20,11,5
2024-04-17,Hidráulica,desktop,239,56,33,12
2024-04-17,Pintura e Acabamento,mobile,125,29,15,8
2024-04-17,Pintura e Acabamento,desktop,292,79,38,22
2024-04-17,Segurança,mobile,251,48,25,8
2024-04-17,Segurança,desktop,257,47,27,10
2024-04-18,Ferramentas,mobile,265,60,34,18
2024-04-18,Ferramentas,desktop,173,39,20,12
2024-04-18,Iluminação,mobile,293,80,42,31
2024-04-18,Iluminação,desktop,128,34,18,13
2024-04-18,Utilidades Domésticas,mobile,85,18,8,6
2024-04-18,Utilidades Domésticas,desktop,202,56,25,21
2024-04-18,Jardim e Área Externa,mobile,99,18,9,5
2024-04-18,Jardim e Área Externa,desktop,124,26,14,7
2024-04-18,Organização,mobile,135,34,18,13
2024-04-18,Organização,desktop,167,37,17,10
2024-04-18,Elétrica,mobile,101,20,11,3
2024-04-18,Elétrica,desktop,119,32,18,7
2024-04-18,Hidráulica,mobile,198,52,27,12
2024-04-18,Hidráulica,desktop,233,42,24,10
2024-04-18,Pintura e Acabamento,mobile,227,46,27,19
2024-04-18,Pintura e Acabamento,desktop,195,45,23,15
2024-04-18,Segurança,mobile,140,31,17,5
2024-04-18,Segurança,desktop,288,54,28,8
2024-04-19,Ferramentas,mobile,269,58,29,18
2024-04-19,Ferramentas,desktop,174,35,16,9
2024-04-19,Iluminação,mobile,201,45,24,15
2024-04-19,Iluminação,desktop,124,33,16,9
2024-04-19,Utilidades Domésticas,mobile,277,59,28,19
2024-04-19,Utilidades Domésticas,desktop,130,33,16,11
2024-04-19,Jardim e Área Externa,mobile,169,37,21,13
2024-04-19,Jardim e Área Externa,desktop,232,51,25,15
2024-04-19,Organização,mobile,109,20,10,7
2024-04-19,Organização,desktop,158,32,15,11
2024-04-19,Elétrica,mobile,256,59,34,13
2024-04-19,Elétrica,desktop,227,45,20,8
2024-04-19,Hidráulica,mobile,203,42,24,9
2024-04-19,Hidráulica,desktop,129,24,11,5
2024-04-19,Pintura e Acabamento,mobile,130,34,16,11
2024-04-19,Pintura e Acabamento,desktop,94,25,14,8
2024-04-19,Segurança,mobile,281,57,26,9
2024-04-19,Segurança,desktop,100,26,11,3
2024-04-20,Ferramentas,mobile,295,61,34,22
2024-04-20,Ferramentas,desktop,128,25,12,7
2024-04-20,Iluminação,mobile,182,41,20,14
2024-04-20,Iluminação,desktop,276,67,39,29
2024-04-20,Utilidades Domésticas,mobile,176,47,26,21
2024-04-20,Utilidades Domésticas,desktop,244,51,25,16
2024-04-20,Jardim e Área Externa,mobile,200,47,21,15
2024-04-20,Jardim e Área Externa,desktop,140,34,15,9
2024-04-20,Organização,mobile,235,42,20,15
2024-04-20,Organização,desktop,249,64,37,27
2024-04-20,Elétrica,mobile,183,50,25,9
2024-04-20,Elétrica,desktop,283,76,44,18
2024-04-20,Hidráulica,mobile,248,59,26,12
2024-04-20,Hidráulica,desktop,183,34,16,6
2024-04-20,Pintura e Acabamento,mobile,198,46,24,15
2024-04-20,Pintura e Acabamento,desktop,128,35,18,12
2024-04-20,Segurança,mobile,256,59,32,11
2024-04-20,Segurança,desktop,99,26,12,4
2024-04-21,Ferramentas,mobile,170,41,24,14
2024-04-21,Ferramentas,desktop,88,23,11,6
2024-04-21,Iluminação,mobile,251,55,27,18
2024-04-21,Iluminação,desktop,106,25,14,9
2024-04-21,Utilidades Domésticas,mobile,165,38,17,13
2024-04-21,Utilidades Domésticas,desktop,91,21,11,7
2024-04-21,Jardim e Área Externa,mobile,173,36,17,9
2024-04-21,Jardim e Área Externa,desktop,258,58,26,18
2024-04-21,Organização,mobile,162,34,15,10
2024-04-21,Organização,desktop,237,58,31,22
2024-04-21,Elétrica,mobile,95,21,12,4
2024-04-21,Elétrica,desktop,158,43,19,7
2024-04-21,Hidráulica,mobile,122,28,13,6
2024-04-21,Hidráulica,desktop,205,45,25,9
2024-04-21,Pintura e Acabamento,mobile,245,68,40,27
2024-04-21,Pintura e Acabamento,desktop,238,58,26,18
2024-04-21,Segurança,mobile,281,68,38,13
2024-04-21,Segurança,desktop,221,60,29,9
2024-04-22,Ferramentas,mobile,148,28,13,7
2024-04-22,Ferramentas,desktop,184,49,28,16
2024-04-22,Iluminação,mobile,122,22,11,8
2024-04-22,Iluminação,desktop,139,38,21,14
2024-04-22,Utilidades Domésticas,mobile,137,24,11,8
2024-04-22,Utilidades Domésticas,desktop,131,34,15,11
2024-04-22,Jardim e Área Externa,mobile,209,56,31,19
2024-04-22,Jardim e Área Externa,desktop,140,36,17,9
2024-04-22,Organização,mobile,129,29,13,8
2024-04-22,Organização,desktop,105,26,15,9
2024-04-22,Elétrica,mobile,242,44,23,10
2024-04-22,Elétrica,desktop,85,16,8,3
2024-04-22,Hidráulica,mobile,171,43,20,7
2024-04-22,Hidráulica,desktop,208,48,22,9
2024-04-22,Pintura e Acabamento,mobile,95,22,12,8
2024-04-22,Pintura e Acabamento,desktop,216,51,28,16
2024-04-22,Segurança,mobile,104,24,13,3
2024-04-22,Segurança,desktop,135,35,19,6
2024-04-23,Ferramentas,mobile,202,40,18,9
2024-04-23,Ferramentas,desktop,263,60,29,16
2024-04-23,Iluminação,mobile,241,51,28,18
2024-04-23,Iluminação,desktop,162,42,24,19
2024-04-23,Utilidades Domésticas,mobile,215,58,28,20
2024-04-23,Utilidades Domésticas,desktop,274,52,29,24
2024-04-23,Jardim e Área Externa,mobile,110,27,12,6
2024-04-23,Jardim e Área Externa,desktop,289,52,30,18
2024-04-23,Organização,mobile,259,48,21,14
2024-04-23,Organização,desktop,224,52,31,22
2024-04-23,Elétrica,mobile,221,48,27,9
2024-04-23,Elétrica,desktop,131,25,12,4
2024-04-23,Hidráulica,mobile,118,22,12,5
2024-04-23,Hidráulica,desktop,142,28,16,6
2024-04-23,Pintura e Acabamento,mobile,274,59,34,20
2024-04-23,Pintura e Acabamento,desktop,98,18,9,6
2024-04-23,Segurança,mobile,193,43,24,8
2024-04-23,Segurança,desktop,220,41,24,8
2024-04-24,Ferramentas,mobile,144,37,21,14
2024-04-24,Ferramentas,desktop,157,43,25,14
2024-04-24,Iluminação,mobile,81,17,7,5
2024-04-24,Iluminação,desktop,113,24,14,9
2024-04-24,Utilidades Domésticas,mobile,296,74,43,28
2024-04-24,Utilidades Domésticas,desktop,198,44,26,17
2024-04-24,Jardim e Área Externa,mobile,100,19,11,6
2024-04-24,Jardim e Área Externa,desktop,264,57,29,16
2024-04-24,Organização,mobile,231,62,37,23
2024-04-24,Organização,desktop,135,37,21,16
2024-04-24,Elétrica,mobile,105,28,16,7
2024-04-24,Elétrica,desktop,89,24,14,4
2024-04-24,Hidráulica,mobile,214,57,32,15
2024-04-24,Hidráulica,desktop,121,28,15,5
2024-04-24,Pintura e Acabamento,mobile,96,18,10,7
2024-04-24,Pintura e Acabamento,desktop,289,79,39,25
2024-04-24,Segurança,mobile,148,36,19,5
2024-04-24,Segurança,desktop,206,46,22,6
2024-04-25,Ferramentas,mobile,140,36,17,9
2024-04-25,Ferramentas,desktop,224,52,26,17
2024-04-25,Iluminação,mobile,89,18,8,6
2024-04-25,Iluminação,desktop,121,21,10,6
2024-04-25,Utilidades Domésticas,mobile,111,29,16,10
2024-04-25,Utilidades Domésticas,desktop,114,31,16,12
2024-04-25,Jardim e Área Externa,mobile,222,57,28,18
2024-04-25,Jardim e Área Externa,desktop,160,42,25,13
2024-04-25,Organização,mobile,158,29,16,9
2024-04-25,Organização,desktop,188,33,17,12
2024-04-25,Elétrica,mobile,207,48,27,10
2024-04-25,Elétrica,desktop,228,50,24,8
2024-04-25,Hidráulica,mobile,270,52,24,10
2024-04-25,Hidráulica,desktop,124,28,12,5
2024-04-25,Pintura e Acabamento,mobile,147,27,16,11
2024-04-25,Pintura e Acabamento,desktop,184,47,22,12
2024-04-25,Segurança,mobile,279,76,36,9
2024-04-25,Segurança,desktop,283,52,24,7
2024-04-26,Ferramentas,mobile,289,56,29,17
2024-04-26,Ferramentas,desktop,117,26,13,7
2024-04-26,Iluminação,mobile,85,21,9,6
2024-04-26,Iluminação,desktop,96,22,10,6
2024-04-26,Utilidades Domésticas,mobile,142,34,19,16
2024-04-26,Utilidades Domésticas,desktop,119,31,16,12
2024-04-26,Jardim e Área Externa,mobile,118,28,16,9
2024-04-26,Jardim e Área Externa,desktop,281,67,32,23
2024-04-26,Organização,mobile,137,31,16,11
2024-04-26,Organização,desktop,206,48,23,17
2024-04-26,Elétrica,mobile,159,36,20,7
2024-04-26,Elétrica,desktop,111,26,14,5
2024-04-26,Hidráulica,mobile,140,37,21,9
2024-04-26,Hidráulica,desktop,185,47,25,11
2024-04-26,Pintura e Acabamento,mobile,187,44,22,14
2024-04-26,Pintura e Acabamento,desktop,247,68,39,28
2024-04-26,Segurança,mobile,89,17,8,2
2024-04-26,Segurança,desktop,103,27,15,4
2024-04-27,Ferramentas,mobile,122,24,13,7
2024-04-27,Ferramentas,desktop,243,54,29,17
2024-04-27,Iluminação,mobile,279,66,37,25
2024-04-27,Iluminação,desktop,215,53,28,19
2024-04-27,Utilidades Domésticas,mobile,108,28,15,11
2024-04-27,Utilidades Domésticas,desktop,131,30,15,10
2024-04-27,Jardim e Área Externa,mobile,134,35,16,9
2024-04-27,Jardim e Área Externa,desktop,243,45,22,12
2024-04-27,Organização,mobile,223,45,20,13
2024-04-27,Organização,desktop,177,44,20,13
2024-04-27,Elétrica,mobile,188,40,21,7
2024-04-27,Elétrica,desktop,182,46,24,8
2024-04-27,Hidráulica,mobile,241,49,23,9
2024-04-27,Hidráulica,desktop,196,45,21,7
2024-04-27,Pintura e Acabamento,mobile,247,64,32,24
2024-04-27,Pintura e Acabamento,desktop,85,15,8,5
2024-04-27,Segurança,mobile,127,32,16,4
2024-04-27,Segurança,desktop,164,45,23,7
2024-04-28,Ferramentas,mobile,166,32,18,10
2024-04-28,Ferramentas,desktop,271,59,31,16
2024-04-28,Iluminação,mobile,199,41,21,13
2024-04-28,Iluminação,desktop,260,59,32,20
2024-04-28,Utilidades Domésticas,mobile,215,48,23,17
2024-04-28,Utilidades Domésticas,desktop,252,66,32,25
2024-04-28,Jardim e Área Externa,mobile,288,55,29,19
2024-04-28,Jardim e Área Externa,desktop,261,68,39,26
2024-04-28,Organização,mobile,242,45,26,20
2024-04-28,Organização,desktop,102,21,10,7
2024-04-28,Elétrica,mobile,150,29,15,5
2024-04-28,Elétrica,desktop,293,63,30,11
2024-04-28,Hidráulica,mobile,133,29,14,5
2024-04-28,Hidráulica,desktop,135,28,13,5
2024-04-28,Pintura e Acabamento,mobile,143,27,13,9
2024-04-28,Pintura e Acabamento,desktop,125,27,15,10
2024-04-28,Segurança,mobile,107,24,11,3
2024-04-28,Segurança,desktop,147,36,16,4
2024-04-29,Ferramentas,mobile,268,57,30,17
2024-04-29,Ferramentas,desktop,177,44,23,11
2024-04-29,Iluminação,mobile,83,17,8,6
2024-04-29,Iluminação,desktop,174,36,16,11
2024-04-29,Utilidades Domésticas,mobile,231,52,26,18
2024-04-29,Utilidades Domésticas,desktop,204,51,25,21
2024-04-29,Jardim e Área Externa,mobile,95,17,8,4
2024-04-29,Jardim e Área Externa,desktop,106,21,10,7
2024-04-29,Organização,mobile,210,55,29,22
2024-04-29,Organização,desktop,127,24,13,8
2024-04-29,Elétrica,mobile,132,31,17,6
2024-04-29,Elétrica,desktop,276,52,28,11
2024-04-29,Hidráulica,mobile,135,32,15,7
2024-04-29,Hidráulica,desktop,180,38,17,7
2024-04-29,Pintura e Acabamento,mobile,202,41,18,11
2024-04-29,Pintura e Acabamento,desktop,119,22,11,7
2024-04-29,Segurança,mobile,293,59,27,9
2024-04-29,Segurança,desktop,84,21,11,3
2024-04-30,Ferramentas,mobile,80,17,8,4
2024-04-30,Ferramentas,desktop,252,58,27,15
2024-04-30,Iluminação,mobile,227,56,31,20
2024-04-30,Iluminação,desktop,219,47,23,18
2024-04-30,Utilidades Domésticas,mobile,89,16,7,4
2024-04-30,Utilidades Domésticas,desktop,282,58,29,24
2024-04-30,Jardim e Área Externa,mobile,125,24,14,7
2024-04-30,Jardim e Área Externa,desktop,288,67,30,22
2024-04-30,Organização,mobile,123,24,10,7
2024-04-30,Organização,desktop,258,59,31,24
2024-04-30,Elétrica,mobile,205,40,22,7
2024-04-30,Elétrica,desktop,87,17,8,3
2024-04-30,Hidráulica,mobile,298,68,38,14
2024-04-30,Hidráulica,desktop,127,27,14,5
2024-04-30,Pintura e Acabamento,mobile,165,45,21,14
2024-04-30,Pintura e Acabamento,desktop,233,63,31,18
2024-04-30,Segurança,mobile,298,80,36,11
2024-04-30,Segurança,desktop,221,56,30,10
2024-05-01,Ferramentas,mobile,200,36,18,11
2024-05-01,Ferramentas,desktop,175,36,18,9
2024-05-01,Iluminação,mobile,81,22,11,7
2024-05-01,Iluminação,desktop,101,18,9,6
2024-05-01,Utilidades Domésticas,mobile,90,16,7,5
2024-05-01,Utilidades Domésticas,desktop,178,45,22,18
2024-05-01,Jardim e Área Externa,mobile,263,61,36,21
2024-05-01,Jardim e Área Externa,desktop,178,33,15,9
2024-05-01,Organização,mobile,85,22,13,10
2024-05-01,Organização,desktop,245,51,29,18
2024-05-01,Elétrica,mobile,297,71,32,11
2024-05-01,Elétrica,desktop,136,31,16,6
2024-05-01,Hidráulica,mobile,92,22,11,4
2024-05-01,Hidráulica,desktop,158,31,15,7
2024-05-01,Pintura e Acabamento,mobile,165,43,22,13
2024-05-01,Pintura e Acabamento,desktop,112,29,14,8
2024-05-01,Segurança,mobile,295,59,28,10
2024-05-01,Segurança,desktop,125,25,11,3
2024-05-02,Ferramentas,mobile,217,55,32,19
2024-05-02,Ferramentas,desktop,102,26,12,7
2024-05-02,Iluminação,mobile,116,21,12,8
2024-05-02,Iluminação,desktop,279,61,33,26
2024-05-02,Utilidades Domésticas,mobile,255,55,31,20
2024-05-02,Utilidades Domésticas,desktop,250,59,33,25
2024-05-02,Jardim e Área Externa,mobile,119,32,15,9
2024-05-02,Jardim e Área Externa,desktop,146,31,15,8
2024-05-02,Organização,mobile,277,64,36,24
2024-05-02,Organização,desktop,106,21,9,6
2024-05-02,Elétrica,mobile,84,17,9,3
2024-05-02,Elétrica,desktop,120,31,17,7
2024-05-02,Hidráulica,mobile,244,51,30,12
2024-05-02,Hidráulica,desktop,176,46,26,11
2024-05-02,Pintura e Acabamento,mobile,192,40,19,13
2024-05-02,Pintura e Acabamento,desktop,182,37,17,13
2024-05-02,Segurança,mobile,244,64,36,11
2024-05-02,Segurança,desktop,292,72,37,11
2024-05-03,Ferramentas,mobile,270,67,31,17
2024-05-03,Ferramentas,desktop,192,39,20,10
2024-05-03,Iluminação,mobile,228,63,37,26
2024-05-03,Iluminação,desktop,182,46,21,13
2024-05-03,Utilidades Domésticas,mobile,120,27,14,11
2024-05-03,Utilidades Domésticas,desktop,161,33,16,11
2024-05-03,Jardim e Área Externa,mobile,290,62,30,19
2024-05-03,Jardim e Área Externa,desktop,130,31,15,11
2024-05-03,Organização,mobile,222,45,23,17
2024-05-03,Organização,desktop,81,15,8,4
2024-05-03,Elétrica,mobile,118,24,11,4
2024-05-03,Elétrica,desktop,156,29,16,6
2024-05-03,Hidráulica,mobile,234,59,26,11
2024-05-03,Hidráulica,desktop,105,26,12,5
2024-05-03,Pintura e Acabamento,mobile,241,63,34,20
2024-05-03,Pintura e Acabamento,desktop,284,66,31,22
2024-05-03,Segurança,mobile,103,25,14,5
2024-05-03,Segurança,desktop,202,47,25,7
2024-05-04,Ferramentas,mobile,219,43,23,13
2024-05-04,Ferramentas,desktop,236,55,26,17
2024-05-04,Iluminação,mobile,132,24,12,9
2024-05-04,Iluminação,desktop,137,35,18,11
2024-05-04,Utilidades Domésticas,mobile,263,72,32,27
2024-05-04,Utilidades Domésticas,desktop,172,33,19,16
2024-05-04,Jardim e Área Externa,mobile,287,60,31,20
2024-05-04,Jardim e Área Externa,desktop,203,55,30,17
2024-05-04,Organização,mobile,125,28,15,9
2024-05-04,Organização,desktop,158,32,19,12
2024-05-04,Elétrica,mobile,213,52,25,9
2024-05-04,Elétrica,desktop,243,47,26,9
2024-05-04,Hidráulica,mobile,244,64,29,13
2024-05-04,Hidráulica,desktop,278,71,38,14
2024-05-04,Pintura e Acabamento,mobile,128,31,15,10
2024-05-04,Pintura e Acabamento,desktop,186,44,21,13
2024-05-04,Segurança,mobile,168,42,24,8
2024-05-04,Segurança,desktop,134,32,16,4
2024-05-05,Ferramentas,mobile,151,29,16,10
2024-05-05,Ferramentas,desktop,295,60,27,14
2024-05-05,Iluminação,mobile,104,26,12,9
2024-05-05,Iluminação,desktop,155,39,22,13
2024-05-05,Utilidades Domésticas,mobile,158,31,17,11
2024-05-05,Utilidades Domésticas,desktop,203,44,21,15
2024-05-05,Jardim e Área Externa,mobile,252,69,31,21
2024-05-05,Jardim e Área Externa,desktop,292,55,27,18
2024-05-05,Organização,mobile,251,69,39,30
2024-05-05,Organização,desktop,185,33,15,11
2024-05-05,Elétrica,mobile,220,54,25,10
2024-05-05,Elétrica,desktop,88,18,10,3
2024-05-05,Hidráulica,mobile,160,39,17,7
2024-05-05,Hidráulica,desktop,217,39,19,8
2024-05-05,Pintura e Acabamento,mobile,169,40,23,15
2024-05-05,Pintura e Acabamento,desktop,287,64,31,22
2024-05-05,Segurança,mobile,94,18,9,2
2024-05-05,Segurança,desktop,277,65,31,11
2024-05-06,Ferramentas,mobile,274,72,34,23
2024-05-06,Ferramentas,desktop,207,38,18,9
2024-05-06,Iluminação,mobile,197,45,22,14
2024-05-06,Iluminação,desktop,272,49,25,18
2024-05-06,Utilidades Domésticas,mobile,248,55,28,21
2024-05-06,Utilidades Domésticas,desktop,147,27,14,11
2024-05-06,Jardim e Área Externa,mobile,292,72,40,29
2024-05-06,Jardim e Área Externa,desktop,81,21,12,6
2024-05-06,Organização,mobile,245,49,23,15
2024-05-06,Organização,desktop,92,21,11,7
2024-05-06,Elétrica,mobile,221,40,19,8
2024-05-06,Elétrica,desktop,240,60,31,13
2024-05-06,Hidráulica,mobile,145,27,13,5
2024-05-06,Hidráulica,desktop,223,58,26,9
2024-05-06,Pintura e Acabamento,mobile,139,36,16,10
2024-05-06,Pintura e Acabamento,desktop,299,73,40,23
2024-05-06,Segurança,mobile,188,50,27,8
2024-05-06,Segurança,desktop,125,25,14,4
2024-05-07,Ferramentas,mobile,296,67,40,25
2024-05-07,Ferramentas,desktop,85,20,10,5
2024-05-07,Iluminação,mobile,214,47,24,15
2024-05-07,Iluminação,desktop,85,17,8,6
2024-05-07,Utilidades Domésticas,mobile,107,27,15,10
2024-05-07,Utilidades Domésticas,desktop,221,52,26,16
2024-05-07,Jardim e Área Externa,mobile,270,49,22,14
2024-05-07,Jardim e Área Externa,desktop,291,77,36,23
2024-05-07,Organização,mobile,132,35,16,10
2024-05-07,Organização,desktop,141,37,21,16
2024-05-07,Elétrica,mobile,235,52,26,9
2024-05-07,Elétrica,desktop,297,54,27,9
2024-05-07,Hidráulica,mobile,116,32,17,8
2024-05-07,Hidráulica,desktop,106,21,10,4
2024-05-07,Pintura e Acabamento,mobile,233,50,28,20
2024-05-07,Pintura e Acabamento,desktop,154,39,19,14
2024-05-07,Segurança,mobile,173,48,27,7
2024-05-07,Segurança,desktop,140,36,19,6
2024-05-08,Ferramentas,mobile,98,26,14,7
2024-05-08,Ferramentas,desktop,272,63,28,18
2024-05-08,Iluminação,mobile,278,62,31,20
2024-05-08,Iluminação,desktop,209,41,20,12
2024-05-08,Utilidades Domésticas,mobile,91,18,9,7
2024-05-08,Utilidades Domésticas,desktop,95,21,10,8
2024-05-08,Jardim e Área Externa,mobile,232,50,28,18
2024-05-08,Jardim e Área Externa,desktop,249,46,26,19
2024-05-08,Organização,mobile,242,62,32,23
2024-05-08,Organização,desktop,153,28,13,9
2024-05-08,Elétrica,mobile,242,45,23,8
2024-05-08,Elétrica,desktop,124,32,16,6
2024-05-08,Hidráulica,mobile,156,33,18,6
2024-05-08,Hidráulica,desktop,192,50,26,11
2024-05-08,Pintura e Acabamento,mobile,210,40,18,10
2024-05-08,Pintura e Acabamento,desktop,249,58,31,19
2024-05-08,Segurança,mobile,269,48,25,8
2024-05-08,Segurança,desktop,228,58,27,9
2024-05-09,Ferramentas,mobile,220,61,35,24
2024-05-09,Ferramentas,desktop,287,65,38,25
2024-05-09,Iluminação,mobile,253,63,30,19
2024-05-09,Iluminação,desktop,286,59,33,20
2024-05-09,Utilidades Domésticas,mobile,81,21,10,8
2024-05-09,Utilidades Domésticas,desktop,91,21,11,7
2024-05-09,Jardim e Área Externa,mobile,179,32,18,13
2024-05-09,Jardim e Área Externa,desktop,221,44,22,15
2024-05-09,Organização,mobile,202,40,23,16
2024-05-09,Organização,desktop,181,33,18,14
2024-05-09,Elétrica,mobile,164,44,22,8
2024-05-09,Elétrica,desktop,292,74,39,17
2024-05-09,Hidráulica,mobile,264,49,27,10
2024-05-09,Hidráulica,desktop,137,37,19,8
2024-05-09,Pintura e Acabamento,mobile,230,51,23,13
2024-05-09,Pintura e Acabamento,desktop,94,24,13,9
2024-05-09,Segurança,mobile,156,30,16,4
2024-05-09,Segurança,desktop,89,16,9,3
2024-05-10,Ferramentas,mobile,261,47,25,13
2024-05-10,Ferramentas,desktop,169,32,16,9
2024-05-10,Iluminação,mobile,156,39,21,13
2024-05-10,Iluminação,desktop,83,19,8,5
2024-05-10,Utilidades Domésticas,mobile,160,33,17,13
2024-05-10,Utilidades Domésticas,desktop,272,60,32,26
2024-05-10,Jardim e Área Externa,mobile,182,35,20,12
2024-05-10,Jardim e Área Externa,desktop,191,43,25,14
2024-05-10,Organização,mobile,120,29,16,9
2024-05-10,Organização,desktop,140,29,14,9
2024-05-10,Elétrica,mobile,215,49,22,9
2024-05-10,Elétrica,desktop,208,57,33,12
2024-05-10,Hidráulica,mobile,166,36,20,9
2024-05-10,Hidráulica,desktop,148,31,15,6
2024-05-10,Pintura e Acabamento,mobile,195,37,21,12
2024-05-10,Pintura e Acabamento,desktop,270,55,26,19
2024-05-10,Segurança,mobile,255,55,30,9
2024-05-10,Segurança,desktop,156,30,13,4
2024-05-11,Ferramentas,mobile,199,52,28,15
2024-05-11,Ferramentas,desktop,238,49,27,16
2024-05-11,Iluminação,mobile,288,63,36,27
2024-05-11,Iluminação,desktop,115,21,11,6
2024-05-11,Utilidades Domésticas,mobile,82,19,9,6
2024-05-11,Utilidades Domésticas,desktop,101,22,12,7
2024-05-11,Jardim e Área Externa,mobile,191,41,20,11
2024-05-11,Jardim e Área Externa,desktop,80,21,11,6
2024-05-11,Organização,mobile,280,70,33,26
2024-05-11,Organização,desktop,198,42,24,17
2024-05-11,Elétrica,mobile,294,74,33,12
2024-05-11,Elétrica,desktop,111,23,10,3
2024-05-11,Hidráulica,mobile,278,76,36,17
2024-05-11,Hidráulica,desktop,251,47,25,11
2024-05-11,Pintura e Acabamento,mobile,295,59,30,17
2024-05-11,Pintura e Acabamento,desktop,259,57,33,21
2024-05-11,Segurança,mobile,295,70,37,13
2024-05-11,Segurança,desktop,80,20,9,3
2024-05-12,Ferramentas,mobile,192,53,26,15
2024-05-12,Ferramentas,desktop,158,41,20,10
2024-05-12,Iluminação,mobile,195,44,25,15
2024-05-12,Iluminação,desktop,171,36,20,14
2024-05-12,Utilidades Domésticas,mobile,285,53,28,20
2024-05-12,Utilidades Domésticas,desktop,88,18,8,5
2024-05-12,Jardim e Área Externa,mobile,209,49,26,17
2024-05-12,Jardim e Área Externa,desktop,157,39,23,14
2024-05-12,Organização,mobile,252,48,24,15
2024-05-12,Organização,desktop,121,24,12,9
2024-05-12,Elétrica,mobile,86,19,10,4
2024-05-12,Elétrica,desktop,117,30,15,5
2024-05-12,Hidráulica,mobile,205,37,19,7
2024-05-12,Hidráulica,desktop,152,27,13,5
2024-05-12,Pintura e Acabamento,mobile,279,65,33,21
2024-05-12,Pintura e Acabamento,desktop,252,65,37,28
2024-05-12,Segurança,mobile,128,23,13,3
2024-05-12,Segurança,desktop,222,48,24,8
2024-05-13,Ferramentas,mobile,179,45,24,13
2024-05-13,Ferramentas,desktop,223,40,22,12
2024-05-13,Iluminação,mobile,277,57,32,23
2024-05-13,Iluminação,desktop,98,26,14,9
2024-05-13,Utilidades Domésticas,mobile,210,55,24,17
2024-05-13,Utilidades Domésticas,desktop,152,36,18,12
2024-05-13,Jardim e Área Externa,mobile,201,55,28,18
2024-05-13,Jardim e Área Externa,desktop,147,39,21,15
2024-05-13,Organização,mobile,264,59,34,25
2024-05-13,Organização,desktop,273,72,43,26
2024-05-13,Elétrica,mobile,257,71,39,16
2024-05-13,Elétrica,desktop,253,54,29,10
2024-05-13,Hidráulica,mobile,150,32,17,6
2024-05-13,Hidráulica,desktop,157,29,17,7
2024-05-13,Pintura e Acabamento,mobile,115,27,14,8
2024-05-13,Pintura e Acabamento,desktop,190,49,28,21
2024-05-13,Segurança,mobile,138,27,15,4
2024-05-13,Segurança,desktop,89,19,11,3
2024-05-14,Ferramentas,mobile,82,22,11,7
2024-05-14,Ferramentas,desktop,143,28,16,10
2024-05-14,Iluminação,mobile,265,67,32,20
2024-05-14,Iluminação,desktop,258,55,26,17
2024-05-14,Utilidades Domésticas,mobile,201,43,21,14
2024-05-14,Utilidades Domésticas,desktop,91,24,13,9
2024-05-14,Jardim e Área Externa,mobile,146,31,14,8
2024-05-14,Jardim e Área Externa,desktop,244,46,24,13
2024-05-14,Organização,mobile,193,43,25,16
2024-05-14,Organização,desktop,244,66,30,23
2024-05-14,Elétrica,mobile,296,71,38,14
2024-05-14,Elétrica,desktop,151,34,18,7
2024-05-14,Hidráulica,mobile,190,48,21,9
2024-05-14,Hidráulica,desktop,154,29,13,5
2024-05-14,Pintura e Acabamento,mobile,145,40,18,12
2024-05-14,Pintura e Acabamento,desktop,283,68,33,22
2024-05-14,Segurança,mobile,192,53,31,10
2024-05-14,Segurança,desktop,282,53,28,9
2024-05-15,Ferramentas,mobile,243,59,32,20
2024-05-15,Ferramentas,desktop,287,79,44,23
2024-05-15,Iluminação,mobile,147,35,17,10
2024-05-15,Iluminação,desktop,97,19,10,6
2024-05-15,Utilidades Domésticas,mobile,206,46,21,14
2024-05-15,Utilidades Domésticas,desktop,274,74,36,30
2024-05-15,Jardim e Área Externa,mobile,196,42,18,12
2024-05-15,Jardim e Área Externa,desktop,89,19,11,6
2024-05-15,Organização,mobile,296,58,29,21
2024-05-15,Organização,desktop,121,30,15,10
2024-05-15,Elétrica,mobile,218,52,25,10
2024-05-15,Elétrica,desktop,208,38,19,8
2024-05-15,Hidráulica,mobile,90,20,10,4
2024-05-15,Hidráulica,desktop,156,40,19,7
2024-05-15,Pintura e Acabamento,mobile,169,44,24,17
2024-05-15,Pintura e Acabamento,desktop,235,63,36,25
2024-05-15,Segurança,mobile,227,44,21,5
2024-05-15,Segurança,desktop,235,61,27,9
2024-05-16,Ferramentas,mobile,83,20,11,6
2024-05-16,Ferramentas,desktop,125,25,14,8
2024-05-16,Iluminação,mobile,146,33,16,11
2024-05-16,Iluminação,desktop,245,62,29,19
2024-05-16,Utilidades Domésticas,mobile,238,50,24,20
2024-05-16,Utilidades Domésticas,desktop,246,48,27,21
2024-05-16,Jardim e Área Externa,mobile,186,43,24,13
2024-05-16,Jardim e Área Externa,desktop,116,24,11,6
2024-05-16,Organização,mobile,144,32,18,13
2024-05-16,Organização,desktop,292,70,39,28
2024-05-16,Elétrica,mobile,133,32,19,7
2024-05-16,Elétrica,desktop,241,54,26,8
2024-05-16,Hidráulica,mobile,232,56,32,12
2024-05-16,Hidráulica,desktop,218,57,27,10
2024-05-16,Pintura e Acabamento,mobile,294,63,28,18
2024-05-16,Pintura e Acabamento,desktop,294,70,31,18
2024-05-16,Segurança,mobile,237,63,36,12
2024-05-16,Segurança,desktop,130,29,15,5
2024-05-17,Ferramentas,mobile,179,34,15,9
2024-05-17,Ferramentas,desktop,101,22,12,7
2024-05-17,Iluminação,mobile,188,41,21,13
2024-05-17,Iluminação,desktop,85,18,8,6
2024-05-17,Utilidades Domésticas,mobile,123,23,11,7
2024-05-17,Utilidades Domésticas,desktop,257,56,30,23
2024-05-17,Jardim e Área Externa,mobile,277,68,30,19
2024-05-17,Jardim e Área Externa,desktop,93,24,11,6
2024-05-17,Organização,mobile,90,23,13,10
2024-05-17,Organização,desktop,159,41,21,14
2024-05-17,Elétrica,mobile,132,25,14,5
2024-05-17,Elétrica,desktop,207,53,27,10
2024-05-17,Hidráulica,mobile,132,25,13,6
2024-05-17,Hidráulica,desktop,258,60,33,12
2024-05-17,Pintura e Acabamento,mobile,178,35,18,13
2024-05-17,Pintura e Acabamento,desktop,249,67,35,26
2024-05-17,Segurança,mobile,99,22,10,3
2024-05-17,Segurança,desktop,206,49,27,7
2024-05-18,Ferramentas,mobile,176,38,18,9
2024-05-18,Ferramentas,desktop,190,38,19,11
2024-05-18,Iluminação,mobile,160,38,19,13
2024-05-18,Iluminação,desktop,103,23,11,7
2024-05-18,Utilidades Domésticas,mobile,110,23,10,7
2024-05-18,Utilidades Domésticas,desktop,108,29,17,12
2024-05-18,Jardim e Área Externa,mobile,262,63,32,21
2024-05-18,Jardim e Área Externa,desktop,240,52,27,17
2024-05-18,Organização,mobile,250,53,25,15
2024-05-18,Organização,desktop,168,32,17,10
2024-05-18,Elétrica,mobile,192,41,20,8
2024-05-18,Elétrica,desktop,293,63,32,10
2024-05-18,Hidráulica,mobile,160,38,18,8
2024-05-18,Hidráulica,desktop,249,47,25,11
2024-05-18,Pintura e Acabamento,mobile,237,46,22,14
2024-05-18,Pintura e Acabamento,desktop,86,20,9,6
2024-05-18,Segurança,mobile,119,28,15,4
2024-05-18,Segurança,desktop,259,70,34,9
2024-05-19,Ferramentas,mobile,89,16,8,4
2024-05-19,Ferramentas,desktop,255,57,33,18
2024-05-19,Iluminação,mobile,234,44,24,17
2024-05-19,Iluminação,desktop,250,45,26,15
2024-05-19,Utilidades Domésticas,mobile,273,62,31,20
2024-05-19,Utilidades Domésticas,desktop,208,51,23,17
2024-05-19,Jardim e Área Externa,mobile,179,36,19,11
2024-05-19,Jardim e Área Externa,desktop,100,20,10,6
2024-05-19,Organização,mobile,92,19,10,6
2024-05-19,Organização,desktop,125,27,12,9
2024-05-19,Elétrica,mobile,290,75,41,15
2024-05-19,Elétrica,desktop,124,23,10,3
2024-05-19,Hidráulica,mobile,194,49,23,8
2024-05-19,Hidráulica,desktop,289,59,33,14
2024-05-19,Pintura e Acabamento,mobile,210,39,22,17
2024-05-19,Pintura e Acabamento,desktop,94,24,13,8
2024-05-19,Segurança,mobile,278,72,32,11
2024-05-19,Segurança,desktop,268,58,32,11
2024-05-20,Ferramentas,mobile,144,38,21,13
2024-05-20,Ferramentas,desktop,202,55,26,16
2024-05-20,Iluminação,mobile,201,53,23,14
2024-05-20,Iluminação,desktop,236,60,32,18
2024-05-20,Utilidades Domésticas,mobile,88,17,7,5
2024-05-20,Utilidades Domésticas,desktop,230,58,34,28
2024-05-20,Jardim e Área Externa,mobile,122,30,15,9
2024-05-20,Jardim e Área Externa,desktop,228,55,25,15
2024-05-20,Organização,mobile,89,23,13,10
2024-05-20,Organização,desktop,196,54,28,20
2024-05-20,Elétrica,mobile,89,17,9,3
2024-05-20,Elétrica,desktop,284,51,28,9
2024-05-20,Hidráulica,mobile,230,59,30,11
2024-05-20,Hidráulica,desktop,235,48,24,9
2024-05-20,Pintura e Acabamento,mobile,258,58,28,18
2024-05-20,Pintura e Acabamento,desktop,92,20,10,7
2024-05-20,Segurança,mobile,110,27,15,4
2024-05-20,Segurança,desktop,112,30,16,4
2024-05-21,Ferramentas,mobile,251,57,29,15
2024-05-21,Ferramentas,desktop,234,57,25,15
2024-05-21,Iluminação,mobile,149,34,18,12
2024-05-21,Iluminação,desktop,213,49,22,13
2024-05-21,Utilidades Domésticas,mobile,241,67,33,24
2024-05-21,Utilidades Domésticas,desktop,233,60,27,23
2024-05-21,Jardim e Área Externa,mobile,87,22,13,9
2024-05-21,Jardim e Área Externa,desktop,255,66,38,26
2024-05-21,Organização,mobile,163,31,15,10
2024-05-21,Organização,desktop,249,66,33,19
2024-05-21,Elétrica,mobile,257,68,31,12
2024-05-21,Elétrica,desktop,98,26,14,5
2024-05-21,Hidráulica,mobile,89,18,9,4
2024-05-21,Hidráulica,desktop,258,67,34,16
2024-05-21,Pintura e Acabamento,mobile,95,22,11,8
2024-05-21,Pintura e Acabamento,desktop,223,51,23,14
2024-05-21,Segurança,mobile,212,46,22,7
2024-05-21,Segurança,desktop,132,24,11,4
2024-05-22,Ferramentas,mobile,221,54,31,17
2024-05-22,Ferramentas,desktop,214,49,29,15
2024-05-22,Iluminação,mobile,142,36,21,13
2024-05-22,Iluminação,desktop,193,41,19,14
2024-05-22,Utilidades Domésticas,mobile,190,43,20,13
2024-05-22,Utilidades Domésticas,desktop,125,29,16,12
2024-05-22,Jardim e Área Externa,mobile,196,52,26,19
2024-05-22,Jardim e Área Externa,desktop,129,28,13,7
2024-05-22,Organização,mobile,88,22,13,10
2024-05-22,Organização,desktop,166,39,21,13
2024-05-22,Elétrica,mobile,125,25,14,5
2024-05-22,Elétrica,desktop,164,42,20,7
2024-05-22,Hidráulica,mobile,93,22,12,4
2024-05-22,Hidráulica,desktop,136,25,12,4
2024-05-22,Pintura e Acabamento,mobile,269,55,28,19
2024-05-22,Pintura e Acabamento,desktop,245,67,35,25
2024-05-22,Segurança,mobile,80,19,8,2
2024-05-22,Segurança,desktop,116,28,12,4
2024-05-23,Ferramentas,mobile,276,70,34,19
2024-05-23,Ferramentas,desktop,116,24,11,5
2024-05-23,Iluminação,mobile,91,19,8,6
2024-05-23,Iluminação,desktop,156,36,20,11
2024-05-23,Utilidades Domésticas,mobile,106,26,13,11
2024-05-23,Utilidades Domésticas,desktop,163,39,18,14
2024-05-23,Jardim e Área Externa,mobile,221,48,28,16
2024-05-23,Jardim e Área Externa,desktop,143,30,14,7
2024-05-23,Organização,mobile,280,62,36,24
2024-05-23,Organização,desktop,166,36,18,12
2024-05-23,Elétrica,mobile,86,16,8,3
2024-05-23,Elétrica,desktop,118,25,14,5
2024-05-23,Hidráulica,mobile,237,45,24,11
2024-05-23,Hidráulica,desktop,274,73,39,18
2024-05-23,Pintura e Acabamento,mobile,244,59,32,22
2024-05-23,Pintura e Acabamento,desktop,84,21,10,7
2024-05-23,Segurança,mobile,286,62,33,12
2024-05-23,Segurança,desktop,109,26,12,4
2024-05-24,Ferramentas,mobile,120,31,15,9
2024-05-24,Ferramentas,desktop,243,45,24,16
2024-05-24,Iluminação,mobile,168,37,21,16
2024-05-24,Iluminação,desktop,106,29,16,11
2024-05-24,Utilidades Domésticas,mobile,234,55,26,17
2024-05-24,Utilidades Domésticas,desktop,247,55,26,22
2024-05-24,Jardim e Área Externa,mobile,222,49,28,16
2024-05-24,Jardim e Área Externa,desktop,93,18,10,6
2024-05-24,Organização,mobile,89,21,10,7
2024-05-24,Organização,desktop,220,53,27,20
2024-05-24,Elétrica,mobile,260,57,27,10
2024-05-24,Elétrica,desktop,213,55,28,11
2024-05-24,Hidráulica,mobile,243,50,24,11
2024-05-24,Hidráulica,desktop,283,65,31,11
2024-05-24,Pintura e Acabamento,mobile,176,38,19,12
2024-05-24,Pintura e Acabamento,desktop,99,21,9,5
2024-05-24,Segurança,mobile,185,51,29,9
2024-05-24,Segurança,desktop,222,42,21,6
2024-05-25,Ferramentas,mobile,149,34,18,11
2024-05-25,Ferramentas,desktop,288,59,31,20
2024-05-25,Iluminação,mobile,87,16,9,5
2024-05-25,Iluminação,desktop,284,55,31,18
2024-05-25,Utilidades Domésticas,mobile,289,70,32,20
2024-05-25,Utilidades Domésticas,desktop,251,49,26,17
2024-05-25,Jardim e Área Externa,mobile,219,55,25,13
2024-05-25,Jardim e Área Externa,desktop,254,49,29,18
2024-05-25,Organização,mobile,225,50,24,14
2024-05-25,Organização,desktop,182,47,25,15
2024-05-25,Elétrica,mobile,284,77,38,16
2024-05-25,Elétrica,desktop,119,30,15,5
2024-05-25,Hidráulica,mobile,205,47,25,10
2024-05-25,Hidráulica,desktop,205,57,27,10
2024-05-25,Pintura e Acabamento,mobile,172,32,18,10
2024-05-25,Pintura e Acabamento,desktop,284,65,30,22
2024-05-25,Segurança,mobile,235,62,31,9
2024-05-25,Segurança,desktop,281,54,31,9
2024-05-26,Ferramentas,mobile,82,18,8,4
2024-05-26,Ferramentas,desktop,136,29,14,8
2024-05-26,Iluminação,mobile,223,50,28,21
2024-05-26,Iluminação,desktop,104,24,13,8
2024-05-26,Utilidades Domésticas,mobile,108,24,14,11
2024-05-26,Utilidades Domésticas,desktop,216,48,26,20
2024-05-26,Jardim e Área Externa,mobile,185,39,21,14
2024-05-26,Jardim e Área Externa,desktop,86,20,11,6
2024-05-26,Organização,mobile,167,41,19,14
2024-05-26,Organização,desktop,131,24,12,8
2024-05-26,Elétrica,mobile,201,51,25,10
2024-05-26,Elétrica,desktop,128,28,15,5
2024-05-26,Hidráulica,mobile,135,24,11,4
2024-05-26,Hidráulica,desktop,81,17,8,3
2024-05-26,Pintura e Acabamento,mobile,91,25,11,8
2024-05-26,Pintura e Acabamento,desktop,292,80,46,27
2024-05-26,Segurança,mobile,245,63,35,13
2024-05-26,Segurança,desktop,110,25,12,3
2024-05-27,Ferramentas,mobile,228,44,25,15
2024-05-27,Ferramentas,desktop,124,27,12,6
2024-05-27,Iluminação,mobile,219,42,22,13
2024-05-27,Iluminação,desktop,240,65,32,21
2024-05-27,Utilidades Domésticas,mobile,111,28,15,12
2024-05-27,Utilidades Domésticas,desktop,191,39,19,16
2024-05-27,Jardim e Área Externa,mobile,138,32,14,9
2024-05-27,Jardim e Área Externa,desktop,204,50,22,15
2024-05-27,Organização,mobile,171,39,18,11
2024-05-27,Organização,desktop,177,38,22,17
2024-05-27,Elétrica,mobile,278,61,31,10
2024-05-27,Elétrica,desktop,205,54,24,8
2024-05-27,Hidráulica,mobile,173,44,23,10
2024-05-27,Hidráulica,desktop,143,37,20,7
2024-05-27,Pintura e Acabamento,mobile,224,51,27,17
2024-05-27,Pintura e Acabamento,desktop,246,55,28,16
2024-05-27,Segurança,mobile,285,52,28,10
2024-05-27,Segurança,desktop,249,69,34,10
2024-05-28,Ferramentas,mobile,206,41,20,12
2024-05-28,Ferramentas,desktop,101,24,11,6
2024-05-28,Iluminação,mobile,145,31,14,10
2024-05-28,Iluminação,desktop,88,19,10,6
2024-05-28,Utilidades Domésticas,mobile,263,63,32,22
2024-05-28,Utilidades Domésticas,desktop,147,31,17,11
2024-05-28,Jardim e Área Externa,mobile,265,66,36,24
2024-05-28,Jardim e Área Externa,desktop,123,33,16,9
2024-05-28,Organização,mobile,272,73,35,25
2024-05-28,Organização,desktop,178,43,23,16
2024-05-28,Elétrica,mobile,210,47,22,7
2024-05-28,Elétrica,desktop,160,35,15,5
2024-05-28,Hidráulica,mobile,239,60,30,14
2024-05-28,Hidráulica,desktop,142,35,17,6
2024-05-28,Pintura e Acabamento,mobile,255,70,40,23
2024-05-28,Pintura e Acabamento,desktop,100,18,10,6
2024-05-28,Segurança,mobile,256,57,30,9
2024-05-28,Segurança,desktop,159,43,23,8
2024-05-29,Ferramentas,mobile,169,40,18,12
2024-05-29,Ferramentas,desktop,194,46,24,14
2024-05-29,Iluminação,mobile,184,35,20,14
2024-05-29,Iluminação,desktop,128,25,13,9
2024-05-29,Utilidades Domésticas,mobile,256,49,28,21
2024-05-29,Utilidades Domésticas,desktop,266,67,30,21
2024-05-29,Jardim e Área Externa,mobile,189,38,19,14
2024-05-29,Jardim e Área Externa,desktop,188,43,23,16
2024-05-29,Organização,mobile,172,39,18,11
2024-05-29,Organização,desktop,151,33,15,12
2024-05-29,Elétrica,mobile,285,75,34,11
2024-05-29,Elétrica,desktop,228,43,21,9
2024-05-29,Hidráulica,mobile,116,30,15,6
2024-05-29,Hidráulica,desktop,127,26,15,7
2024-05-29,Pintura e Acabamento,mobile,238,56,29,17
2024-05-29,Pintura e Acabamento,desktop,114,26,13,9
2024-05-29,Segurança,mobile,210,52,27,8
2024-05-29,Segurança,desktop,278,56,33,11
2024-05-30,Ferramentas,mobile,282,68,35,23
2024-05-30,Ferramentas,desktop,177,40,21,11
2024-05-30,Iluminação,mobile,150,36,19,13
2024-05-30,Iluminação,desktop,247,53,26,19
2024-05-30,Utilidades Domésticas,mobile,118,29,17,11
2024-05-30,Utilidades Domésticas,desktop,228,47,25,19
2024-05-30,Jardim e Área Externa,mobile,283,69,38,21
2024-05-30,Jardim e Área Externa,desktop,129,26,13,8
2024-05-30,Organização,mobile,88,19,8,4
2024-05-30,Organização,desktop,136,34,16,11
2024-05-30,Elétrica,mobile,110,24,13,5
2024-05-30,Elétrica,desktop,103,27,14,5
2024-05-30,Hidráulica,mobile,142,37,17,8
2024-05-30,Hidráulica,desktop,84,15,7,3
2024-05-30,Pintura e Acabamento,mobile,250,53,27,20
2024-05-30,Pintura e Acabamento,desktop,202,43,20,13
2024-05-30,Segurança,mobile,287,52,29,8
2024-05-30,Segurança,desktop,132,30,14,4
2024-05-31,Ferramentas,mobile,124,25,12,7
2024-05-31,Ferramentas,desktop,287,60,33,17
2024-05-31,Iluminação,mobile,82,20,11,7
2024-05-31,Iluminação,desktop,222,56,31,18
2024-05-31,Utilidades Domésticas,mobile,171,31,17,14
2024-05-31,Utilidades Domésticas,desktop,141,29,14,11
2024-05-31,Jardim e Área Externa,mobile,120,26,15,8
2024-05-31,Jardim e Área Externa,desktop,279,68,39,24
2024-05-31,Organização,mobile,241,56,29,21
2024-05-31,Organização,desktop,258,47,27,20
2024-05-31,Elétrica,mobile,179,32,16,5
2024-05-31,Elétrica,desktop,278,64,30,12
2024-05-31,Hidráulica,mobile,277,69,37,13
2024-05-31,Hidráulica,desktop,108,27,12,5
2024-05-31,Pintura e Acabamento,mobile,177,39,22,16
2024-05-31,Pintura e Acabamento,desktop,184,47,21,12
2024-05-31,Segurança,mobile,288,73,39,13
2024-05-31,Segurança,desktop,85,18,8,2
2024-06-01,Ferramentas,mobile,188,52,30,16
2024-06-01,Ferramentas,desktop,221,47,21,13
2024-06-01,Iluminação,mobile,244,47,24,15
2024-06-01,Iluminação,desktop,283,63,29,20
2024-06-01,Utilidades Domésticas,mobile,268,54,31,20
2024-06-01,Utilidades Domésticas,desktop,193,51,24,18
2024-06-01,Jardim e Área Externa,mobile,104,25,11,6
2024-06-01,Jardim e Área Externa,desktop,261,70,32,18
2024-06-01,Organização,mobile,113,22,11,8
2024-06-01,Organização,desktop,187,46,22,17
2024-06-01,Elétrica,mobile,205,38,20,8
2024-06-01,Elétrica,desktop,112,28,15,6
2024-06-01,Hidráulica,mobile,250,61,34,15
2024-06-01,Hidráulica,desktop,230,55,27,11
2024-06-01,Pintura e Acabamento,mobile,96,24,12,7
2024-06-01,Pintura e Acabamento,desktop,111,21,11,8
2024-06-01,Segurança,mobile,236,61,36,11
2024-06-01,Segurança,desktop,218,59,32,10
2024-06-02,Ferramentas,mobile,176,37,19,12
2024-06-02,Ferramentas,desktop,178,35,15,9
2024-06-02,Iluminação,mobile,85,17,9,5
2024-06-02,Iluminação,desktop,273,69,36,24
2024-06-02,Utilidades Domésticas,mobile,156,30,17,12
2024-06-02,Utilidades Domésticas,desktop,149,28,16,12
2024-06-02,Jardim e Área Externa,mobile,118,29,15,8
2024-06-02,Jardim e Área Externa,desktop,102,23,12,7
2024-06-02,Organização,mobile,100,27,12,8
2024-06-02,Organização,desktop,230,45,26,16
2024-06-02,Elétrica,mobile,98,22,12,4
2024-06-02,Elétrica,desktop,97,23,11,4
2024-06-02,Hidráulica,mobile,285,69,31,14
2024-06-02,Hidráulica,desktop,292,54,28,12
2024-06-02,Pintura e Acabamento,mobile,104,22,12,8
2024-06-02,Pintura e Acabamento,desktop,132,28,13,9
2024-06-02,Segurança,mobile,170,36,16,5
2024-06-02,Segurança,desktop,242,63,36,13
2024-06-03,Ferramentas,mobile,170,33,18,10
2024-06-03,Ferramentas,desktop,274,50,22,12
2024-06-03,Iluminação,mobile,285,66,33,26
2024-06-03,Iluminação,desktop,122,30,13,9
2024-06-03,Utilidades Domésticas,mobile,184,46,25,19
2024-06-03,Utilidades Domésticas,desktop,134,29,13,8
2024-06-03,Jardim e Área Externa,mobile,279,63,31,22
2024-06-03,Jardim e Área Externa,desktop,122,28,15,9
2024-06-03,Organização,mobile,235,57,33,24
2024-06-03,Organização,desktop,287,60,33,24
2024-06-03,Elétrica,mobile,123,23,12,5
2024-06-03,Elétrica,desktop,92,18,10,3
2024-06-03,Hidráulica,mobile,263,49,28,12
2024-06-03,Hidráulica,desktop,226,59,26,11
2024-06-03,Pintura e Acabamento,mobile,206,51,25,18
2024-06-03,Pintura e Acabamento,desktop,156,32,18,12
2024-06-03,Segurança,mobile,289,64,36,11
2024-06-03,Segurança,desktop,199,52,28,10
2024-06-04,Ferramentas,mobile,151,39,21,11
2024-06-04,Ferramentas,desktop,223,41,24,16
2024-06-04,Iluminação,mobile,127,31,16,12
2024-06-04,Iluminação,desktop,120,33,18,13
2024-06-04,Utilidades Domésticas,mobile,111,25,13,9
2024-06-04,Utilidades Domésticas,desktop,251,60,29,25
2024-06-04,Jardim e Área Externa,mobile,253,53,25,16
2024-06-04,Jardim e Área Externa,desktop,87,23,12,8
2024-06-04,Organização,mobile,155,30,14,10
2024-06-04,Organização,desktop,92,20,10,7
2024-06-04,Elétrica,mobile,134,36,17,6
2024-06-04,Elétrica,desktop,258,66,35,14
2024-06-04,Hidráulica,mobile,261,50,29,13
2024-06-04,Hidráulica,desktop,164,34,17,6
2024-06-04,Pintura e Acabamento,mobile,251,62,34,22
2024-06-04,Pintura e Acabamento,desktop,272,75,37,24
2024-06-04,Segurança,mobile,296,56,28,9
2024-06-04,Segurança,desktop,144,28,13,4
2024-06-05,Ferramentas,mobile,151,40,23,14
2024-06-05,Ferramentas,desktop,111,25,12,7
2024-06-05,Iluminação,mobile,122,22,10,7
2024-06-05,Iluminação,desktop,159,38,22,15
2024-06-05,Utilidades Domésticas,mobile,139,38,19,14
2024-06-05,Utilidades Domésticas,desktop,177,32,16,10
2024-06-05,Jardim e Área Externa,mobile,283,63,36,23
2024-06-05,Jardim e Área Externa,desktop,170,37,18,10
2024-06-05,Organização,mobile,256,71,36,26
2024-06-05,Organização,desktop,291,66,30,21
2024-06-05,Elétrica,mobile,251,53,30,10
2024-06-05,Elétrica,desktop,209,50,25,10
2024-06-05,Hidráulica,mobile,187,35,19,7
2024-06-05,Hidráulica,desktop,220,46,22,8
2024-06-05,Pintura e Acabamento,mobile,157,39,19,12
2024-06-05,Pintura e Acabamento,desktop,96,25,12,9
2024-06-05,Segurança,mobile,266,55,29,8
2024-06-05,Segurança,desktop,242,49,25,8
2024-06-06,Ferramentas,mobile,127,23,13,6
2024-06-06,Ferramentas,desktop,160,35,18,10
2024-06-06,Iluminação,mobile,117,29,16,10
2024-06-06,Iluminação,desktop,121,27,13,7
2024-06-06,Utilidades Domésticas,mobile,113,29,13,8
2024-06-06,Utilidades Domésticas,desktop,161,43,24,16
2024-06-06,Jardim e Área Externa,mobile,92,20,9,6
2024-06-06,Jardim e Área Externa,desktop,80,21,12,8
2024-06-06,Organização,mobile,171,43,20,12
2024-06-06,Organização,desktop,105,20,11,7
2024-06-06,Elétrica,mobile,150,29,16,5
2024-06-06,Elétrica,desktop,143,36,19,7
2024-06-06,Hidráulica,mobile,202,48,28,11
2024-06-06,Hidráulica,desktop,182,49,25,12
2024-06-06,Pintura e Acabamento,mobile,154,29,13,8
2024-06-06,Pintura e Acabamento,desktop,132,27,14,8
2024-06-06,Segurança,mobile,295,77,44,12
2024-06-06,Segurança,desktop,253,54,31,9
2024-06-07,Ferramentas,mobile,165,34,18,9
2024-06-07,Ferramentas,desktop,257,71,33,18
2024-06-07,Iluminação,mobile,111,22,10,5
2024-06-07,Iluminação,desktop,299,75,41,29
2024-06-07,Utilidades Domésticas,mobile,232,62,31,27
2024-06-07,Utilidades Domésticas,desktop,84,15,7,5
2024-06-07,Jardim e Área Externa,mobile,283,71,42,24
2024-06-07,Jardim e Área Externa,desktop,86,16,7,4
2024-06-07,Organização,mobile,266,55,26,19
2024-06-07,Organização,desktop,212,39,18,13
2024-06-07,Elétrica,mobile,94,24,12,4
2024-06-07,Elétrica,desktop,216,51,27,10
2024-06-07,Hidráulica,mobile,279,77,45,20
2024-06-07,Hidráulica,desktop,114,30,13,5
2024-06-07,Pintura e Acabamento,mobile,259,48,22,15
2024-06-07,Pintura e Acabamento,desktop,193,52,23,15
2024-06-07,Segurança,mobile,99,27,15,4
2024-06-07,Segurança,desktop,210,38,22,6
2024-06-08,Ferramentas,mobile,95,20,9,5
2024-06-08,Ferramentas,desktop,168,38,21,11
2024-06-08,Iluminação,mobile,229,49,26,20
2024-06-08,Iluminação,desktop,117,31,14,8
2024-06-08,Utilidades Domésticas,mobile,275,58,27,21
2024-06-08,Utilidades Domésticas,desktop,132,25,13,10
2024-06-08,Jardim e Área Externa,mobile,236,43,25,14
2024-06-08,Jardim e Área Externa,desktop,82,15,7,4
2024-06-08,Organização,mobile,129,23,11,8
2024-06-08,Organização,desktop,83,22,10,7
2024-06-08,Elétrica,mobile,216,43,21,8
2024-06-08,Elétrica,desktop,170,32,18,6
2024-06-08,Hidráulica,mobile,158,40,23,10
2024-06-08,Hidráulica,desktop,290,66,38,17
2024-06-08,Pintura e Acabamento,mobile,173,34,18,10
2024-06-08,Pintura e Acabamento,desktop,152,34,19,11
2024-06-08,Segurança,mobile,182,34,19,6
2024-06-08,Segurança,desktop,178,40,22,6
2024-06-09,Ferramentas,mobile,154,31,17,10
2024-06-09,Ferramentas,desktop,194,38,19,12
2024-06-09,Iluminação,mobile,233,51,24,17
2024-06-09,Iluminação,desktop,264,68,39,28
2024-06-09,Utilidades Domésticas,mobile,237,43,24,20
2024-06-09,Utilidades Domésticas,desktop,201,43,23,16
2024-06-09,Jardim e Área Externa,mobile,137,25,14,9
2024-06-09,Jardim e Área Externa,desktop,135,35,17,9
2024-06-09,Organização,mobile,244,66,35,21
2024-06-09,Organização,desktop,285,55,32,23
2024-06-09,Elétrica,mobile,89,19,9,3
2024-06-09,Elétrica,desktop,181,41,19,6
2024-06-09,Hidráulica,mobile,200,41,24,10
2024-06-09,Hidráulica,desktop,233,59,32,14
2024-06-09,Pintura e Acabamento,mobile,151,30,16,12
2024-06-09,Pintura e Acabamento,desktop,133,25,11,8
2024-06-09,Segurança,mobile,149,28,16,4
2024-06-09,Segurança,desktop,236,62,28,9
2024-06-10,Ferramentas,mobile,160,36,20,13
2024-06-10,Ferramentas,desktop,276,55,29,15
2024-06-10,Iluminação,mobile,268,65,35,23
2024-06-10,Iluminação,desktop,196,47,26,17
2024-06-10,Utilidades Domésticas,mobile,271,61,27,20
2024-06-10,Utilidades Domésticas,desktop,230,53,25,16
2024-06-10,Jardim e Área Externa,mobile,144,31,14,8
2024-06-10,Jardim e Área Externa,desktop,164,35,16,9
2024-06-10,Organização,mobile,125,34,16,12
2024-06-10,Organização,desktop,173,35,17,11
2024-06-10,Elétrica,mobile,278,76,36,12
2024-06-10,Elétrica,desktop,171,31,16,6
2024-06-10,Hidráulica,mobile,176,32,14,6
2024-06-10,Hidráulica,desktop,98,24,12,4
2024-06-10,Pintura e Acabamento,mobile,199,38,19,14
2024-06-10,Pintura e Acabamento,desktop,226,59,29,19
2024-06-10,Segurança,mobile,281,69,33,11
2024-06-10,Segurança,desktop,213,49,29,10
2024-06-11,Ferramentas,mobile,260,50,28,19
2024-06-11,Ferramentas,desktop,282,69,38,19
2024-06-11,Iluminação,mobile,255,70,36,22
2024-06-11,Iluminação,desktop,118,29,16,10
2024-06-11,Utilidades Domésticas,mobile,108,29,13,11
2024-06-11,Utilidades Domésticas,desktop,146,40,19,12
2024-06-11,Jardim e Área Externa,mobile,255,58,33,18
2024-06-11,Jardim e Área Externa,desktop,295,57,26,18
2024-06-11,Organização,mobile,96,20,10,7
2024-06-11,Organização,desktop,123,28,13,8
2024-06-11,Elétrica,mobile,233,49,28,11
2024-06-11,Elétrica,desktop,116,26,15,5
2024-06-11,Hidráulica,mobile,243,51,27,10
2024-06-11,Hidráulica,desktop,265,62,32,12
2024-06-11,Pintura e Acabamento,mobile,198,40,21,13
2024-06-11,Pintura e Acabamento,desktop,80,20,11,8
2024-06-11,Segurança,mobile,220,55,30,9
2024-06-11,Segurança,desktop,295,66,37,10
2024-06-12,Ferramentas,mobile,169,46,26,16
2024-06-12,Ferramentas,desktop,282,65,30,17
2024-06-12,Iluminação,mobile,86,19,10,7
2024-06-12,Iluminação,desktop,103,23,13,8
2024-06-12,Utilidades Domésticas,mobile,193,46,26,18
2024-06-12,Utilidades Domésticas,desktop,129,29,16,12
2024-06-12,Jardim e Área Externa,mobile,80,21,10,6
2024-06-12,Jardim e Área Externa,desktop,200,38,17,10
2024-06-12,Organização,mobile,119,21,10,7
2024-06-12,Organização,desktop,229,45,26,18
2024-06-12,Elétrica,mobile,192,48,27,9
2024-06-12,Elétrica,desktop,240,52,29,10
2024-06-12,Hidráulica,mobile,207,56,30,13
2024-06-12,Hidráulica,desktop,101,25,12,5
2024-06-12,Pintura e Acabamento,mobile,128,27,12,9
2024-06-12,Pintura e Acabamento,desktop,90,16,8,6
2024-06-12,Segurança,mobile,156,31,14,5
2024-06-12,Segurança,desktop,270,59,27,9
2024-06-13,Ferramentas,mobile,141,36,19,11
2024-06-13,Ferramentas,desktop,116,32,15,8
2024-06-13,Iluminação,mobile,200,43,22,16
2024-06-13,Iluminação,desktop,178,44,24,14
2024-06-13,Utilidades Domésticas,mobile,282,75,37,30
2024-06-13,Utilidades Domésticas,desktop,287,60,31,26
2024-06-13,Jardim e Área Externa,mobile,154,35,16,10
2024-06-13,Jardim e Área Externa,desktop,211,57,31,20
2024-06-13,Organização,mobile,184,41,21,16
2024-06-13,Organização,desktop,163,38,22,16
2024-06-13,Elétrica,mobile,254,56,28,9
2024-06-13,Elétrica,desktop,176,46,27,9
2024-06-13,Hidráulica,mobile,276,55,28,12
2024-06-13,Hidráulica,desktop,110,25,14,6
2024-06-13,Pintura e Acabamento,mobile,119,31,16,10
2024-06-13,Pintura e Acabamento,desktop,80,15,7,4
2024-06-13,Segurança,mobile,269,69,40,12
2024-06-13,Segurança,desktop,276,68,32,10
2024-06-14,Ferramentas,mobile,175,40,21,11
2024-06-14,Ferramentas,desktop,116,22,10,5
2024-06-14,Iluminação,mobile,178,39,19,11
2024-06-14,Iluminação,desktop,114,29,14,9
2024-06-14,Utilidades Domésticas,mobile,281,58,30,21
2024-06-14,Utilidades Domésticas,desktop,231,54,29,20
2024-06-14,Jardim e Área Externa,mobile,90,22,12,8
2024-06-14,Jardim e Área Externa,desktop,238,66,33,18
2024-06-14,Organização,mobile,294,79,37,28
2024-06-14,Organização,desktop,278,75,38,25
2024-06-14,Elétrica,mobile,287,58,28,11
2024-06-14,Elétrica,desktop,282,75,38,17
2024-06-14,Hidráulica,mobile,177,35,17,6
2024-06-14,Hidráulica,desktop,260,56,27,11
2024-06-14,Pintura e Acabamento,mobile,234,65,32,24
2024-06-14,Pintura e Acabamento,desktop,161,41,20,15
2024-06-14,Segurança,mobile,131,26,14,3
2024-06-14,Segurança,desktop,256,62,28,9
2024-06-15,Ferramentas,mobile,261,72,42,23
2024-06-15,Ferramentas,desktop,90,19,10,6
2024-06-15,Iluminação,mobile,84,20,9,5
2024-06-15,Iluminação,desktop,276,73,34,24
2024-06-15,Utilidades Domésticas,mobile,122,22,10,8
2024-06-15,Utilidades Domésticas,desktop,139,35,18,12
2024-06-15,Jardim e Área Externa,mobile,251,52,27,17
2024-06-15,Jardim e Área Externa,desktop,219,42,19,11
2024-06-15,Organização,mobile,133,24,12,9
2024-06-15,Organização,desktop,207,51,29,18
2024-06-15,Elétrica,mobile,104,23,10,3
2024-06-15,Elétrica,desktop,104,26,13,5
2024-06-15,Hidráulica,mobile,110,30,16,6
2024-06-15,Hidráulica,desktop,219,60,32,13
2024-06-15,Pintura e Acabamento,mobile,163,33,18,12
2024-06-15,Pintura e Acabamento,desktop,156,33,17,12
2024-06-15,Segurança,mobile,240,60,29,9
2024-06-15,Segurança,desktop,281,70,41,12
2024-06-16,Ferramentas,mobile,88,20,11,6
2024-06-16,Ferramentas,desktop,249,46,20,13
2024-06-16,Iluminação,mobile,204,39,19,12
2024-06-16,Iluminação,desktop,293,81,45,30
2024-06-16,Utilidades Domésticas,mobile,241,57,27,23
2024-06-16,Utilidades Domésticas,desktop,218,49,22,16
2024-06-16,Jardim e Área Externa,mobile,223,45,23,16
2024-06-16,Jardim e Área Externa,desktop,261,48,26,17
2024-06-16,Organização,mobile,252,56,25,20
2024-06-16,Organização,desktop,286,71,38,25
2024-06-16,Elétrica,mobile,125,32,15,5
2024-06-16,Elétrica,desktop,130,29,13,5
2024-06-16,Hidráulica,mobile,124,22,13,5
2024-06-16,Hidráulica,desktop,117,29,16,7
2024-06-16,Pintura e Acabamento,mobile,281,78,38,23
2024-06-16,Pintura e Acabamento,desktop,142,34,18,11
2024-06-16,Segurança,mobile,128,30,15,4
2024-06-16,Segurança,desktop,129,24,11,3
2024-06-17,Ferramentas,mobile,234,55,26,14
2024-06-17,Ferramentas,desktop,158,40,18,11
2024-06-17,Iluminação,mobile,211,51,29,21
2024-06-17,Iluminação,desktop,154,41,24,18
2024-06-17,Utilidades Domésticas,mobile,157,43,22,18
2024-06-17,Utilidades Domésticas,desktop,294,64,32,27
2024-06-17,Jardim e Área Externa,mobile,271,73,35,19
2024-06-17,Jardim e Área Externa,desktop,269,58,33,21
2024-06-17,Organização,mobile,112,20,11,6
2024-06-17,Organização,desktop,178,49,25,16
2024-06-17,Elétrica,mobile,187,34,17,6
2024-06-17,Elétrica,desktop,277,52,24,8
2024-06-17,Hidráulica,mobile,226,52,28,10
2024-06-17,Hidráulica,desktop,157,39,22,8
2024-06-17,Pintura e Acabamento,mobile,206,43,23,15
2024-06-17,Pintura e Acabamento,desktop,198,48,22,13
2024-06-17,Segurança,mobile,291,80,45,15
2024-06-17,Segurança,desktop,162,32,15,4
2024-06-18,Ferramentas,mobile,261,47,22,14
2024-06-18,Ferramentas,desktop,121,22,10,5
2024-06-18,Iluminação,mobile,185,47,27,16
2024-06-18,Iluminação,desktop,83,20,9,5
2024-06-18,Utilidades Domésticas,mobile,141,29,17,14
2024-06-18,Utilidades Domésticas,desktop,204,39,22,14
2024-06-18,Jardim e Área Externa,mobile,114,30,17,10
2024-06-18,Jardim e Área Externa,desktop,202,38,20,14
2024-06-18,Organização,mobile,223,60,31,18
2024-06-18,Organização,desktop,107,29,15,9
2024-06-18,Elétrica,mobile,183,36,17,6
2024-06-18,Elétrica,desktop,287,64,37,14
2024-06-18,Hidráulica,mobile,96,21,10,4
2024-06-18,Hidráulica,desktop,269,52,25,9
2024-06-18,Pintura e Acabamento,mobile,273,70,34,21
2024-06-18,Pintura e Acabamento,desktop,95,21,12,8
2024-06-18,Segurança,mobile,260,72,40,12
2024-06-18,Segurança,desktop,95,21,11,3
2024-06-19,Ferramentas,mobile,93,17,8,4
2024-06-19,Ferramentas,desktop,259,69,34,21
2024-06-19,Iluminação,mobile,266,68,34,24
2024-06-19,Iluminação,desktop,241,55,31,23
2024-06-19,Utilidades Domésticas,mobile,219,55,29,18
2024-06-19,Utilidades Domésticas,desktop,211,52,30,23
2024-06-19,Jardim e Área Externa,mobile,92,18,9,6
2024-06-19,Jardim e Área Externa,desktop,120,24,11,7
2024-06-19,Organização,mobile,273,50,23,18
2024-06-19,Organização,desktop,138,35,16,11
2024-06-19,Elétrica,mobile,285,69,32,13
2024-06-19,Elétrica,desktop,159,41,23,10
2024-06-19,Hidráulica,mobile,178,32,18,7
2024-06-19,Hidráulica,desktop,224,52,29,11
2024-06-19,Pintura e Acabamento,mobile,194,42,22,13
2024-06-19,Pintura e Acabamento,desktop,146,35,19,13
2024-06-19,Segurança,mobile,167,32,15,4
2024-06-19,Segurança,desktop,195,49,22,6
2024-06-20,Ferramentas,mobile,93,16,9,4
2024-06-20,Ferramentas,desktop,221,54,25,16
2024-06-20,Iluminação,mobile,120,27,14,10
2024-06-20,Iluminação,desktop,88,20,11,8
2024-06-20,Utilidades Domésticas,mobile,185,33,16,12
2024-06-20,Utilidades Domésticas,desktop,181,33,19,14
2024-06-20,Jardim e Área Externa,mobile,221,54,32,20
2024-06-20,Jardim e Área Externa,desktop,183,39,18,10
2024-06-20,Organização,mobile,295,70,41,32
2024-06-20,Organização,desktop,240,60,32,25
2024-06-20,Elétrica,mobile,200,37,19,7
2024-06-20,Elétrica,desktop,86,16,9,3
2024-06-20,Hidráulica,mobile,260,50,28,13
2024-06-20,Hidráulica,desktop,97,23,12,5
2024-06-20,Pintura e Acabamento,mobile,148,33,17,12
2024-06-20,Pintura e Acabamento,desktop,248,46,21,13
2024-06-20,Segurança,mobile,131,35,18,5
2024-06-20,Segurança,desktop,147,32,14,3
2024-06-21,Ferramentas,mobile,94,25,12,8
2024-06-21,Ferramentas,desktop,93,23,13,7
2024-06-21,Iluminação,mobile,143,38,21,16
2024-06-21,Iluminação,desktop,85,22,10,6
2024-06-21,Utilidades Domésticas,mobile,234,46,20,14
2024-06-21,Utilidades Domésticas,desktop,254,67,34,26
2024-06-21,Jardim e Área Externa,mobile,131,24,11,6
2024-06-21,Jardim e Área Externa,desktop,227,51,27,19
2024-06-21,Organização,mobile,210,50,26,16
2024-06-21,Organização,desktop,169,43,24,18
2024-06-21,Elétrica,mobile,85,17,8,3
2024-06-21,Elétrica,desktop,151,36,19,7
2024-06-21,Hidráulica,mobile,119,31,15,6
2024-06-21,Hidráulica,desktop,266,51,26,10
2024-06-21,Pintura e Acabamento,mobile,242,57,29,17
2024-06-21,Pintura e Acabamento,desktop,290,58,29,17
2024-06-21,Segurança,mobile,276,55,31,9
2024-06-21,Segurança,desktop,228,60,28,9
2024-06-22,Ferramentas,mobile,238,42,21,11
2024-06-22,Ferramentas,desktop,124,24,12,6
2024-06-22,Iluminação,mobile,185,41,22,17
2024-06-22,Iluminação,desktop,204,47,21,12
2024-06-22,Utilidades Domésticas,mobile,255,56,27,19
2024-06-22,Utilidades Domésticas,desktop,97,20,11,9
2024-06-22,Jardim e Área Externa,mobile,189,37,17,12
2024-06-22,Jardim e Área Externa,desktop,248,51,25,15
2024-06-22,Organização,mobile,189,38,21,14
2024-06-22,Organização,desktop,125,31,14,11
2024-06-22,Elétrica,mobile,251,59,33,11
2024-06-22,Elétrica,desktop,213,41,24,8
2024-06-22,Hidráulica,mobile,110,29,16,6
2024-06-22,Hidráulica,desktop,88,21,12,5
2024-06-22,Pintura e Acabamento,mobile,219,47,25,16
2024-06-22,Pintura e Acabamento,desktop,161,29,16,9
2024-06-22,Segurança,mobile,193,38,19,5
2024-06-22,Segurança,desktop,263,70,38,10
2024-06-23,Ferramentas,mobile,176,34,20,11
2024-06-23,Ferramentas,desktop,168,42,22,12
2024-06-23,Iluminação,mobile,147,31,14,8
2024-06-23,Iluminação,desktop,198,35,20,15
2024-06-23,Utilidades Domésticas,mobile,170,33,15,10
2024-06-23,Utilidades Domésticas,desktop,219,49,23,16
2024-06-23,Jardim e Área Externa,mobile,162,42,23,14
2024-06-23,Jardim e Área Externa,desktop,100,20,9,5
2024-06-23,Organização,mobile,248,49,26,20
2024-06-23,Organização,desktop,226,59,27,19
2024-06-23,Elétrica,mobile,141,35,17,6
2024-06-23,Elétrica,desktop,149,35,19,7
2024-06-23,Hidráulica,mobile,267,56,25,11
2024-06-23,Hidráulica,desktop,264,62,29,11
2024-06-23,Pintura e Acabamento,mobile,279,68,34,22
2024-06-23,Pintura e Acabamento,desktop,151,32,17,12
2024-06-23,Segurança,mobile,141,38,20,5
2024-06-23,Segurança,desktop,287,58,28,8
2024-06-24,Ferramentas,mobile,177,47,22,14
2024-06-24,Ferramentas,desktop,130,33,16,8
2024-06-24,Iluminação,mobile,161,43,23,13
2024-06-24,Iluminação,desktop,131,28,16,11
2024-06-24,Utilidades Domésticas,mobile,88,17,8,6
2024-06-24,Utilidades Domésticas,desktop,204,49,24,16
2024-06-24,Jardim e Área Externa,mobile,85,17,7,4
2024-06-24,Jardim e Área Externa,desktop,157,42,24,16
2024-06-24,Organização,mobile,279,65,35,27
2024-06-24,Organização,desktop,165,31,16,10
2024-06-24,Elétrica,mobile,114,27,14,4
2024-06-24,Elétrica,desktop,196,52,27,11
2024-06-24,Hidráulica,mobile,187,49,25,10
2024-06-24,Hidráulica,desktop,292,65,38,14
2024-06-24,Pintura e Acabamento,mobile,130,30,14,9
2024-06-24,Pintura e Acabamento,desktop,150,33,16,9
2024-06-24,Segurança,mobile,132,35,18,5
2024-06-24,Segurança,desktop,133,35,19,5
2024-06-25,Ferramentas,mobile,193,48,26,15
2024-06-25,Ferramentas,desktop,168,35,18,10
2024-06-25,Iluminação,mobile,260,60,30,20
2024-06-25,Iluminação,desktop,284,52,28,18
2024-06-25,Utilidades Domésticas,mobile,241,51,27,23
2024-06-25,Utilidades Domésticas,desktop,245,58,27,23
2024-06-25,Jardim e Área Externa,mobile,159,32,18,11
2024-06-25,Jardim e Área Externa,desktop,277,70,39,28
2024-06-25,Organização,mobile,278,77,40,32
2024-06-25,Organização,desktop,234,56,30,19
2024-06-25,Elétrica,mobile,86,22,11,3
2024-06-25,Elétrica,desktop,244,67,38,13
2024-06-25,Hidráulica,mobile,143,34,19,8
2024-06-25,Hidráulica,desktop,80,18,8,3
2024-06-25,Pintura e Acabamento,mobile,84,21,10,6
2024-06-25,Pintura e Acabamento,desktop,276,69,34,22
2024-06-25,Segurança,mobile,150,28,15,4
2024-06-25,Segurança,desktop,206,42,23,7
2024-06-26,Ferramentas,mobile,160,34,19,10
2024-06-26,Ferramentas,desktop,191,51,27,17
2024-06-26,Iluminação,mobile,230,62,30,22
2024-06-26,Iluminação,desktop,280,52,27,17
2024-06-26,Utilidades Domésticas,mobile,228,60,34,24
2024-06-26,Utilidades Domésticas,desktop,164,38,21,14
2024-06-26,Jardim e Área Externa,mobile,242,52,30,18
2024-06-26,Jardim e Área Externa,desktop,282,54,28,20
2024-06-26,Organização,mobile,82,22,10,6
2024-06-26,Organização,desktop,272,49,26,21
2024-06-26,Elétrica,mobile,245,61,36,15
2024-06-26,Elétrica,desktop,207,50,24,10
2024-06-26,Hidráulica,mobile,243,44,25,9
2024-06-26,Hidráulica,desktop,175,42,21,8
2024-06-26,Pintura e Acabamento,mobile,106,19,11,6
2024-06-26,Pintura e Acabamento,desktop,194,40,21,15
2024-06-26,Segurança,mobile,86,18,10,3
2024-06-26,Segurança,desktop,289,72,41,12
2024-06-27,Ferramentas,mobile,140,32,14,7
2024-06-27,Ferramentas,desktop,212,55,27,18
2024-06-27,Iluminação,mobile,296,56,31,21
2024-06-27,Iluminação,desktop,241,44,25,14
2024-06-27,Utilidades Domésticas,mobile,179,38,19,12
2024-06-27,Utilidades Domésticas,desktop,216,59,34,26
2024-06-27,Jardim e Área Externa,mobile,185,36,16,9
2024-06-27,Jardim e Área Externa,desktop,152,40,18,10
2024-06-27,Organização,mobile,241,67,33,26
2024-06-27,Organização,desktop,92,21,10,6
2024-06-27,Elétrica,mobile,283,67,32,13
2024-06-27,Elétrica,desktop,121,30,17,7
2024-06-27,Hidráulica,mobile,119,28,13,5
2024-06-27,Hidráulica,desktop,196,49,24,11
2024-06-27,Pintura e Acabamento,mobile,292,72,35,24
2024-06-27,Pintura e Acabamento,desktop,248,53,25,16
2024-06-27,Segurança,mobile,231,58,28,10
2024-06-27,Segurança,desktop,162,42,22,7
2024-06-28,Ferramentas,mobile,276,64,32,16
2024-06-28,Ferramentas,desktop,80,17,8,5
2024-06-28,Iluminação,mobile,250,53,27,18
2024-06-28,Iluminação,desktop,196,46,21,14
2024-06-28,Utilidades Domésticas,mobile,132,27,12,10
2024-06-28,Utilidades Domésticas,desktop,290,69,33,27
2024-06-28,Jardim e Área Externa,mobile,128,23,13,7
2024-06-28,Jardim e Área Externa,desktop,175,47,22,14
2024-06-28,Organização,mobile,202,46,22,17
2024-06-28,Organização,desktop,124,31,14,9
2024-06-28,Elétrica,mobile,195,54,32,10
2024-06-28,Elétrica,desktop,196,38,20,8
2024-06-28,Hidráulica,mobile,131,24,12,5
2024-06-28,Hidráulica,desktop,297,77,45,20
2024-06-28,Pintura e Acabamento,mobile,208,46,24,13
2024-06-28,Pintura e Acabamento,desktop,233,45,25,16
2024-06-28,Segurança,mobile,255,56,28,8
2024-06-28,Segurança,desktop,290,80,42,15
2024-06-29,Ferramentas,mobile,130,36,20,10
2024-06-29,Ferramentas,desktop,116,23,11,6
2024-06-29,Iluminação,mobile,147,26,15,11
2024-06-29,Iluminação,desktop,123,22,12,8
2024-06-29,Utilidades Domésticas,mobile,107,21,11,8
2024-06-29,Utilidades Domésticas,desktop,251,61,29,25
2024-06-29,Jardim e Área Externa,mobile,86,20,9,6
2024-06-29,Jardim e Área Externa,desktop,189,46,25,17
2024-06-29,Organização,mobile,95,21,12,8
2024-06-29,Organização,desktop,166,41,18,12
2024-06-29,Elétrica,mobile,138,37,20,7
2024-06-29,Elétrica,desktop,259,57,28,12
2024-06-29,Hidráulica,mobile,145,29,16,6
2024-06-29,Hidráulica,desktop,261,63,31,12
2024-06-29,Pintura e Acabamento,mobile,244,53,25,17
2024-06-29,Pintura e Acabamento,desktop,269,74,44,26
2024-06-29,Segurança,mobile,141,28,13,4
2024-06-29,Segurança,desktop,228,58,28,9
2024-06-30,Ferramentas,mobile,225,52,26,13
2024-06-30,Ferramentas,desktop,290,70,37,20
2024-06-30,Iluminação,mobile,103,24,12,8
2024-06-30,Iluminação,desktop,267,67,38,24
2024-06-30,Utilidades Domésticas,mobile,144,38,20,14
2024-06-30,Utilidades Domésticas,desktop,151,28,14,9
2024-06-30,Jardim e Área Externa,mobile,172,35,19,12
2024-06-30,Jardim e Área Externa,desktop,83,20,9,6
2024-06-30,Organização,mobile,110,30,13,9
2024-06-30,Organização,desktop,208,48,24,15
2024-06-30,Elétrica,mobile,137,37,18,6
2024-06-30,Elétrica,desktop,142,37,20,7
2024-06-30,Hidráulica,mobile,205,50,26,9
2024-06-30,Hidráulica,desktop,112,25,14,6
2024-06-30,Pintura e Acabamento,mobile,243,50,28,21
2024-06-30,Pintura e Acabamento,desktop,242,58,27,15
2024-06-30,Segurança,mobile,131,32,17,5
2024-06-30,Segurança,desktop,137,34,17,4
2024-07-01,Ferramentas,mobile,86,20,11,6
2024-07-01,Ferramentas,desktop,83,21,12,6
2024-07-01,Iluminação,mobile,82,22,10,7
2024-07-01,Iluminação,desktop,215,46,27,18
2024-07-01,Utilidades Domésticas,mobile,209,54,29,20
2024-07-01,Utilidades Domésticas,desktop,265,63,30,24
2024-07-01,Jardim e Área Externa,mobile,188,46,25,14
2024-07-01,Jardim e Área Externa,desktop,240,57,28,17
2024-07-01,Organização,mobile,129,34,19,14
2024-07-01,Organização,desktop,98,20,11,6
2024-07-01,Elétrica,mobile,84,19,9,3
2024-07-01,Elétrica,desktop,83,19,8,2
2024-07-01,Hidráulica,mobile,127,29,17,8
2024-07-01,Hidráulica,desktop,101,21,11,4
2024-07-01,Pintura e Acabamento,mobile,112,23,11,6
2024-07-01,Pintura e Acabamento,desktop,278,54,28,19
2024-07-01,Segurança,mobile,203,54,32,11
2024-07-01,Segurança,desktop,212,53,28,9
2024-07-02,Ferramentas,mobile,223,59,35,18
2024-07-02,Ferramentas,desktop,268,63,29,20
2024-07-02,Iluminação,mobile,210,48,26,18
2024-07-02,Iluminação,desktop,116,29,16,11
2024-07-02,Utilidades Domésticas,mobile,225,57,29,22
2024-07-02,Utilidades Domésticas,desktop,154,41,23,17
2024-07-02,Jardim e Área Externa,mobile,137,30,15,9
2024-07-02,Jardim e Área Externa,desktop,113,27,14,8
2024-07-02,Organização,mobile,291,80,37,22
2024-07-02,Organização,desktop,121,25,11,8
2024-07-02,Elétrica,mobile,249,57,32,11
2024-07-02,Elétrica,desktop,143,28,16,5
2024-07-02,Hidráulica,mobile,239,63,35,15
2024-07-02,Hidráulica,desktop,203,54,29,14
2024-07-02,Pintura e Acabamento,mobile,212,54,25,17
2024-07-02,Pintura e Acabamento,desktop,102,25,14,8
2024-07-02,Segurança,mobile,209,48,26,8
2024-07-02,Segurança,desktop,203,55,31,11
2024-07-03,Ferramentas,mobile,195,35,17,10
2024-07-03,Ferramentas,desktop,96,19,10,6
2024-07-03,Iluminação,mobile,110,22,11,8
2024-07-03,Iluminação,desktop,134,25,12,7
2024-07-03,Utilidades Domésticas,mobile,97,24,11,7
2024-07-03,Utilidades Domésticas,desktop,263,57,33,22
2024-07-03,Jardim e Área Externa,mobile,153,31,14,10
2024-07-03,Jardim e Área Externa,desktop,105,27,15,9
2024-07-03,Organização,mobile,258,49,26,16
2024-07-03,Organização,desktop,251,67,33,24
2024-07-03,Elétrica,mobile,132,24,13,4
2024-07-03,Elétrica,desktop,235,58,28,10
2024-07-03,Hidráulica,mobile,212,52,26,10
2024-07-03,Hidráulica,desktop,186,51,25,11
2024-07-03,Pintura e Acabamento,mobile,268,62,30,17
2024-07-03,Pintura e Acabamento,desktop,218,39,18,12
2024-07-03,Segurança,mobile,208,53,25,9
2024-07-03,Segurança,desktop,104,24,13,4
2024-07-04,Ferramentas,mobile,145,30,17,11
2024-07-04,Ferramentas,desktop,141,30,13,8
2024-07-04,Iluminação,mobile,106,22,12,9
2024-07-04,Iluminação,desktop,105,21,12,8
2024-07-04,Utilidades Domésticas,mobile,109,25,12,8
2024-07-04,Utilidades Domésticas,desktop,263,60,32,27
2024-07-04,Jardim e Área Externa,mobile,180,41,23,13
2024-07-04,Jardim e Área Externa,desktop,112,20,10,7
2024-07-04,Organização,mobile,269,51,28,18
2024-07-04,Organização,desktop,120,22,12,7
2024-07-04,Elétrica,mobile,243,66,37,12
2024-07-04,Elétrica,desktop,261,55,29,10
2024-07-04,Hidráulica,mobile,228,59,29,13
2024-07-04,Hidráulica,desktop,176,36,17,7
2024-07-04,Pintura e Acabamento,mobile,140,33,17,10
2024-07-04,Pintura e Acabamento,desktop,244,57,29,19
2024-07-04,Segurança,mobile,235,51,28,10
2024-07-04,Segurança,desktop,214,51,24,7
2024-07-05,Ferramentas,mobile,200,47,23,12
2024-07-05,Ferramentas,desktop,201,54,28,17
2024-07-05,Iluminação,mobile,83,15,6,4
2024-07-05,Iluminação,desktop,221,46,27,19
2024-07-05,Utilidades Domésticas,mobile,154,35,16,13
2024-07-05,Utilidades Domésticas,desktop,243,64,35,27
2024-07-05,Jardim e Área Externa,mobile,206,40,21,14
2024-07-05,Jardim e Área Externa,desktop,267,58,33,21
2024-07-05,Organização,mobile,258,61,31,24
2024-07-05,Organização,desktop,221,52,25,18
2024-07-05,Elétrica,mobile,138,37,17,5
2024-07-05,Elétrica,desktop,86,23,12,4
2024-07-05,Hidráulica,mobile,161,30,14,6
2024-07-05,Hidráulica,desktop,138,27,12,5
2024-07-05,Pintura e Acabamento,mobile,220,44,20,14
2024-07-05,Pintura e Acabamento,desktop,176,47,24,17
2024-07-05,Segurança,mobile,193,51,23,7
2024-07-05,Segurança,desktop,172,32,18,5
2024-07-06,Ferramentas,mobile,184,51,27,15
2024-07-06,Ferramentas,desktop,222,55,32,20
2024-07-06,Iluminação,mobile,209,55,30,20
2024-07-06,Iluminação,desktop,164,44,19,13
2024-07-06,Utilidades Domésticas,mobile,273,49,25,18
2024-07-06,Utilidades Domésticas,desktop,183,48,25,20
2024-07-06,Jardim e Área Externa,mobile,101,21,11,6
2024-07-06,Jardim e Área Externa,desktop,257,46,25,18
2024-07-06,Organização,mobile,204,48,24,19
2024-07-06,Organização,desktop,241,62,29,22
2024-07-06,Elétrica,mobile,267,53,24,8
2024-07-06,Elétrica,desktop,230,45,20,7
2024-07-06,Hidráulica,mobile,208,46,26,12
2024-07-06,Hidráulica,desktop,287,69,39,17
2024-07-06,Pintura e Acabamento,mobile,198,35,15,9
2024-07-06,Pintura e Acabamento,desktop,217,55,31,19
2024-07-06,Segurança,mobile,232,62,30,9
2024-07-06,Segurança,desktop,128,26,13,4
2024-07-07,Ferramentas,mobile,209,44,25,16
2024-07-07,Ferramentas,desktop,163,34,15,10
2024-07-07,Iluminação,mobile,143,37,21,14
2024-07-07,Iluminação,desktop,133,29,17,13
2024-07-07,Utilidades Domésticas,mobile,223,46,23,16
2024-07-07,Utilidades Domésticas,desktop,129,26,14,10
2024-07-07,Jardim e Área Externa,mobile,94,21,11,6
2024-07-07,Jardim e Área Externa,desktop,123,34,18,10
2024-07-07,Organização,mobile,220,45,23,14
2024-07-07,Organização,desktop,264,57,28,18
2024-07-07,Elétrica,mobile,282,56,28,11
2024-07-07,Elétrica,desktop,145,32,16,6
2024-07-07,Hidráulica,mobile,212,57,25,9
2024-07-07,Hidráulica,desktop,169,43,22,10
2024-07-07,Pintura e Acabamento,mobile,195,42,24,13
2024-07-07,Pintura e Acabamento,desktop,179,46,22,15
2024-07-07,Segurança,mobile,117,29,13,3
2024-07-07,Segurança,desktop,234,45,24,6
2024-07-08,Ferramentas,mobile,292,63,36,22
2024-07-08,Ferramentas,desktop,236,65,38,23
2024-07-08,Iluminação,mobile,152,35,16,10
2024-07-08,Iluminação,desktop,237,64,38,28
2024-07-08,Utilidades Domésticas,mobile,223,50,26,17
2024-07-08,Utilidades Domésticas,desktop,150,30,13,9
2024-07-08,Jardim e Área Externa,mobile,293,75,36,25
2024-07-08,Jardim e Área Externa,desktop,124,28,15,11
2024-07-08,Organização,mobile,216,52,29,19
2024-07-08,Organização,desktop,119,26,13,8
2024-07-08,Elétrica,mobile,141,35,19,7
2024-07-08,Elétrica,desktop,83,19,8,2
2024-07-08,Hidráulica,mobile,214,52,30,14
2024-07-08,Hidráulica,desktop,165,32,15,6
2024-07-08,Pintura e Acabamento,mobile,266,49,23,15
2024-07-08,Pintura e Acabamento,desktop,84,20,11,8
2024-07-08,Segurança,mobile,226,49,24,8
2024-07-08,Segurança,desktop,237,45,24,8
2024-07-09,Ferramentas,mobile,293,62,32,18
2024-07-09,Ferramentas,desktop,82,22,10,6
2024-07-09,Iluminação,mobile,139,28,16,12
2024-07-09,Iluminação,desktop,183,46,23,14
2024-07-09,Utilidades Domésticas,mobile,162,33,18,15
2024-07-09,Utilidades Domésticas,desktop,281,75,40,34
2024-07-09,Jardim e Área Externa,mobile,216,47,23,15
2024-07-09,Jardim e Área Externa,desktop,167,44,25,16
2024-07-09,Organização,mobile,153,36,16,12
2024-07-09,Organização,desktop,281,66,33,26
2024-07-09,Elétrica,mobile,289,58,28,10
2024-07-09,Elétrica,desktop,267,64,36,14
2024-07-09,Hidráulica,mobile,114,27,13,5
2024-07-09,Hidráulica,desktop,182,45,23,9
2024-07-09,Pintura e Acabamento,mobile,224,45,25,15
2024-07-09,Pintura e Acabamento,desktop,173,48,27,18
2024-07-09,Segurança,mobile,171,30,13,4
2024-07-09,Segurança,desktop,103,19,11,3
2024-07-10,Ferramentas,mobile,95,22,10,5
2024-07-10,Ferramentas,desktop,281,57,27,15
2024-07-10,Iluminação,mobile,267,74,43,32
2024-07-10,Iluminação,desktop,115,25,14,11
2024-07-10,Utilidades Domésticas,mobile,157,41,21,13
2024-07-10,Utilidades Domésticas,desktop,81,17,9,6
2024-07-10,Jardim e Área Externa,mobile,102,26,13,9
2024-07-10,Jardim e Área Externa,desktop,109,22,13,7
2024-07-10,Organização,mobile,274,50,29,20
2024-07-10,Organização,desktop,149,28,14,9
2024-07-10,Elétrica,mobile,152,32,15,5
2024-07-10,Elétrica,desktop,180,48,26,9
2024-07-10,Hidráulica,mobile,188,40,18,8
2024-07-10,Hidráulica,desktop,118,24,11,4
2024-07-10,Pintura e Acabamento,mobile,236,56,27,19
2024-07-10,Pintura e Acabamento,desktop,173,43,22,13
2024-07-10,Segurança,mobile,132,36,18,6
2024-07-10,Segurança,desktop,254,57,29,9
2024-07-11,Ferramentas,mobile,155,30,15,9
2024-07-11,Ferramentas,desktop,147,40,19,11
2024-07-11,Iluminação,mobile,170,42,23,17
2024-07-11,Iluminação,desktop,293,55,30,23
2024-07-11,Utilidades Domésticas,mobile,229,63,36,27
2024-07-11,Utilidades Domésticas,desktop,239,63,35,26
2024-07-11,Jardim e Área Externa,mobile,93,23,11,7
2024-07-11,Jardim e Área Externa,desktop,278,52,27,18
2024-07-11,Organização,mobile,185,43,21,14
2024-07-11,Organização,desktop,287,66,34,27
2024-07-11,Elétrica,mobile,108,24,13,4
2024-07-11,Elétrica,desktop,203,52,28,10
2024-07-11,Hidráulica,mobile,159,40,18,8
2024-07-11,Hidráulica,desktop,139,38,20,9
2024-07-11,Pintura e Acabamento,mobile,242,51,23,16
2024-07-11,Pintura e Acabamento,desktop,285,61,32,21
2024-07-11,Segurança,mobile,110,30,16,5
2024-07-11,Segurança,desktop,139,30,17,4
2024-07-12,Ferramentas,mobile,261,47,21,12
2024-07-12,Ferramentas,desktop,217,57,26,16
2024-07-12,Iluminação,mobile,174,39,22,16
2024-07-12,Iluminação,desktop,180,34,20,13
2024-07-12,Utilidades Domésticas,mobile,143,29,14,11
2024-07-12,Utilidades Domésticas,desktop,244,52,29,24
2024-07-12,Jardim e Área Externa,mobile,262,64,35,21
2024-07-12,Jardim e Área Externa,desktop,217,56,30,21
2024-07-12,Organização,mobile,232,59,27,19
2024-07-12,Organização,desktop,191,42,25,19
2024-07-12,Elétrica,mobile,210,45,26,10
2024-07-12,Elétrica,desktop,91,23,13,5
2024-07-12,Hidráulica,mobile,176,35,20,7
2024-07-12,Hidráulica,desktop,228,59,27,12
2024-07-12,Pintura e Acabamento,mobile,170,36,19,12
2024-07-12,Pintura e Acabamento,desktop,107,20,10,7
2024-07-12,Segurança,mobile,127,32,15,4
2024-07-12,Segurança,desktop,114,31,16,5
2024-07-13,Ferramentas,mobile,87,20,10,5
2024-07-13,Ferramentas,desktop,152,39,18,10
2024-07-13,Iluminação,mobile,150,41,20,12
2024-07-13,Iluminação,desktop,223,51,24,15
2024-07-13,Utilidades Domésticas,mobile,214,54,27,21
2024-07-13,Utilidades Domésticas,desktop,93,16,7,4
2024-07-13,Jardim e Área Externa,mobile,216,55,30,19
2024-07-13,Jardim e Área Externa,desktop,274,73,43,31
2024-07-13,Organização,mobile,228,49,29,18
2024-07-13,Organização,desktop,139,25,13,7
2024-07-13,Elétrica,mobile,138,31,17,6
2024-07-13,Elétrica,desktop,273,65,35,14
2024-07-13,Hidráulica,mobile,92,25,14,6
2024-07-13,Hidráulica,desktop,116,21,11,4
2024-07-13,Pintura e Acabamento,mobile,187,51,28,20
2024-07-13,Pintura e Acabamento,desktop,265,73,33,24
2024-07-13,Segurança,mobile,265,73,34,11
2024-07-13,Segurança,desktop,271,57,25,6
2024-07-14,Ferramentas,mobile,142,33,15,8
2024-07-14,Ferramentas,desktop,235,52,25,17
2024-07-14,Iluminação,mobile,159,32,15,9
2024-07-14,Iluminação,desktop,248,50,24,14
2024-07-14,Utilidades Domésticas,mobile,171,42,20,12
2024-07-14,Utilidades Domésticas,desktop,268,59,34,21
2024-07-14,Jardim e Área Externa,mobile,213,54,27,15
2024-07-14,Jardim e Área Externa,desktop,144,33,17,12
2024-07-14,Organização,mobile,120,31,15,11
2024-07-14,Organização,desktop,177,33,18,14
2024-07-14,Elétrica,mobile,293,78,44,15
2024-07-14,Elétrica,desktop,138,28,13,5
2024-07-14,Hidráulica,mobile,116,29,15,7
2024-07-14,Hidráulica,desktop,235,50,27,13
2024-07-14,Pintura e Acabamento,mobile,115,23,11,8
2024-07-14,Pintura e Acabamento,desktop,109,23,12,8
2024-07-14,Segurança,mobile,110,30,14,5
2024-07-14,Segurança,desktop,256,51,27,8
2024-07-15,Ferramentas,mobile,109,27,13,7
2024-07-15,Ferramentas,desktop,231,64,29,15
2024-07-15,Iluminação,mobile,204,46,27,19
2024-07-15,Iluminação,desktop,269,64,34,20
2024-07-15,Utilidades Domésticas,mobile,262,64,37,28
2024-07-15,Utilidades Domésticas,desktop,143,33,17,13
2024-07-15,Jardim e Área Externa,mobile,201,50,28,19
2024-07-15,Jardim e Área Externa,desktop,158,40,19,12
2024-07-15,Organização,mobile,205,40,21,16
2024-07-15,Organização,desktop,191,40,19,12
2024-07-15,Elétrica,mobile,119,27,12,4
2024-07-15,Elétrica,desktop,267,56,30,10
2024-07-15,Hidráulica,mobile,83,22,10,4
2024-07-15,Hidráulica,desktop,255,59,28,12
2024-07-15,Pintura e Acabamento,mobile,194,44,24,14
2024-07-15,Pintura e Acabamento,desktop,187,46,23,14
2024-07-15,Segurança,mobile,95,21,10,3
2024-07-15,Segurança,desktop,156,37,17,5
2024-07-16,Ferramentas,mobile,264,54,30,18
2024-07-16,Ferramentas,desktop,118,25,13,8
2024-07-16,Iluminação,mobile,165,45,21,14
2024-07-16,Iluminação,desktop,282,67,33,23
2024-07-16,Utilidades Domésticas,mobile,113,31,18,15
2024-07-16,Utilidades Domésticas,desktop,135,30,13,10
2024-07-16,Jardim e Área Externa,mobile,255,51,24,14
2024-07-16,Jardim e Área Externa,desktop,252,48,23,13
2024-07-16,Organização,mobile,116,22,10,8
2024-07-16,Organização,desktop,288,63,37,23
2024-07-16,Elétrica,mobile,181,36,17,7
2024-07-16,Elétrica,desktop,172,42,20,7
2024-07-16,Hidráulica,mobile,148,39,21,8
2024-07-16,Hidráulica,desktop,190,48,22,9
2024-07-16,Pintura e Acabamento,mobile,89,23,11,6
2024-07-16,Pintura e Acabamento,desktop,251,53,28,20
2024-07-16,Segurança,mobile,194,35,16,5
2024-07-16,Segurança,desktop,168,30,17,6
2024-07-17,Ferramentas,mobile,158,31,15,8
2024-07-17,Ferramentas,desktop,180,47,22,12
2024-07-17,Iluminação,mobile,109,22,12,8
2024-07-17,Iluminação,desktop,153,36,16,11
2024-07-17,Utilidades Domésticas,mobile,155,32,18,12
2024-07-17,Utilidades Domésticas,desktop,288,74,40,34
2024-07-17,Jardim e Área Externa,mobile,121,26,14,9
2024-07-17,Jardim e Área Externa,desktop,223,53,29,17
2024-07-17,Organização,mobile,219,53,24,16
2024-07-17,Organização,desktop,198,53,31,24
2024-07-17,Elétrica,mobile,99,27,15,6
2024-07-17,Elétrica,desktop,157,29,16,5
2024-07-17,Hidráulica,mobile,140,34,18,7
2024-07-17,Hidráulica,desktop,224,58,27,10
2024-07-17,Pintura e Acabamento,mobile,111,22,12,7
2024-07-17,Pintura e Acabamento,desktop,90,23,10,7
2024-07-17,Segurança,mobile,284,64,36,11
2024-07-17,Segurança,desktop,170,41,21,5
2024-07-18,Ferramentas,mobile,185,33,17,11
2024-07-18,Ferramentas,desktop,208,51,29,17
2024-07-18,Iluminação,mobile,252,55,31,24
2024-07-18,Iluminação,desktop,183,49,24,15
2024-07-18,Utilidades Domésticas,mobile,200,46,23,18
2024-07-18,Utilidades Domésticas,desktop,237,43,25,20
2024-07-18,Jardim e Área Externa,mobile,80,19,10,5
2024-07-18,Jardim e Área Externa,desktop,192,38,18,10
2024-07-18,Organização,mobile,208,47,23,17
2024-07-18,Organização,desktop,236,56,30,20
2024-07-18,Elétrica,mobile,99,25,13,5
2024-07-18,Elétrica,desktop,239,44,20,8
2024-07-18,Hidráulica,mobile,183,45,23,11
2024-07-18,Hidráulica,desktop,246,59,28,13
2024-07-18,Pintura e Acabamento,mobile,271,54,31,23
2024-07-18,Pintura e Acabamento,desktop,101,21,11,7
2024-07-18,Segurança,mobile,80,16,7,2
2024-07-18,Segurança,desktop,175,34,16,5
2024-07-19,Ferramentas,mobile,281,61,35,20
2024-07-19,Ferramentas,desktop,119,25,11,5
2024-07-19,Iluminação,mobile,284,60,27,20
2024-07-19,Iluminação,desktop,234,51,30,19
2024-07-19,Utilidades Domésticas,mobile,150,36,19,15
2024-07-19,Utilidades Domésticas,desktop,143,29,13,10
2024-07-19,Jardim e Área Externa,mobile,119,25,14,9
2024-07-19,Jardim e Área Externa,desktop,257,54,25,17
2024-07-19,Organização,mobile,90,21,9,5
2024-07-19,Organização,desktop,114,24,11,9
2024-07-19,Elétrica,mobile,291,74,39,15
2024-07-19,Elétrica,desktop,207,37,18,8
2024-07-19,Hidráulica,mobile,178,49,28,10
2024-07-19,Hidráulica,desktop,247,45,20,8
2024-07-19,Pintura e Acabamento,mobile,145,39,22,15
2024-07-19,Pintura e Acabamento,desktop,254,61,35,22
2024-07-19,Segurança,mobile,102,22,12,4
2024-07-19,Segurança,desktop,89,24,13,3
2024-07-20,Ferramentas,mobile,132,35,20,12
2024-07-20,Ferramentas,desktop,182,45,25,13
2024-07-20,Iluminação,mobile,207,50,26,18
2024-07-20,Iluminação,desktop,159,34,16,11
2024-07-20,Utilidades Domésticas,mobile,195,46,22,16
2024-07-20,Utilidades Domésticas,desktop,286,65,36,27
2024-07-20,Jardim e Área Externa,mobile,298,79,42,29
2024-07-20,Jardim e Área Externa,desktop,163,43,22,14
2024-07-20,Organização,mobile,100,20,9,6
2024-07-20,Organização,desktop,225,44,22,17
2024-07-20,Elétrica,mobile,190,38,18,7
2024-07-20,Elétrica,desktop,102,20,9,3
2024-07-20,Hidráulica,mobile,117,26,11,5
2024-07-20,Hidráulica,desktop,226,60,35,16
2024-07-20,Pintura e Acabamento,mobile,81,15,8,6
2024-07-20,Pintura e Acabamento,desktop,218,48,28,19
2024-07-20,Segurança,mobile,104,28,13,3
2024-07-20,Segurança,desktop,100,27,15,4
2024-07-21,Ferramentas,mobile,199,48,24,12
2024-07-21,Ferramentas,desktop,240,45,23,16
2024-07-21,Iluminação,mobile,124,28,16,10
2024-07-21,Iluminação,desktop,87,20,10,5
2024-07-21,Utilidades Domésticas,mobile,290,61,34,22
2024-07-21,Utilidades Domésticas,desktop,196,46,25,18
2024-07-21,Jardim e Área Externa,mobile,226,54,24,13
2024-07-21,Jardim e Área Externa,desktop,223,49,23,15
2024-07-21,Organização,mobile,106,27,13,9
2024-07-21,Organização,desktop,277,69,41,26
2024-07-21,Elétrica,mobile,169,35,18,7
2024-07-21,Elétrica,desktop,136,25,13,4
2024-07-21,Hidráulica,mobile,154,39,19,8
2024-07-21,Hidráulica,desktop,92,22,12,5
2024-07-21,Pintura e Acabamento,mobile,177,45,23,14
2024-07-21,Pintura e Acabamento,desktop,250,65,38,28
2024-07-21,Segurança,mobile,115,29,14,4
2024-07-21,Segurança,desktop,266,49,25,7
2024-07-22,Ferramentas,mobile,288,57,32,18
2024-07-22,Ferramentas,desktop,117,32,15,9
2024-07-22,Iluminação,mobile,181,49,22,14
2024-07-22,Iluminação,desktop,177,44,22,17
2024-07-22,Utilidades Domésticas,mobile,153,33,19,12
2024-07-22,Utilidades Domésticas,desktop,151,41,20,16
2024-07-22,Jardim e Área Externa,mobile,278,76,41,23
2024-07-22,Jardim e Área Externa,desktop,275,76,44,31
2024-07-22,Organização,mobile,220,40,20,13
2024-07-22,Organização,desktop,251,48,26,16
2024-07-22,Elétrica,mobile,264,72,37,16
2024-07-22,Elétrica,desktop,256,58,34,11
2024-07-22,Hidráulica,mobile,164,37,17,8
2024-07-22,Hidráulica,desktop,132,33,15,5
2024-07-22,Pintura e Acabamento,mobile,216,45,26,15
2024-07-22,Pintura e Acabamento,desktop,277,64,31,18
2024-07-22,Segurança,mobile,174,38,20,6
2024-07-22,Segurança,desktop,229,44,25,7
2024-07-23,Ferramentas,mobile,205,57,30,20
2024-07-23,Ferramentas,desktop,82,16,8,4
2024-07-23,Iluminação,mobile,141,33,18,12
2024-07-23,Iluminação,desktop,186,48,28,21
2024-07-23,Utilidades Domésticas,mobile,103,18,10,8
2024-07-23,Utilidades Domésticas,desktop,130,35,18,15
2024-07-23,Jardim e Área Externa,mobile,219,54,25,14
2024-07-23,Jardim e Área Externa,desktop,181,42,19,13
2024-07-23,Organização,mobile,124,28,15,9
2024-07-23,Organização,desktop,145,32,17,12
2024-07-23,Elétrica,mobile,298,72,38,13
2024-07-23,Elétrica,desktop,286,67,35,14
2024-07-23,Hidráulica,mobile,298,57,32,14
2024-07-23,Hidráulica,desktop,189,45,26,12
2024-07-23,Pintura e Acabamento,mobile,158,40,20,15
2024-07-23,Pintura e Acabamento,desktop,102,23,13,8
2024-07-23,Segurança,mobile,135,25,14,4
2024-07-23,Segurança,desktop,176,32,18,4
2024-07-24,Ferramentas,mobile,210,56,26,16
2024-07-24,Ferramentas,desktop,148,30,17,11
2024-07-24,Iluminação,mobile,145,35,19,12
2024-07-24,Iluminação,desktop,170,35,19,14
2024-07-24,Utilidades Domésticas,mobile,226,42,19,14
2024-07-24,Utilidades Domésticas,desktop,296,65,33,25
2024-07-24,Jardim e Área Externa,mobile,169,39,18,12
2024-07-24,Jardim e Área Externa,desktop,148,39,20,13
2024-07-24,Organização,mobile,173,36,20,16
2024-07-24,Organização,desktop,138,30,13,9
2024-07-24,Elétrica,mobile,227,60,27,10
2024-07-24,Elétrica,desktop,210,39,19,7
2024-07-24,Hidráulica,mobile,193,37,22,10
2024-07-24,Hidráulica,desktop,99,25,11,5
2024-07-24,Pintura e Acabamento,mobile,219,47,22,13
2024-07-24,Pintura e Acabamento,desktop,257,49,27,20
2024-07-24,Segurança,mobile,235,42,19,6
2024-07-24,Segurança,desktop,86,19,10,3
2024-07-25,Ferramentas,mobile,271,69,32,21
2024-07-25,Ferramentas,desktop,126,35,17,11
2024-07-25,Iluminação,mobile,248,56,27,18
2024-07-25,Iluminação,desktop,246,62,35,24
2024-07-25,Utilidades Domésticas,mobile,207,47,24,18
2024-07-25,Utilidades Domésticas,desktop,100,24,12,9
2024-07-25,Jardim e Área Externa,mobile,218,56,28,19
2024-07-25,Jardim e Área Externa,desktop,262,53,28,15
2024-07-25,Organização,mobile,223,46,21,12
2024-07-25,Organização,desktop,282,65,36,28
2024-07-25,Elétrica,mobile,87,23,13,4
2024-07-25,Elétrica,desktop,140,29,15,5
2024-07-25,Hidráulica,mobile,82,21,11,4
2024-07-25,Hidráulica,desktop,117,23,12,5
2024-07-25,Pintura e Acabamento,mobile,93,25,14,10
2024-07-25,Pintura e Acabamento,desktop,214,45,22,13
2024-07-25,Segurança,mobile,264,64,34,12
2024-07-25,Segurança,desktop,99,18,9,2
2024-07-26,Ferramentas,mobile,213,42,23,14
2024-07-26,Ferramentas,desktop,243,53,25,17
2024-07-26,Iluminação,mobile,146,30,15,8
2024-07-26,Iluminação,desktop,140,34,17,12
2024-07-26,Utilidades Domésticas,mobile,169,41,22,14
2024-07-26,Utilidades Domésticas,desktop,88,16,8,5
2024-07-26,Jardim e Área Externa,mobile,185,44,23,16
2024-07-26,Jardim e Área Externa,desktop,268,56,30,21
2024-07-26,Organização,mobile,195,52,30,19
2024-07-26,Organização,desktop,244,53,31,21
2024-07-26,Elétrica,mobile,244,50,29,9
2024-07-26,Elétrica,desktop,105,18,10,4
2024-07-26,Hidráulica,mobile,231,48,22,10
2024-07-26,Hidráulica,desktop,240,48,22,9
2024-07-26,Pintura e Acabamento,mobile,294,54,26,19
2024-07-26,Pintura e Acabamento,desktop,214,53,31,20
2024-07-26,Segurança,mobile,85,23,12,3
2024-07-26,Segurança,desktop,168,35,19,5
2024-07-27,Ferramentas,mobile,259,61,32,22
2024-07-27,Ferramentas,desktop,218,61,29,15
2024-07-27,Iluminação,mobile,137,25,11,8
2024-07-27,Iluminação,desktop,253,52,30,17
2024-07-27,Utilidades Domésticas,mobile,144,34,20,14
2024-07-27,Utilidades Domésticas,desktop,297,58,29,25
2024-07-27,Jardim e Área Externa,mobile,190,52,24,15
2024-07-27,Jardim e Área Externa,desktop,176,32,15,10
2024-07-27,Organização,mobile,206,53,30,21
2024-07-27,Organização,desktop,99,26,13,8
2024-07-27,Elétrica,mobile,109,27,14,5
2024-07-27,Elétrica,desktop,211,43,22,8
2024-07-27,Hidráulica,mobile,236,50,23,10
2024-07-27,Hidráulica,desktop,103,26,14,5
2024-07-27,Pintura e Acabamento,mobile,235,50,27,15
2024-07-27,Pintura e Acabamento,desktop,154,41,23,13
2024-07-27,Segurança,mobile,226,47,23,6
2024-07-27,Segurança,desktop,84,17,8,2
2024-07-28,Ferramentas,mobile,198,39,18,10
2024-07-28,Ferramentas,desktop,146,33,17,9
2024-07-28,Iluminação,mobile,148,32,14,8
2024-07-28,Iluminação,desktop,292,70,34,20
2024-07-28,Utilidades Domésticas,mobile,103,28,13,8
2024-07-28,Utilidades Domésticas,desktop,117,27,15,10
2024-07-28,Jardim e Área Externa,mobile,225,40,22,16
2024-07-28,Jardim e Área Externa,desktop,231,53,27,18
2024-07-28,Organização,mobile,208,55,24,15
2024-07-28,Organização,desktop,157,33,16,10
2024-07-28,Elétrica,mobile,133,30,14,5
2024-07-28,Elétrica,desktop,135,25,12,4
2024-07-28,Hidráulica,mobile,90,21,10,4
2024-07-28,Hidráulica,desktop,156,39,22,9
2024-07-28,Pintura e Acabamento,mobile,266,54,31,22
2024-07-28,Pintura e Acabamento,desktop,216,53,30,22
2024-07-28,Segurança,mobile,266,58,27,7
2024-07-28,Segurança,desktop,204,39,17,5
2024-07-29,Ferramentas,mobile,192,46,27,15
2024-07-29,Ferramentas,desktop,156,40,22,13
2024-07-29,Iluminação,mobile,122,30,16,10
2024-07-29,Iluminação,desktop,253,47,24,17
2024-07-29,Utilidades Domésticas,mobile,275,68,40,32
2024-07-29,Utilidades Domésticas,desktop,291,63,31,20
2024-07-29,Jardim e Área Externa,mobile,226,45,21,14
2024-07-29,Jardim e Área Externa,desktop,162,31,15,11
2024-07-29,Organização,mobile,135,31,15,10
2024-07-29,Organização,desktop,124,28,16,10
2024-07-29,Elétrica,mobile,213,49,27,9
2024-07-29,Elétrica,desktop,154,35,18,8
2024-07-29,Hidráulica,mobile,218,48,27,13
2024-07-29,Hidráulica,desktop,140,35,16,6
2024-07-29,Pintura e Acabamento,mobile,184,37,22,13
2024-07-29,Pintura e Acabamento,desktop,287,68,40,22
2024-07-29,Segurança,mobile,121,29,16,5
2024-07-29,Segurança,desktop,291,74,39,13
2024-07-30,Ferramentas,mobile,200,41,23,14
2024-07-30,Ferramentas,desktop,87,20,11,7
2024-07-30,Iluminação,mobile,80,17,9,6
2024-07-30,Iluminação,desktop,81,21,11,7
2024-07-30,Utilidades Domésticas,mobile,92,19,10,6
2024-07-30,Utilidades Domésticas,desktop,187,45,20,15
2024-07-30,Jardim e Área Externa,mobile,224,57,33,19
2024-07-30,Jardim e Área Externa,desktop,179,39,20,14
2024-07-30,Organização,mobile,167,39,21,12
2024-07-30,Organização,desktop,155,36,21,13
2024-07-30,Elétrica,mobile,239,53,28,9
2024-07-30,Elétrica,desktop,185,39,22,8
2024-07-30,Hidráulica,mobile,282,67,34,13
2024-07-30,Hidráulica,desktop,92,19,9,3
2024-07-30,Pintura e Acabamento,mobile,152,41,23,15
2024-07-30,Pintura e Acabamento,desktop,148,36,20,12
2024-07-30,Segurança,mobile,261,68,31,8
2024-07-30,Segurança,desktop,135,30,15,4
2024-07-31,Ferramentas,mobile,229,63,31,17
2024-07-31,Ferramentas,desktop,193,41,21,13
2024-07-31,Iluminação,mobile,262,53,30,22
2024-07-31,Iluminação,desktop,164,29,16,12
2024-07-31,Utilidades Domésticas,mobile,105,19,9,6
2024-07-31,Utilidades Domésticas,desktop,126,31,18,15
2024-07-31,Jardim e Área Externa,mobile,168,35,19,12
2024-07-31,Jardim e Área Externa,desktop,256,68,35,20
2024-07-31,Organização,mobile,137,30,16,10
2024-07-31,Organização,desktop,184,37,20,14
2024-07-31,Elétrica,mobile,150,38,17,7
2024-07-31,Elétrica,desktop,157,41,23,10
2024-07-31,Hidráulica,mobile,154,40,19,7
2024-07-31,Hidráulica,desktop,263,60,34,12
2024-07-31,Pintura e Acabamento,mobile,271,58,33,25
2024-07-31,Pintura e Acabamento,desktop,91,24,11,8
2024-07-31,Segurança,mobile,184,47,23,6
2024-07-31,Segurança,desktop,276,51,28,9
2024-08-01,Ferramentas,mobile,183,41,19,10
2024-08-01,Ferramentas,desktop,121,28,13,9
2024-08-01,Iluminação,mobile,139,31,14,9
2024-08-01,Iluminação,desktop,195,51,25,16
2024-08-01,Utilidades Domésticas,mobile,260,55,26,22
2024-08-01,Utilidades Domésticas,desktop,112,21,12,7
2024-08-01,Jardim e Área Externa,mobile,128,29,13,8
2024-08-01,Jardim e Área Externa,desktop,100,24,10,5
2024-08-01,Organização,mobile,287,75,39,27
2024-08-01,Organização,desktop,127,33,15,10
2024-08-01,Elétrica,mobile,234,65,32,11
2024-08-01,Elétrica,desktop,205,43,23,9
2024-08-01,Hidráulica,mobile,80,15,7,3
2024-08-01,Hidráulica,desktop,106,27,15,6
2024-08-01,Pintura e Acabamento,mobile,251,65,37,23
2024-08-01,Pintura e Acabamento,desktop,142,25,11,6
2024-08-01,Segurança,mobile,151,39,18,5
2024-08-01,Segurança,desktop,289,76,35,12
2024-08-02,Ferramentas,mobile,213,50,24,16
2024-08-02,Ferramentas,desktop,241,61,28,17
2024-08-02,Iluminação,mobile,280,53,28,21
2024-08-02,Iluminação,desktop,98,22,12,8
2024-08-02,Utilidades Domésticas,mobile,243,51,26,21
2024-08-02,Utilidades Domésticas,desktop,222,51,24,18
2024-08-02,Jardim e Área Externa,mobile,142,32,15,10
2024-08-02,Jardim e Área Externa,desktop,264,72,35,23
2024-08-02,Organização,mobile,267,67,38,26
2024-08-02,Organização,desktop,252,70,39,30
2024-08-02,Elétrica,mobile,264,62,29,10
2024-08-02,Elétrica,desktop,207,43,22,9
2024-08-02,Hidráulica,mobile,195,41,18,7
2024-08-02,Hidráulica,desktop,251,67,35,15
2024-08-02,Pintura e Acabamento,mobile,184,36,19,12
2024-08-02,Pintura e Acabamento,desktop,212,46,25,18
2024-08-02,Segurança,mobile,144,30,15,5
2024-08-02,Segurança,desktop,107,20,11,4
2024-08-03,Ferramentas,mobile,127,29,16,11
2024-08-03,Ferramentas,desktop,133,25,13,8
2024-08-03,Iluminação,mobile,218,52,25,15
2024-08-03,Iluminação,desktop,177,36,17,12
2024-08-03,Utilidades Domésticas,mobile,93,24,12,8
2024-08-03,Utilidades Domésticas,desktop,150,30,16,11
2024-08-03,Jardim e Área Externa,mobile,230,44,20,11
2024-08-03,Jardim e Área Externa,desktop,170,34,16,11
2024-08-03,Organização,mobile,259,60,30,22
2024-08-03,Organização,desktop,247,57,31,23
2024-08-03,Elétrica,mobile,225,58,31,11
2024-08-03,Elétrica,desktop,94,23,11,3
2024-08-03,Hidráulica,mobile,212,58,28,11
2024-08-03,Hidráulica,desktop,185,37,19,7
2024-08-03,Pintura e Acabamento,mobile,80,16,9,5
2024-08-03,Pintura e Acabamento,desktop,188,39,19,13
2024-08-03,Segurança,mobile,163,35,17,6
2024-08-03,Segurança,desktop,238,46,20,6
2024-08-04,Ferramentas,mobile,130,31,14,8
2024-08-04,Ferramentas,desktop,228,61,36,21
2024-08-04,Iluminação,mobile,284,72,39,26
2024-08-04,Iluminação,desktop,197,40,22,16
2024-08-04,Utilidades Domésticas,mobile,148,33,18,12
2024-08-04,Utilidades Domésticas,desktop,89,16,7,5
2024-08-04,Jardim e Área Externa,mobile,197,39,20,11
2024-08-04,Jardim e Área Externa,desktop,131,29,17,9
2024-08-04,Organização,mobile,213,47,25,16
2024-08-04,Organização,desktop,167,36,19,15
2024-08-04,Elétrica,mobile,258,51,29,12
2024-08-04,Elétrica,desktop,155,32,18,7
2024-08-04,Hidráulica,mobile,244,50,27,10
2024-08-04,Hidráulica,desktop,200,39,22,9
2024-08-04,Pintura e Acabamento,mobile,175,48,26,18
2024-08-04,Pintura e Acabamento,desktop,200,51,29,21
2024-08-04,Segurança,mobile,291,55,31,9
2024-08-04,Segurança,desktop,94,23,13,4
2024-08-05,Ferramentas,mobile,237,57,26,16
2024-08-05,Ferramentas,desktop,222,55,26,18
2024-08-05,Iluminação,mobile,96,19,8,5
2024-08-05,Iluminação,desktop,192,35,18,10
2024-08-05,Utilidades Domésticas,mobile,195,51,27,21
2024-08-05,Utilidades Domésticas,desktop,271,61,30,22
2024-08-05,Jardim e Área Externa,mobile,285,67,30,19
2024-08-05,Jardim e Área Externa,desktop,143,32,17,11
2024-08-05,Organização,mobile,83,17,9,7
2024-08-05,Organização,desktop,155,41,24,18
2024-08-05,Elétrica,mobile,161,28,12,5
2024-08-05,Elétrica,desktop,114,23,13,5
2024-08-05,Hidráulica,mobile,213,56,28,11
2024-08-05,Hidráulica,desktop,119,25,13,5
2024-08-05,Pintura e Acabamento,mobile,82,22,12,9
2024-08-05,Pintura e Acabamento,desktop,99,25,14,8
2024-08-05,Segurança,mobile,240,58,26,9
2024-08-05,Segurança,desktop,273,70,41,13
2024-08-06,Ferramentas,mobile,140,34,20,12
2024-08-06,Ferramentas,desktop,270,57,28,16
2024-08-06,Iluminação,mobile,182,39,23,17
2024-08-06,Iluminação,desktop,249,46,24,16
2024-08-06,Utilidades Domésticas,mobile,91,21,9,5
2024-08-06,Utilidades Domésticas,desktop,116,26,11,8
2024-08-06,Jardim e Área Externa,mobile,267,54,29,19
2024-08-06,Jardim e Área Externa,desktop,145,28,13,8
2024-08-06,Organização,mobile,114,27,16,12
2024-08-06,Organização,desktop,176,44,24,18
2024-08-06,Elétrica,mobile,263,68,38,15
2024-08-06,Elétrica,desktop,251,48,26,9
2024-08-06,Hidráulica,mobile,124,26,15,6
2024-08-06,Hidráulica,desktop,242,56,29,12
2024-08-06,Pintura e Acabamento,mobile,283,52,25,14
2024-08-06,Pintura e Acabamento,desktop,217,58,32,20
2024-08-06,Segurança,mobile,91,18,9,2
2024-08-06,Segurança,desktop,121,22,12,3
2024-08-07,Ferramentas,mobile,277,68,40,24
2024-08-07,Ferramentas,desktop,298,57,32,20
2024-08-07,Iluminação,mobile,198,51,26,20
2024-08-07,Iluminação,desktop,201,46,27,17
2024-08-07,Utilidades Domésticas,mobile,205,52,26,17
2024-08-07,Utilidades Domésticas,desktop,94,26,15,10
2024-08-07,Jardim e Área Externa,mobile,89,18,9,5
2024-08-07,Jardim e Área Externa,desktop,172,33,19,11
2024-08-07,Organização,mobile,154,35,18,14
2024-08-07,Organização,desktop,236,63,31,24
2024-08-07,Elétrica,mobile,225,62,28,12
2024-08-07,Elétrica,desktop,169,38,19,7
2024-08-07,Hidráulica,mobile,119,29,15,5
2024-08-07,Hidráulica,desktop,173,45,23,10
2024-08-07,Pintura e Acabamento,mobile,88,23,10,7
2024-08-07,Pintura e Acabamento,desktop,136,28,12,7
2024-08-07,Segurança,mobile,121,26,11,3
2024-08-07,Segurança,desktop,172,34,17,4
2024-08-08,Ferramentas,mobile,243,53,24,15
2024-08-08,Ferramentas,desktop,240,56,33,20
2024-08-08,Iluminação,mobile,143,28,14,8
2024-08-08,Iluminação,desktop,161,33,15,8
2024-08-08,Utilidades Domésticas,mobile,126,23,13,9
2024-08-08,Utilidades Domésticas,desktop,249,62,31,21
2024-08-08,Jardim e Área Externa,mobile,224,60,35,21
2024-08-08,Jardim e Área Externa,desktop,147,40,22,15
2024-08-08,Organização,mobile,187,44,25,15
2024-08-08,Organização,desktop,249,60,30,19
2024-08-08,Elétrica,mobile,224,45,24,10
2024-08-08,Elétrica,desktop,237,56,26,10
2024-08-08,Hidráulica,mobile,162,31,18,8
2024-08-08,Hidráulica,desktop,153,31,18,7
2024-08-08,Pintura e Acabamento,mobile,156,36,19,14
2024-08-08,Pintura e Acabamento,desktop,216,43,19,11
2024-08-08,Segurança,mobile,202,48,26,9
2024-08-08,Segurança,desktop,139,28,14,4
2024-08-09,Ferramentas,mobile,259,53,24,16
2024-08-09,Ferramentas,desktop,191,51,27,17
2024-08-09,Iluminação,mobile,230,49,22,14
2024-08-09,Iluminação,desktop,129,28,15,9
2024-08-09,Utilidades Domésticas,mobile,278,64,29,18
2024-08-09,Utilidades Domésticas,desktop,148,39,19,15
2024-08-09,Jardim e Área Externa,mobile,172,33,17,12
2024-08-09,Jardim e Área Externa,desktop,244,44,25,16
2024-08-09,Organização,mobile,184,38,21,14
2024-08-09,Organização,desktop,117,26,13,10
2024-08-09,Elétrica,mobile,168,39,21,6
2024-08-09,Elétrica,desktop,282,71,41,15
2024-08-09,Hidráulica,mobile,118,27,14,6
2024-08-09,Hidráulica,desktop,253,63,30,11
2024-08-09,Pintura e Acabamento,mobile,294,76,39,29
2024-08-09,Pintura e Acabamento,desktop,178,40,19,12
2024-08-09,Segurança,mobile,186,48,25,9
2024-08-09,Segurança,desktop,125,25,14,3
2024-08-10,Ferramentas,mobile,112,26,12,6
2024-08-10,Ferramentas,desktop,110,23,12,7
2024-08-10,Iluminação,mobile,257,59,32,24
2024-08-10,Iluminação,desktop,229,61,27,19
2024-08-10,Utilidades Domésticas,mobile,115,24,13,8
2024-08-10,Utilidades Domésticas,desktop,224,44,23,19
2024-08-10,Jardim e Área Externa,mobile,281,53,27,19
2024-08-10,Jardim e Área Externa,desktop,287,54,28,19
2024-08-10,Organização,mobile,129,36,17,13
2024-08-10,Organização,desktop,172,37,21,16
2024-08-10,Elétrica,mobile,170,33,18,7
2024-08-10,Elétrica,desktop,243,58,31,12
2024-08-10,Hidráulica,mobile,164,45,26,11
2024-08-10,Hidráulica,desktop,249,67,39,18
2024-08-10,Pintura e Acabamento,mobile,211,42,20,11
2024-08-10,Pintura e Acabamento,desktop,124,23,12,8
2024-08-10,Segurança,mobile,270,69,39,14
2024-08-10,Segurança,desktop,144,34,16,5
2024-08-11,Ferramentas,mobile,267,58,32,17
2024-08-11,Ferramentas,desktop,176,42,21,11
2024-08-11,Iluminação,mobile,293,57,29,20
2024-08-11,Iluminação,desktop,192,43,19,14
2024-08-11,Utilidades Domésticas,mobile,187,34,19,14
2024-08-11,Utilidades Domésticas,desktop,173,41,23,16
2024-08-11,Jardim e Área Externa,mobile,147,29,14,10
2024-08-11,Jardim e Área Externa,desktop,285,69,38,25
2024-08-11,Organização,mobile,230,53,26,19
2024-08-11,Organização,desktop,219,51,26,18
2024-08-11,Elétrica,mobile,90,24,12,4
2024-08-11,Elétrica,desktop,169,38,21,9
2024-08-11,Hidráulica,mobile,238,48,22,9
2024-08-11,Hidráulica,desktop,83,16,8,3
2024-08-11,Pintura e Acabamento,mobile,198,53,27,18
2024-08-11,Pintura e Acabamento,desktop,164,33,15,10
2024-08-11,Segurança,mobile,246,47,25,7
2024-08-11,Segurança,desktop,271,51,25,8
2024-08-12,Ferramentas,mobile,265,55,31,21
2024-08-12,Ferramentas,desktop,243,51,30,20
2024-08-12,Iluminação,mobile,210,43,20,15
2024-08-12,Iluminação,desktop,145,31,14,9
2024-08-12,Utilidades Domésticas,mobile,242,59,31,26
2024-08-12,Utilidades Domésticas,desktop,198,50,28,23
2024-08-12,Jardim e Área Externa,mobile,234,63,37,26
2024-08-12,Jardim e Área Externa,desktop,198,38,17,11
2024-08-12,Organização,mobile,207,48,22,15
2024-08-12,Organização,desktop,232,44,26,16
2024-08-12,Elétrica,mobile,140,32,16,7
2024-08-12,Elétrica,desktop,242,46,20,8
2024-08-12,Hidráulica,mobile,169,36,20,9
2024-08-12,Hidráulica,desktop,265,50,25,10
2024-08-12,Pintura e Acabamento,mobile,160,37,17,10
2024-08-12,Pintura e Acabamento,desktop,122,26,15,9
2024-08-12,Segurança,mobile,255,50,28,8
2024-08-12,Segurança,desktop,113,21,11,3
2024-08-13,Ferramentas,mobile,243,46,24,15
2024-08-13,Ferramentas,desktop,122,22,10,6
2024-08-13,Iluminação,mobile,205,40,23,15
2024-08-13,Iluminação,desktop,234,54,29,18
2024-08-13,Utilidades Domésticas,mobile,160,30,17,12
2024-08-13,Utilidades Domésticas,desktop,157,31,16,11
2024-08-13,Jardim e Área Externa,mobile,95,17,7,4
2024-08-13,Jardim e Área Externa,desktop,143,28,13,8
2024-08-13,Organização,mobile,157,40,19,14
2024-08-13,Organização,desktop,286,69,33,26
2024-08-13,Elétrica,mobile,143,27,12,4
2024-08-13,Elétrica,desktop,193,36,17,5
2024-08-13,Hidráulica,mobile,230,45,21,7
2024-08-13,Hidráulica,desktop,275,66,31,14
2024-08-13,Pintura e Acabamento,mobile,90,17,9,5
2024-08-13,Pintura e Acabamento,desktop,258,48,24,16
2024-08-13,Segurança,mobile,125,26,11,3
2024-08-13,Segurança,desktop,170,37,21,6
2024-08-14,Ferramentas,mobile,198,37,17,8
2024-08-14,Ferramentas,desktop,275,75,40,25
2024-08-14,Iluminação,mobile,290,62,36,24
2024-08-14,Iluminação,desktop,103,24,11,7
2024-08-14,Utilidades Domésticas,mobile,231,56,28,20
2024-08-14,Utilidades Domésticas,desktop,266,68,35,22
2024-08-14,Jardim e Área Externa,mobile,296,76,35,24
2024-08-14,Jardim e Área Externa,desktop,241,58,32,22
2024-08-14,Organização,mobile,137,36,16,11
2024-08-14,Organização,desktop,128,28,13,10
2024-08-14,Elétrica,mobile,224,56,25,9
2024-08-14,Elétrica,desktop,106,24,13,4
2024-08-14,Hidráulica,mobile,112,22,12,4
2024-08-14,Hidráulica,desktop,182,33,15,7
2024-08-14,Pintura e Acabamento,mobile,126,31,14,9
2024-08-14,Pintura e Acabamento,desktop,107,21,12,8
2024-08-14,Segurança,mobile,86,19,11,3
2024-08-14,Segurança,desktop,152,28,14,4
2024-08-15,Ferramentas,mobile,189,35,20,12
2024-08-15,Ferramentas,desktop,167,31,18,11
2024-08-15,Iluminação,mobile,85,16,7,4
2024-08-15,Iluminação,desktop,138,29,14,9
2024-08-15,Utilidades Domésticas,mobile,93,24,12,7
2024-08-15,Utilidades Domésticas,desktop,149,38,18,12
2024-08-15,Jardim e Área Externa,mobile,121,32,18,13
2024-08-15,Jardim e Área Externa,desktop,289,66,33,24
2024-08-15,Organização,mobile,298,59,32,19
2024-08-15,Organização,desktop,152,28,16,10
2024-08-15,Elétrica,mobile,237,63,34,12
2024-08-15,Elétrica,desktop,109,26,15,6
2024-08-15,Hidráulica,mobile,278,65,35,17
2024-08-15,Hidráulica,desktop,273,73,33,13
2024-08-15,Pintura e Acabamento,mobile,127,29,17,12
2024-08-15,Pintura e Acabamento,desktop,114,26,13,7
2024-08-15,Segurança,mobile,117,26,12,3
2024-08-15,Segurança,desktop,222,42,23,8
2024-08-16,Ferramentas,mobile,104,22,11,5
2024-08-16,Ferramentas,desktop,119,26,12,8
2024-08-16,Iluminação,mobile,105,28,15,10
2024-08-16,Iluminação,desktop,192,51,29,17
2024-08-16,Utilidades Domésticas,mobile,108,27,15,12
2024-08-16,Utilidades Domésticas,desktop,273,61,29,21
2024-08-16,Jardim e Área Externa,mobile,87,16,8,5
2024-08-16,Jardim e Área Externa,desktop,104,22,10,6
2024-08-16,Organização,mobile,80,22,10,7
2024-08-16,Organização,desktop,191,38,22,17
2024-08-16,Elétrica,mobile,88,16,8,3
2024-08-16,Elétrica,desktop,159,31,16,5
2024-08-16,Hidráulica,mobile,103,23,11,4
2024-08-16,Hidráulica,desktop,235,63,34,15
2024-08-16,Pintura e Acabamento,mobile,196,36,18,13
2024-08-16,Pintura e Acabamento,desktop,268,69,33,22
2024-08-16,Segurança,mobile,245,44,25,7
2024-08-16,Segurança,desktop,138,31,15,5
2024-08-17,Ferramentas,mobile,89,24,13,9
2024-08-17,Ferramentas,desktop,210,48,24,15
2024-08-17,Iluminação,mobile,286,66,35,23
2024-08-17,Iluminação,desktop,196,40,21,14
2024-08-17,Utilidades Domésticas,mobile,224,45,22,19
2024-08-17,Utilidades Domésticas,desktop,285,60,30,26
2024-08-17,Jardim e Área Externa,mobile,152,39,20,11
2024-08-17,Jardim e Área Externa,desktop,262,52,26,19
2024-08-17,Organização,mobile,110,20,11,7
2024-08-17,Organização,desktop,288,53,31,21
2024-08-17,Elétrica,mobile,93,25,12,4
2024-08-17,Elétrica,desktop,83,22,10,3
2024-08-17,Hidráulica,mobile,265,49,22,9
2024-08-17,Hidráulica,desktop,196,39,18,6
2024-08-17,Pintura e Acabamento,mobile,161,44,21,13
2024-08-17,Pintura e Acabamento,desktop,147,33,15,9
2024-08-17,Segurança,mobile,145,32,15,5
2024-08-17,Segurança,desktop,90,21,9,2
2024-08-18,Ferramentas,mobile,296,72,42,26
2024-08-18,Ferramentas,desktop,280,75,33,19
2024-08-18,Iluminação,mobile,146,30,14,8
2024-08-18,Iluminação,desktop,224,46,27,16
2024-08-18,Utilidades Domésticas,mobile,142,34,16,10
2024-08-18,Utilidades Domésticas,desktop,168,36,19,15
2024-08-18,Jardim e Área Externa,mobile,247,63,35,24
2024-08-18,Jardim e Área Externa,desktop,215,58,34,19
2024-08-18,Organização,mobile,141,35,19,13
2024-08-18,Organização,desktop,291,69,31,23
2024-08-18,Elétrica,mobile,264,71,42,14
2024-08-18,Elétrica,desktop,155,37,20,7
2024-08-18,Hidráulica,mobile,121,27,16,6
2024-08-18,Hidráulica,desktop,290,65,33,14
2024-08-18,Pintura e Acabamento,mobile,157,39,19,11
2024-08-18,Pintura e Acabamento,desktop,162,29,13,9
2024-08-18,Segurança,mobile,104,22,10,3
2024-08-18,Segurança,desktop,256,60,28,9
2024-08-19,Ferramentas,mobile,295,82,42,22
2024-08-19,Ferramentas,desktop,219,54,27,15
2024-08-19,Iluminação,mobile,258,63,35,27
2024-08-19,Iluminação,desktop,174,43,22,15
2024-08-19,Utilidades Domésticas,mobile,111,25,12,7
2024-08-19,Utilidades Domésticas,desktop,290,55,31,26
2024-08-19,Jardim e Área Externa,mobile,198,53,26,15
2024-08-19,Jardim e Área Externa,desktop,94,20,10,6
2024-08-19,Organização,mobile,261,62,34,25
2024-08-19,Organização,desktop,162,36,21,14
2024-08-19,Elétrica,mobile,187,44,23,8
2024-08-19,Elétrica,desktop,170,41,22,7
2024-08-19,Hidráulica,mobile,114,24,12,4
2024-08-19,Hidráulica,desktop,260,57,25,11
2024-08-19,Pintura e Acabamento,mobile,254,66,35,21
2024-08-19,Pintura e Acabamento,desktop,225,43,24,15
2024-08-19,Segurança,mobile,172,47,23,8
2024-08-19,Segurança,desktop,197,45,20,6
2024-08-20,Ferramentas,mobile,291,77,44,26
2024-08-20,Ferramentas,desktop,178,48,22,11
2024-08-20,Iluminação,mobile,120,25,13,8
2024-08-20,Iluminação,desktop,104,26,12,8
2024-08-20,Utilidades Domésticas,mobile,145,32,17,14
2024-08-20,Utilidades Domésticas,desktop,91,19,10,7
2024-08-20,Jardim e Área Externa,mobile,222,46,26,14
2024-08-20,Jardim e Área Externa,desktop,231,63,34,21
2024-08-20,Organização,mobile,190,49,22,16
2024-08-20,Organização,desktop,298,74,36,29
2024-08-20,Elétrica,mobile,170,47,25,9
2024-08-20,Elétrica,desktop,237,46,23,9
2024-08-20,Hidráulica,mobile,169,30,14,6
2024-08-20,Hidráulica,desktop,207,46,26,12
2024-08-20,Pintura e Acabamento,mobile,85,16,9,5
2024-08-20,Pintura e Acabamento,desktop,271,66,37,22
2024-08-20,Segurança,mobile,96,17,9,2
2024-08-20,Segurança,desktop,84,16,8,2
2024-08-21,Ferramentas,mobile,202,42,19,12
2024-08-21,Ferramentas,desktop,192,44,22,12
2024-08-21,Iluminação,mobile,110,22,10,6
2024-08-21,Iluminação,desktop,144,33,15,8
2024-08-21,Utilidades Domésticas,mobile,223,47,25,16
2024-08-21,Utilidades Domésticas,desktop,289,60,27,22
2024-08-21,Jardim e Área Externa,mobile,272,65,35,24
2024-08-21,Jardim e Área Externa,desktop,161,42,21,12
2024-08-21,Organização,mobile,255,49,26,21
2024-08-21,Organização,desktop,160,39,21,16
2024-08-21,Elétrica,mobile,297,64,37,16
2024-08-21,Elétrica,desktop,126,32,15,6
2024-08-21,Hidráulica,mobile,261,67,38,17
2024-08-21,Hidráulica,desktop,194,51,23,9
2024-08-21,Pintura e Acabamento,mobile,127,28,15,11
2024-08-21,Pintura e Acabamento,desktop,154,31,16,9
2024-08-21,Segurança,mobile,249,46,24,8
2024-08-21,Segurança,desktop,183,50,26,8
2024-08-22,Ferramentas,mobile,146,35,20,13
2024-08-22,Ferramentas,desktop,297,78,46,25
2024-08-22,Iluminação,mobile,226,43,20,12
2024-08-22,Iluminação,desktop,161,29,15,9
2024-08-22,Utilidades Domésticas,mobile,251,61,27,19
2024-08-22,Utilidades Domésticas,desktop,282,55,25,19
2024-08-22,Jardim e Área Externa,mobile,290,79,35,19
2024-08-22,Jardim e Área Externa,desktop,200,48,21,15
2024-08-22,Organização,mobile,238,48,27,21
2024-08-22,Organização,desktop,143,30,14,8
2024-08-22,Elétrica,mobile,193,37,17,7
2024-08-22,Elétrica,desktop,267,69,33,13
2024-08-22,Hidráulica,mobile,235,59,27,9
2024-08-22,Hidráulica,desktop,166,44,20,8
2024-08-22,Pintura e Acabamento,mobile,193,45,22,15
2024-08-22,Pintura e Acabamento,desktop,105,20,10,7
2024-08-22,Segurança,mobile,288,76,38,11
2024-08-22,Segurança,desktop,250,66,36,12
2024-08-23,Ferramentas,mobile,252,47,27,15
2024-08-23,Ferramentas,desktop,249,59,31,18
2024-08-23,Iluminação,mobile,134,29,15,10
2024-08-23,Iluminação,desktop,240,64,32,23
2024-08-23,Utilidades Domésticas,mobile,177,35,20,14
2024-08-23,Utilidades Domésticas,desktop,81,20,9,7
2024-08-23,Jardim e Área Externa,mobile,261,65,38,27
2024-08-23,Jardim e Área Externa,desktop,191,53,28,19
2024-08-23,Organização,mobile,189,46,25,17
2024-08-23,Organização,desktop,278,75,38,29
2024-08-23,Elétrica,mobile,185,41,24,8
2024-08-23,Elétrica,desktop,252,61,32,14
2024-08-23,Hidráulica,mobile,299,65,35,16
2024-08-23,Hidráulica,desktop,211,50,28,13
2024-08-23,Pintura e Acabamento,mobile,98,20,10,7
2024-08-23,Pintura e Acabamento,desktop,275,65,37,24
2024-08-23,Segurança,mobile,167,45,25,8
2024-08-23,Segurança,desktop,252,62,35,12
2024-08-24,Ferramentas,mobile,121,32,15,7
2024-08-24,Ferramentas,desktop,298,74,38,19
2024-08-24,Iluminação,mobile,141,38,19,11
2024-08-24,Iluminação,desktop,237,65,38,22
2024-08-24,Utilidades Domésticas,mobile,157,30,16,11
2024-08-24,Utilidades Domésticas,desktop,175,42,24,17
2024-08-24,Jardim e Área Externa,mobile,141,29,14,9
2024-08-24,Jardim e Área Externa,desktop,201,47,28,19
2024-08-24,Organização,mobile,189,49,23,17
2024-08-24,Organização,desktop,283,56,26,18
2024-08-24,Elétrica,mobile,246,62,36,14
2024-08-24,Elétrica,desktop,271,54,31,12
2024-08-24,Hidráulica,mobile,281,77,38,15
2024-08-24,Hidráulica,desktop,136,29,14,6
2024-08-24,Pintura e Acabamento,mobile,288,65,35,20
2024-08-24,Pintura e Acabamento,desktop,259,69,40,28
2024-08-24,Segurança,mobile,258,66,32,9
2024-08-24,Segurança,desktop,176,33,19,6
2024-08-25,Ferramentas,mobile,125,25,12,6
2024-08-25,Ferramentas,desktop,224,48,22,12
2024-08-25,Iluminação,mobile,183,45,23,17
2024-08-25,Iluminação,desktop,259,54,29,21
2024-08-25,Utilidades Domésticas,mobile,114,21,11,7
2024-08-25,Utilidades Domésticas,desktop,218,60,28,20
2024-08-25,Jardim e Área Externa,mobile,105,26,15,8
2024-08-25,Jardim e Área Externa,desktop,264,53,24,17
2024-08-25,Organização,mobile,164,36,21,14
2024-08-25,Organização,desktop,130,25,14,11
2024-08-25,Elétrica,mobile,265,57,33,13
2024-08-25,Elétrica,desktop,121,27,13,5
2024-08-25,Hidráulica,mobile,197,45,24,9
2024-08-25,Hidráulica,desktop,293,82,47,22
2024-08-25,Pintura e Acabamento,mobile,176,36,18,10
2024-08-25,Pintura e Acabamento,desktop,145,26,14,8
2024-08-25,Segurança,mobile,165,43,21,7
2024-08-25,Segurança,desktop,235,46,24,8
2024-08-26,Ferramentas,mobile,285,72,38,20
2024-08-26,Ferramentas,desktop,138,33,18,10
2024-08-26,Iluminação,mobile,83,19,9,5
2024-08-26,Iluminação,desktop,296,74,36,23
2024-08-26,Utilidades Domésticas,mobile,180,44,22,17
2024-08-26,Utilidades Domésticas,desktop,269,75,44,31
2024-08-26,Jardim e Área Externa,mobile,162,30,13,9
2024-08-26,Jardim e Área Externa,desktop,293,68,33,23
2024-08-26,Organização,mobile,250,54,31,23
2024-08-26,Organização,desktop,93,25,13,10
2024-08-26,Elétrica,mobile,288,68,30,10
2024-08-26,Elétrica,desktop,94,22,10,4
2024-08-26,Hidráulica,mobile,82,19,11,5
2024-08-26,Hidráulica,desktop,223,50,26,12
2024-08-26,Pintura e Acabamento,mobile,81,16,8,5
2024-08-26,Pintura e Acabamento,desktop,147,37,19,12
2024-08-26,Segurança,mobile,216,58,31,10
2024-08-26,Segurança,desktop,273,57,30,8
2024-08-27,Ferramentas,mobile,161,29,15,8
2024-08-27,Ferramentas,desktop,138,38,20,11
2024-08-27,Iluminação,mobile,184,41,22,15
2024-08-27,Iluminação,desktop,141,34,16,12
2024-08-27,Utilidades Domésticas,mobile,272,71,40,30
2024-08-27,Utilidades Domésticas,desktop,291,63,37,25
2024-08-27,Jardim e Área Externa,mobile,185,35,20,12
2024-08-27,Jardim e Área Externa,desktop,146,37,19,13
2024-08-27,Organização,mobile,215,40,21,16
2024-08-27,Organização,desktop,252,62,32,26
2024-08-27,Elétrica,mobile,136,36,16,6
2024-08-27,Elétrica,desktop,154,38,19,7
2024-08-27,Hidráulica,mobile,290,59,29,13
2024-08-27,Hidráulica,desktop,250,54,28,12
2024-08-27,Pintura e Acabamento,mobile,240,43,20,15
2024-08-27,Pintura e Acabamento,desktop,93,19,9,6
2024-08-27,Segurança,mobile,277,68,30,9
2024-08-27,Segurança,desktop,144,32,15,4
2024-08-28,Ferramentas,mobile,233,45,25,17
2024-08-28,Ferramentas,desktop,271,58,30,17
2024-08-28,Iluminação,mobile,91,22,11,7
2024-08-28,Iluminação,desktop,223,61,35,26
2024-08-28,Utilidades Domésticas,mobile,99,20,11,8
2024-08-28,Utilidades Domésticas,desktop,129,27,15,12
2024-08-28,Jardim e Área Externa,mobile,115,31,14,9
2024-08-28,Jardim e Área Externa,desktop,224,49,29,19
2024-08-28,Organização,mobile,218,47,24,15
2024-08-28,Organização,desktop,140,32,14,10
2024-08-28,Elétrica,mobile,138,35,17,6
2024-08-28,Elétrica,desktop,256,54,27,10
2024-08-28,Hidráulica,mobile,201,50,24,11
2024-08-28,Hidráulica,desktop,145,33,16,5
2024-08-28,Pintura e Acabamento,mobile,173,34,17,12
2024-08-28,Pintura e Acabamento,desktop,133,26,14,8
2024-08-28,Segurança,mobile,107,26,14,5
2024-08-28,Segurança,desktop,276,76,35,10
2024-08-29,Ferramentas,mobile,211,40,19,10
2024-08-29,Ferramentas,desktop,297,71,41,24
2024-08-29,Iluminação,mobile,210,42,21,16
2024-08-29,Iluminação,desktop,103,20,10,6
2024-08-29,Utilidades Domésticas,mobile,240,46,23,14
2024-08-29,Utilidades Domésticas,desktop,93,24,12,10
2024-08-29,Jardim e Área Externa,mobile,221,56,31,22
2024-08-29,Jardim e Área Externa,desktop,160,44,21,13
2024-08-29,Organização,mobile,206,49,22,16
2024-08-29,Organização,desktop,88,20,10,8
2024-08-29,Elétrica,mobile,284,76,40,15
2024-08-29,Elétrica,desktop,101,27,13,4
2024-08-29,Hidráulica,mobile,283,65,33,13
2024-08-29,Hidráulica,desktop,239,62,35,15
2024-08-29,Pintura e Acabamento,mobile,224,47,22,16
2024-08-29,Pintura e Acabamento,desktop,119,31,15,8
2024-08-29,Segurança,mobile,142,32,18,4
2024-08-29,Segurança,desktop,130,35,16,4
2024-08-30,Ferramentas,mobile,83,16,7,3
2024-08-30,Ferramentas,desktop,282,64,38,24
2024-08-30,Iluminação,mobile,127,25,13,8
2024-08-30,Iluminação,desktop,186,46,23,14
2024-08-30,Utilidades Domésticas,mobile,268,48,22,16
2024-08-30,Utilidades Domésticas,desktop,296,56,27,19
2024-08-30,Jardim e Área Externa,mobile,199,41,23,14
2024-08-30,Jardim e Área Externa,desktop,262,67,39,26
2024-08-30,Organização,mobile,213,42,21,15
2024-08-30,Organização,desktop,132,35,18,12
2024-08-30,Elétrica,mobile,146,35,19,8
2024-08-30,Elétrica,desktop,131,33,19,6
2024-08-30,Hidráulica,mobile,280,78,45,20
2024-08-30,Hidráulica,desktop,193,38,18,8
2024-08-30,Pintura e Acabamento,mobile,143,35,19,13
2024-08-30,Pintura e Acabamento,desktop,81,15,8,4
2024-08-30,Segurança,mobile,212,45,25,8
2024-08-30,Segurança,desktop,173,37,20,6
2024-08-31,Ferramentas,mobile,124,34,17,9
2024-08-31,Ferramentas,desktop,98,20,9,6
2024-08-31,Iluminação,mobile,270,53,28,17
2024-08-31,Iluminação,desktop,173,42,23,14
2024-08-31,Utilidades Domésticas,mobile,118,21,12,8
2024-08-31,Utilidades Domésticas,desktop,81,20,10,8
2024-08-31,Jardim e Área Externa,mobile,260,49,25,15
2024-08-31,Jardim e Área Externa,desktop,204,53,26,17
2024-08-31,Organização,mobile,169,35,16,10
2024-08-31,Organização,desktop,127,29,15,9
2024-08-31,Elétrica,mobile,227,55,26,9
2024-08-31,Elétrica,desktop,176,43,22,8
2024-08-31,Hidráulica,mobile,255,47,24,10
2024-08-31,Hidráulica,desktop,181,49,29,13
2024-08-31,Pintura e Acabamento,mobile,225,59,29,21
2024-08-31,Pintura e Acabamento,desktop,224,53,30,21
2024-08-31,Segurança,mobile,276,60,32,10
2024-08-31,Segurança,desktop,81,18,10,3
2024-09-01,Ferramentas,mobile,188,40,19,11
2024-09-01,Ferramentas,desktop,83,17,8,5
2024-09-01,Iluminação,mobile,230,42,20,13
2024-09-01,Iluminação,desktop,85,19,10,6
2024-09-01,Utilidades Domésticas,mobile,219,46,27,23
2024-09-01,Utilidades Domésticas,desktop,108,29,13,10
2024-09-01,Jardim e Área Externa,mobile,145,36,19,12
2024-09-01,Jardim e Área Externa,desktop,226,56,32,21
2024-09-01,Organização,mobile,205,44,25,19
2024-09-01,Organização,desktop,174,44,21,17
2024-09-01,Elétrica,mobile,111,26,12,5
2024-09-01,Elétrica,desktop,128,24,13,4
2024-09-01,Hidráulica,mobile,263,55,26,10
2024-09-01,Hidráulica,desktop,201,40,22,8
2024-09-01,Pintura e Acabamento,mobile,148,28,14,10
2024-09-01,Pintura e Acabamento,desktop,257,70,40,23
2024-09-01,Segurança,mobile,131,26,11,3
2024-09-01,Segurança,desktop,271,49,27,8
2024-09-02,Ferramentas,mobile,201,44,22,14
2024-09-02,Ferramentas,desktop,260,66,31,16
2024-09-02,Iluminação,mobile,295,57,26,16
2024-09-02,Iluminação,desktop,154,35,17,10
2024-09-02,Utilidades Domésticas,mobile,290,55,27,19
2024-09-02,Utilidades Domésticas,desktop,172,41,19,15
2024-09-02,Jardim e Área Externa,mobile,114,24,11,7
2024-09-02,Jardim e Área Externa,desktop,235,65,37,26
2024-09-02,Organização,mobile,80,20,11,6
2024-09-02,Organização,desktop,233,59,30,23
2024-09-02,Elétrica,mobile,226,45,26,11
2024-09-02,Elétrica,desktop,197,35,15,5
2024-09-02,Hidráulica,mobile,139,37,21,10
2024-09-02,Hidráulica,desktop,134,29,13,5
2024-09-02,Pintura e Acabamento,mobile,97,18,8,5
2024-09-02,Pintura e Acabamento,desktop,87,22,10,6
2024-09-02,Segurança,mobile,267,73,37,10
2024-09-02,Segurança,desktop,249,57,34,11
2024-09-03,Ferramentas,mobile,90,18,10,6
2024-09-03,Ferramentas,desktop,277,61,33,17
2024-09-03,Iluminação,mobile,284,61,33,24
2024-09-03,Iluminação,desktop,212,50,26,15
2024-09-03,Utilidades Domésticas,mobile,187,49,24,18
2024-09-03,Utilidades Domésticas,desktop,160,42,22,14
2024-09-03,Jardim e Área Externa,mobile,259,47,27,18
2024-09-03,Jardim e Área Externa,desktop,241,54,32,23
2024-09-03,Organização,mobile,200,51,28,21
2024-09-03,Organização,desktop,152,29,15,9
2024-09-03,Elétrica,mobile,169,35,16,5
2024-09-03,Elétrica,desktop,97,18,10,3
2024-09-03,Hidráulica,mobile,142,35,15,6
2024-09-03,Hidráulica,desktop,269,49,27,12
2024-09-03,Pintura e Acabamento,mobile,180,46,25,14
2024-09-03,Pintura e Acabamento,desktop,111,22,10,7
2024-09-03,Segurança,mobile,251,48,22,7
2024-09-03,Segurança,desktop,293,59,30,10
2024-09-04,Ferramentas,mobile,112,23,12,7
2024-09-04,Ferramentas,desktop,157,36,16,9
2024-09-04,Iluminação,mobile,291,79,35,27
2024-09-04,Iluminação,desktop,296,81,46,29
2024-09-04,Utilidades Domésticas,mobile,204,39,21,14
2024-09-04,Utilidades Domésticas,desktop,87,15,7,4
2024-09-04,Jardim e Área Externa,mobile,95,22,11,7
2024-09-04,Jardim e Área Externa,desktop,216,55,30,17
2024-09-04,Organização,mobile,272,62,36,28
2024-09-04,Organização,desktop,288,59,28,18
2024-09-04,Elétrica,mobile,198,39,21,7
2024-09-04,Elétrica,desktop,250,57,26,9
2024-09-04,Hidráulica,mobile,168,39,17,7
2024-09-04,Hidráulica,desktop,154,42,22,10
2024-09-04,Pintura e Acabamento,mobile,214,58,33,25
2024-09-04,Pintura e Acabamento,desktop,115,24,10,7
2024-09-04,Segurança,mobile,95,20,11,3
2024-09-04,Segurança,desktop,126,24,11,3
2024-09-05,Ferramentas,mobile,175,38,22,13
2024-09-05,Ferramentas,desktop,191,36,17,10
2024-09-05,Iluminação,mobile,166,46,22,13
2024-09-05,Iluminação,desktop,148,27,12,7
2024-09-05,Utilidades Domésticas,mobile,194,47,25,19
2024-09-05,Utilidades Domésticas,desktop,238,54,29,19
2024-09-05,Jardim e Área Externa,mobile,89,23,11,8
2024-09-05,Jardim e Área Externa,desktop,234,58,29,17
2024-09-05,Organização,mobile,215,48,24,17
2024-09-05,Organização,desktop,179,43,24,18
2024-09-05,Elétrica,mobile,292,72,39,17
2024-09-05,Elétrica,desktop,165,43,23,8
2024-09-05,Hidráulica,mobile,133,33,15,6
2024-09-05,Hidráulica,desktop,285,61,30,14
2024-09-05,Pintura e Acabamento,mobile,108,29,14,8
2024-09-05,Pintura e Acabamento,desktop,276,61,29,16
2024-09-05,Segurança,mobile,92,19,9,3
2024-09-05,Segurança,desktop,299,76,38,12
2024-09-06,Ferramentas,mobile,223,58,33,17
2024-09-06,Ferramentas,desktop,228,46,21,13
2024-09-06,Iluminação,mobile,235,51,24,16
2024-09-06,Iluminação,desktop,100,26,11,6
2024-09-06,Utilidades Domésticas,mobile,266,67,37,24
2024-09-06,Utilidades Domésticas,desktop,281,73,37,28
2024-09-06,Jardim e Área Externa,mobile,146,28,14,10
2024-09-06,Jardim e Área Externa,desktop,146,34,16,10
2024-09-06,Organização,mobile,257,55,26,17
2024-09-06,Organização,desktop,298,82,45,27
2024-09-06,Elétrica,mobile,218,55,24,8
2024-09-06,Elétrica,desktop,137,37,18,7
2024-09-06,Hidráulica,mobile,109,25,12,5
2024-09-06,Hidráulica,desktop,172,46,25,9
2024-09-06,Pintura e Acabamento,mobile,256,47,25,17
2024-09-06,Pintura e Acabamento,desktop,190,39,18,13
2024-09-06,Segurança,mobile,192,38,17,5
2024-09-06,Segurança,desktop,220,61,35,9
2024-09-07,Ferramentas,mobile,132,28,15,10
2024-09-07,Ferramentas,desktop,105,25,13,8
2024-09-07,Iluminação,mobile,289,79,37,24
2024-09-07,Iluminação,desktop,241,64,32,23
2024-09-07,Utilidades Domésticas,mobile,191,52,29,20
2024-09-07,Utilidades Domésticas,desktop,197,37,19,13
2024-09-07,Jardim e Área Externa,mobile,212,59,32,23
2024-09-07,Jardim e Área Externa,desktop,253,47,24,14
2024-09-07,Organização,mobile,123,31,17,11
2024-09-07,Organização,desktop,283,72,33,21
2024-09-07,Elétrica,mobile,294,61,34,14
2024-09-07,Elétrica,desktop,250,57,27,10
2024-09-07,Hidráulica,mobile,173,36,17,7
2024-09-07,Hidráulica,desktop,187,35,19,8
2024-09-07,Pintura e Acabamento,mobile,91,24,11,7
2024-09-07,Pintura e Acabamento,desktop,142,37,20,13
2024-09-07,Segurança,mobile,111,21,10,3
2024-09-07,Segurança,desktop,123,25,14,5
2024-09-08,Ferramentas,mobile,94,21,10,5
2024-09-08,Ferramentas,desktop,226,42,19,10
2024-09-08,Iluminação,mobile,288,61,31,23
2024-09-08,Iluminação,desktop,169,43,25,16
2024-09-08,Utilidades Domésticas,mobile,161,29,13,10
2024-09-08,Utilidades Domésticas,desktop,135,25,14,11
2024-09-08,Jardim e Área Externa,mobile,187,47,21,15
2024-09-08,Jardim e Área Externa,desktop,239,55,27,19
2024-09-08,Organização,mobile,246,68,38,24
2024-09-08,Organização,desktop,187,47,24,15
2024-09-08,Elétrica,mobile,177,32,18,7
2024-09-08,Elétrica,desktop,277,75,37,13
2024-09-08,Hidráulica,mobile,273,49,25,9
2024-09-08,Hidráulica,desktop,259,66,35,16
2024-09-08,Pintura e Acabamento,mobile,143,31,14,10
2024-09-08,Pintura e Acabamento,desktop,197,36,20,13
2024-09-08,Segurança,mobile,167,39,18,5
2024-09-08,Segurança,desktop,153,31,16,4
2024-09-09,Ferramentas,mobile,198,53,27,14
2024-09-09,Ferramentas,desktop,132,26,14,8
2024-09-09,Iluminação,mobile,235,44,23,14
2024-09-09,Iluminação,desktop,237,62,35,27
2024-09-09,Utilidades Domésticas,mobile,208,48,28,19
2024-09-09,Utilidades Domésticas,desktop,199,50,25,18
2024-09-09,Jardim e Área Externa,mobile,179,39,17,12
2024-09-09,Jardim e Área Externa,desktop,97,20,9,6
2024-09-09,Organização,mobile,121,28,16,12
2024-09-09,Organização,desktop,125,33,18,11
2024-09-09,Elétrica,mobile,105,21,10,4
2024-09-09,Elétrica,desktop,227,59,34,11
2024-09-09,Hidráulica,mobile,250,68,31,14
2024-09-09,Hidráulica,desktop,168,46,23,11
2024-09-09,Pintura e Acabamento,mobile,168,44,25,18
2024-09-09,Pintura e Acabamento,desktop,259,62,33,21
2024-09-09,Segurança,mobile,259,68,38,13
2024-09-09,Segurança,desktop,140,33,18,5
2024-09-10,Ferramentas,mobile,156,32,16,9
2024-09-10,Ferramentas,desktop,198,46,25,14
2024-09-10,Iluminação,mobile,197,48,22,15
2024-09-10,Iluminação,desktop,143,26,12,7
2024-09-10,Utilidades Domésticas,mobile,252,56,29,19
2024-09-10,Utilidades Domésticas,desktop,297,60,30,25
2024-09-10,Jardim e Área Externa,mobile,260,65,34,24
2024-09-10,Jardim e Área Externa,desktop,138,28,16,9
2024-09-10,Organização,mobile,251,49,25,17
2024-09-10,Organização,desktop,170,35,19,12
2024-09-10,Elétrica,mobile,147,29,16,6
2024-09-10,Elétrica,desktop,95,21,12,4
2024-09-10,Hidráulica,mobile,285,56,25,11
2024-09-10,Hidráulica,desktop,299,75,37,16
2024-09-10,Pintura e Acabamento,mobile,94,18,8,5
2024-09-10,Pintura e Acabamento,desktop,162,40,18,12
2024-09-10,Segurança,mobile,182,32,16,4
2024-09-10,Segurança,desktop,218,55,27,10
2024-09-11,Ferramentas,mobile,150,38,20,11
2024-09-11,Ferramentas,desktop,295,64,31,19
2024-09-11,Iluminação,mobile,139,35,19,12
2024-09-11,Iluminação,desktop,290,69,41,30
2024-09-11,Utilidades Domésticas,mobile,180,44,23,16
2024-09-11,Utilidades Domésticas,desktop,251,53,28,20
2024-09-11,Jardim e Área Externa,mobile,259,48,26,16
2024-09-11,Jardim e Área Externa,desktop,178,41,23,14
2024-09-11,Organização,mobile,220,50,25,16
2024-09-11,Organização,desktop,182,49,27,17
2024-09-11,Elétrica,mobile,284,69,33,11
2024-09-11,Elétrica,desktop,178,41,24,10
2024-09-11,Hidráulica,mobile,299,56,32,15
2024-09-11,Hidráulica,desktop,191,52,25,9
2024-09-11,Pintura e Acabamento,mobile,163,33,19,12
2024-09-11,Pintura e Acabamento,desktop,164,42,23,17
2024-09-11,Segurança,mobile,99,22,11,3
2024-09-11,Segurança,desktop,288,61,30,8
2024-09-12,Ferramentas,mobile,225,59,33,21
2024-09-12,Ferramentas,desktop,160,44,21,11
2024-09-12,Iluminação,mobile,240,43,19,12
2024-09-12,Iluminação,desktop,269,71,33,20
2024-09-12,Utilidades Domésticas,mobile,191,51,23,17
2024-09-12,Utilidades Domésticas,desktop,212,57,30,19
2024-09-12,Jardim e Área Externa,mobile,297,69,37,26
2024-09-12,Jardim e Área Externa,desktop,219,45,22,13
2024-09-12,Organização,mobile,126,26,13,9
2024-09-12,Organização,desktop,253,63,33,26
2024-09-12,Elétrica,mobile,222,51,23,8
2024-09-12,Elétrica,desktop,265,47,24,10
2024-09-12,Hidráulica,mobile,167,37,19,7
2024-09-12,Hidráulica,desktop,268,48,26,12
2024-09-12,Pintura e Acabamento,mobile,186,51,24,17
2024-09-12,Pintura e Acabamento,desktop,185,44,24,17
2024-09-12,Segurança,mobile,250,66,39,11
2024-09-12,Segurança,desktop,243,48,24,7
2024-09-13,Ferramentas,mobile,99,24,13,8
2024-09-13,Ferramentas,desktop,219,59,32,18
2024-09-13,Iluminação,mobile,215,57,32,18
2024-09-13,Iluminação,desktop,131,27,13,8
2024-09-13,Utilidades Domésticas,mobile,201,53,25,17
2024-09-13,Utilidades Domésticas,desktop,231,53,31,22
2024-09-13,Jardim e Área Externa,mobile,136,37,16,11
2024-09-13,Jardim e Área Externa,desktop,186,41,21,13
2024-09-13,Organização,mobile,165,45,24,17
2024-09-13,Organização,desktop,93,24,14,11
2024-09-13,Elétrica,mobile,250,45,21,7
2024-09-13,Elétrica,desktop,271,52,28,11
2024-09-13,Hidráulica,mobile,241,61,30,11
2024-09-13,Hidráulica,desktop,244,64,29,14
2024-09-13,Pintura e Acabamento,mobile,110,29,16,9
2024-09-13,Pintura e Acabamento,desktop,295,57,27,19
2024-09-13,Segurança,mobile,268,61,31,10
2024-09-13,Segurança,desktop,253,65,29,9
2024-09-14,Ferramentas,mobile,203,44,23,13
2024-09-14,Ferramentas,desktop,110,28,14,8
2024-09-14,Iluminação,mobile,237,50,23,13
2024-09-14,Iluminação,desktop,225,60,29,21
2024-09-14,Utilidades Domésticas,mobile,146,35,15,12
2024-09-14,Utilidades Domésticas,desktop,298,55,31,25
2024-09-14,Jardim e Área Externa,mobile,170,32,15,8
2024-09-14,Jardim e Área Externa,desktop,187,41,20,13
2024-09-14,Organização,mobile,269,61,33,21
2024-09-14,Organização,desktop,177,47,26,17
2024-09-14,Elétrica,mobile,176,37,16,6
2024-09-14,Elétrica,desktop,117,30,16,7
2024-09-14,Hidráulica,mobile,219,53,28,11
2024-09-14,Hidráulica,desktop,290,70,39,18
2024-09-14,Pintura e Acabamento,mobile,102,23,13,8
2024-09-14,Pintura e Acabamento,desktop,184,49,26,15
2024-09-14,Segurança,mobile,181,38,18,5
2024-09-14,Segurança,desktop,282,60,29,10
2024-09-15,Ferramentas,mobile,189,49,23,12
2024-09-15,Ferramentas,desktop,174,40,18,12
2024-09-15,Iluminação,mobile,218,39,21,16
2024-09-15,Iluminação,desktop,256,56,25,18
2024-09-15,Utilidades Domésticas,mobile,247,68,36,29
2024-09-15,Utilidades Domésticas,desktop,154,42,23,19
2024-09-15,Jardim e Área Externa,mobile,267,66,30,22
2024-09-15,Jardim e Área Externa,desktop,262,73,34,23
2024-09-15,Organização,mobile,244,55,25,17
2024-09-15,Organização,desktop,111,22,10,8
2024-09-15,Elétrica,mobile,131,32,17,6
2024-09-15,Elétrica,desktop,241,51,25,8
2024-09-15,Hidráulica,mobile,123,25,14,5
2024-09-15,Hidráulica,desktop,194,53,26,11
2024-09-15,Pintura e Acabamento,mobile,270,71,35,24
2024-09-15,Pintura e Acabamento,desktop,141,37,19,13
2024-09-15,Segurança,mobile,246,45,25,7
2024-09-15,Segurança,desktop,125,29,16,5
2024-09-16,Ferramentas,mobile,219,46,26,13
2024-09-16,Ferramentas,desktop,231,41,23,13
2024-09-16,Iluminação,mobile,282,59,34,23
2024-09-16,Iluminação,desktop,138,25,14,9
2024-09-16,Utilidades Domésticas,mobile,87,23,11,9
2024-09-16,Utilidades Domésticas,desktop,121,25,12,9
2024-09-16,Jardim e Área Externa,mobile,82,18,9,6
2024-09-16,Jardim e Área Externa,desktop,249,46,23,13
2024-09-16,Organização,mobile,144,34,15,11
2024-09-16,Organização,desktop,232,44,23,16
2024-09-16,Elétrica,mobile,170,31,17,6
2024-09-16,Elétrica,desktop,113,30,13,5
2024-09-16,Hidráulica,mobile,241,52,29,12
2024-09-16,Hidráulica,desktop,80,14,8,2
2024-09-16,Pintura e Acabamento,mobile,242,65,35,24
2024-09-16,Pintura e Acabamento,desktop,91,16,9,6
2024-09-16,Segurança,mobile,284,66,32,11
2024-09-16,Segurança,desktop,118,28,13,3
2024-09-17,Ferramentas,mobile,202,36,17,10
2024-09-17,Ferramentas,desktop,168,34,19,10
2024-09-17,Iluminação,mobile,299,74,40,30
2024-09-17,Iluminação,desktop,186,46,22,17
2024-09-17,Utilidades Domésticas,mobile,118,26,11,7
2024-09-17,Utilidades Domésticas,desktop,95,19,9,6
2024-09-17,Jardim e Área Externa,mobile,253,51,29,18
2024-09-17,Jardim e Área Externa,desktop,231,62,28,18
2024-09-17,Organização,mobile,213,40,21,13
2024-09-17,Organização,desktop,299,81,38,24
2024-09-17,Elétrica,mobile,269,59,27,10
2024-09-17,Elétrica,desktop,147,40,20,8
2024-09-17,Hidráulica,mobile,192,46,23,10
2024-09-17,Hidráulica,desktop,213,53,27,10
2024-09-17,Pintura e Acabamento,mobile,164,37,19,13
2024-09-17,Pintura e Acabamento,desktop,298,61,30,18
2024-09-17,Segurança,mobile,118,23,12,3
2024-09-17,Segurança,desktop,117,28,13,4
2024-09-18,Ferramentas,mobile,141,34,17,9
2024-09-18,Ferramentas,desktop,126,31,16,8
2024-09-18,Iluminação,mobile,193,53,27,17
2024-09-18,Iluminação,desktop,197,50,29,19
2024-09-18,Utilidades Domésticas,mobile,156,38,18,12
2024-09-18,Utilidades Domésticas,desktop,295,73,36,24
2024-09-18,Jardim e Área Externa,mobile,241,50,28,18
2024-09-18,Jardim e Área Externa,desktop,115,30,14,9
2024-09-18,Organização,mobile,257,57,27,18
2024-09-18,Organização,desktop,206,49,28,19
2024-09-18,Elétrica,mobile,292,81,47,21
2024-09-18,Elétrica,desktop,172,31,15,6
2024-09-18,Hidráulica,mobile,178,46,23,11
2024-09-18,Hidráulica,desktop,120,23,13,4
2024-09-18,Pintura e Acabamento,mobile,105,26,14,9
2024-09-18,Pintura e Acabamento,desktop,81,19,9,6
2024-09-18,Segurança,mobile,92,23,10,3
2024-09-18,Segurança,desktop,121,29,14,4
2024-09-19,Ferramentas,mobile,168,35,19,10
2024-09-19,Ferramentas,desktop,220,56,28,18
2024-09-19,Iluminação,mobile,85,21,9,6
2024-09-19,Iluminação,desktop,237,44,21,13
2024-09-19,Utilidades Domésticas,mobile,217,47,25,18
2024-09-19,Utilidades Domésticas,desktop,251,65,35,28
2024-09-19,Jardim e Área Externa,mobile,190,42,21,11
2024-09-19,Jardim e Área Externa,desktop,86,17,8,5
2024-09-19,Organização,mobile,179,49,25,19
2024-09-19,Organização,desktop,204,40,23,16
2024-09-19,Elétrica,mobile,284,62,35,11
2024-09-19,Elétrica,desktop,248,51,25,9
2024-09-19,Hidráulica,mobile,194,47,24,10
2024-09-19,Hidráulica,desktop,126,32,14,6
2024-09-19,Pintura e Acabamento,mobile,197,38,17,12
2024-09-19,Pintura e Acabamento,desktop,136,35,18,10
2024-09-19,Segurança,mobile,109,23,13,4
2024-09-19,Segurança,desktop,212,52,27,7
2024-09-20,Ferramentas,mobile,98,26,13,8
2024-09-20,Ferramentas,desktop,132,27,12,8
2024-09-20,Iluminação,mobile,261,71,37,25
2024-09-20,Iluminação,desktop,172,39,22,15
2024-09-20,Utilidades Domésticas,mobile,156,31,18,15
2024-09-20,Utilidades Domésticas,desktop,109,23,10,7
2024-09-20,Jardim e Área Externa,mobile,267,52,29,21
2024-09-20,Jardim e Área Externa,desktop,295,58,29,18
2024-09-20,Organização,mobile,124,33,14,10
2024-09-20,Organização,desktop,145,38,19,11
2024-09-20,Elétrica,mobile,232,45,22,7
2024-09-20,Elétrica,desktop,93,23,11,4
2024-09-20,Hidráulica,mobile,264,68,32,14
2024-09-20,Hidráulica,desktop,259,53,28,12
2024-09-20,Pintura e Acabamento,mobile,180,50,23,15
2024-09-20,Pintura e Acabamento,desktop,129,30,14,8
2024-09-20,Segurança,mobile,138,27,13,4
2024-09-20,Segurança,desktop,239,44,20,7
2024-09-21,Ferramentas,mobile,99,21,11,6
2024-09-21,Ferramentas,desktop,162,42,24,13
2024-09-21,Iluminação,mobile,119,31,14,9
2024-09-21,Iluminação,desktop,258,59,32,23
2024-09-21,Utilidades Domésticas,mobile,86,18,8,5
2024-09-21,Utilidades Domésticas,desktop,243,61,33,24
2024-09-21,Jardim e Área Externa,mobile,245,56,31,21
2024-09-21,Jardim e Área Externa,desktop,214,41,19,13
2024-09-21,Organização,mobile,292,61,32,21
2024-09-21,Organização,desktop,247,59,31,22
2024-09-21,Elétrica,mobile,158,37,21,8
2024-09-21,Elétrica,desktop,242,62,34,14
2024-09-21,Hidráulica,mobile,275,63,35,16
2024-09-21,Hidráulica,desktop,81,21,11,4
2024-09-21,Pintura e Acabamento,mobile,260,49,25,17
2024-09-21,Pintura e Acabamento,desktop,116,28,13,9
2024-09-21,Segurança,mobile,188,50,24,6
2024-09-21,Segurança,desktop,241,45,22,7
2024-09-22,Ferramentas,mobile,242,59,30,18
2024-09-22,Ferramentas,desktop,294,82,44,25
2024-09-22,Iluminação,mobile,248,51,25,18
2024-09-22,Iluminação,desktop,131,24,11,8
2024-09-22,Utilidades Domésticas,mobile,294,74,40,28
2024-09-22,Utilidades Domésticas,desktop,161,37,21,16
2024-09-22,Jardim e Área Externa,mobile,126,26,12,7
2024-09-22,Jardim e Área Externa,desktop,192,45,22,12
2024-09-22,Organização,mobile,233,58,34,23
2024-09-22,Organização,desktop,145,36,20,14
2024-09-22,Elétrica,mobile,167,43,19,7
2024-09-22,Elétrica,desktop,93,17,9,3
2024-09-22,Hidráulica,mobile,83,22,10,4
2024-09-22,Hidráulica,desktop,268,72,32,13
2024-09-22,Pintura e Acabamento,mobile,219,46,24,14
2024-09-22,Pintura e Acabamento,desktop,240,50,23,15
2024-09-22,Segurança,mobile,248,68,35,11
2024-09-22,Segurança,desktop,105,22,10,3
2024-09-23,Ferramentas,mobile,270,58,28,16
2024-09-23,Ferramentas,desktop,290,62,29,18
2024-09-23,Iluminação,mobile,92,25,13,9
2024-09-23,Iluminação,desktop,139,27,15,10
2024-09-23,Utilidades Domésticas,mobile,221,56,30,21
2024-09-23,Utilidades Domésticas,desktop,118,25,11,9
2024-09-23,Jardim e Área Externa,mobile,223,61,33,20
2024-09-23,Jardim e Área Externa,desktop,195,50,24,17
2024-09-23,Organização,mobile,196,49,26,19
2024-09-23,Organização,desktop,134,30,17,12
2024-09-23,Elétrica,mobile,169,45,21,6
2024-09-23,Elétrica,desktop,179,47,25,8
2024-09-23,Hidráulica,mobile,296,61,33,14
2024-09-23,Hidráulica,desktop,275,55,29,13
2024-09-23,Pintura e Acabamento,mobile,298,56,25,18
2024-09-23,Pintura e Acabamento,desktop,182,46,26,16
2024-09-23,Segurança,mobile,296,65,29,9
2024-09-23,Segurança,desktop,93,22,11,3
2024-09-24,Ferramentas,mobile,266,48,24,13
2024-09-24,Ferramentas,desktop,290,67,36,22
2024-09-24,Iluminação,mobile,181,39,18,13
2024-09-24,Iluminação,desktop,297,74,37,26
2024-09-24,Utilidades Domésticas,mobile,232,61,33,24
2024-09-24,Utilidades Domésticas,desktop,149,32,15,10
2024-09-24,Jardim e Área Externa,mobile,99,23,11,6
2024-09-24,Jardim e Área Externa,desktop,299,83,48,27
2024-09-24,Organização,mobile,165,33,18,13
2024-09-24,Organização,desktop,298,74,44,34
2024-09-24,Elétrica,mobile,130,23,12,4
2024-09-24,Elétrica,desktop,286,63,29,9
2024-09-24,Hidráulica,mobile,240,62,36,17
2024-09-24,Hidráulica,desktop,153,36,16,7
2024-09-24,Pintura e Acabamento,mobile,298,69,32,19
2024-09-24,Pintura e Acabamento,desktop,110,29,14,9
2024-09-24,Segurança,mobile,204,42,25,7
2024-09-24,Segurança,desktop,83,22,10,2
2024-09-25,Ferramentas,mobile,172,37,20,11
2024-09-25,Ferramentas,desktop,243,58,27,14
2024-09-25,Iluminação,mobile,199,46,25,17
2024-09-25,Iluminação,desktop,164,40,21,13
2024-09-25,Utilidades Domésticas,mobile,179,46,26,20
2024-09-25,Utilidades Domésticas,desktop,251,51,23,16
2024-09-25,Jardim e Área Externa,mobile,110,29,15,9
2024-09-25,Jardim e Área Externa,desktop,213,43,20,12
2024-09-25,Organização,mobile,116,29,16,9
2024-09-25,Organização,desktop,236,60,30,21
2024-09-25,Elétrica,mobile,204,37,20,7
2024-09-25,Elétrica,desktop,130,34,19,7
2024-09-25,Hidráulica,mobile,138,34,18,6
2024-09-25,Hidráulica,desktop,168,35,16,5
2024-09-25,Pintura e Acabamento,mobile,272,74,39,29
2024-09-25,Pintura e Acabamento,desktop,232,42,21,12
2024-09-25,Segurança,mobile,165,39,19,6
2024-09-25,Segurança,desktop,257,62,29,9
2024-09-26,Ferramentas,mobile,245,54,28,19
2024-09-26,Ferramentas,desktop,226,48,24,15
2024-09-26,Iluminação,mobile,273,72,37,26
2024-09-26,Iluminação,desktop,123,28,12,7
2024-09-26,Utilidades Domésticas,mobile,265,56,27,17
2024-09-26,Utilidades Domésticas,desktop,245,48,26,22
2024-09-26,Jardim e Área Externa,mobile,200,54,26,18
2024-09-26,Jardim e Área Externa,desktop,110,25,13,8
2024-09-26,Organização,mobile,155,37,19,13
2024-09-26,Organização,desktop,245,56,29,23
2024-09-26,Elétrica,mobile,133,31,16,6
2024-09-26,Elétrica,desktop,234,59,31,10
2024-09-26,Hidráulica,mobile,90,20,11,4
2024-09-26,Hidráulica,desktop,99,23,12,4
2024-09-26,Pintura e Acabamento,mobile,197,41,23,17
2024-09-26,Pintura e Acabamento,desktop,266,71,33,21
2024-09-26,Segurança,mobile,149,35,16,5
2024-09-26,Segurança,desktop,264,53,30,8
2024-09-27,Ferramentas,mobile,184,48,27,18
2024-09-27,Ferramentas,desktop,164,41,23,11
2024-09-27,Iluminação,mobile,88,21,9,6
2024-09-27,Iluminação,desktop,213,59,28,20
2024-09-27,Utilidades Domésticas,mobile,85,22,11,8
2024-09-27,Utilidades Domésticas,desktop,151,28,15,10
2024-09-27,Jardim e Área Externa,mobile,265,51,25,17
2024-09-27,Jardim e Área Externa,desktop,115,26,15,8
2024-09-27,Organização,mobile,263,63,33,25
2024-09-27,Organização,desktop,159,43,23,16
2024-09-27,Elétrica,mobile,276,51,24,9
2024-09-27,Elétrica,desktop,117,26,15,6
2024-09-27,Hidráulica,mobile,208,41,19,9
2024-09-27,Hidráulica,desktop,157,43,24,10
2024-09-27,Pintura e Acabamento,mobile,200,55,28,18
2024-09-27,Pintura e Acabamento,desktop,285,69,36,25
2024-09-27,Segurança,mobile,289,74,40,13
2024-09-27,Segurança,desktop,101,25,11,3
2024-09-28,Ferramentas,mobile,146,31,17,9
2024-09-28,Ferramentas,desktop,88,19,10,6
2024-09-28,Iluminação,mobile,106,27,14,9
2024-09-28,Iluminação,desktop,223,44,23,15
2024-09-28,Utilidades Domésticas,mobile,80,16,9,6
2024-09-28,Utilidades Domésticas,desktop,106,25,14,11
2024-09-28,Jardim e Área Externa,mobile,238,55,28,20
2024-09-28,Jardim e Área Externa,desktop,155,34,16,10
2024-09-28,Organização,mobile,179,40,19,15
2024-09-28,Organização,desktop,192,44,24,17
2024-09-28,Elétrica,mobile,98,25,13,4
2024-09-28,Elétrica,desktop,287,58,28,10
2024-09-28,Hidráulica,mobile,244,66,38,16
2024-09-28,Hidráulica,desktop,80,16,9,3
2024-09-28,Pintura e Acabamento,mobile,121,33,19,13
2024-09-28,Pintura e Acabamento,desktop,292,72,39,25
2024-09-28,Segurança,mobile,204,42,20,7
2024-09-28,Segurança,desktop,211,58,30,8
2024-09-29,Ferramentas,mobile,177,40,18,10
2024-09-29,Ferramentas,desktop,89,20,10,5
2024-09-29,Iluminação,mobile,249,55,25,15
2024-09-29,Iluminação,desktop,119,29,16,10
2024-09-29,Utilidades Domésticas,mobile,81,21,10,8
2024-09-29,Utilidades Domésticas,desktop,201,55,29,20
2024-09-29,Jardim e Área Externa,mobile,266,73,42,24
2024-09-29,Jardim e Área Externa,desktop,247,58,30,19
2024-09-29,Organização,mobile,156,42,23,16
2024-09-29,Organização,desktop,295,62,32,20
2024-09-29,Elétrica,mobile,169,43,25,10
2024-09-29,Elétrica,desktop,266,48,28,11
2024-09-29,Hidráulica,mobile,139,35,17,7
2024-09-29,Hidráulica,desktop,183,39,20,8
2024-09-29,Pintura e Acabamento,mobile,227,42,25,17
2024-09-29,Pintura e Acabamento,desktop,227,55,32,20
2024-09-29,Segurança,mobile,235,55,26,9
2024-09-29,Segurança,desktop,132,29,14,3
2024-09-30,Ferramentas,mobile,148,28,16,10
2024-09-30,Ferramentas,desktop,205,39,17,11
2024-09-30,Iluminação,mobile,198,54,30,18
2024-09-30,Iluminação,desktop,94,19,10,6
2024-09-30,Utilidades Domésticas,mobile,156,33,19,13
2024-09-30,Utilidades Domésticas,desktop,205,52,24,18
2024-09-30,Jardim e Área Externa,mobile,192,42,25,17
2024-09-30,Jardim e Área Externa,desktop,136,36,20,12
2024-09-30,Organização,mobile,243,51,28,19
2024-09-30,Organização,desktop,94,21,11,8
2024-09-30,Elétrica,mobile,159,36,20,7
2024-09-30,Elétrica,desktop,182,35,18,6
2024-09-30,Hidráulica,mobile,226,43,25,9
2024-09-30,Hidráulica,desktop,237,55,25,9
2024-09-30,Pintura e Acabamento,mobile,159,40,18,13
2024-09-30,Pintura e Acabamento,desktop,202,39,20,13
2024-09-30,Segurança,mobile,202,54,28,7
2024-09-30,Segurança,desktop,284,72,40,13
2024-10-01,Ferramentas,mobile,99,23,11,6
2024-10-01,Ferramentas,desktop,294,53,24,14
2024-10-01,Iluminação,mobile,117,22,10,6
2024-10-01,Iluminação,desktop,244,56,25,17
2024-10-01,Utilidades Domésticas,mobile,114,22,12,8
2024-10-01,Utilidades Domésticas,desktop,93,18,9,6
2024-10-01,Jardim e Área Externa,mobile,226,56,31,19
2024-10-01,Jardim e Área Externa,desktop,119,32,14,10
2024-10-01,Organização,mobile,113,28,15,12
2024-10-01,Organização,desktop,220,49,22,17
2024-10-01,Elétrica,mobile,227,43,25,9
2024-10-01,Elétrica,desktop,140,34,16,5
2024-10-01,Hidráulica,mobile,104,26,13,5
2024-10-01,Hidráulica,desktop,199,39,18,7
2024-10-01,Pintura e Acabamento,mobile,167,38,22,15
2024-10-01,Pintura e Acabamento,desktop,238,62,35,24
2024-10-01,Segurança,mobile,177,49,27,9
2024-10-01,Segurança,desktop,158,34,15,4
2024-10-02,Ferramentas,mobile,194,39,22,14
2024-10-02,Ferramentas,desktop,250,57,28,16
2024-10-02,Iluminação,mobile,221,46,27,18
2024-10-02,Iluminação,desktop,268,55,28,20
2024-10-02,Utilidades Domésticas,mobile,291,63,29,24
2024-10-02,Utilidades Domésticas,desktop,100,21,10,7
2024-10-02,Jardim e Área Externa,mobile,218,43,22,12
2024-10-02,Jardim e Área Externa,desktop,83,17,9,5
2024-10-02,Organização,mobile,234,59,32,23
2024-10-02,Organização,desktop,159,40,22,15
2024-10-02,Elétrica,mobile,248,50,28,9
2024-10-02,Elétrica,desktop,234,51,25,8
2024-10-02,Hidráulica,mobile,80,21,12,5
2024-10-02,Hidráulica,desktop,117,22,10,4
2024-10-02,Pintura e Acabamento,mobile,93,24,11,7
2024-10-02,Pintura e Acabamento,desktop,259,69,39,26
2024-10-02,Segurança,mobile,192,51,23,7
2024-10-02,Segurança,desktop,236,57,28,8
2024-10-03,Ferramentas,mobile,257,62,34,18
2024-10-03,Ferramentas,desktop,120,26,15,10
2024-10-03,Iluminação,mobile,216,51,28,20
2024-10-03,Iluminação,desktop,129,23,12,8
2024-10-03,Utilidades Domésticas,mobile,162,38,21,17
2024-10-03,Utilidades Domésticas,desktop,227,62,32,24
2024-10-03,Jardim e Área Externa,mobile,128,29,13,8
2024-10-03,Jardim e Área Externa,desktop,266,65,31,22
2024-10-03,Organização,mobile,87,22,13,7
2024-10-03,Organização,desktop,227,49,22,16
2024-10-03,Elétrica,mobile,161,34,15,5
2024-10-03,Elétrica,desktop,289,75,42,15
2024-10-03,Hidráulica,mobile,247,59,33,14
2024-10-03,Hidráulica,desktop,259,62,37,15
2024-10-03,Pintura e Acabamento,mobile,213,45,22,14
2024-10-03,Pintura e Acabamento,desktop,266,51,25,18
2024-10-03,Segurança,mobile,102,20,10,3
2024-10-03,Segurança,desktop,105,22,12,3
2024-10-04,Ferramentas,mobile,246,44,22,12
2024-10-04,Ferramentas,desktop,147,31,17,8
2024-10-04,Iluminação,mobile,131,33,14,9
2024-10-04,Iluminação,desktop,247,62,32,23
2024-10-04,Utilidades Domésticas,mobile,137,31,14,9
2024-10-04,Utilidades Domésticas,desktop,288,55,25,18
2024-10-04,Jardim e Área Externa,mobile,235,56,27,19
2024-10-04,Jardim e Área Externa,desktop,210,50,25,16
2024-10-04,Organização,mobile,288,61,31,24
2024-10-04,Organização,desktop,120,33,15,10
2024-10-04,Elétrica,mobile,292,79,41,17
2024-10-04,Elétrica,desktop,84,17,7,2
2024-10-04,Hidráulica,mobile,151,39,22,9
2024-10-04,Hidráulica,desktop,239,60,30,11
2024-10-04,Pintura e Acabamento,mobile,81,16,8,4
2024-10-04,Pintura e Acabamento,desktop,95,20,9,5
2024-10-04,Segurança,mobile,193,37,21,7
2024-10-04,Segurança,desktop,201,55,27,9
2024-10-05,Ferramentas,mobile,292,53,29,15
2024-10-05,Ferramentas,desktop,146,31,15,10
2024-10-05,Iluminação,mobile,240,56,29,18
2024-10-05,Iluminação,desktop,142,34,19,14
2024-10-05,Utilidades Domésticas,mobile,131,36,20,14
2024-10-05,Utilidades Domésticas,desktop,133,24,11,8
2024-10-05,Jardim e Área Externa,mobile,250,64,32,21
2024-10-05,Jardim e Área Externa,desktop,209,44,24,14
2024-10-05,Organização,mobile,276,66,33,20
2024-10-05,Organização,desktop,291,64,33,24
2024-10-05,Elétrica,mobile,151,30,17,7
2024-10-05,Elétrica,desktop,124,31,17,5
2024-10-05,Hidráulica,mobile,286,54,30,12
2024-10-05,Hidráulica,desktop,247,44,20,8
2024-10-05,Pintura e Acabamento,mobile,237,65,32,18
2024-10-05,Pintura e Acabamento,desktop,100,26,14,9
2024-10-05,Segurança,mobile,192,45,23,8
2024-10-05,Segurança,desktop,168,41,24,8
2024-10-06,Ferramentas,mobile,168,45,25,16
2024-10-06,Ferramentas,desktop,113,24,12,7
2024-10-06,Iluminação,mobile,103,20,11,7
2024-10-06,Iluminação,desktop,287,65,34,27
2024-10-06,Utilidades Domésticas,mobile,96,22,11,9
2024-10-06,Utilidades Domésticas,desktop,239,50,22,18
2024-10-06,Jardim e Área Externa,mobile,250,47,23,14
2024-10-06,Jardim e Área Externa,desktop,270,55,30,17
2024-10-06,Organização,mobile,80,18,8,6
2024-10-06,Organização,desktop,177,35,18,12
2024-10-06,Elétrica,mobile,231,60,27,11
2024-10-06,Elétrica,desktop,267,57,32,11
2024-10-06,Hidráulica,mobile,197,49,26,12
2024-10-06,Hidráulica,desktop,295,65,37,13
2024-10-06,Pintura e Acabamento,mobile,92,19,10,7
2024-10-06,Pintura e Acabamento,desktop,217,57,25,18
2024-10-06,Segurança,mobile,231,50,26,8
2024-10-06,Segurança,desktop,97,18,8,2
2024-10-07,Ferramentas,mobile,164,35,17,11
2024-10-07,Ferramentas,desktop,263,71,40,26
2024-10-07,Iluminação,mobile,168,31,16,11
2024-10-07,Iluminação,desktop,134,34,17,10
2024-10-07,Utilidades Domésticas,mobile,196,50,22,15
2024-10-07,Utilidades Domésticas,desktop,230,50,29,22
2024-10-07,Jardim e Área Externa,mobile,284,65,32,18
2024-10-07,Jardim e Área Externa,desktop,160,41,19,12
2024-10-07,Organização,mobile,255,58,32,22
2024-10-07,Organização,desktop,235,64,35,26
2024-10-07,Elétrica,mobile,155,42,21,7
2024-10-07,Elétrica,desktop,202,43,22,8
2024-10-07,Hidráulica,mobile,250,53,25,9
2024-10-07,Hidráulica,desktop,297,60,30,12
2024-10-07,Pintura e Acabamento,mobile,286,67,36,20
2024-10-07,Pintura e Acabamento,desktop,173,38,21,12
2024-10-07,Segurança,mobile,211,42,22,6
2024-10-07,Segurança,desktop,293,56,27,8
2024-10-08,Ferramentas,mobile,279,65,29,19
2024-10-08,Ferramentas,desktop,154,35,16,8
2024-10-08,Iluminação,mobile,264,49,25,15
2024-10-08,Iluminação,desktop,119,27,13,9
2024-10-08,Utilidades Domésticas,mobile,186,34,18,12
2024-10-08,Utilidades Domésticas,desktop,287,62,34,27
2024-10-08,Jardim e Área Externa,mobile,247,67,37,26
2024-10-08,Jardim e Área Externa,desktop,252,70,37,27
2024-10-08,Organização,mobile,96,19,9,6
2024-10-08,Organização,desktop,223,54,27,17
2024-10-08,Elétrica,mobile,149,35,19,7
2024-10-08,Elétrica,desktop,284,57,27,11
2024-10-08,Hidráulica,mobile,153,38,22,8
2024-10-08,Hidráulica,desktop,153,42,20,9
2024-10-08,Pintura e Acabamento,mobile,202,40,20,15
2024-10-08,Pintura e Acabamento,desktop,234,58,33,23
2024-10-08,Segurança,mobile,181,36,19,7
2024-10-08,Segurança,desktop,211,58,31,9
2024-10-09,Ferramentas,mobile,250,51,25,15
2024-10-09,Ferramentas,desktop,197,39,20,13
2024-10-09,Iluminação,mobile,144,27,14,9
2024-10-09,Iluminação,desktop,253,58,27,20
2024-10-09,Utilidades Domésticas,mobile,133,34,16,12
2024-10-09,Utilidades Domésticas,desktop,81,18,8,6
2024-10-09,Jardim e Área Externa,mobile,172,39,22,12
2024-10-09,Jardim e Área Externa,desktop,202,54,28,18
2024-10-09,Organização,mobile,95,25,14,9
2024-10-09,Organização,desktop,134,25,13,9
2024-10-09,Elétrica,mobile,237,47,22,7
2024-10-09,Elétrica,desktop,253,59,29,9
2024-10-09,Hidráulica,mobile,168,45,26,10
2024-10-09,Hidráulica,desktop,195,52,27,11
2024-10-09,Pintura e Acabamento,mobile,207,50,22,15
2024-10-09,Pintura e Acabamento,desktop,241,46,22,13
2024-10-09,Segurança,mobile,162,37,21,7
2024-10-09,Segurança,desktop,223,61,27,8
2024-10-10,Ferramentas,mobile,259,53,30,18
2024-10-10,Ferramentas,desktop,258,64,30,18
2024-10-10,Iluminação,mobile,104,21,9,5
2024-10-10,Iluminação,desktop,169,35,18,12
2024-10-10,Utilidades Domésticas,mobile,241,52,25,17
2024-10-10,Utilidades Domésticas,desktop,122,33,18,13
2024-10-10,Jardim e Área Externa,mobile,293,58,30,18
2024-10-10,Jardim e Área Externa,desktop,143,29,13,7
2024-10-10,Organização,mobile,131,25,14,11
2024-10-10,Organização,desktop,123,27,12,9
2024-10-10,Elétrica,mobile,129,31,15,5
2024-10-10,Elétrica,desktop,255,46,26,9
2024-10-10,Hidráulica,mobile,217,49,22,10
2024-10-10,Hidráulica,desktop,195,53,28,13
2024-10-10,Pintura e Acabamento,mobile,228,60,27,20
2024-10-10,Pintura e Acabamento,desktop,283,56,27,18
2024-10-10,Segurança,mobile,127,23,13,4
2024-10-10,Segurança,desktop,144,28,15,5
2024-10-11,Ferramentas,mobile,132,31,14,8
2024-10-11,Ferramentas,desktop,232,59,29,16
2024-10-11,Iluminação,mobile,183,42,21,16
2024-10-11,Iluminação,desktop,193,52,28,19
2024-10-11,Utilidades Domésticas,mobile,92,19,9,6
2024-10-11,Utilidades Domésticas,desktop,253,61,36,25
2024-10-11,Jardim e Área Externa,mobile,231,52,26,16
2024-10-11,Jardim e Área Externa,desktop,179,37,19,12
2024-10-11,Organização,mobile,239,47,27,19
2024-10-11,Organização,desktop,167,33,17,11
2024-10-11,Elétrica,mobile,170,46,22,8
2024-10-11,Elétrica,desktop,196,43,24,8
2024-10-11,Hidráulica,mobile,98,23,10,4
2024-10-11,Hidráulica,desktop,281,70,36,13
2024-10-11,Pintura e Acabamento,mobile,276,57,33,19
2024-10-11,Pintura e Acabamento,desktop,152,32,16,11
2024-10-11,Segurança,mobile,275,63,33,11
2024-10-11,Segurança,desktop,233,54,29,10
2024-10-12,Ferramentas,mobile,289,79,45,28
2024-10-12,Ferramentas,desktop,126,24,11,6
2024-10-12,Iluminação,mobile,256,64,35,21
2024-10-12,Iluminação,desktop,109,24,13,8
2024-10-12,Utilidades Domésticas,mobile,167,42,20,14
2024-10-12,Utilidades Domésticas,desktop,292,80,39,28
2024-10-12,Jardim e Área Externa,mobile,224,47,22,13
2024-10-12,Jardim e Área Externa,desktop,136,37,19,11
2024-10-12,Organização,mobile,254,66,30,22
2024-10-12,Organização,desktop,166,42,22,15
2024-10-12,Elétrica,mobile,207,40,22,8
2024-10-12,Elétrica,desktop,167,33,19,6
2024-10-12,Hidráulica,mobile,95,19,8,3
2024-10-12,Hidráulica,desktop,222,61,28,11
2024-10-12,Pintura e Acabamento,mobile,286,67,32,22
2024-10-12,Pintura e Acabamento,desktop,214,41,24,16
2024-10-12,Segurança,mobile,145,38,19,5
2024-10-12,Segurança,desktop,240,55,30,10
2024-10-13,Ferramentas,mobile,184,34,18,11
2024-10-13,Ferramentas,desktop,108,21,11,7
2024-10-13,Iluminação,mobile,263,63,30,18
2024-10-13,Iluminação,desktop,283,69,39,28
2024-10-13,Utilidades Domésticas,mobile,254,69,36,23
2024-10-13,Utilidades Domésticas,desktop,266,71,32,22
2024-10-13,Jardim e Área Externa,mobile,222,43,21,12
2024-10-13,Jardim e Área Externa,desktop,260,50,28,19
2024-10-13,Organização,mobile,153,33,19,12
2024-10-13,Organização,desktop,129,29,14,10
2024-10-13,Elétrica,mobile,105,22,12,4
2024-10-13,Elétrica,desktop,161,36,17,6
2024-10-13,Hidráulica,mobile,196,51,29,12
2024-10-13,Hidráulica,desktop,162,43,23,9
2024-10-13,Pintura e Acabamento,mobile,152,31,17,10
2024-10-13,Pintura e Acabamento,desktop,185,49,29,21
2024-10-13,Segurança,mobile,110,23,13,4
2024-10-13,Segurança,desktop,251,47,26,7
2024-10-14,Ferramentas,mobile,170,35,19,9
2024-10-14,Ferramentas,desktop,210,47,23,15
2024-10-14,Iluminação,mobile,281,57,33,26
2024-10-14,Iluminação,desktop,233,59,27,18
2024-10-14,Utilidades Domésticas,mobile,161,32,17,14
2024-10-14,Utilidades Domésticas,desktop,294,55,24,20
2024-10-14,Jardim e Área Externa,mobile,266,67,34,23
2024-10-14,Jardim e Área Externa,desktop,296,69,35,20
2024-10-14,Organização,mobile,223,43,20,13
2024-10-14,Organização,desktop,154,38,18,14
2024-10-14,Elétrica,mobile,236,46,26,9
2024-10-14,Elétrica,desktop,158,32,15,6
2024-10-14,Hidráulica,mobile,169,46,25,10
2024-10-14,Hidráulica,desktop,123,26,12,5
2024-10-14,Pintura e Acabamento,mobile,101,25,13,8
2024-10-14,Pintura e Acabamento,desktop,297,79,40,29
2024-10-14,Segurança,mobile,209,51,27,9
2024-10-14,Segurança,desktop,108,29,13,3
2024-10-15,Ferramentas,mobile,260,49,28,15
2024-10-15,Ferramentas,desktop,96,22,10,6
2024-10-15,Iluminação,mobile,252,47,26,18
2024-10-15,Iluminação,desktop,127,29,14,9
2024-10-15,Utilidades Domésticas,mobile,260,65,35,24
2024-10-15,Utilidades Domésticas,desktop,201,50,27,19
2024-10-15,Jardim e Área Externa,mobile,217,42,23,13
2024-10-15,Jardim e Área Externa,desktop,96,21,11,6
2024-10-15,Organização,mobile,94,24,12,7
2024-10-15,Organização,desktop,150,27,13,7
2024-10-15,Elétrica,mobile,164,39,23,10
2024-10-15,Elétrica,desktop,294,76,41,16
2024-10-15,Hidráulica,mobile,197,35,17,7
2024-10-15,Hidráulica,desktop,149,40,22,10
2024-10-15,Pintura e Acabamento,mobile,131,32,15,10
2024-10-15,Pintura e Acabamento,desktop,228,52,29,18
2024-10-15,Segurança,mobile,173,32,15,4
2024-10-15,Segurança,desktop,87,17,9,3
2024-10-16,Ferramentas,mobile,248,68,32,21
2024-10-16,Ferramentas,desktop,133,29,14,7
2024-10-16,Iluminação,mobile,192,38,17,11
2024-10-16,Iluminação,desktop,103,25,12,8
2024-10-16,Utilidades Domésticas,mobile,166,44,24,20
2024-10-16,Utilidades Domésticas,desktop,265,63,30,21
2024-10-16,Jardim e Área Externa,mobile,283,65,33,19
2024-10-16,Jardim e Área Externa,desktop,281,68,39,25
2024-10-16,Organização,mobile,215,52,26,20
2024-10-16,Organização,desktop,123,27,15,10
2024-10-16,Elétrica,mobile,257,54,25,10
2024-10-16,Elétrica,desktop,104,19,11,4
2024-10-16,Hidráulica,mobile,223,49,28,12
2024-10-16,Hidráulica,desktop,283,76,41,15
2024-10-16,Pintura e Acabamento,mobile,146,32,18,12
2024-10-16,Pintura e Acabamento,desktop,109,25,12,8
2024-10-16,Segurança,mobile,145,36,19,5
2024-10-16,Segurança,desktop,157,43,20,6
2024-10-17,Ferramentas,mobile,150,36,20,10
2024-10-17,Ferramentas,desktop,206,56,29,17
2024-10-17,Iluminação,mobile,159,32,18,14
2024-10-17,Iluminação,desktop,115,30,17,11
2024-10-17,Utilidades Domésticas,mobile,171,33,17,14
2024-10-17,Utilidades Domésticas,desktop,266,73,33,21
2024-10-17,Jardim e Área Externa,mobile,248,63,30,19
2024-10-17,Jardim e Área Externa,desktop,125,30,17,9
2024-10-17,Organização,mobile,217,48,24,17
2024-10-17,Organização,desktop,106,22,12,9
2024-10-17,Elétrica,mobile,283,52,28,9
2024-10-17,Elétrica,desktop,276,57,31,11
2024-10-17,Hidráulica,mobile,273,55,32,15
2024-10-17,Hidráulica,desktop,167,43,24,8
2024-10-17,Pintura e Acabamento,mobile,129,29,16,12
2024-10-17,Pintura e Acabamento,desktop,224,56,29,17
2024-10-17,Segurança,mobile,116,31,17,5
2024-10-17,Segurança,desktop,208,48,22,7
2024-10-18,Ferramentas,mobile,266,64,33,22
2024-10-18,Ferramentas,desktop,225,60,27,18
2024-10-18,Iluminação,mobile,288,72,38,22
2024-10-18,Iluminação,desktop,213,40,18,13
2024-10-18,Utilidades Domésticas,mobile,128,30,15,10
2024-10-18,Utilidades Domésticas,desktop,125,24,12,9
2024-10-18,Jardim e Área Externa,mobile,100,27,14,9
2024-10-18,Jardim e Área Externa,desktop,104,25,14,9
2024-10-18,Organização,mobile,276,63,35,25
2024-10-18,Organização,desktop,210,45,26,18
2024-10-18,Elétrica,mobile,119,30,14,5
2024-10-18,Elétrica,desktop,280,63,29,10
2024-10-18,Hidráulica,mobile,186,46,23,9
2024-10-18,Hidráulica,desktop,118,29,16,7
2024-10-18,Pintura e Acabamento,mobile,281,72,37,22
2024-10-18,Pintura e Acabamento,desktop,212,39,21,14
2024-10-18,Segurança,mobile,273,67,37,11
2024-10-18,Segurança,desktop,211,50,29,8
2024-10-19,Ferramentas,mobile,292,62,32,19
2024-10-19,Ferramentas,desktop,158,43,24,15
2024-10-19,Iluminação,mobile,196,42,21,15
2024-10-19,Iluminação,desktop,187,44,23,18
2024-10-19,Utilidades Domésticas,mobile,81,19,10,7
2024-10-19,Utilidades Domésticas,desktop,123,31,17,13
2024-10-19,Jardim e Área Externa,mobile,283,70,33,18
2024-10-19,Jardim e Área Externa,desktop,118,27,13,7
2024-10-19,Organização,mobile,226,51,29,22
2024-10-19,Organização,desktop,180,35,17,13
2024-10-19,Elétrica,mobile,80,14,8,3
2024-10-19,Elétrica,desktop,221,44,21,7
2024-10-19,Hidráulica,mobile,162,37,18,7
2024-10-19,Hidráulica,desktop,276,61,29,13
2024-10-19,Pintura e Acabamento,mobile,199,50,26,18
2024-10-19,Pintura e Acabamento,desktop,166,45,22,16
2024-10-19,Segurança,mobile,191,48,26,9
2024-10-19,Segurança,desktop,204,37,16,5
2024-10-20,Ferramentas,mobile,188,39,20,11
2024-10-20,Ferramentas,desktop,240,48,27,17
2024-10-20,Iluminação,mobile,160,34,16,9
2024-10-20,Iluminação,desktop,162,39,22,15
2024-10-20,Utilidades Domésticas,mobile,186,37,17,13
2024-10-20,Utilidades Domésticas,desktop,157,36,20,14
2024-10-20,Jardim e Área Externa,mobile,243,65,30,19
2024-10-20,Jardim e Área Externa,desktop,249,62,36,26
2024-10-20,Organização,mobile,276,58,33,24
2024-10-20,Organização,desktop,116,31,15,11
2024-10-20,Elétrica,mobile,207,43,20,6
2024-10-20,Elétrica,desktop,211,54,28,11
2024-10-20,Hidráulica,mobile,249,45,21,8
2024-10-20,Hidráulica,desktop,221,53,27,12
2024-10-20,Pintura e Acabamento,mobile,232,45,21,13
2024-10-20,Pintura e Acabamento,desktop,219,57,27,17
2024-10-20,Segurança,mobile,133,31,15,4
2024-10-20,Segurança,desktop,149,38,19,5
2024-10-21,Ferramentas,mobile,91,17,8,4
2024-10-21,Ferramentas,desktop,278,52,23,14
2024-10-21,Iluminação,mobile,297,62,32,22
2024-10-21,Iluminação,desktop,173,33,16,12
2024-10-21,Utilidades Domésticas,mobile,256,60,34,28
2024-10-21,Utilidades Domésticas,desktop,258,63,36,26
2024-10-21,Jardim e Área Externa,mobile,167,37,17,9
2024-10-21,Jardim e Área Externa,desktop,275,56,30,20
2024-10-21,Organização,mobile,87,19,11,8
2024-10-21,Organização,desktop,155,37,20,13
2024-10-21,Elétrica,mobile,269,66,30,10
2024-10-21,Elétrica,desktop,229,62,33,11
2024-10-21,Hidráulica,mobile,132,35,20,9
2024-10-21,Hidráulica,desktop,240,45,24,11
2024-10-21,Pintura e Acabamento,mobile,256,56,27,20
2024-10-21,Pintura e Acabamento,desktop,200,54,31,23
2024-10-21,Segurança,mobile,161,42,22,8
2024-10-21,Segurança,desktop,204,47,22,7
2024-10-22,Ferramentas,mobile,123,25,12,7
2024-10-22,Ferramentas,desktop,157,28,15,8
2024-10-22,Iluminação,mobile,156,31,15,11
2024-10-22,Iluminação,desktop,90,22,12,9
2024-10-22,Utilidades Domésticas,mobile,195,53,30,25
2024-10-22,Utilidades Domésticas,desktop,140,37,21,14
2024-10-22,Jardim e Área Externa,mobile,135,32,14,9
2024-10-22,Jardim e Área Externa,desktop,164,42,24,16
2024-10-22,Organização,mobile,146,38,17,12
2024-10-22,Organização,desktop,186,41,21,14
2024-10-22,Elétrica,mobile,100,27,12,4
2024-10-22,Elétrica,desktop,108,23,10,4
2024-10-22,Hidráulica,mobile,156,34,16,7
2024-10-22,Hidráulica,desktop,163,37,18,6
2024-10-22,Pintura e Acabamento,mobile,199,54,27,16
2024-10-22,Pintura e Acabamento,desktop,94,19,10,5
2024-10-22,Segurança,mobile,281,62,31,11
2024-10-22,Segurança,desktop,82,17,9,2
2024-10-23,Ferramentas,mobile,251,48,26,13
2024-10-23,Ferramentas,desktop,242,49,27,17
2024-10-23,Iluminação,mobile,181,47,27,17
2024-10-23,Iluminação,desktop,210,39,21,14
2024-10-23,Utilidades Domésticas,mobile,84,22,12,8
2024-10-23,Utilidades Domésticas,desktop,251,69,38,25
2024-10-23,Jardim e Área Externa,mobile,261,50,29,19
2024-10-23,Jardim e Área Externa,desktop,247,54,26,16
2024-10-23,Organização,mobile,254,65,33,26
2024-10-23,Organização,desktop,254,66,30,18
2024-10-23,Elétrica,mobile,121,22,12,4
2024-10-23,Elétrica,desktop,280,60,34,11
2024-10-23,Hidráulica,mobile,211,45,25,9
2024-10-23,Hidráulica,desktop,194,38,19,7
2024-10-23,Pintura e Acabamento,mobile,84,16,8,5
2024-10-23,Pintura e Acabamento,desktop,299,58,32,24
2024-10-23,Segurança,mobile,103,23,13,4
2024-10-23,Segurança,desktop,129,25,14,5
2024-10-24,Ferramentas,mobile,118,27,14,7
2024-10-24,Ferramentas,desktop,127,30,16,10
2024-10-24,Iluminação,mobile,233,57,29,19
2024-10-24,Iluminação,desktop,87,17,9,7
2024-10-24,Utilidades Domésticas,mobile,277,67,37,28
2024-10-24,Utilidades Domésticas,desktop,153,36,21,17
2024-10-24,Jardim e Área Externa,mobile,106,28,14,8
2024-10-24,Jardim e Área Externa,desktop,193,52,29,20
2024-10-24,Organização,mobile,157,31,16,12
2024-10-24,Organização,desktop,290,53,25,18
2024-10-24,Elétrica,mobile,182,47,23,9
2024-10-24,Elétrica,desktop,93,17,8,3
2024-10-24,Hidráulica,mobile,294,79,37,15
2024-10-24,Hidráulica,desktop,245,61,30,12
2024-10-24,Pintura e Acabamento,mobile,151,33,15,9
2024-10-24,Pintura e Acabamento,desktop,188,52,30,17
2024-10-24,Segurança,mobile,209,47,22,8
2024-10-24,Segurança,desktop,101,22,11,3
2024-10-25,Ferramentas,mobile,229,45,24,16
2024-10-25,Ferramentas,desktop,154,38,20,13
2024-10-25,Iluminação,mobile,110,30,13,10
2024-10-25,Iluminação,desktop,293,60,33,20
2024-10-25,Utilidades Domésticas,mobile,290,62,34,24
2024-10-25,Utilidades Domésticas,desktop,163,37,20,13
2024-10-25,Jardim e Área Externa,mobile,240,65,29,16
2024-10-25,Jardim e Área Externa,desktop,100,18,8,5
2024-10-25,Organização,mobile,228,58,32,21
2024-10-25,Organização,desktop,192,52,28,18
2024-10-25,Elétrica,mobile,137,25,12,4
2024-10-25,Elétrica,desktop,103,28,13,5
2024-10-25,Hidráulica,mobile,216,51,25,12
2024-10-25,Hidráulica,desktop,112,24,11,4
2024-10-25,Pintura e Acabamento,mobile,194,39,18,13
2024-10-25,Pintura e Acabamento,desktop,267,66,30,20
2024-10-25,Segurança,mobile,193,53,29,8
2024-10-25,Segurança,desktop,138,35,15,4
2024-10-26,Ferramentas,mobile,244,46,23,14
2024-10-26,Ferramentas,desktop,203,54,28,16
2024-10-26,Iluminação,mobile,179,45,20,13
2024-10-26,Iluminação,desktop,220,50,29,17
2024-10-26,Utilidades Domésticas,mobile,162,41,21,15
2024-10-26,Utilidades Domésticas,desktop,222,42,21,16
2024-10-26,Jardim e Área Externa,mobile,235,64,36,26
2024-10-26,Jardim e Área Externa,desktop,237,59,30,21
2024-10-26,Organização,mobile,227,45,22,13
2024-10-26,Organização,desktop,141,28,13,9
2024-10-26,Elétrica,mobile,246,53,29,10
2024-10-26,Elétrica,desktop,213,52,27,11
2024-10-26,Hidráulica,mobile,188,40,18,8
2024-10-26,Hidráulica,desktop,260,50,22,9
2024-10-26,Pintura e Acabamento,mobile,221,53,28,20
2024-10-26,Pintura e Acabamento,desktop,181,34,16,12
2024-10-26,Segurança,mobile,200,43,22,7
2024-10-26,Segurança,desktop,170,40,19,5
2024-10-27,Ferramentas,mobile,228,54,26,16
2024-10-27,Ferramentas,desktop,218,43,24,15
2024-10-27,Iluminação,mobile,149,31,16,11
2024-10-27,Iluminação,desktop,160,36,20,15
2024-10-27,Utilidades Domésticas,mobile,163,32,18,13
2024-10-27,Utilidades Domésticas,desktop,121,25,12,8
2024-10-27,Jardim e Área Externa,mobile,276,50,29,18
2024-10-27,Jardim e Área Externa,desktop,225,57,29,20
2024-10-27,Organização,mobile,271,56,25,18
2024-10-27,Organização,desktop,111,30,13,9
2024-10-27,Elétrica,mobile,91,16,8,3
2024-10-27,Elétrica,desktop,140,28,14,6
2024-10-27,Hidráulica,mobile,117,26,13,5
2024-10-27,Hidráulica,desktop,284,78,43,18
2024-10-27,Pintura e Acabamento,mobile,271,75,34,24
2024-10-27,Pintura e Acabamento,desktop,298,76,40,29
2024-10-27,Segurança,mobile,196,49,23,7
2024-10-27,Segurança,desktop,195,47,21,6
2024-10-28,Ferramentas,mobile,85,16,9,5
2024-10-28,Ferramentas,desktop,166,30,13,8
2024-10-28,Iluminação,mobile,178,35,19,14
2024-10-28,Iluminação,desktop,144,33,16,11
2024-10-28,Utilidades Domésticas,mobile,203,38,18,12
2024-10-28,Utilidades Domésticas,desktop,154,30,17,11
2024-10-28,Jardim e Área Externa,mobile,287,58,26,14
2024-10-28,Jardim e Área Externa,desktop,148,26,13,7
2024-10-28,Organização,mobile,270,54,30,22
2024-10-28,Organização,desktop,295,60,35,27
2024-10-28,Elétrica,mobile,136,36,19,7
2024-10-28,Elétrica,desktop,265,64,31,11
2024-10-28,Hidráulica,mobile,145,32,18,8
2024-10-28,Hidráulica,desktop,150,39,20,9
2024-10-28,Pintura e Acabamento,mobile,99,26,14,9
2024-10-28,Pintura e Acabamento,desktop,266,54,32,22
2024-10-28,Segurança,mobile,94,23,11,3
2024-10-28,Segurança,desktop,184,51,29,9
2024-10-29,Ferramentas,mobile,292,72,33,20
2024-10-29,Ferramentas,desktop,298,65,32,21
2024-10-29,Iluminação,mobile,282,51,25,18
2024-10-29,Iluminação,desktop,200,45,21,14
2024-10-29,Utilidades Domésticas,mobile,184,41,23,16
2024-10-29,Utilidades Domésticas,desktop,124,28,13,9
2024-10-29,Jardim e Área Externa,mobile,152,37,16,9
2024-10-29,Jardim e Área Externa,desktop,183,33,18,13
2024-10-29,Organização,mobile,169,42,21,14
2024-10-29,Organização,desktop,208,56,32,20
2024-10-29,Elétrica,mobile,220,40,22,8
2024-10-29,Elétrica,desktop,125,30,14,5
2024-10-29,Hidráulica,mobile,130,34,16,7
2024-10-29,Hidráulica,desktop,215,39,20,8
2024-10-29,Pintura e Acabamento,mobile,157,42,21,14
2024-10-29,Pintura e Acabamento,desktop,290,53,27,17
2024-10-29,Segurança,mobile,130,30,17,5
2024-10-29,Segurança,desktop,296,77,46,12
2024-10-30,Ferramentas,mobile,175,35,19,10
2024-10-30,Ferramentas,desktop,186,44,25,14
2024-10-30,Iluminação,mobile,96,17,8,6
2024-10-30,Iluminação,desktop,245,61,31,22
2024-10-30,Utilidades Domésticas,mobile,257,66,32,23
2024-10-30,Utilidades Domésticas,desktop,299,54,28,24
2024-10-30,Jardim e Área Externa,mobile,216,55,32,23
2024-10-30,Jardim e Área Externa,desktop,104,29,15,10
2024-10-30,Organização,mobile,270,49,28,17
2024-10-30,Organização,desktop,173,32,15,12
2024-10-30,Elétrica,mobile,197,35,16,7
2024-10-30,Elétrica,desktop,185,39,22,7
2024-10-30,Hidráulica,mobile,155,35,20,8
2024-10-30,Hidráulica,desktop,89,20,9,3
2024-10-30,Pintura e Acabamento,mobile,85,15,7,4
2024-10-30,Pintura e Acabamento,desktop,232,61,29,19
2024-10-30,Segurança,mobile,128,26,15,4
2024-10-30,Segurança,desktop,241,59,33,11
2024-10-31,Ferramentas,mobile,124,26,12,7
2024-10-31,Ferramentas,desktop,123,26,12,7
2024-10-31,Iluminação,mobile,291,68,34,26
2024-10-31,Iluminação,desktop,291,59,34,27
2024-10-31,Utilidades Domésticas,mobile,210,51,30,19
2024-10-31,Utilidades Domésticas,desktop,235,47,23,19
2024-10-31,Jardim e Área Externa,mobile,122,23,12,6
2024-10-31,Jardim e Área Externa,desktop,175,47,26,19
2024-10-31,Organização,mobile,274,64,34,25
2024-10-31,Organização,desktop,216,49,28,17
2024-10-31,Elétrica,mobile,240,60,27,11
2024-10-31,Elétrica,desktop,287,67,38,13
2024-10-31,Hidráulica,mobile,231,64,38,15
2024-10-31,Hidráulica,desktop,173,34,16,6
2024-10-31,Pintura e Acabamento,mobile,147,40,21,12
2024-10-31,Pintura e Acabamento,desktop,280,64,34,23
2024-10-31,Segurança,mobile,178,46,24,7
2024-10-31,Segurança,desktop,87,18,10,3
2024-11-01,Ferramentas,mobile,240,64,36,22
2024-11-01,Ferramentas,desktop,207,53,27,16
2024-11-01,Iluminação,mobile,175,39,18,12
2024-11-01,Iluminação,desktop,286,68,31,19
2024-11-01,Utilidades Domésticas,mobile,241,50,27,22
2024-11-01,Utilidades Domésticas,desktop,165,37,21,17
2024-11-01,Jardim e Área Externa,mobile,288,57,32,19
2024-11-01,Jardim e Área Externa,desktop,264,68,40,28
2024-11-01,Organização,mobile,220,44,20,16
2024-11-01,Organização,desktop,214,54,31,25
2024-11-01,Elétrica,mobile,139,28,12,4
2024-11-01,Elétrica,desktop,148,34,18,6
2024-11-01,Hidráulica,mobile,254,57,29,11
2024-11-01,Hidráulica,desktop,204,43,20,9
2024-11-01,Pintura e Acabamento,mobile,130,23,11,7
2024-11-01,Pintura e Acabamento,desktop,214,50,27,18
2024-11-01,Segurança,mobile,192,41,20,6
2024-11-01,Segurança,desktop,81,16,8,2
2024-11-02,Ferramentas,mobile,92,22,9,5
2024-11-02,Ferramentas,desktop,186,42,20,13
2024-11-02,Iluminação,mobile,297,72,42,28
2024-11-02,Iluminação,desktop,248,68,39,25
2024-11-02,Utilidades Domésticas,mobile,139,38,21,17
2024-11-02,Utilidades Domésticas,desktop,243,65,35,29
2024-11-02,Jardim e Área Externa,mobile,179,45,25,15
2024-11-02,Jardim e Área Externa,desktop,156,32,16,9
2024-11-02,Organização,mobile,165,40,22,15
2024-11-02,Organização,desktop,115,28,15,11
2024-11-02,Elétrica,mobile,253,65,37,15
2024-11-02,Elétrica,desktop,115,26,15,6
2024-11-02,Hidráulica,mobile,289,58,28,12
2024-11-02,Hidráulica,desktop,254,49,29,13
2024-11-02,Pintura e Acabamento,mobile,152,32,18,11
2024-11-02,Pintura e Acabamento,desktop,118,25,12,7
2024-11-02,Segurança,mobile,131,31,17,4
2024-11-02,Segurança,desktop,263,48,25,7
2024-11-03,Ferramentas,mobile,260,46,22,12
2024-11-03,Ferramentas,desktop,185,38,20,13
2024-11-03,Iluminação,mobile,258,48,28,17
2024-11-03,Iluminação,desktop,260,62,29,22
2024-11-03,Utilidades Domésticas,mobile,297,75,37,24
2024-11-03,Utilidades Domésticas,desktop,293,78,37,29
2024-11-03,Jardim e Área Externa,mobile,205,49,28,18
2024-11-03,Jardim e Área Externa,desktop,267,49,26,18
2024-11-03,Organização,mobile,237,50,24,16
2024-11-03,Organização,desktop,255,54,25,18
2024-11-03,Elétrica,mobile,139,31,15,6
2024-11-03,Elétrica,desktop,193,46,21,8
2024-11-03,Hidráulica,mobile,84,21,11,5
2024-11-03,Hidráulica,desktop,247,53,25,9
2024-11-03,Pintura e Acabamento,mobile,180,33,16,10
2024-11-03,Pintura e Acabamento,desktop,200,51,23,15
2024-11-03,Segurança,mobile,171,44,25,9
2024-11-03,Segurança,desktop,249,66,38,13
2024-11-04,Ferramentas,mobile,289,60,33,18
2024-11-04,Ferramentas,desktop,249,52,23,12
2024-11-04,Iluminação,mobile,233,43,24,18
2024-11-04,Iluminação,desktop,105,28,16,11
2024-11-04,Utilidades Domésticas,mobile,153,28,13,10
2024-11-04,Utilidades Domésticas,desktop,153,41,19,13
2024-11-04,Jardim e Área Externa,mobile,133,33,18,11
2024-11-04,Jardim e Área Externa,desktop,157,42,21,14
2024-11-04,Organização,mobile,286,73,36,25
2024-11-04,Organização,desktop,223,53,26,15
2024-11-04,Elétrica,mobile,248,44,24,9
2024-11-04,Elétrica,desktop,81,19,9,3
2024-11-04,Hidráulica,mobile,275,69,31,14
2024-11-04,Hidráulica,desktop,286,70,38,17
2024-11-04,Pintura e Acabamento,mobile,284,52,30,21
2024-11-04,Pintura e Acabamento,desktop,259,71,35,25
2024-11-04,Segurança,mobile,156,38,20,5
2024-11-04,Segurança,desktop,91,18,8,2
2024-11-05,Ferramentas,mobile,260,53,29,19
2024-11-05,Ferramentas,desktop,205,46,22,12
2024-11-05,Iluminação,mobile,117,26,12,8
2024-11-05,Iluminação,desktop,295,70,39,30
2024-11-05,Utilidades Domésticas,mobile,158,31,16,10
2024-11-05,Utilidades Domésticas,desktop,276,53,27,20
2024-11-05,Jardim e Área Externa,mobile,141,38,19,13
2024-11-05,Jardim e Área Externa,desktop,95,18,10,6
2024-11-05,Organização,mobile,265,61,29,21
2024-11-05,Organização,desktop,114,20,10,7
2024-11-05,Elétrica,mobile,229,49,23,10
2024-11-05,Elétrica,desktop,222,60,35,12
2024-11-05,Hidráulica,mobile,248,67,34,15
2024-11-05,Hidráulica,desktop,94,21,9,4
2024-11-05,Pintura e Acabamento,mobile,190,43,19,12
2024-11-05,Pintura e Acabamento,desktop,190,49,24,14
2024-11-05,Segurança,mobile,295,63,32,11
2024-11-05,Segurança,desktop,82,15,7,2
2024-11-06,Ferramentas,mobile,94,22,10,5
2024-11-06,Ferramentas,desktop,225,54,30,17
2024-11-06,Iluminação,mobile,290,57,29,17
2024-11-06,Iluminação,desktop,109,22,11,6
2024-11-06,Utilidades Domésticas,mobile,201,49,25,17
2024-11-06,Utilidades Domésticas,desktop,187,42,22,18
2024-11-06,Jardim e Área Externa,mobile,256,49,22,12
2024-11-06,Jardim e Área Externa,desktop,107,23,13,8
2024-11-06,Organização,mobile,150,34,19,14
2024-11-06,Organização,desktop,149,34,15,11
2024-11-06,Elétrica,mobile,141,34,16,6
2024-11-06,Elétrica,desktop,112,23,13,5
2024-11-06,Hidráulica,mobile,227,44,22,9
2024-11-06,Hidráulica,desktop,189,52,23,9
2024-11-06,Pintura e Acabamento,mobile,202,49,28,17
2024-11-06,Pintura e Acabamento,desktop,124,28,15,8
2024-11-06,Segurança,mobile,288,65,36,12
2024-11-06,Segurança,desktop,293,71,38,13
2024-11-07,Ferramentas,mobile,117,23,12,7
2024-11-07,Ferramentas,desktop,252,48,26,14
2024-11-07,Iluminação,mobile,183,43,19,11
2024-11-07,Iluminação,desktop,265,54,26,17
2024-11-07,Utilidades Domésticas,mobile,112,22,10,7
2024-11-07,Utilidades Domésticas,desktop,215,47,23,16
2024-11-07,Jardim e Área Externa,mobile,212,57,25,15
2024-11-07,Jardim e Área Externa,desktop,187,50,28,16
2024-11-07,Organização,mobile,144,36,16,11
2024-11-07,Organização,desktop,164,29,14,10
2024-11-07,Elétrica,mobile,87,19,8,3
2024-11-07,Elétrica,desktop,158,29,16,5
2024-11-07,Hidráulica,mobile,231,46,24,11
2024-11-07,Hidráulica,desktop,140,36,18,8
2024-11-07,Pintura e Acabamento,mobile,164,43,21,14
2024-11-07,Pintura e Acabamento,desktop,160,40,23,17
2024-11-07,Segurança,mobile,181,33,15,4
2024-11-07,Segurança,desktop,189,51,28,7
2024-11-08,Ferramentas,mobile,281,71,42,27
2024-11-08,Ferramentas,desktop,135,27,13,6
2024-11-08,Iluminação,mobile,84,21,10,6
2024-11-08,Iluminação,desktop,159,34,18,11
2024-11-08,Utilidades Domésticas,mobile,228,41,19,13
2024-11-08,Utilidades Domésticas,desktop,260,55,25,21
2024-11-08,Jardim e Área Externa,mobile,117,30,16,10
2024-11-08,Jardim e Área Externa,desktop,146,35,17,11
2024-11-08,Organização,mobile,244,56,25,16
2024-11-08,Organização,desktop,177,33,16,11
2024-11-08,Elétrica,mobile,180,37,20,7
2024-11-08,Elétrica,desktop,121,27,13,4
2024-11-08,Hidráulica,mobile,258,51,24,10
2024-11-08,Hidráulica,desktop,224,55,25,11
2024-11-08,Pintura e Acabamento,mobile,263,56,29,22
2024-11-08,Pintura e Acabamento,desktop,179,41,19,12
2024-11-08,Segurança,mobile,114,28,15,4
2024-11-08,Segurança,desktop,251,52,28,7
2024-11-09,Ferramentas,mobile,278,58,26,16
2024-11-09,Ferramentas,desktop,221,45,21,13
2024-11-09,Iluminação,mobile,233,51,25,14
2024-11-09,Iluminação,desktop,285,76,35,25
2024-11-09,Utilidades Domésticas,mobile,205,46,27,22
2024-11-09,Utilidades Domésticas,desktop,287,74,41,32
2024-11-09,Jardim e Área Externa,mobile,135,27,12,7
2024-11-09,Jardim e Área Externa,desktop,293,77,45,32
2024-11-09,Organização,mobile,180,32,16,12
2024-11-09,Organização,desktop,123,32,15,10
2024-11-09,Elétrica,mobile,91,22,10,4
2024-11-09,Elétrica,desktop,151,28,14,6
2024-11-09,Hidráulica,mobile,159,36,17,7
2024-11-09,Hidráulica,desktop,200,38,19,8
2024-11-09,Pintura e Acabamento,mobile,236,42,22,16
2024-11-09,Pintura e Acabamento,desktop,117,32,18,13
2024-11-09,Segurança,mobile,112,24,10,3
2024-11-09,Segurança,desktop,180,33,15,5
2024-11-10,Ferramentas,mobile,162,41,18,12
2024-11-10,Ferramentas,desktop,251,47,26,16
2024-11-10,Iluminação,mobile,168,39,22,14
2024-11-10,Iluminação,desktop,285,73,34,24
2024-11-10,Utilidades Domésticas,mobile,176,46,25,17
2024-11-10,Utilidades Domésticas,desktop,274,61,29,21
2024-11-10,Jardim e Área Externa,mobile,199,54,24,17
2024-11-10,Jardim e Área Externa,desktop,240,57,32,20
2024-11-10,Organização,mobile,277,53,29,22
2024-11-10,Organização,desktop,237,66,33,23
2024-11-10,Elétrica,mobile,111,23,13,4
2024-11-10,Elétrica,desktop,183,34,20,7
2024-11-10,Hidráulica,mobile,229,51,30,14
2024-11-10,Hidráulica,desktop,152,38,19,9
2024-11-10,Pintura e Acabamento,mobile,141,38,20,14
2024-11-10,Pintura e Acabamento,desktop,203,51,26,17
2024-11-10,Segurança,mobile,87,23,10,2
2024-11-10,Segurança,desktop,218,50,24,8
2024-11-11,Ferramentas,mobile,172,46,26,15
2024-11-11,Ferramentas,desktop,294,68,37,23
2024-11-11,Iluminação,mobile,242,65,36,21
2024-11-11,Iluminação,desktop,210,54,32,18
2024-11-11,Utilidades Domésticas,mobile,208,54,32,20
2024-11-11,Utilidades Domésticas,desktop,160,43,25,20
2024-11-11,Jardim e Área Externa,mobile,260,62,29,21
2024-11-11,Jardim e Área Externa,desktop,112,24,12,6
2024-11-11,Organização,mobile,219,52,30,18
2024-11-11,Organização,desktop,132,34,17,13
2024-11-11,Elétrica,mobile,192,45,23,8
2024-11-11,Elétrica,desktop,231,47,27,10
2024-11-11,Hidráulica,mobile,88,20,10,4
2024-11-11,Hidráulica,desktop,202,52,23,10
2024-11-11,Pintura e Acabamento,mobile,146,37,18,12
2024-11-11,Pintura e Acabamento,desktop,124,32,19,12
2024-11-11,Segurança,mobile,271,49,24,7
2024-11-11,Segurança,desktop,147,30,17,4
2024-11-12,Ferramentas,mobile,279,64,34,23
2024-11-12,Ferramentas,desktop,297,59,29,18
2024-11-12,Iluminação,mobile,128,35,16,11
2024-11-12,Iluminação,desktop,122,23,11,7
2024-11-12,Utilidades Domésticas,mobile,257,69,36,25
2024-11-12,Utilidades Domésticas,desktop,145,33,16,10
2024-11-12,Jardim e Área Externa,mobile,248,59,28,15
2024-11-12,Jardim e Área Externa,desktop,114,31,16,11
2024-11-12,Organização,mobile,247,58,32,22
2024-11-12,Organização,desktop,226,56,32,19
2024-11-12,Elétrica,mobile,141,28,15,5
2024-11-12,Elétrica,desktop,138,29,17,6
2024-11-12,Hidráulica,mobile,165,31,18,8
2024-11-12,Hidráulica,desktop,246,44,25,11
2024-11-12,Pintura e Acabamento,mobile,276,60,33,19
2024-11-12,Pintura e Acabamento,desktop,139,35,16,10
2024-11-12,Segurança,mobile,190,50,26,8
2024-11-12,Segurança,desktop,218,40,23,7
2024-11-13,Ferramentas,mobile,134,33,15,10
2024-11-13,Ferramentas,desktop,98,26,14,9
2024-11-13,Iluminação,mobile,120,27,12,7
2024-11-13,Iluminação,desktop,201,55,29,21
2024-11-13,Utilidades Domésticas,mobile,246,58,30,23
2024-11-13,Utilidades Domésticas,desktop,153,35,16,10
2024-11-13,Jardim e Área Externa,mobile,171,42,24,13
2024-11-13,Jardim e Área Externa,desktop,141,26,15,9
2024-11-13,Organização,mobile,287,52,25,15
2024-11-13,Organização,desktop,229,63,30,21
2024-11-13,Elétrica,mobile,110,24,14,6
2024-11-13,Elétrica,desktop,84,21,9,2
2024-11-13,Hidráulica,mobile,127,25,12,5
2024-11-13,Hidráulica,desktop,174,32,16,6
2024-11-13,Pintura e Acabamento,mobile,86,19,9,6
2024-11-13,Pintura e Acabamento,desktop,235,60,27,20
2024-11-13,Segurança,mobile,105,25,13,4
2024-11-13,Segurança,desktop,290,58,29,8
2024-11-14,Ferramentas,mobile,203,46,26,16
2024-11-14,Ferramentas,desktop,236,44,20,12
2024-11-14,Iluminação,mobile,89,18,10,6
2024-11-14,Iluminação,desktop,146,39,18,11
2024-11-14,Utilidades Domésticas,mobile,212,53,29,23
2024-11-14,Utilidades Domésticas,desktop,205,54,31,24
2024-11-14,Jardim e Área Externa,mobile,83,19,9,5
2024-11-14,Jardim e Área Externa,desktop,109,29,15,11
2024-11-14,Organização,mobile,235,54,28,17
2024-11-14,Organização,desktop,250,63,35,26
2024-11-14,Elétrica,mobile,205,55,30,10
2024-11-14,Elétrica,desktop,102,18,10,3
2024-11-14,Hidráulica,mobile,133,34,15,6
2024-11-14,Hidráulica,desktop,223,46,27,10
2024-11-14,Pintura e Acabamento,mobile,263,70,41,23
2024-11-14,Pintura e Acabamento,desktop,100,26,14,8
2024-11-14,Segurança,mobile,136,33,16,5
2024-11-14,Segurança,desktop,122,31,14,3
2024-11-15,Ferramentas,mobile,196,45,25,16
2024-11-15,Ferramentas,desktop,275,70,36,19
2024-11-15,Iluminação,mobile,115,28,13,8
2024-11-15,Iluminação,desktop,139,25,13,9
2024-11-15,Utilidades Domésticas,mobile,194,38,22,14
2024-11-15,Utilidades Domésticas,desktop,283,72,38,26
2024-11-15,Jardim e Área Externa,mobile,269,60,27,17
2024-11-15,Jardim e Área Externa,desktop,207,47,23,15
2024-11-15,Organização,mobile,195,41,19,11
2024-11-15,Organização,desktop,90,20,9,7
2024-11-15,Elétrica,mobile,204,56,30,12
2024-11-15,Elétrica,desktop,101,20,9,3
2024-11-15,Hidráulica,mobile,242,64,37,13
2024-11-15,Hidráulica,desktop,128,23,11,4
2024-11-15,Pintura e Acabamento,mobile,271,74,35,24
2024-11-15,Pintura e Acabamento,desktop,148,30,17,11
2024-11-15,Segurança,mobile,248,53,27,7
2024-11-15,Segurança,desktop,219,55,30,8
2024-11-16,Ferramentas,mobile,109,29,14,7
2024-11-16,Ferramentas,desktop,106,27,14,9
2024-11-16,Iluminação,mobile,108,21,12,8
2024-11-16,Iluminação,desktop,101,24,11,7
2024-11-16,Utilidades Domésticas,mobile,81,18,9,6
2024-11-16,Utilidades Domésticas,desktop,153,31,16,10
2024-11-16,Jardim e Área Externa,mobile,154,41,22,15
2024-11-16,Jardim e Área Externa,desktop,92,24,12,7
2024-11-16,Organização,mobile,81,18,8,5
2024-11-16,Organização,desktop,98,25,14,10
2024-11-16,Elétrica,mobile,146,35,20,6
2024-11-16,Elétrica,desktop,176,49,29,11
2024-11-16,Hidráulica,mobile,246,65,36,14
2024-11-16,Hidráulica,desktop,85,17,7,3
2024-11-16,Pintura e Acabamento,mobile,138,25,12,6
2024-11-16,Pintura e Acabamento,desktop,260,72,41,31
2024-11-16,Segurança,mobile,213,43,25,8
2024-11-16,Segurança,desktop,174,43,23,8
2024-11-17,Ferramentas,mobile,192,49,22,13
2024-11-17,Ferramentas,desktop,181,36,21,10
2024-11-17,Iluminação,mobile,130,28,13,7
2024-11-17,Iluminação,desktop,87,19,10,5
2024-11-17,Utilidades Domésticas,mobile,289,78,35,26
2024-11-17,Utilidades Domésticas,desktop,82,22,11,7
2024-11-17,Jardim e Área Externa,mobile,222,50,27,19
2024-11-17,Jardim e Área Externa,desktop,129,34,20,11
2024-11-17,Organização,mobile,139,25,12,9
2024-11-17,Organização,desktop,181,49,25,19
2024-11-17,Elétrica,mobile,88,23,12,4
2024-11-17,Elétrica,desktop,143,39,17,6
2024-11-17,Hidráulica,mobile,102,25,13,4
2024-11-17,Hidráulica,desktop,276,70,31,11
2024-11-17,Pintura e Acabamento,mobile,136,29,14,8
2024-11-17,Pintura e Acabamento,desktop,263,55,29,20
2024-11-17,Segurança,mobile,249,50,25,7
2024-11-17,Segurança,desktop,198,38,22,6
2024-11-18,Ferramentas,mobile,255,62,34,22
2024-11-18,Ferramentas,desktop,260,68,34,18
2024-11-18,Iluminação,mobile,209,38,20,13
2024-11-18,Iluminação,desktop,183,46,24,19
2024-11-18,Utilidades Domésticas,mobile,140,28,15,12
2024-11-18,Utilidades Domésticas,desktop,199,36,17,12
2024-11-18,Jardim e Área Externa,mobile,277,70,32,17
2024-11-18,Jardim e Área Externa,desktop,83,16,9,5
2024-11-18,Organização,mobile,277,53,26,20
2024-11-18,Organização,desktop,237,57,32,21
2024-11-18,Elétrica,mobile,178,34,16,6
2024-11-18,Elétrica,desktop,99,21,10,4
2024-11-18,Hidráulica,mobile,281,62,35,15
2024-11-18,Hidráulica,desktop,188,52,29,10
2024-11-18,Pintura e Acabamento,mobile,111,22,12,8
2024-11-18,Pintura e Acabamento,desktop,209,48,27,17
2024-11-18,Segurança,mobile,96,24,11,3
2024-11-18,Segurança,desktop,202,47,21,5
2024-11-19,Ferramentas,mobile,146,30,17,10
2024-11-19,Ferramentas,desktop,152,36,20,10
2024-11-19,Iluminação,mobile,234,48,27,21
2024-11-19,Iluminação,desktop,241,50,28,17
2024-11-19,Utilidades Domésticas,mobile,91,20,11,9
2024-11-19,Utilidades Domésticas,desktop,110,26,12,9
2024-11-19,Jardim e Área Externa,mobile,102,26,15,10
2024-11-19,Jardim e Área Externa,desktop,234,48,22,15
2024-11-19,Organização,mobile,197,52,25,19
2024-11-19,Organização,desktop,169,32,16,9
2024-11-19,Elétrica,mobile,154,38,20,8
2024-11-19,Elétrica,desktop,221,60,30,10
2024-11-19,Hidráulica,mobile,115,22,10,4
2024-11-19,Hidráulica,desktop,88,19,8,3
2024-11-19,Pintura e Acabamento,mobile,171,47,23,13
2024-11-19,Pintura e Acabamento,desktop,136,28,14,9
2024-11-19,Segurança,mobile,81,15,7,2
2024-11-19,Segurança,desktop,208,38,18,5
2024-11-20,Ferramentas,mobile,296,71,34,19
2024-11-20,Ferramentas,desktop,100,23,12,6
2024-11-20,Iluminação,mobile,296,69,39,27
2024-11-20,Iluminação,desktop,275,57,28,17
2024-11-20,Utilidades Domésticas,mobile,92,21,11,7
2024-11-20,Utilidades Domésticas,desktop,195,37,17,11
2024-11-20,Jardim e Área Externa,mobile,258,47,27,19
2024-11-20,Jardim e Área Externa,desktop,246,67,32,22
2024-11-20,Organização,mobile,108,23,12,9
2024-11-20,Organização,desktop,85,23,10,7
2024-11-20,Elétrica,mobile,263,53,27,11
2024-11-20,Elétrica,desktop,259,52,28,11
2024-11-20,Hidráulica,mobile,295,74,36,15
2024-11-20,Hidráulica,desktop,296,53,28,11
2024-11-20,Pintura e Acabamento,mobile,222,49,26,18
2024-11-20,Pintura e Acabamento,desktop,213,57,28,20
2024-11-20,Segurança,mobile,291,80,41,13
2024-11-20,Segurança,desktop,112,27,14,4
2024-11-21,Ferramentas,mobile,112,24,12,8
2024-11-21,Ferramentas,desktop,146,26,15,8
2024-11-21,Iluminação,mobile,88,23,12,7
2024-11-21,Iluminação,desktop,190,52,28,19
2024-11-21,Utilidades Domésticas,mobile,281,57,31,20
2024-11-21,Utilidades Domésticas,desktop,233,55,27,23
2024-11-21,Jardim e Área Externa,mobile,125,22,11,7
2024-11-21,Jardim e Área Externa,desktop,254,64,29,18
2024-11-21,Organização,mobile,91,22,10,6
2024-11-21,Organização,desktop,251,53,29,19
2024-11-21,Elétrica,mobile,128,26,12,5
2024-11-21,Elétrica,desktop,207,46,26,10
2024-11-21,Hidráulica,mobile,297,83,41,17
2024-11-21,Hidráulica,desktop,298,68,35,14
2024-11-21,Pintura e Acabamento,mobile,287,73,35,25
2024-11-21,Pintura e Acabamento,desktop,146,28,16,10
2024-11-21,Segurança,mobile,266,74,44,12
2024-11-21,Segurança,desktop,142,35,18,5
2024-11-22,Ferramentas,mobile,110,26,15,8
2024-11-22,Ferramentas,desktop,170,31,14,7
2024-11-22,Iluminação,mobile,196,39,19,11
2024-11-22,Iluminação,desktop,192,42,21,16
2024-11-22,Utilidades Domésticas,mobile,228,54,26,19
2024-11-22,Utilidades Domésticas,desktop,252,48,28,21
2024-11-22,Jardim e Área Externa,mobile,89,20,9,6
2024-11-22,Jardim e Área Externa,desktop,236,58,33,22
2024-11-22,Organização,mobile,129,29,13,8
2024-11-22,Organização,desktop,218,54,28,18
2024-11-22,Elétrica,mobile,236,60,32,13
2024-11-22,Elétrica,desktop,235,42,18,6
2024-11-22,Hidráulica,mobile,118,25,14,6
2024-11-22,Hidráulica,desktop,159,40,20,8
2024-11-22,Pintura e Acabamento,mobile,246,66,36,25
2024-11-22,Pintura e Acabamento,desktop,119,28,15,10
2024-11-22,Segurança,mobile,157,32,15,4
2024-11-22,Segurança,desktop,125,24,11,3
2024-11-23,Ferramentas,mobile,158,42,24,12
2024-11-23,Ferramentas,desktop,297,61,31,19
2024-11-23,Iluminação,mobile,298,72,40,31
2024-11-23,Iluminação,desktop,254,50,22,15
2024-11-23,Utilidades Domésticas,mobile,128,27,13,10
2024-11-23,Utilidades Domésticas,desktop,231,56,31,26
2024-11-23,Jardim e Área Externa,mobile,208,54,26,16
2024-11-23,Jardim e Área Externa,desktop,194,44,20,11
2024-11-23,Organização,mobile,245,53,29,20
2024-11-23,Organização,desktop,220,57,27,19
2024-11-23,Elétrica,mobile,164,44,26,11
2024-11-23,Elétrica,desktop,281,76,40,14
2024-11-23,Hidráulica,mobile,216,59,28,11
2024-11-23,Hidráulica,desktop,224,62,34,16
2024-11-23,Pintura e Acabamento,mobile,282,78,35,25
2024-11-23,Pintura e Acabamento,desktop,187,38,21,14
2024-11-23,Segurança,mobile,265,73,37,10
2024-11-23,Segurança,desktop,259,55,32,11
2024-11-24,Ferramentas,mobile,231,50,24,14
2024-11-24,Ferramentas,desktop,112,29,13,7
2024-11-24,Iluminação,mobile,108,29,15,11
2024-11-24,Iluminação,desktop,120,25,13,10
2024-11-24,Utilidades Domésticas,mobile,221,58,31,25
2024-11-24,Utilidades Domésticas,desktop,116,22,10,6
2024-11-24,Jardim e Área Externa,mobile,211,43,21,12
2024-11-24,Jardim e Área Externa,desktop,87,15,7,5
2024-11-24,Organização,mobile,162,43,20,13
2024-11-24,Organização,desktop,111,24,13,9
2024-11-24,Elétrica,mobile,201,47,25,9
2024-11-24,Elétrica,desktop,243,44,24,8
2024-11-24,Hidráulica,mobile,139,31,16,7
2024-11-24,Hidráulica,desktop,229,63,30,12
2024-11-24,Pintura e Acabamento,mobile,92,24,11,6
2024-11-24,Pintura e Acabamento,desktop,225,48,28,18
2024-11-24,Segurança,mobile,291,73,37,11
2024-11-24,Segurança,desktop,120,32,14,4
2024-11-25,Ferramentas,mobile,130,33,17,9
2024-11-25,Ferramentas,desktop,238,51,22,12
2024-11-25,Iluminação,mobile,113,21,10,6
2024-11-25,Iluminação,desktop,133,35,20,13
2024-11-25,Utilidades Domésticas,mobile,212,55,27,23
2024-11-25,Utilidades Domésticas,desktop,147,30,16,11
2024-11-25,Jardim e Área Externa,mobile,264,71,38,21
2024-11-25,Jardim e Área Externa,desktop,162,40,23,16
2024-11-25,Organização,mobile,227,57,33,23
2024-11-25,Organização,desktop,244,67,36,29
2024-11-25,Elétrica,mobile,151,38,19,8
2024-11-25,Elétrica,desktop,283,58,31,11
2024-11-25,Hidráulica,mobile,237,47,23,8
2024-11-25,Hidráulica,desktop,179,34,17,7
2024-11-25,Pintura e Acabamento,mobile,254,54,30,18
2024-11-25,Pintura e Acabamento,desktop,176,40,23,16
2024-11-25,Segurança,mobile,110,28,13,3
2024-11-25,Segurança,desktop,113,24,12,3
2024-11-26,Ferramentas,mobile,224,60,27,16
2024-11-26,Ferramentas,desktop,151,36,21,13
2024-11-26,Iluminação,mobile,281,71,33,26
2024-11-26,Iluminação,desktop,152,39,22,14
2024-11-26,Utilidades Domésticas,mobile,283,78,43,36
2024-11-26,Utilidades Domésticas,desktop,291,58,26,17
2024-11-26,Jardim e Área Externa,mobile,116,27,13,7
2024-11-26,Jardim e Área Externa,desktop,121,33,14,8
2024-11-26,Organização,mobile,291,63,28,18
2024-11-26,Organização,desktop,90,22,12,9
2024-11-26,Elétrica,mobile,159,36,19,7
2024-11-26,Elétrica,desktop,234,58,32,11
2024-11-26,Hidráulica,mobile,80,19,10,3
2024-11-26,Hidráulica,desktop,148,30,14,6
2024-11-26,Pintura e Acabamento,mobile,154,30,15,9
2024-11-26,Pintura e Acabamento,desktop,113,31,14,9
2024-11-26,Segurança,mobile,171,32,17,5
2024-11-26,Segurança,desktop,206,40,18,5
2024-11-27,Ferramentas,mobile,208,55,25,15
2024-11-27,Ferramentas,desktop,222,42,18,11
2024-11-27,Iluminação,mobile,269,49,25,18
2024-11-27,Iluminação,desktop,280,61,35,24
2024-11-27,Utilidades Domésticas,mobile,159,41,22,15
2024-11-27,Utilidades Domésticas,desktop,228,45,22,15
2024-11-27,Jardim e Área Externa,mobile,139,25,13,7
2024-11-27,Jardim e Área Externa,desktop,190,35,16,11
2024-11-27,Organização,mobile,236,50,22,18
2024-11-27,Organização,desktop,114,30,17,13
2024-11-27,Elétrica,mobile,106,23,10,4
2024-11-27,Elétrica,desktop,181,50,28,10
2024-11-27,Hidráulica,mobile,229,57,26,10
2024-11-27,Hidráulica,desktop,146,33,17,6
2024-11-27,Pintura e Acabamento,mobile,107,22,10,7
2024-11-27,Pintura e Acabamento,desktop,81,15,7,5
2024-11-27,Segurança,mobile,292,57,30,11
2024-11-27,Segurança,desktop,129,34,17,6
2024-11-28,Ferramentas,mobile,88,23,10,6
2024-11-28,Ferramentas,desktop,276,56,28,16
2024-11-28,Iluminação,mobile,137,34,16,11
2024-11-28,Iluminação,desktop,292,71,38,25
2024-11-28,Utilidades Domésticas,mobile,246,61,28,22
2024-11-28,Utilidades Domésticas,desktop,93,22,10,8
2024-11-28,Jardim e Área Externa,mobile,104,26,11,8
2024-11-28,Jardim e Área Externa,desktop,155,39,19,13
2024-11-28,Organização,mobile,200,41,23,15
2024-11-28,Organização,desktop,290,56,32,26
2024-11-28,Elétrica,mobile,287,63,28,11
2024-11-28,Elétrica,desktop,220,48,24,9
2024-11-28,Hidráulica,mobile,142,28,15,6
2024-11-28,Hidráulica,desktop,208,54,26,12
2024-11-28,Pintura e Acabamento,mobile,106,23,12,8
2024-11-28,Pintura e Acabamento,desktop,226,54,25,16
2024-11-28,Segurança,mobile,177,47,28,7
2024-11-28,Segurança,desktop,169,34,17,6
2024-11-29,Ferramentas,mobile,107,24,10,5
2024-11-29,Ferramentas,desktop,92,19,11,7
2024-11-29,Iluminação,mobile,297,66,38,24
2024-11-29,Iluminação,desktop,272,74,33,25
2024-11-29,Utilidades Domésticas,mobile,212,56,31,21
2024-11-29,Utilidades Domésticas,desktop,190,42,22,15
2024-11-29,Jardim e Área Externa,mobile,143,33,17,10
2024-11-29,Jardim e Área Externa,desktop,93,24,11,6
2024-11-29,Organização,mobile,271,69,37,24
2024-11-29,Organização,desktop,214,44,24,16
2024-11-29,Elétrica,mobile,136,37,17,6
2024-11-29,Elétrica,desktop,139,36,20,7
2024-11-29,Hidráulica,mobile,272,72,37,17
2024-11-29,Hidráulica,desktop,228,62,33,16
2024-11-29,Pintura e Acabamento,mobile,259,65,32,21
2024-11-29,Pintura e Acabamento,desktop,226,46,22,15
2024-11-29,Segurança,mobile,226,56,26,7
2024-11-29,Segurança,desktop,85,19,8,2
2024-11-30,Ferramentas,mobile,206,47,27,16
2024-11-30,Ferramentas,desktop,171,34,20,12
2024-11-30,Iluminação,mobile,277,55,24,17
2024-11-30,Iluminação,desktop,298,54,31,19
2024-11-30,Utilidades Domésticas,mobile,93,20,11,8
2024-11-30,Utilidades Domésticas,desktop,178,44,21,13
2024-11-30,Jardim e Área Externa,mobile,212,47,22,13
2024-11-30,Jardim e Área Externa,desktop,144,33,18,13
2024-11-30,Organização,mobile,94,17,8,5
2024-11-30,Organização,desktop,84,20,9,7
2024-11-30,Elétrica,mobile,285,69,40,16
2024-11-30,Elétrica,desktop,176,43,24,8
2024-11-30,Hidráulica,mobile,112,30,13,5
2024-11-30,Hidráulica,desktop,286,62,33,12
2024-11-30,Pintura e Acabamento,mobile,237,56,28,20
2024-11-30,Pintura e Acabamento,desktop,180,42,21,12
2024-11-30,Segurança,mobile,260,52,28,10
2024-11-30,Segurança,desktop,199,43,22,6
2024-12-01,Ferramentas,mobile,151,36,19,12
2024-12-01,Ferramentas,desktop,254,63,31,21
2024-12-01,Iluminação,mobile,292,54,30,19
2024-12-01,Iluminação,desktop,114,27,15,8
2024-12-01,Utilidades Domésticas,mobile,110,29,13,10
2024-12-01,Utilidades Domésticas,desktop,106,28,14,9
2024-12-01,Jardim e Área Externa,mobile,213,51,23,16
2024-12-01,Jardim e Área Externa,desktop,208,46,26,17
2024-12-01,Organização,mobile,144,33,16,11
2024-12-01,Organização,desktop,137,26,13,7
2024-12-01,Elétrica,mobile,272,62,35,14
2024-12-01,Elétrica,desktop,239,52,24,9
2024-12-01,Hidráulica,mobile,219,39,21,8
2024-12-01,Hidráulica,desktop,211,49,22,10
2024-12-01,Pintura e Acabamento,mobile,247,54,24,18
2024-12-01,Pintura e Acabamento,desktop,185,45,22,16
2024-12-01,Segurança,mobile,93,25,13,4
2024-12-01,Segurança,desktop,141,29,16,5
2024-12-02,Ferramentas,mobile,95,22,10,5
2024-12-02,Ferramentas,desktop,98,22,10,6
2024-12-02,Iluminação,mobile,254,59,33,21
2024-12-02,Iluminação,desktop,80,19,10,7
2024-12-02,Utilidades Domésticas,mobile,127,35,16,13
2024-12-02,Utilidades Domésticas,desktop,102,24,13,9
2024-12-02,Jardim e Área Externa,mobile,277,60,34,20
2024-12-02,Jardim e Área Externa,desktop,178,43,22,13
2024-12-02,Organização,mobile,275,55,27,17
2024-12-02,Organização,desktop,256,64,33,25
2024-12-02,Elétrica,mobile,136,31,14,6
2024-12-02,Elétrica,desktop,221,49,25,8
2024-12-02,Hidráulica,mobile,184,44,22,9
2024-12-02,Hidráulica,desktop,109,30,15,7
2024-12-02,Pintura e Acabamento,mobile,275,56,31,17
2024-12-02,Pintura e Acabamento,desktop,221,48,22,14
2024-12-02,Segurança,mobile,120,25,13,4
2024-12-02,Segurança,desktop,139,38,21,5
2024-12-03,Ferramentas,mobile,115,30,15,9
2024-12-03,Ferramentas,desktop,281,73,43,22
2024-12-03,Iluminação,mobile,248,50,28,19
2024-12-03,Iluminação,desktop,287,73,38,27
2024-12-03,Utilidades Domésticas,mobile,200,54,24,17
2024-12-03,Utilidades Domésticas,desktop,247,53,25,18
2024-12-03,Jardim e Área Externa,mobile,181,39,20,13
2024-12-03,Jardim e Área Externa,desktop,228,61,30,18
2024-12-03,Organização,mobile,142,34,17,11
2024-12-03,Organização,desktop,126,35,20,12
2024-12-03,Elétrica,mobile,111,20,10,3
2024-12-03,Elétrica,desktop,172,32,14,5
2024-12-03,Hidráulica,mobile,126,25,11,4
2024-12-03,Hidráulica,desktop,244,45,22,10
2024-12-03,Pintura e Acabamento,mobile,83,18,8,6
2024-12-03,Pintura e Acabamento,desktop,290,73,36,27
2024-12-03,Segurança,mobile,118,22,10,3
2024-12-03,Segurança,desktop,222,57,32,11
2024-12-04,Ferramentas,mobile,90,24,11,5
2024-12-04,Ferramentas,desktop,119,26,11,6
2024-12-04,Iluminação,mobile,201,37,20,12
2024-12-04,Iluminação,desktop,109,30,15,11
2024-12-04,Utilidades Domésticas,mobile,129,23,13,9
2024-12-04,Utilidades Domésticas,desktop,177,32,17,12
2024-12-04,Jardim e Área Externa,mobile,183,35,19,12
2024-12-04,Jardim e Área Externa,desktop,230,43,24,15
2024-12-04,Organização,mobile,281,71,36,25
2024-12-04,Organização,desktop,162,37,21,13
2024-12-04,Elétrica,mobile,114,28,12,4
2024-12-04,Elétrica,desktop,106,28,13,4
2024-12-04,Hidráulica,mobile,103,20,11,4
2024-12-04,Hidráulica,desktop,182,44,25,10
2024-12-04,Pintura e Acabamento,mobile,259,65,35,25
2024-12-04,Pintura e Acabamento,desktop,237,48,24,14
2024-12-04,Segurança,mobile,80,20,10,3
2024-12-04,Segurança,desktop,201,47,23,8
2024-12-05,Ferramentas,mobile,138,27,15,8
2024-12-05,Ferramentas,desktop,148,37,17,11
2024-12-05,Iluminação,mobile,276,54,27,17
2024-12-05,Iluminação,desktop,112,24,14,9
2024-12-05,Utilidades Domésticas,mobile,298,55,28,23
2024-12-05,Utilidades Domésticas,desktop,248,63,32,26
2024-12-05,Jardim e Área Externa,mobile,197,42,22,14
2024-12-05,Jardim e Área Externa,desktop,183,49,25,13
2024-12-05,Organização,mobile,125,31,15,9
2024-12-05,Organização,desktop,83,18,9,5
2024-12-05,Elétrica,mobile,229,54,26,9
2024-12-05,Elétrica,desktop,131,35,20,8
2024-12-05,Hidráulica,mobile,218,54,26,11
2024-12-05,Hidráulica,desktop,205,47,23,10
2024-12-05,Pintura e Acabamento,mobile,189,47,21,16
2024-12-05,Pintura e Acabamento,desktop,115,21,12,8
2024-12-05,Segurança,mobile,159,37,21,6
2024-12-05,Segurança,desktop,129,29,15,4
2024-12-06,Ferramentas,mobile,181,40,22,13
2024-12-06,Ferramentas,desktop,280,56,31,17
2024-12-06,Iluminação,mobile,220,50,27,16
2024-12-06,Iluminação,desktop,235,52,29,18
2024-12-06,Utilidades Domésticas,mobile,144,29,14,12
2024-12-06,Utilidades Domésticas,desktop,183,43,23,16
2024-12-06,Jardim e Área Externa,mobile,101,19,9,5
2024-12-06,Jardim e Área Externa,desktop,225,61,29,17
2024-12-06,Organização,mobile,292,56,30,19
2024-12-06,Organização,desktop,133,29,13,9
2024-12-06,Elétrica,mobile,255,64,36,14
2024-12-06,Elétrica,desktop,278,62,36,12
2024-12-06,Hidráulica,mobile,206,48,24,10
2024-12-06,Hidráulica,desktop,256,54,31,14
2024-12-06,Pintura e Acabamento,mobile,241,55,31,19
2024-12-06,Pintura e Acabamento,desktop,237,46,25,19
2024-12-06,Segurança,mobile,115,23,11,4
2024-12-06,Segurança,desktop,154,28,13,3
2024-12-07,Ferramentas,mobile,105,23,11,7
2024-12-07,Ferramentas,desktop,215,48,25,15
2024-12-07,Iluminação,mobile,203,50,23,17
2024-12-07,Iluminação,desktop,90,16,7,4
2024-12-07,Utilidades Domésticas,mobile,150,39,21,18
2024-12-07,Utilidades Domésticas,desktop,102,24,11,8
2024-12-07,Jardim e Área Externa,mobile,234,64,31,19
2024-12-07,Jardim e Área Externa,desktop,264,69,35,24
2024-12-07,Organização,mobile,171,37,20,14
2024-12-07,Organização,desktop,104,27,15,10
2024-12-07,Elétrica,mobile,204,40,23,9
2024-12-07,Elétrica,desktop,110,20,10,3
2024-12-07,Hidráulica,mobile,283,60,28,13
2024-12-07,Hidráulica,desktop,288,71,38,16
2024-12-07,Pintura e Acabamento,mobile,224,49,27,19
2024-12-07,Pintura e Acabamento,desktop,86,23,11,7
2024-12-07,Segurança,mobile,241,49,26,9
2024-12-07,Segurança,desktop,103,27,12,4
2024-12-08,Ferramentas,mobile,167,41,22,11
2024-12-08,Ferramentas,desktop,140,34,20,12
2024-12-08,Iluminação,mobile,101,22,13,10
2024-12-08,Iluminação,desktop,276,51,29,23
2024-12-08,Utilidades Domésticas,mobile,113,22,10,8
2024-12-08,Utilidades Domésticas,desktop,84,22,13,9
2024-12-08,Jardim e Área Externa,mobile,238,45,21,11
2024-12-08,Jardim e Área Externa,desktop,269,69,38,24
2024-12-08,Organização,mobile,221,46,25,17
2024-12-08,Organização,desktop,201,48,22,15
2024-12-08,Elétrica,mobile,212,55,31,11
2024-12-08,Elétrica,desktop,115,22,10,3
2024-12-08,Hidráulica,mobile,179,38,21,8
2024-12-08,Hidráulica,desktop,297,73,33,12
2024-12-08,Pintura e Acabamento,mobile,87,18,9,6
2024-12-08,Pintura e Acabamento,desktop,81,16,7,5
2024-12-08,Segurança,mobile,186,40,18,4
2024-12-08,Segurança,desktop,181,42,24,7
2024-12-09,Ferramentas,mobile,80,14,6,4
2024-12-09,Ferramentas,desktop,299,81,41,21
2024-12-09,Iluminação,mobile,174,47,28,21
2024-12-09,Iluminação,desktop,280,74,39,30
2024-12-09,Utilidades Domésticas,mobile,147,32,15,11
2024-12-09,Utilidades Domésticas,desktop,280,65,38,26
2024-12-09,Jardim e Área Externa,mobile,271,63,32,21
2024-12-09,Jardim e Área Externa,desktop,106,24,11,7
2024-12-09,Organização,mobile,229,44,26,15
2024-12-09,Organização,desktop,126,29,16,11
2024-12-09,Elétrica,mobile,110,26,14,4
2024-12-09,Elétrica,desktop,277,76,38,14
2024-12-09,Hidráulica,mobile,202,38,22,10
2024-12-09,Hidráulica,desktop,178,38,19,9
2024-12-09,Pintura e Acabamento,mobile,161,39,18,11
2024-12-09,Pintura e Acabamento,desktop,164,41,22,16
2024-12-09,Segurança,mobile,298,77,40,14
2024-12-09,Segurança,desktop,156,30,15,4
2024-12-10,Ferramentas,mobile,115,21,10,5
2024-12-10,Ferramentas,desktop,81,20,9,5
2024-12-10,Iluminação,mobile,114,31,18,11
2024-12-10,Iluminação,desktop,176,37,20,15
2024-12-10,Utilidades Domésticas,mobile,220,58,27,20
2024-12-10,Utilidades Domésticas,desktop,232,55,29,24
2024-12-10,Jardim e Área Externa,mobile,238,49,24,15
2024-12-10,Jardim e Área Externa,desktop,211,54,25,15
2024-12-10,Organização,mobile,182,35,15,12
2024-12-10,Organização,desktop,198,51,24,14
2024-12-10,Elétrica,mobile,115,26,15,5
2024-12-10,Elétrica,desktop,265,50,22,7
2024-12-10,Hidráulica,mobile,186,38,22,10
2024-12-10,Hidráulica,desktop,83,20,9,3
2024-12-10,Pintura e Acabamento,mobile,161,38,17,13
2024-12-10,Pintura e Acabamento,desktop,154,34,17,12
2024-12-10,Segurança,mobile,266,67,32,11
2024-12-10,Segurança,desktop,164,37,21,6
2024-12-11,Ferramentas,mobile,235,59,32,21
2024-12-11,Ferramentas,desktop,126,27,13,7
2024-12-11,Iluminação,mobile,125,25,11,7
2024-12-11,Iluminação,desktop,149,28,16,12
2024-12-11,Utilidades Domésticas,mobile,224,61,35,24
2024-12-11,Utilidades Domésticas,desktop,142,36,17,12
2024-12-11,Jardim e Área Externa,mobile,131,28,12,7
2024-12-11,Jardim e Área Externa,desktop,121,24,13,8
2024-12-11,Organização,mobile,137,28,13,10
2024-12-11,Organização,desktop,160,43,21,16
2024-12-11,Elétrica,mobile,213,39,18,6
2024-12-11,Elétrica,desktop,270,61,30,12
2024-12-11,Hidráulica,mobile,124,24,13,5
2024-12-11,Hidráulica,desktop,239,59,31,14
2024-12-11,Pintura e Acabamento,mobile,163,33,18,13
2024-12-11,Pintura e Acabamento,desktop,285,68,34,20
2024-12-11,Segurança,mobile,193,45,23,7
2024-12-11,Segurança,desktop,264,66,32,9
2024-12-12,Ferramentas,mobile,289,68,34,21
2024-12-12,Ferramentas,desktop,288,64,35,19
2024-12-12,Iluminação,mobile,92,24,11,7
2024-12-12,Iluminação,desktop,275,60,29,20
2024-12-12,Utilidades Domésticas,mobile,133,36,20,16
2024-12-12,Utilidades Domésticas,desktop,154,42,23,19
2024-12-12,Jardim e Área Externa,mobile,156,31,18,12
2024-12-12,Jardim e Área Externa,desktop,196,52,28,19
2024-12-12,Organização,mobile,192,43,25,19
2024-12-12,Organização,desktop,281,71,37,29
2024-12-12,Elétrica,mobile,181,35,20,7
2024-12-12,Elétrica,desktop,254,69,35,14
2024-12-12,Hidráulica,mobile,284,74,36,15
2024-12-12,Hidráulica,desktop,122,29,17,7
2024-12-12,Pintura e Acabamento,mobile,88,22,10,6
2024-12-12,Pintura e Acabamento,desktop,136,29,14,9
2024-12-12,Segurança,mobile,183,46,24,7
2024-12-12,Segurança,desktop,250,45,22,6
2024-12-13,Ferramentas,mobile,130,35,16,8
2024-12-13,Ferramentas,desktop,142,31,15,8
2024-12-13,Iluminação,mobile,259,66,39,29
2024-12-13,Iluminação,desktop,261,53,23,15
2024-12-13,Utilidades Domésticas,mobile,201,48,26,18
2024-12-13,Utilidades Domésticas,desktop,295,59,26,21
2024-12-13,Jardim e Área Externa,mobile,110,29,15,10
2024-12-13,Jardim e Área Externa,desktop,249,67,35,23
2024-12-13,Organização,mobile,113,26,14,8
2024-12-13,Organização,desktop,94,20,11,8
2024-12-13,Elétrica,mobile,282,54,31,11
2024-12-13,Elétrica,desktop,292,75,42,15
2024-12-13,Hidráulica,mobile,299,67,34,16
2024-12-13,Hidráulica,desktop,277,60,28,10
2024-12-13,Pintura e Acabamento,mobile,259,67,35,25
2024-12-13,Pintura e Acabamento,desktop,139,28,16,9
2024-12-13,Segurança,mobile,178,34,16,5
2024-12-13,Segurança,desktop,268,50,27,9
2024-12-14,Ferramentas,mobile,221,49,22,12
2024-12-14,Ferramentas,desktop,83,20,9,5
2024-12-14,Iluminação,mobile,291,74,42,27
2024-12-14,Iluminação,desktop,219,49,23,16
2024-12-14,Utilidades Domésticas,mobile,289,74,44,36
2024-12-14,Utilidades Domésticas,desktop,97,21,10,7
2024-12-14,Jardim e Área Externa,mobile,156,31,14,8
2024-12-14,Jardim e Área Externa,desktop,89,19,8,4
2024-12-14,Organização,mobile,87,21,11,8
2024-12-14,Organização,desktop,248,46,25,18
2024-12-14,Elétrica,mobile,119,30,16,6
2024-12-14,Elétrica,desktop,248,50,23,8
2024-12-14,Hidráulica,mobile,86,16,7,2
2024-12-14,Hidráulica,desktop,146,30,15,5
2024-12-14,Pintura e Acabamento,mobile,227,46,21,12
2024-12-14,Pintura e Acabamento,desktop,174,46,22,15
2024-12-14,Segurança,mobile,171,36,19,6
2024-12-14,Segurança,desktop,88,20,10,3
2024-12-15,Ferramentas,mobile,106,24,13,8
2024-12-15,Ferramentas,desktop,85,18,9,5
2024-12-15,Iluminação,mobile,109,20,9,5
2024-12-15,Iluminação,desktop,230,51,26,16
2024-12-15,Utilidades Domésticas,mobile,140,36,19,12
2024-12-15,Utilidades Domésticas,desktop,90,18,8,5
2024-12-15,Jardim e Área Externa,mobile,176,39,18,11
2024-12-15,Jardim e Área Externa,desktop,164,43,19,11
2024-12-15,Organização,mobile,210,38,21,13
2024-12-15,Organização,desktop,161,37,19,15
2024-12-15,Elétrica,mobile,246,60,32,12
2024-12-15,Elétrica,desktop,101,22,10,3
2024-12-15,Hidráulica,mobile,252,66,34,14
2024-12-15,Hidráulica,desktop,93,21,10,3
2024-12-15,Pintura e Acabamento,mobile,104,19,10,6
2024-12-15,Pintura e Acabamento,desktop,132,31,18,12
2024-12-15,Segurança,mobile,175,39,19,5
2024-12-15,Segurança,desktop,224,48,24,7
2024-12-16,Ferramentas,mobile,289,76,38,20
2024-12-16,Ferramentas,desktop,230,45,20,13
2024-12-16,Iluminação,mobile,266,54,30,23
2024-12-16,Iluminação,desktop,289,56,29,20
2024-12-16,Utilidades Domésticas,mobile,104,19,10,8
2024-12-16,Utilidades Domésticas,desktop,289,53,24,19
2024-12-16,Jardim e Área Externa,mobile,223,55,31,21
2024-12-16,Jardim e Área Externa,desktop,217,53,28,17
2024-12-16,Organização,mobile,156,35,18,11
2024-12-16,Organização,desktop,255,49,22,18
2024-12-16,Elétrica,mobile,240,61,33,13
2024-12-16,Elétrica,desktop,114,26,13,5
2024-12-16,Hidráulica,mobile,94,18,8,3
2024-12-16,Hidráulica,desktop,82,20,11,5
2024-12-16,Pintura e Acabamento,mobile,244,65,32,19
2024-12-16,Pintura e Acabamento,desktop,275,51,24,14
2024-12-16,Segurança,mobile,215,49,24,8
2024-12-16,Segurança,desktop,294,65,32,9
2024-12-17,Ferramentas,mobile,156,42,20,11
2024-12-17,Ferramentas,desktop,105,28,12,6
2024-12-17,Iluminação,mobile,80,19,10,7
2024-12-17,Iluminação,desktop,281,57,26,17
2024-12-17,Utilidades Domésticas,mobile,153,29,14,10
2024-12-17,Utilidades Domésticas,desktop,118,24,11,7
2024-12-17,Jardim e Área Externa,mobile,166,40,18,12
2024-12-17,Jardim e Área Externa,desktop,254,46,21,13
2024-12-17,Organização,mobile,275,56,27,16
2024-12-17,Organização,desktop,83,21,12,9
2024-12-17,Elétrica,mobile,223,48,26,11
2024-12-17,Elétrica,desktop,276,72,40,16
2024-12-17,Hidráulica,mobile,93,25,11,4
2024-12-17,Hidráulica,desktop,98,25,12,4
2024-12-17,Pintura e Acabamento,mobile,137,28,13,9
2024-12-17,Pintura e Acabamento,desktop,259,48,26,15
2024-12-17,Segurança,mobile,270,57,30,8
2024-12-17,Segurança,desktop,199,47,22,7
2024-12-18,Ferramentas,mobile,240,52,29,14
2024-12-18,Ferramentas,desktop,296,68,33,21
2024-12-18,Iluminação,mobile,230,62,34,25
2024-12-18,Iluminação,desktop,211,49,28,17
2024-12-18,Utilidades Domésticas,mobile,183,45,25,19
2024-12-18,Utilidades Domésticas,desktop,160,38,19,12
2024-12-18,Jardim e Área Externa,mobile,156,39,18,12
2024-12-18,Jardim e Área Externa,desktop,196,48,24,14
2024-12-18,Organização,mobile,296,76,41,25
2024-12-18,Organização,desktop,212,52,23,17
2024-12-18,Elétrica,mobile,156,35,18,7
2024-12-18,Elétrica,desktop,81,19,11,3
2024-12-18,Hidráulica,mobile,185,41,21,9
2024-12-18,Hidráulica,desktop,176,37,21,8
2024-12-18,Pintura e Acabamento,mobile,226,44,25,14
2024-12-18,Pintura e Acabamento,desktop,233,50,24,16
2024-12-18,Segurança,mobile,273,49,24,7
2024-12-18,Segurança,desktop,203,54,27,9
2024-12-19,Ferramentas,mobile,165,32,15,9
2024-12-19,Ferramentas,desktop,140,35,19,12
2024-12-19,Iluminação,mobile,267,66,37,23
2024-12-19,Iluminação,desktop,198,50,29,19
2024-12-19,Utilidades Domésticas,mobile,128,35,17,14
2024-12-19,Utilidades Domésticas,desktop,154,36,19,15
2024-12-19,Jardim e Área Externa,mobile,201,44,23,13
2024-12-19,Jardim e Área Externa,desktop,223,59,27,19
2024-12-19,Organização,mobile,108,24,14,9
2024-12-19,Organização,desktop,116,28,15,11
2024-12-19,Elétrica,mobile,92,22,12,4
2024-12-19,Elétrica,desktop,299,61,31,12
2024-12-19,Hidráulica,mobile,115,27,16,6
2024-12-19,Hidráulica,desktop,135,36,19,9
2024-12-19,Pintura e Acabamento,mobile,200,42,22,14
2024-12-19,Pintura e Acabamento,desktop,115,21,9,5
2024-12-19,Segurança,mobile,270,63,35,12
2024-12-19,Segurança,desktop,232,45,24,6
2024-12-20,Ferramentas,mobile,190,44,25,14
2024-12-20,Ferramentas,desktop,209,53,24,16
2024-12-20,Iluminação,mobile,176,45,23,14
2024-12-20,Iluminação,desktop,172,45,24,17
2024-12-20,Utilidades Domésticas,mobile,235,44,23,15
2024-12-20,Utilidades Domésticas,desktop,169,39,17,12
2024-12-20,Jardim e Área Externa,mobile,172,31,16,9
2024-12-20,Jardim e Área Externa,desktop,271,73,36,25
2024-12-20,Organização,mobile,139,29,14,9
2024-12-20,Organização,desktop,149,32,17,11
2024-12-20,Elétrica,mobile,277,67,32,13
2024-12-20,Elétrica,desktop,104,23,13,5
2024-12-20,Hidráulica,mobile,130,35,17,7
2024-12-20,Hidráulica,desktop,153,29,14,6
2024-12-20,Pintura e Acabamento,mobile,261,47,26,19
2024-12-20,Pintura e Acabamento,desktop,285,63,29,20
2024-12-20,Segurança,mobile,224,50,26,7
2024-12-20,Segurança,desktop,208,54,29,10
2024-12-21,Ferramentas,mobile,258,62,33,19
2024-12-21,Ferramentas,desktop,111,26,12,7
2024-12-21,Iluminação,mobile,209,42,23,14
2024-12-21,Iluminação,desktop,203,55,29,19
2024-12-21,Utilidades Domésticas,mobile,107,23,12,9
2024-12-21,Utilidades Domésticas,desktop,159,40,21,17
2024-12-21,Jardim e Área Externa,mobile,221,58,30,16
2024-12-21,Jardim e Área Externa,desktop,231,51,28,18
2024-12-21,Organização,mobile,102,26,12,9
2024-12-21,Organização,desktop,284,67,38,30
2024-12-21,Elétrica,mobile,176,33,18,7
2024-12-21,Elétrica,desktop,273,68,40,17
2024-12-21,Hidráulica,mobile,244,56,29,10
2024-12-21,Hidráulica,desktop,249,57,29,11
2024-12-21,Pintura e Acabamento,mobile,293,69,40,25
2024-12-21,Pintura e Acabamento,desktop,263,52,29,17
2024-12-21,Segurança,mobile,86,20,11,3
2024-12-21,Segurança,desktop,187,47,26,8
2024-12-22,Ferramentas,mobile,195,43,22,13
2024-12-22,Ferramentas,desktop,210,54,32,17
2024-12-22,Iluminação,mobile,219,44,19,13
2024-12-22,Iluminação,desktop,153,31,15,11
2024-12-22,Utilidades Domésticas,mobile,90,22,12,7
2024-12-22,Utilidades Domésticas,desktop,100,27,15,10
2024-12-22,Jardim e Área Externa,mobile,293,77,36,21
2024-12-22,Jardim e Área Externa,desktop,119,32,16,9
2024-12-22,Organização,mobile,259,50,28,21
2024-12-22,Organização,desktop,260,70,34,21
2024-12-22,Elétrica,mobile,83,21,11,4
2024-12-22,Elétrica,desktop,248,68,38,16
2024-12-22,Hidráulica,mobile,245,64,29,11
2024-12-22,Hidráulica,desktop,160,32,15,7
2024-12-22,Pintura e Acabamento,mobile,123,27,12,8
2024-12-22,Pintura e Acabamento,desktop,223,42,21,14
2024-12-22,Segurança,mobile,192,43,23,7
2024-12-22,Segurança,desktop,180,46,20,7
2024-12-23,Ferramentas,mobile,227,44,25,13
2024-12-23,Ferramentas,desktop,264,53,26,13
2024-12-23,Iluminação,mobile,189,42,24,16
2024-12-23,Iluminação,desktop,140,25,12,9
2024-12-23,Utilidades Domésticas,mobile,241,64,37,29
2024-12-23,Utilidades Domésticas,desktop,253,68,31,24
2024-12-23,Jardim e Área Externa,mobile,182,47,22,14
2024-12-23,Jardim e Área Externa,desktop,273,56,30,17
2024-12-23,Organização,mobile,106,29,14,11
2024-12-23,Organização,desktop,238,47,24,16
2024-12-23,Elétrica,mobile,123,25,13,4
2024-12-23,Elétrica,desktop,265,72,42,17
2024-12-23,Hidráulica,mobile,107,19,9,3
2024-12-23,Hidráulica,desktop,298,76,35,17
2024-12-23,Pintura e Acabamento,mobile,245,49,23,14
2024-12-23,Pintura e Acabamento,desktop,155,31,18,13
2024-12-23,Segurança,mobile,198,53,30,9
2024-12-23,Segurança,desktop,89,19,9,2
2024-12-24,Ferramentas,mobile,218,54,24,16
2024-12-24,Ferramentas,desktop,194,43,25,16
2024-12-24,Iluminação,mobile,227,51,23,14
2024-12-24,Iluminação,desktop,242,62,34,20
2024-12-24,Utilidades Domésticas,mobile,240,44,25,21
2024-12-24,Utilidades Domésticas,desktop,127,31,14,12
2024-12-24,Jardim e Área Externa,mobile,232,59,33,19
2024-12-24,Jardim e Área Externa,desktop,188,43,22,14
2024-12-24,Organização,mobile,218,51,24,17
2024-12-24,Organização,desktop,102,27,14,8
2024-12-24,Elétrica,mobile,254,48,23,9
2024-12-24,Elétrica,desktop,160,29,16,5
2024-12-24,Hidráulica,mobile,281,60,33,15
2024-12-24,Hidráulica,desktop,152,34,17,8
2024-12-24,Pintura e Acabamento,mobile,276,61,31,22
2024-12-24,Pintura e Acabamento,desktop,190,43,19,12
2024-12-24,Segurança,mobile,143,32,17,5
2024-12-24,Segurança,desktop,251,45,21,7
2024-12-25,Ferramentas,mobile,140,25,12,8
2024-12-25,Ferramentas,desktop,213,56,33,17
2024-12-25,Iluminação,mobile,123,32,15,9
2024-12-25,Iluminação,desktop,286,74,35,21
2024-12-25,Utilidades Domésticas,mobile,272,62,30,22
2024-12-25,Utilidades Domésticas,desktop,273,65,31,24
2024-12-25,Jardim e Área Externa,mobile,144,32,15,8
2024-12-25,Jardim e Área Externa,desktop,119,27,13,7
2024-12-25,Organização,mobile,110,25,12,8
2024-12-25,Organização,desktop,109,30,15,10
2024-12-25,Elétrica,mobile,234,46,25,9
2024-12-25,Elétrica,desktop,174,39,22,8
2024-12-25,Hidráulica,mobile,226,49,23,9
2024-12-25,Hidráulica,desktop,270,65,37,14
2024-12-25,Pintura e Acabamento,mobile,106,29,14,9
2024-12-25,Pintura e Acabamento,desktop,94,17,7,4
2024-12-25,Segurança,mobile,134,36,21,6
2024-12-25,Segurança,desktop,245,57,30,9
2024-12-26,Ferramentas,mobile,142,32,18,10
2024-12-26,Ferramentas,desktop,235,51,23,13
2024-12-26,Iluminação,mobile,141,27,13,8
2024-12-26,Iluminação,desktop,101,22,11,6
2024-12-26,Utilidades Domésticas,mobile,119,25,14,9
2024-12-26,Utilidades Domésticas,desktop,110,23,11,8
2024-12-26,Jardim e Área Externa,mobile,295,70,34,19
2024-12-26,Jardim e Área Externa,desktop,284,56,30,18
2024-12-26,Organização,mobile,151,40,19,13
2024-12-26,Organização,desktop,223,57,32,25
2024-12-26,Elétrica,mobile,251,56,28,11
2024-12-26,Elétrica,desktop,272,54,29,10
2024-12-26,Hidráulica,mobile,208,53,28,12
2024-12-26,Hidráulica,desktop,143,27,12,5
2024-12-26,Pintura e Acabamento,mobile,260,52,27,20
2024-12-26,Pintura e Acabamento,desktop,139,26,11,6
2024-12-26,Segurança,mobile,282,62,33,10
2024-12-26,Segurança,desktop,95,21,10,3
2024-12-27,Ferramentas,mobile,190,49,26,16
2024-12-27,Ferramentas,desktop,127,29,15,9
2024-12-27,Iluminação,mobile,96,26,14,8
2024-12-27,Iluminação,desktop,293,73,41,26
2024-12-27,Utilidades Domésticas,mobile,122,28,15,10
2024-12-27,Utilidades Domésticas,desktop,206,40,19,12
2024-12-27,Jardim e Área Externa,mobile,122,23,10,5
2024-12-27,Jardim e Área Externa,desktop,169,41,24,16
2024-12-27,Organização,mobile,86,20,10,6
2024-12-27,Organização,desktop,244,63,32,20
2024-12-27,Elétrica,mobile,111,30,16,6
2024-12-27,Elétrica,desktop,241,47,22,7
2024-12-27,Hidráulica,mobile,92,21,12,5
2024-12-27,Hidráulica,desktop,281,52,29,13
2024-12-27,Pintura e Acabamento,mobile,176,47,24,16
2024-12-27,Pintura e Acabamento,desktop,271,54,27,15
2024-12-27,Segurança,mobile,293,57,26,7
2024-12-27,Segurança,desktop,201,49,27,8
2024-12-28,Ferramentas,mobile,190,36,19,10
2024-12-28,Ferramentas,desktop,167,33,17,10
2024-12-28,Iluminação,mobile,105,21,12,8
2024-12-28,Iluminação,desktop,88,20,11,7
2024-12-28,Utilidades Domésticas,mobile,252,55,25,20
2024-12-28,Utilidades Domésticas,desktop,147,40,21,17
2024-12-28,Jardim e Área Externa,mobile,150,39,19,12
2024-12-28,Jardim e Área Externa,desktop,277,57,33,18
2024-12-28,Organização,mobile,192,35,20,15
2024-12-28,Organização,desktop,241,47,23,18
2024-12-28,Elétrica,mobile,229,53,28,11
2024-12-28,Elétrica,desktop,114,27,13,5
2024-12-28,Hidráulica,mobile,137,26,12,4
2024-12-28,Hidráulica,desktop,197,54,31,13
2024-12-28,Pintura e Acabamento,mobile,121,24,12,7
2024-12-28,Pintura e Acabamento,desktop,146,33,16,10
2024-12-28,Segurança,mobile,154,38,18,6
2024-12-28,Segurança,desktop,142,32,16,5
2024-12-29,Ferramentas,mobile,209,52,23,15
2024-12-29,Ferramentas,desktop,152,38,22,12
2024-12-29,Iluminação,mobile,226,45,21,12
2024-12-29,Iluminação,desktop,135,31,15,10
2024-12-29,Utilidades Domésticas,mobile,235,56,25,20
2024-12-29,Utilidades Domésticas,desktop,272,75,37,30
2024-12-29,Jardim e Área Externa,mobile,286,67,33,23
2024-12-29,Jardim e Área Externa,desktop,249,59,32,17
2024-12-29,Organização,mobile,187,47,23,16
2024-12-29,Organização,desktop,145,26,14,10
2024-12-29,Elétrica,mobile,143,29,14,5
2024-12-29,Elétrica,desktop,101,24,11,3
2024-12-29,Hidráulica,mobile,116,24,13,5
2024-12-29,Hidráulica,desktop,185,50,28,13
2024-12-29,Pintura e Acabamento,mobile,294,53,29,20
2024-12-29,Pintura e Acabamento,desktop,165,38,22,16
2024-12-29,Segurança,mobile,221,46,26,8
2024-12-29,Segurança,desktop,91,16,7,2
2024-12-30,Ferramentas,mobile,156,30,15,9
2024-12-30,Ferramentas,desktop,201,37,20,12
2024-12-30,Iluminação,mobile,110,24,12,7
2024-12-30,Iluminação,desktop,281,52,30,18
2024-12-30,Utilidades Domésticas,mobile,130,36,19,13
2024-12-30,Utilidades Domésticas,desktop,104,20,10,6
2024-12-30,Jardim e Área Externa,mobile,113,24,12,8
2024-12-30,Jardim e Área Externa,desktop,177,41,19,11
2024-12-30,Organização,mobile,260,53,25,19
2024-12-30,Organização,desktop,82,18,8,5
2024-12-30,Elétrica,mobile,283,53,25,10
2024-12-30,Elétrica,desktop,113,27,12,4
2024-12-30,Hidráulica,mobile,223,51,27,10
2024-12-30,Hidráulica,desktop,152,34,17,6
2024-12-30,Pintura e Acabamento,mobile,96,20,10,7
2024-12-30,Pintura e Acabamento,desktop,104,18,10,7
2024-12-30,Segurança,mobile,151,41,22,7
2024-12-30,Segurança,desktop,285,69,37,12
2024-12-31,Ferramentas,mobile,189,48,23,13
2024-12-31,Ferramentas,desktop,116,24,12,8
2024-12-31,Iluminação,mobile,127,25,14,10
2024-12-31,Iluminação,desktop,118,30,14,9
2024-12-31,Utilidades Domésticas,mobile,265,63,34,21
2024-12-31,Utilidades Domésticas,desktop,88,17,8,6
2024-12-31,Jardim e Área Externa,mobile,223,55,26,15
2024-12-31,Jardim e Área Externa,desktop,161,31,18,9
2024-12-31,Organização,mobile,80,17,8,5
2024-12-31,Organização,desktop,112,20,9,6
2024-12-31,Elétrica,mobile,175,41,21,7
2024-12-31,Elétrica,desktop,251,59,33,12
2024-12-31,Hidráulica,mobile,101,19,9,3
2024-12-31,Hidráulica,desktop,184,37,20,8
2024-12-31,Pintura e Acabamento,mobile,289,74,36,25
2024-12-31,Pintura e Acabamento,desktop,240,49,26,19
2024-12-31,Segurança,mobile,291,59,31,9
2024-12-31,Segurança,desktop,125,29,15,4
2025-01-01,Ferramentas,mobile,207,56,29,19
2025-01-01,Ferramentas,desktop,184,48,22,14
2025-01-01,Iluminação,mobile,141,26,15,11
2025-01-01,Iluminação,desktop,228,47,24,14
2025-01-01,Utilidades Domésticas,mobile,123,27,14,9
2025-01-01,Utilidades Domésticas,desktop,228,48,22,17
2025-01-01,Jardim e Área Externa,mobile,233,62,30,20
2025-01-01,Jardim e Área Externa,desktop,229,60,32,20
2025-01-01,Organização,mobile,221,48,23,18
2025-01-01,Organização,desktop,84,16,9,6
2025-01-01,Elétrica,mobile,174,37,17,7
2025-01-01,Elétrica,desktop,202,55,28,10
2025-01-01,Hidráulica,mobile,254,61,28,13
2025-01-01,Hidráulica,desktop,138,33,15,6
2025-01-01,Pintura e Acabamento,mobile,85,19,8,4
2025-01-01,Pintura e Acabamento,desktop,227,42,22,13
2025-01-01,Segurança,mobile,265,70,40,11
2025-01-01,Segurança,desktop,272,65,36,12
2025-01-02,Ferramentas,mobile,125,25,12,6
2025-01-02,Ferramentas,desktop,296,74,38,20
2025-01-02,Iluminação,mobile,221,53,25,16
2025-01-02,Iluminação,desktop,240,44,23,16
2025-01-02,Utilidades Domésticas,mobile,145,29,16,13
2025-01-02,Utilidades Domésticas,desktop,184,44,26,21
2025-01-02,Jardim e Área Externa,mobile,196,36,17,12
2025-01-02,Jardim e Área Externa,desktop,149,33,17,9
2025-01-02,Organização,mobile,268,70,35,27
2025-01-02,Organização,desktop,177,39,17,11
2025-01-02,Elétrica,mobile,279,76,36,14
2025-01-02,Elétrica,desktop,89,16,8,2
2025-01-02,Hidráulica,mobile,230,61,32,15
2025-01-02,Hidráulica,desktop,111,29,15,5
2025-01-02,Pintura e Acabamento,mobile,95,18,8,4
2025-01-02,Pintura e Acabamento,desktop,280,75,35,26
2025-01-02,Segurança,mobile,278,61,28,10
2025-01-02,Segurança,desktop,84,19,10,3
2025-01-03,Ferramentas,mobile,148,40,23,13
2025-01-03,Ferramentas,desktop,157,36,16,9
2025-01-03,Iluminação,mobile,99,17,8,5
2025-01-03,Iluminação,desktop,112,24,13,9
2025-01-03,Utilidades Domésticas,mobile,289,70,40,27
2025-01-03,Utilidades Domésticas,desktop,96,22,11,9
2025-01-03,Jardim e Área Externa,mobile,87,20,11,7
2025-01-03,Jardim e Área Externa,desktop,152,31,15,10
2025-01-03,Organização,mobile,271,64,30,22
2025-01-03,Organização,desktop,263,50,24,15
2025-01-03,Elétrica,mobile,265,72,36,15
2025-01-03,Elétrica,desktop,268,67,32,13
2025-01-03,Hidráulica,mobile,271,72,41,16
2025-01-03,Hidráulica,desktop,201,48,28,13
2025-01-03,Pintura e Acabamento,mobile,161,35,19,12
2025-01-03,Pintura e Acabamento,desktop,273,68,31,18
2025-01-03,Segurança,mobile,222,55,30,9
2025-01-03,Segurança,desktop,145,37,20,6
2025-01-04,Ferramentas,mobile,161,29,16,10
2025-01-04,Ferramentas,desktop,148,30,14,8
2025-01-04,Iluminação,mobile,196,52,30,22
2025-01-04,Iluminação,desktop,253,45,23,15
2025-01-04,Utilidades Domésticas,mobile,151,34,18,11
2025-01-04,Utilidades Domésticas,desktop,218,43,23,16
2025-01-04,Jardim e Área Externa,mobile,123,31,14,9
2025-01-04,Jardim e Área Externa,desktop,201,41,19,11
2025-01-04,Organização,mobile,196,39,22,16
2025-01-04,Organização,desktop,149,31,15,10
2025-01-04,Elétrica,mobile,204,37,18,6
2025-01-04,Elétrica,desktop,162,38,18,7
2025-01-04,Hidráulica,mobile,299,71,42,16
2025-01-04,Hidráulica,desktop,128,27,13,5
2025-01-04,Pintura e Acabamento,mobile,119,26,12,9
2025-01-04,Pintura e Acabamento,desktop,139,32,18,12
2025-01-04,Segurança,mobile,260,71,32,11
2025-01-04,Segurança,desktop,86,21,9,3
2025-01-05,Ferramentas,mobile,250,47,25,12
2025-01-05,Ferramentas,desktop,135,33,14,8
2025-01-05,Iluminação,mobile,177,47,27,20
2025-01-05,Iluminação,desktop,252,52,26,17
2025-01-05,Utilidades Domésticas,mobile,153,31,15,11
2025-01-05,Utilidades Domésticas,desktop,274,60,34,21
2025-01-05,Jardim e Área Externa,mobile,170,40,20,11
2025-01-05,Jardim e Área Externa,desktop,114,25,12,8
2025-01-05,Organização,mobile,155,43,23,18
2025-01-05,Organização,desktop,232,54,29,19
2025-01-05,Elétrica,mobile,276,64,36,13
2025-01-05,Elétrica,desktop,108,27,15,5
2025-01-05,Hidráulica,mobile,176,39,18,7
2025-01-05,Hidráulica,desktop,185,49,22,10
2025-01-05,Pintura e Acabamento,mobile,191,42,21,16
2025-01-05,Pintura e Acabamento,desktop,155,30,14,8
2025-01-05,Segurança,mobile,289,61,32,11
2025-01-05,Segurança,desktop,227,43,24,8
2025-01-06,Ferramentas,mobile,255,60,33,18
2025-01-06,Ferramentas,desktop,133,28,14,7
2025-01-06,Iluminação,mobile,127,26,11,6
2025-01-06,Iluminação,desktop,267,72,37,29
2025-01-06,Utilidades Domésticas,mobile,173,41,21,15
2025-01-06,Utilidades Domésticas,desktop,93,18,8,6
2025-01-06,Jardim e Área Externa,mobile,285,78,45,28
2025-01-06,Jardim e Área Externa,desktop,155,35,19,13
2025-01-06,Organização,mobile,175,42,22,14
2025-01-06,Organização,desktop,206,42,19,11
2025-01-06,Elétrica,mobile,230,49,24,9
2025-01-06,Elétrica,desktop,191,42,21,7
2025-01-06,Hidráulica,mobile,142,26,15,6
2025-01-06,Hidráulica,desktop,113,28,14,5
2025-01-06,Pintura e Acabamento,mobile,223,58,31,21
2025-01-06,Pintura e Acabamento,desktop,271,66,32,21
2025-01-06,Segurança,mobile,253,62,36,10
2025-01-06,Segurança,desktop,289,56,27,8
2025-01-07,Ferramentas,mobile,223,43,20,10
2025-01-07,Ferramentas,desktop,282,53,26,16
2025-01-07,Iluminação,mobile,277,59,28,16
2025-01-07,Iluminação,desktop,164,34,18,12
2025-01-07,Utilidades Domésticas,mobile,224,55,28,22
2025-01-07,Utilidades Domésticas,desktop,226,50,29,20
2025-01-07,Jardim e Área Externa,mobile,97,19,9,5
2025-01-07,Jardim e Área Externa,desktop,134,30,17,12
2025-01-07,Organização,mobile,298,72,40,24
2025-01-07,Organização,desktop,159,39,19,15
2025-01-07,Elétrica,mobile,292,72,35,14
2025-01-07,Elétrica,desktop,173,32,18,5
2025-01-07,Hidráulica,mobile,282,68,38,17
2025-01-07,Hidráulica,desktop,251,46,22,9
2025-01-07,Pintura e Acabamento,mobile,175,40,21,12
2025-01-07,Pintura e Acabamento,desktop,118,25,12,7
2025-01-07,Segurança,mobile,273,67,37,13
2025-01-07,Segurança,desktop,122,33,19,6
2025-01-08,Ferramentas,mobile,132,25,11,6
2025-01-08,Ferramentas,desktop,141,35,17,11
2025-01-08,Iluminação,mobile,230,51,30,17
2025-01-08,Iluminação,desktop,110,25,13,9
2025-01-08,Utilidades Domésticas,mobile,215,54,27,20
2025-01-08,Utilidades Domésticas,desktop,215,42,23,15
2025-01-08,Jardim e Área Externa,mobile,247,57,30,19
2025-01-08,Jardim e Área Externa,desktop,219,39,17,10
2025-01-08,Organização,mobile,176,39,19,13
2025-01-08,Organização,desktop,232,48,28,22
2025-01-08,Elétrica,mobile,137,34,16,6
2025-01-08,Elétrica,desktop,129,34,16,5
2025-01-08,Hidráulica,mobile,212,52,27,12
2025-01-08,Hidráulica,desktop,89,21,12,4
2025-01-08,Pintura e Acabamento,mobile,117,32,16,11
2025-01-08,Pintura e Acabamento,desktop,193,40,22,15
2025-01-08,Segurança,mobile,238,48,21,7
2025-01-08,Segurança,desktop,102,24,11,3
2025-01-09,Ferramentas,mobile,216,48,28,17
2025-01-09,Ferramentas,desktop,111,21,12,6
2025-01-09,Iluminação,mobile,203,40,21,14
2025-01-09,Iluminação,desktop,274,73,41,32
2025-01-09,Utilidades Domésticas,mobile,166,34,15,10
2025-01-09,Utilidades Domésticas,desktop,211,55,30,23
2025-01-09,Jardim e Área Externa,mobile,256,58,32,18
2025-01-09,Jardim e Área Externa,desktop,268,50,23,12
2025-01-09,Organização,mobile,284,68,40,24
2025-01-09,Organização,desktop,144,31,15,10
2025-01-09,Elétrica,mobile,249,49,26,9
2025-01-09,Elétrica,desktop,149,27,14,6
2025-01-09,Hidráulica,mobile,194,47,24,8
2025-01-09,Hidráulica,desktop,145,32,18,8
2025-01-09,Pintura e Acabamento,mobile,266,52,30,20
2025-01-09,Pintura e Acabamento,desktop,136,35,19,13
2025-01-09,Segurança,mobile,206,47,22,6
2025-01-09,Segurança,desktop,168,40,23,7
2025-01-10,Ferramentas,mobile,290,62,35,23
2025-01-10,Ferramentas,desktop,295,62,29,19
2025-01-10,Iluminação,mobile,162,37,17,12
2025-01-10,Iluminação,desktop,225,47,25,19
2025-01-10,Utilidades Domésticas,mobile,188,37,21,18
2025-01-10,Utilidades Domésticas,desktop,136,30,17,12
2025-01-10,Jardim e Área Externa,mobile,122,31,15,10
2025-01-10,Jardim e Área Externa,desktop,260,70,32,23
2025-01-10,Organização,mobile,229,45,24,17
2025-01-10,Organização,desktop,160,34,15,12
2025-01-10,Elétrica,mobile,217,44,24,8
2025-01-10,Elétrica,desktop,291,81,39,12
2025-01-10,Hidráulica,mobile,211,52,30,12
2025-01-10,Hidráulica,desktop,216,50,29,11
2025-01-10,Pintura e Acabamento,mobile,257,52,26,16
2025-01-10,Pintura e Acabamento,desktop,182,46,21,14
2025-01-10,Segurança,mobile,259,57,30,9
2025-01-10,Segurança,desktop,173,36,21,7
2025-01-11,Ferramentas,mobile,164,43,20,12
2025-01-11,Ferramentas,desktop,227,62,32,21
2025-01-11,Iluminação,mobile,86,19,10,6
2025-01-11,Iluminação,desktop,275,50,29,17
2025-01-11,Utilidades Domésticas,mobile,252,56,31,20
2025-01-11,Utilidades Domésticas,desktop,172,38,17,13
2025-01-11,Jardim e Área Externa,mobile,228,52,25,17
2025-01-11,Jardim e Área Externa,desktop,237,43,22,16
2025-01-11,Organização,mobile,259,54,32,23
2025-01-11,Organização,desktop,203,48,23,15
2025-01-11,Elétrica,mobile,137,35,18,7
2025-01-11,Elétrica,desktop,244,66,35,13
2025-01-11,Hidráulica,mobile,222,52,25,11
2025-01-11,Hidráulica,desktop,89,16,9,4
2025-01-11,Pintura e Acabamento,mobile,94,19,9,5
2025-01-11,Pintura e Acabamento,desktop,162,40,21,16
2025-01-11,Segurança,mobile,229,57,28,8
2025-01-11,Segurança,desktop,190,35,17,5
2025-01-12,Ferramentas,mobile,193,52,23,14
2025-01-12,Ferramentas,desktop,212,47,28,18
2025-01-12,Iluminação,mobile,167,42,21,13
2025-01-12,Iluminação,desktop,223,57,32,20
2025-01-12,Utilidades Domésticas,mobile,84,16,8,5
2025-01-12,Utilidades Domésticas,desktop,292,70,37,31
2025-01-12,Jardim e Área Externa,mobile,130,31,16,9
2025-01-12,Jardim e Área Externa,desktop,169,46,25,17
2025-01-12,Organização,mobile,138,33,16,11
2025-01-12,Organização,desktop,124,27,15,11
2025-01-12,Elétrica,mobile,121,28,13,5
2025-01-12,Elétrica,desktop,265,58,29,10
2025-01-12,Hidráulica,mobile,184,37,19,7
2025-01-12,Hidráulica,desktop,289,65,29,11
2025-01-12,Pintura e Acabamento,mobile,297,69,34,25
2025-01-12,Pintura e Acabamento,desktop,116,31,18,13
2025-01-12,Segurança,mobile,133,24,12,3
2025-01-12,Segurança,desktop,245,55,28,8
2025-01-13,Ferramentas,mobile,165,29,13,8
2025-01-13,Ferramentas,desktop,224,51,24,14
2025-01-13,Iluminação,mobile,138,30,14,9
2025-01-13,Iluminação,desktop,169,35,16,9
2025-01-13,Utilidades Domésticas,mobile,264,63,30,23
2025-01-13,Utilidades Domésticas,desktop,236,51,27,17
2025-01-13,Jardim e Área Externa,mobile,145,35,16,10
2025-01-13,Jardim e Área Externa,desktop,255,47,23,15
2025-01-13,Organização,mobile,248,68,40,27
2025-01-13,Organização,desktop,251,66,30,20
2025-01-13,Elétrica,mobile,271,69,36,14
2025-01-13,Elétrica,desktop,219,43,20,7
2025-01-13,Hidráulica,mobile,94,22,10,4
2025-01-13,Hidráulica,desktop,226,50,26,10
2025-01-13,Pintura e Acabamento,mobile,110,23,11,7
2025-01-13,Pintura e Acabamento,desktop,151,30,14,10
2025-01-13,Segurança,mobile,140,25,12,4
2025-01-13,Segurança,desktop,212,54,26,7
2025-01-14,Ferramentas,mobile,208,39,20,12
2025-01-14,Ferramentas,desktop,263,59,32,18
2025-01-14,Iluminação,mobile,168,37,21,15
2025-01-14,Iluminação,desktop,158,28,15,11
2025-01-14,Utilidades Domésticas,mobile,136,30,17,11
2025-01-14,Utilidades Domésticas,desktop,293,66,30,24
2025-01-14,Jardim e Área Externa,mobile,189,43,21,13
2025-01-14,Jardim e Área Externa,desktop,270,69,33,18
2025-01-14,Organização,mobile,252,45,26,19
2025-01-14,Organização,desktop,92,23,12,9
2025-01-14,Elétrica,mobile,268,56,26,9
2025-01-14,Elétrica,desktop,99,22,11,4
2025-01-14,Hidráulica,mobile,188,49,23,9
2025-01-14,Hidráulica,desktop,172,38,20,9
2025-01-14,Pintura e Acabamento,mobile,253,54,31,18
2025-01-14,Pintura e Acabamento,desktop,114,22,11,7
2025-01-14,Segurança,mobile,257,71,33,12
2025-01-14,Segurança,desktop,215,40,23,8
2025-01-15,Ferramentas,mobile,99,23,13,7
2025-01-15,Ferramentas,desktop,284,54,24,15
2025-01-15,Iluminação,mobile,219,53,28,19
2025-01-15,Iluminação,desktop,221,54,31,18
2025-01-15,Utilidades Domésticas,mobile,297,74,43,30
2025-01-15,Utilidades Domésticas,desktop,277,75,35,30
2025-01-15,Jardim e Área Externa,mobile,279,68,35,21
2025-01-15,Jardim e Área Externa,desktop,223,51,29,20
2025-01-15,Organização,mobile,204,44,24,19
2025-01-15,Organização,desktop,230,52,28,20
2025-01-15,Elétrica,mobile,228,53,26,8
2025-01-15,Elétrica,desktop,142,35,20,7
2025-01-15,Hidráulica,mobile,189,41,24,11
2025-01-15,Hidráulica,desktop,207,47,22,10
2025-01-15,Pintura e Acabamento,mobile,288,57,29,21
2025-01-15,Pintura e Acabamento,desktop,281,62,32,21
2025-01-15,Segurança,mobile,182,37,19,5
2025-01-15,Segurança,desktop,163,43,24,7
2025-01-16,Ferramentas,mobile,196,38,17,9
2025-01-16,Ferramentas,desktop,178,33,19,12
2025-01-16,Iluminação,mobile,120,26,14,10
2025-01-16,Iluminação,desktop,102,23,11,7
2025-01-16,Utilidades Domésticas,mobile,123,27,15,12
2025-01-16,Utilidades Domésticas,desktop,273,51,23,18
2025-01-16,Jardim e Área Externa,mobile,278,57,28,15
2025-01-16,Jardim e Área Externa,desktop,97,23,11,6
2025-01-16,Organização,mobile,206,52,28,17
2025-01-16,Organização,desktop,141,33,15,11
2025-01-16,Elétrica,mobile,192,35,18,6
2025-01-16,Elétrica,desktop,160,31,18,6
2025-01-16,Hidráulica,mobile,230,55,29,11
2025-01-16,Hidráulica,desktop,291,71,40,16
2025-01-16,Pintura e Acabamento,mobile,279,53,29,16
2025-01-16,Pintura e Acabamento,desktop,223,47,21,14
2025-01-16,Segurança,mobile,293,59,34,9
2025-01-16,Segurança,desktop,155,29,14,4
2025-01-17,Ferramentas,mobile,189,42,23,14
2025-01-17,Ferramentas,desktop,217,50,24,13
2025-01-17,Iluminação,mobile,280,67,34,26
2025-01-17,Iluminação,desktop,164,41,20,13
2025-01-17,Utilidades Domésticas,mobile,286,79,37,25
2025-01-17,Utilidades Domésticas,desktop,120,27,14,10
2025-01-17,Jardim e Área Externa,mobile,113,27,14,9
2025-01-17,Jardim e Área Externa,desktop,96,24,13,7
2025-01-17,Organização,mobile,234,59,32,23
2025-01-17,Organização,desktop,107,23,11,7
2025-01-17,Elétrica,mobile,138,25,12,5
2025-01-17,Elétrica,desktop,129,25,13,4
2025-01-17,Hidráulica,mobile,93,22,11,5
2025-01-17,Hidráulica,desktop,214,45,22,8
2025-01-17,Pintura e Acabamento,mobile,170,39,18,11
2025-01-17,Pintura e Acabamento,desktop,226,48,28,18
2025-01-17,Segurança,mobile,208,39,21,7
2025-01-17,Segurança,desktop,119,28,15,4
2025-01-18,Ferramentas,mobile,247,60,33,19
2025-01-18,Ferramentas,desktop,120,27,15,8
2025-01-18,Iluminação,mobile,160,33,16,10
2025-01-18,Iluminação,desktop,121,27,14,8
2025-01-18,Utilidades Domésticas,mobile,275,67,35,29
2025-01-18,Utilidades Domésticas,desktop,236,65,32,21
2025-01-18,Jardim e Área Externa,mobile,218,52,30,16
2025-01-18,Jardim e Área Externa,desktop,80,21,9,5
2025-01-18,Organização,mobile,93,24,13,8
2025-01-18,Organização,desktop,169,43,23,14
2025-01-18,Elétrica,mobile,153,37,16,7
2025-01-18,Elétrica,desktop,225,42,22,7
2025-01-18,Hidráulica,mobile,259,52,28,13
2025-01-18,Hidráulica,desktop,228,42,19,9
2025-01-18,Pintura e Acabamento,mobile,236,54,26,17
2025-01-18,Pintura e Acabamento,desktop,206,42,20,14
2025-01-18,Segurança,mobile,253,57,28,9
2025-01-18,Segurança,desktop,129,32,14,4
2025-01-19,Ferramentas,mobile,257,62,28,19
2025-01-19,Ferramentas,desktop,109,25,11,6
2025-01-19,Iluminação,mobile,251,49,24,14
2025-01-19,Iluminação,desktop,156,31,14,9
2025-01-19,Utilidades Domésticas,mobile,160,31,16,11
2025-01-19,Utilidades Domésticas,desktop,115,26,13,9
2025-01-19,Jardim e Área Externa,mobile,173,45,20,14
2025-01-19,Jardim e Área Externa,desktop,274,49,26,18
2025-01-19,Organização,mobile,287,56,25,16
2025-01-19,Organização,desktop,152,27,14,10
2025-01-19,Elétrica,mobile,191,42,21,6
2025-01-19,Elétrica,desktop,133,29,16,7
2025-01-19,Hidráulica,mobile,295,80,36,17
2025-01-19,Hidráulica,desktop,193,44,26,11
2025-01-19,Pintura e Acabamento,mobile,170,30,16,9
2025-01-19,Pintura e Acabamento,desktop,198,50,27,15
2025-01-19,Segurança,mobile,223,53,24,8
2025-01-19,Segurança,desktop,273,62,29,9
2025-01-20,Ferramentas,mobile,177,46,26,13
2025-01-20,Ferramentas,desktop,223,46,24,15
2025-01-20,Iluminação,mobile,98,25,13,9
2025-01-20,Iluminação,desktop,174,38,17,11
2025-01-20,Utilidades Domésticas,mobile,168,40,18,11
2025-01-20,Utilidades Domésticas,desktop,110,25,11,8
2025-01-20,Jardim e Área Externa,mobile,193,43,22,15
2025-01-20,Jardim e Área Externa,desktop,185,51,25,17
2025-01-20,Organização,mobile,140,37,20,13
2025-01-20,Organização,desktop,95,17,7,4
2025-01-20,Elétrica,mobile,205,51,28,11
2025-01-20,Elétrica,desktop,253,63,29,11
2025-01-20,Hidráulica,mobile,95,17,8,3
2025-01-20,Hidráulica,desktop,235,59,30,14
2025-01-20,Pintura e Acabamento,mobile,212,57,31,19
2025-01-20,Pintura e Acabamento,desktop,200,51,29,19
2025-01-20,Segurança,mobile,189,52,30,11
2025-01-20,Segurança,desktop,226,59,29,9
2025-01-21,Ferramentas,mobile,228,60,34,19
2025-01-21,Ferramentas,desktop,214,38,17,11
2025-01-21,Iluminação,mobile,158,30,17,10
2025-01-21,Iluminação,desktop,82,15,8,5
2025-01-21,Utilidades Domésticas,mobile,178,45,26,22
2025-01-21,Utilidades Domésticas,desktop,209,42,20,16
2025-01-21,Jardim e Área Externa,mobile,228,57,27,15
2025-01-21,Jardim e Área Externa,desktop,142,38,22,12
2025-01-21,Organização,mobile,295,59,32,20
2025-01-21,Organização,desktop,89,22,10,6
2025-01-21,Elétrica,mobile,191,44,20,7
2025-01-21,Elétrica,desktop,127,27,12,4
2025-01-21,Hidráulica,mobile,184,50,26,12
2025-01-21,Hidráulica,desktop,106,26,14,5
2025-01-21,Pintura e Acabamento,mobile,84,22,12,7
2025-01-21,Pintura e Acabamento,desktop,273,54,32,21
2025-01-21,Segurança,mobile,152,29,15,4
2025-01-21,Segurança,desktop,83,15,6,1
2025-01-22,Ferramentas,mobile,204,50,27,18
2025-01-22,Ferramentas,desktop,281,76,34,21
2025-01-22,Iluminação,mobile,143,29,16,11
2025-01-22,Iluminação,desktop,251,59,30,18
2025-01-22,Utilidades Domésticas,mobile,183,35,18,13
2025-01-22,Utilidades Domésticas,desktop,114,20,11,9
2025-01-22,Jardim e Área Externa,mobile,203,55,30,19
2025-01-22,Jardim e Área Externa,desktop,278,73,36,24
2025-01-22,Organização,mobile,108,28,13,10
2025-01-22,Organização,desktop,183,45,22,15
2025-01-22,Elétrica,mobile,287,58,34,14
2025-01-22,Elétrica,desktop,227,56,30,13
2025-01-22,Hidráulica,mobile,157,43,25,10
2025-01-22,Hidráulica,desktop,141,27,12,5
2025-01-22,Pintura e Acabamento,mobile,193,47,21,12
2025-01-22,Pintura e Acabamento,desktop,109,27,14,10
2025-01-22,Segurança,mobile,143,26,11,3
2025-01-22,Segurança,desktop,272,64,32,9
2025-01-23,Ferramentas,mobile,249,56,32,17
2025-01-23,Ferramentas,desktop,285,57,30,20
2025-01-23,Iluminação,mobile,113,25,13,9
2025-01-23,Iluminação,desktop,161,32,16,12
2025-01-23,Utilidades Domésticas,mobile,91,21,10,6
2025-01-23,Utilidades Domésticas,desktop,89,19,10,8
2025-01-23,Jardim e Área Externa,mobile,293,66,34,24
2025-01-23,Jardim e Área Externa,desktop,83,15,8,5
2025-01-23,Organização,mobile,197,50,29,22
2025-01-23,Organização,desktop,188,36,17,11
2025-01-23,Elétrica,mobile,231,44,25,9
2025-01-23,Elétrica,desktop,291,60,35,11
2025-01-23,Hidráulica,mobile,288,79,46,17
2025-01-23,Hidráulica,desktop,261,61,31,13
2025-01-23,Pintura e Acabamento,mobile,195,37,20,13
2025-01-23,Pintura e Acabamento,desktop,85,21,9,6
2025-01-23,Segurança,mobile,285,56,29,9
2025-01-23,Segurança,desktop,208,45,25,8
2025-01-24,Ferramentas,mobile,205,53,30,20
2025-01-24,Ferramentas,desktop,247,52,29,18
2025-01-24,Iluminação,mobile,116,27,12,7
2025-01-24,Iluminação,desktop,141,33,17,11
2025-01-24,Utilidades Domésticas,mobile,235,57,26,18
2025-01-24,Utilidades Domésticas,desktop,200,41,20,13
2025-01-24,Jardim e Área Externa,mobile,192,52,28,20
2025-01-24,Jardim e Área Externa,desktop,151,32,17,12
2025-01-24,Organização,mobile,80,19,8,6
2025-01-24,Organização,desktop,100,27,13,9
2025-01-24,Elétrica,mobile,251,67,35,15
2025-01-24,Elétrica,desktop,237,65,29,12
2025-01-24,Hidráulica,mobile,207,45,23,10
2025-01-24,Hidráulica,desktop,208,49,24,11
2025-01-24,Pintura e Acabamento,mobile,170,41,23,17
2025-01-24,Pintura e Acabamento,desktop,221,41,18,12
2025-01-24,Segurança,mobile,173,35,18,6
2025-01-24,Segurança,desktop,293,56,26,8
2025-01-25,Ferramentas,mobile,234,60,35,22
2025-01-25,Ferramentas,desktop,94,21,11,7
2025-01-25,Iluminação,mobile,164,40,20,14
2025-01-25,Iluminação,desktop,143,27,15,10
2025-01-25,Utilidades Domésticas,mobile,112,23,11,8
2025-01-25,Utilidades Domésticas,desktop,192,53,25,17
2025-01-25,Jardim e Área Externa,mobile,270,52,29,19
2025-01-25,Jardim e Área Externa,desktop,178,43,21,13
2025-01-25,Organização,mobile,113,20,11,7
2025-01-25,Organização,desktop,239,44,21,15
2025-01-25,Elétrica,mobile,166,31,14,4
2025-01-25,Elétrica,desktop,149,39,23,8
2025-01-25,Hidráulica,mobile,232,55,25,12
2025-01-25,Hidráulica,desktop,175,40,18,6
2025-01-25,Pintura e Acabamento,mobile,193,48,22,16
2025-01-25,Pintura e Acabamento,desktop,215,39,18,11
2025-01-25,Segurança,mobile,177,45,21,7
2025-01-25,Segurança,desktop,185,39,19,6
2025-01-26,Ferramentas,mobile,225,44,21,13
2025-01-26,Ferramentas,desktop,263,65,33,21
2025-01-26,Iluminação,mobile,196,43,21,13
2025-01-26,Iluminação,desktop,188,45,22,17
2025-01-26,Utilidades Domésticas,mobile,121,32,15,10
2025-01-26,Utilidades Domésticas,desktop,201,44,21,13
2025-01-26,Jardim e Área Externa,mobile,118,32,16,10
2025-01-26,Jardim e Área Externa,desktop,99,20,10,6
2025-01-26,Organização,mobile,225,60,28,20
2025-01-26,Organização,desktop,299,70,34,24
2025-01-26,Elétrica,mobile,297,58,32,11
2025-01-26,Elétrica,desktop,125,33,19,8
2025-01-26,Hidráulica,mobile,247,48,23,8
2025-01-26,Hidráulica,desktop,125,26,13,6
2025-01-26,Pintura e Acabamento,mobile,296,77,45,32
2025-01-26,Pintura e Acabamento,desktop,108,20,9,5
2025-01-26,Segurança,mobile,174,35,18,6
2025-01-26,Segurança,desktop,266,54,30,8
2025-01-27,Ferramentas,mobile,204,48,25,14
2025-01-27,Ferramentas,desktop,207,41,21,12
2025-01-27,Iluminação,mobile,184,46,25,18
2025-01-27,Iluminação,desktop,282,76,38,22
2025-01-27,Utilidades Domésticas,mobile,199,36,18,13
2025-01-27,Utilidades Domésticas,desktop,224,41,21,14
2025-01-27,Jardim e Área Externa,mobile,109,27,15,11
2025-01-27,Jardim e Área Externa,desktop,185,51,24,17
2025-01-27,Organização,mobile,109,22,12,9
2025-01-27,Organização,desktop,292,72,38,30
2025-01-27,Elétrica,mobile,176,37,17,6
2025-01-27,Elétrica,desktop,99,20,10,4
2025-01-27,Hidráulica,mobile,147,39,20,9
2025-01-27,Hidráulica,desktop,139,30,14,6
2025-01-27,Pintura e Acabamento,mobile,217,55,31,22
2025-01-27,Pintura e Acabamento,desktop,167,43,19,14
2025-01-27,Segurança,mobile,191,36,19,5
2025-01-27,Segurança,desktop,195,53,26,9
2025-01-28,Ferramentas,mobile,192,51,25,14
2025-01-28,Ferramentas,desktop,94,18,10,6
2025-01-28,Iluminação,mobile,210,51,30,20
2025-01-28,Iluminação,desktop,209,55,27,19
2025-01-28,Utilidades Domésticas,mobile,195,54,28,20
2025-01-28,Utilidades Domésticas,desktop,191,47,25,19
2025-01-28,Jardim e Área Externa,mobile,181,37,20,11
2025-01-28,Jardim e Área Externa,desktop,222,56,32,22
2025-01-28,Organização,mobile,165,44,20,14
2025-01-28,Organização,desktop,188,45,23,16
2025-01-28,Elétrica,mobile,244,66,37,14
2025-01-28,Elétrica,desktop,136,25,13,4
2025-01-28,Hidráulica,mobile,184,40,18,8
2025-01-28,Hidráulica,desktop,219,39,19,8
2025-01-28,Pintura e Acabamento,mobile,140,29,16,11
2025-01-28,Pintura e Acabamento,desktop,271,73,36,25
2025-01-28,Segurança,mobile,232,54,28,8
2025-01-28,Segurança,desktop,270,52,24,6
2025-01-29,Ferramentas,mobile,279,51,25,17
2025-01-29,Ferramentas,desktop,194,38,20,10
2025-01-29,Iluminação,mobile,249,47,27,18
2025-01-29,Iluminação,desktop,277,56,32,24
2025-01-29,Utilidades Domésticas,mobile,261,64,35,28
2025-01-29,Utilidades Domésticas,desktop,273,51,26,17
2025-01-29,Jardim e Área Externa,mobile,207,53,31,19
2025-01-29,Jardim e Área Externa,desktop,216,41,22,13
2025-01-29,Organização,mobile,202,43,24,18
2025-01-29,Organização,desktop,230,46,21,17
2025-01-29,Elétrica,mobile,230,55,29,10
2025-01-29,Elétrica,desktop,116,21,12,4
2025-01-29,Hidráulica,mobile,239,62,28,12
2025-01-29,Hidráulica,desktop,124,29,14,6
2025-01-29,Pintura e Acabamento,mobile,152,38,17,13
2025-01-29,Pintura e Acabamento,desktop,186,44,21,16
2025-01-29,Segurança,mobile,164,37,18,5
2025-01-29,Segurança,desktop,298,83,43,15
2025-01-30,Ferramentas,mobile,265,48,26,14
2025-01-30,Ferramentas,desktop,108,24,12,7
2025-01-30,Iluminação,mobile,97,21,11,7
2025-01-30,Iluminação,desktop,234,51,26,20
2025-01-30,Utilidades Domésticas,mobile,262,54,31,24
2025-01-30,Utilidades Domésticas,desktop,261,63,35,26
2025-01-30,Jardim e Área Externa,mobile,196,36,16,9
2025-01-30,Jardim e Área Externa,desktop,213,44,20,14
2025-01-30,Organização,mobile,266,55,31,21
2025-01-30,Organização,desktop,190,50,26,20
2025-01-30,Elétrica,mobile,94,19,10,4
2025-01-30,Elétrica,desktop,288,61,35,12
2025-01-30,Hidráulica,mobile,283,62,28,12
2025-01-30,Hidráulica,desktop,198,36,19,7
2025-01-30,Pintura e Acabamento,mobile,143,36,18,12
2025-01-30,Pintura e Acabamento,desktop,287,67,36,22
2025-01-30,Segurança,mobile,178,40,21,7
2025-01-30,Segurança,desktop,118,29,13,3
2025-01-31,Ferramentas,mobile,209,56,29,15
2025-01-31,Ferramentas,desktop,263,48,22,15
2025-01-31,Iluminação,mobile,179,33,14,10
2025-01-31,Iluminação,desktop,194,36,17,13
2025-01-31,Utilidades Domésticas,mobile,193,52,27,18
2025-01-31,Utilidades Domésticas,desktop,297,68,37,25
2025-01-31,Jardim e Área Externa,mobile,140,29,14,8
2025-01-31,Jardim e Área Externa,desktop,215,55,32,20
2025-01-31,Organização,mobile,94,21,9,6
2025-01-31,Organização,desktop,274,75,40,30
2025-01-31,Elétrica,mobile,243,56,26,11
2025-01-31,Elétrica,desktop,126,23,11,3
2025-01-31,Hidráulica,mobile,122,23,12,5
2025-01-31,Hidráulica,desktop,188,36,17,7
2025-01-31,Pintura e Acabamento,mobile,255,52,25,15
2025-01-31,Pintura e Acabamento,desktop,220,54,28,18
2025-01-31,Segurança,mobile,85,20,10,3
2025-01-31,Segurança,desktop,194,47,22,6
2025-02-01,Ferramentas,mobile,240,45,23,14
2025-02-01,Ferramentas,desktop,289,71,34,19
2025-02-01,Iluminação,mobile,253,54,30,20
2025-02-01,Iluminação,desktop,252,49,29,21
2025-02-01,Utilidades Domésticas,mobile,245,44,20,13
2025-02-01,Utilidades Domésticas,desktop,270,71,40,32
2025-02-01,Jardim e Área Externa,mobile,272,57,33,21
2025-02-01,Jardim e Área Externa,desktop,87,21,12,7
2025-02-01,Organização,mobile,84,18,10,7
2025-02-01,Organização,desktop,198,41,23,15
2025-02-01,Elétrica,mobile,115,29,15,5
2025-02-01,Elétrica,desktop,166,35,16,6
2025-02-01,Hidráulica,mobile,144,37,19,8
2025-02-01,Hidráulica,desktop,134,27,12,5
2025-02-01,Pintura e Acabamento,mobile,290,63,36,23
2025-02-01,Pintura e Acabamento,desktop,242,63,29,20
2025-02-01,Segurança,mobile,233,57,28,10
2025-02-01,Segurança,desktop,220,47,22,7
2025-02-02,Ferramentas,mobile,266,74,41,21
2025-02-02,Ferramentas,desktop,209,54,25,15
2025-02-02,Iluminação,mobile,292,62,35,21
2025-02-02,Iluminação,desktop,293,61,35,22
2025-02-02,Utilidades Domésticas,mobile,276,75,42,28
2025-02-02,Utilidades Domésticas,desktop,264,67,30,20
2025-02-02,Jardim e Área Externa,mobile,219,46,26,17
2025-02-02,Jardim e Área Externa,desktop,126,34,19,12
2025-02-02,Organização,mobile,232,49,27,21
2025-02-02,Organização,desktop,184,41,22,16
2025-02-02,Elétrica,mobile,194,44,19,8
2025-02-02,Elétrica,desktop,280,51,25,9
2025-02-02,Hidráulica,mobile,241,59,28,12
2025-02-02,Hidráulica,desktop,107,24,12,5
2025-02-02,Pintura e Acabamento,mobile,215,46,23,14
2025-02-02,Pintura e Acabamento,desktop,275,66,32,24
2025-02-02,Segurança,mobile,242,46,27,9
2025-02-02,Segurança,desktop,135,32,14,4
2025-02-03,Ferramentas,mobile,149,31,16,9
2025-02-03,Ferramentas,desktop,105,26,14,9
2025-02-03,Iluminação,mobile,273,59,27,19
2025-02-03,Iluminação,desktop,114,25,13,8
2025-02-03,Utilidades Domésticas,mobile,271,65,32,22
2025-02-03,Utilidades Domésticas,desktop,171,35,16,12
2025-02-03,Jardim e Área Externa,mobile,163,38,21,11
2025-02-03,Jardim e Área Externa,desktop,82,21,12,8
2025-02-03,Organização,mobile,267,70,34,24
2025-02-03,Organização,desktop,84,17,8,5
2025-02-03,Elétrica,mobile,247,63,34,12
2025-02-03,Elétrica,desktop,177,33,16,6
2025-02-03,Hidráulica,mobile,220,56,33,13
2025-02-03,Hidráulica,desktop,194,47,21,10
2025-02-03,Pintura e Acabamento,mobile,236,45,25,15
2025-02-03,Pintura e Acabamento,desktop,139,30,13,8
2025-02-03,Segurança,mobile,160,32,18,5
2025-02-03,Segurança,desktop,170,37,18,6
2025-02-04,Ferramentas,mobile,255,59,33,20
2025-02-04,Ferramentas,desktop,166,30,16,8
2025-02-04,Iluminação,mobile,284,59,27,16
2025-02-04,Iluminação,desktop,274,72,40,28
2025-02-04,Utilidades Domésticas,mobile,264,48,23,15
2025-02-04,Utilidades Domésticas,desktop,219,54,28,21
2025-02-04,Jardim e Área Externa,mobile,278,53,31,20
2025-02-04,Jardim e Área Externa,desktop,128,26,14,8
2025-02-04,Organização,mobile,239,55,30,22
2025-02-04,Organização,desktop,203,43,19,15
2025-02-04,Elétrica,mobile,147,34,17,5
2025-02-04,Elétrica,desktop,278,74,34,12
2025-02-04,Hidráulica,mobile,180,37,17,7
2025-02-04,Hidráulica,desktop,138,36,20,8
2025-02-04,Pintura e Acabamento,mobile,136,34,20,11
2025-02-04,Pintura e Acabamento,desktop,193,35,18,12
2025-02-04,Segurança,mobile,201,42,21,5
2025-02-04,Segurança,desktop,124,30,15,4
2025-02-05,Ferramentas,mobile,292,68,39,22
2025-02-05,Ferramentas,desktop,280,51,26,13
2025-02-05,Iluminação,mobile,267,67,38,23
2025-02-05,Iluminação,desktop,160,43,24,14
2025-02-05,Utilidades Domésticas,mobile,191,43,23,18
2025-02-05,Utilidades Domésticas,desktop,234,57,32,21
2025-02-05,Jardim e Área Externa,mobile,226,49,28,20
2025-02-05,Jardim e Área Externa,desktop,121,31,14,7
2025-02-05,Organização,mobile,100,26,14,9
2025-02-05,Organização,desktop,268,65,30,24
2025-02-05,Elétrica,mobile,87,19,11,4
2025-02-05,Elétrica,desktop,96,19,8,2
2025-02-05,Hidráulica,mobile,85,18,8,3
2025-02-05,Hidráulica,desktop,221,51,27,10
2025-02-05,Pintura e Acabamento,mobile,81,20,9,5
2025-02-05,Pintura e Acabamento,desktop,170,39,19,14
2025-02-05,Segurança,mobile,82,20,9,3
2025-02-05,Segurança,desktop,84,16,8,2
2025-02-06,Ferramentas,mobile,277,74,37,22
2025-02-06,Ferramentas,desktop,114,30,13,8
2025-02-06,Iluminação,mobile,175,31,15,10
2025-02-06,Iluminação,desktop,155,29,13,8
2025-02-06,Utilidades Domésticas,mobile,115,24,11,8
2025-02-06,Utilidades Domésticas,desktop,287,61,27,23
2025-02-06,Jardim e Área Externa,mobile,92,21,9,6
2025-02-06,Jardim e Área Externa,desktop,211,42,19,10
2025-02-06,Organização,mobile,166,42,20,12
2025-02-06,Organização,desktop,204,55,26,21
2025-02-06,Elétrica,mobile,112,27,14,5
2025-02-06,Elétrica,desktop,250,68,33,12
2025-02-06,Hidráulica,mobile,218,55,30,11
2025-02-06,Hidráulica,desktop,171,44,21,8
2025-02-06,Pintura e Acabamento,mobile,143,32,14,9
2025-02-06,Pintura e Acabamento,desktop,216,57,26,20
2025-02-06,Segurança,mobile,190,50,29,8
2025-02-06,Segurança,desktop,109,25,13,4
2025-02-07,Ferramentas,mobile,206,43,21,14
2025-02-07,Ferramentas,desktop,255,46,24,16
2025-02-07,Iluminação,mobile,220,42,19,13
2025-02-07,Iluminação,desktop,230,63,35,26
2025-02-07,Utilidades Domésticas,mobile,283,66,32,21
2025-02-07,Utilidades Domésticas,desktop,295,64,31,25
2025-02-07,Jardim e Área Externa,mobile,225,50,28,15
2025-02-07,Jardim e Área Externa,desktop,87,16,8,5
2025-02-07,Organização,mobile,133,32,17,13
2025-02-07,Organização,desktop,152,30,13,9
2025-02-07,Elétrica,mobile,80,20,9,3
2025-02-07,Elétrica,desktop,207,55,26,9
2025-02-07,Hidráulica,mobile,213,38,21,9
2025-02-07,Hidráulica,desktop,120,27,12,4
2025-02-07,Pintura e Acabamento,mobile,91,16,9,6
2025-02-07,Pintura e Acabamento,desktop,263,61,28,20
2025-02-07,Segurança,mobile,211,38,20,5
2025-02-07,Segurança,desktop,115,21,9,3
2025-02-08,Ferramentas,mobile,94,21,12,7
2025-02-08,Ferramentas,desktop,90,18,9,4
2025-02-08,Iluminação,mobile,150,27,15,11
2025-02-08,Iluminação,desktop,98,22,12,8
2025-02-08,Utilidades Domésticas,mobile,206,50,25,20
2025-02-08,Utilidades Domésticas,desktop,145,37,17,13
2025-02-08,Jardim e Área Externa,mobile,107,25,14,9
2025-02-08,Jardim e Área Externa,desktop,238,43,24,16
2025-02-08,Organização,mobile,187,49,23,16
2025-02-08,Organização,desktop,202,42,21,13
2025-02-08,Elétrica,mobile,181,49,23,8
2025-02-08,Elétrica,desktop,117,28,14,6
2025-02-08,Hidráulica,mobile,262,72,37,17
2025-02-08,Hidráulica,desktop,279,78,44,21
2025-02-08,Pintura e Acabamento,mobile,289,69,33,23
2025-02-08,Pintura e Acabamento,desktop,85,18,10,6
2025-02-08,Segurança,mobile,284,76,41,14
2025-02-08,Segurança,desktop,161,40,18,5
2025-02-09,Ferramentas,mobile,88,16,8,4
2025-02-09,Ferramentas,desktop,194,36,17,11
2025-02-09,Iluminação,mobile,268,56,26,18
2025-02-09,Iluminação,desktop,100,27,13,9
2025-02-09,Utilidades Domésticas,mobile,101,22,10,7
2025-02-09,Utilidades Domésticas,desktop,275,75,39,28
2025-02-09,Jardim e Área Externa,mobile,86,16,7,4
2025-02-09,Jardim e Área Externa,desktop,160,41,18,12
2025-02-09,Organização,mobile,195,50,23,18
2025-02-09,Organização,desktop,218,44,20,14
2025-02-09,Elétrica,mobile,237,59,31,12
2025-02-09,Elétrica,desktop,289,79,40,16
2025-02-09,Hidráulica,mobile,223,52,27,11
2025-02-09,Hidráulica,desktop,257,67,35,14
2025-02-09,Pintura e Acabamento,mobile,291,75,35,21
2025-02-09,Pintura e Acabamento,desktop,84,16,9,5
2025-02-09,Segurança,mobile,169,30,14,4
2025-02-09,Segurança,desktop,239,66,38,13
2025-02-10,Ferramentas,mobile,273,64,33,20
2025-02-10,Ferramentas,desktop,150,31,14,7
2025-02-10,Iluminação,mobile,92,24,11,7
2025-02-10,Iluminação,desktop,235,54,24,16
2025-02-10,Utilidades Domésticas,mobile,110,20,9,7
2025-02-10,Utilidades Domésticas,desktop,90,23,10,8
2025-02-10,Jardim e Área Externa,mobile,234,48,26,14
2025-02-10,Jardim e Área Externa,desktop,150,40,21,12
2025-02-10,Organização,mobile,86,16,8,5
2025-02-10,Organização,desktop,192,52,26,19
2025-02-10,Elétrica,mobile,228,55,30,12
2025-02-10,Elétrica,desktop,209,55,25,9
2025-02-10,Hidráulica,mobile,81,20,11,4
2025-02-10,Hidráulica,desktop,99,24,11,4
2025-02-10,Pintura e Acabamento,mobile,87,17,7,4
2025-02-10,Pintura e Acabamento,desktop,264,61,35,22
2025-02-10,Segurança,mobile,96,24,12,3
2025-02-10,Segurança,desktop,97,24,10,2
2025-02-11,Ferramentas,mobile,91,18,9,4
2025-02-11,Ferramentas,desktop,268,52,24,15
2025-02-11,Iluminação,mobile,259,68,39,27
2025-02-11,Iluminação,desktop,205,37,18,12
2025-02-11,Utilidades Domésticas,mobile,98,21,12,8
2025-02-11,Utilidades Domésticas,desktop,212,40,19,15
2025-02-11,Jardim e Área Externa,mobile,155,30,15,8
2025-02-11,Jardim e Área Externa,desktop,231,44,20,12
2025-02-11,Organização,mobile,196,38,22,15
2025-02-11,Organização,desktop,202,47,27,21
2025-02-11,Elétrica,mobile,244,52,24,10
2025-02-11,Elétrica,desktop,184,45,22,8
2025-02-11,Hidráulica,mobile,169,30,15,7
2025-02-11,Hidráulica,desktop,208,55,30,13
2025-02-11,Pintura e Acabamento,mobile,139,30,16,12
2025-02-11,Pintura e Acabamento,desktop,165,36,20,11
2025-02-11,Segurança,mobile,205,50,23,8
2025-02-11,Segurança,desktop,260,72,36,12
2025-02-12,Ferramentas,mobile,160,29,15,8
2025-02-12,Ferramentas,desktop,212,38,20,12
2025-02-12,Iluminação,mobile,208,57,27,21
2025-02-12,Iluminação,desktop,204,56,33,21
2025-02-12,Utilidades Domésticas,mobile,287,60,27,19
2025-02-12,Utilidades Domésticas,desktop,98,18,9,5
2025-02-12,Jardim e Área Externa,mobile,122,33,18,12
2025-02-12,Jardim e Área Externa,desktop,171,31,15,8
2025-02-12,Organização,mobile,225,62,31,23
2025-02-12,Organização,desktop,158,40,23,18
2025-02-12,Elétrica,mobile,245,60,29,11
2025-02-12,Elétrica,desktop,159,34,16,6
2025-02-12,Hidráulica,mobile,138,26,13,6
2025-02-12,Hidráulica,desktop,133,30,15,6
2025-02-12,Pintura e Acabamento,mobile,228,55,31,21
2025-02-12,Pintura e Acabamento,desktop,293,71,32,19
2025-02-12,Segurança,mobile,256,61,33,9
2025-02-12,Segurança,desktop,103,22,11,4
2025-02-13,Ferramentas,mobile,86,18,10,6
2025-02-13,Ferramentas,desktop,107,22,9,5
2025-02-13,Iluminação,mobile,137,24,13,9
2025-02-13,Iluminação,desktop,89,22,13,9
2025-02-13,Utilidades Domésticas,mobile,266,62,35,22
2025-02-13,Utilidades Domésticas,desktop,141,34,18,15
2025-02-13,Jardim e Área Externa,mobile,265,52,29,16
2025-02-13,Jardim e Área Externa,desktop,174,46,24,17
2025-02-13,Organização,mobile,126,31,14,11
2025-02-13,Organização,desktop,189,41,22,13
2025-02-13,Elétrica,mobile,88,21,10,4
2025-02-13,Elétrica,desktop,96,20,11,4
2025-02-13,Hidráulica,mobile,238,62,34,14
2025-02-13,Hidráulica,desktop,200,39,18,8
2025-02-13,Pintura e Acabamento,mobile,105,27,15,11
2025-02-13,Pintura e Acabamento,desktop,81,18,8,5
2025-02-13,Segurança,mobile,186,49,22,7
2025-02-13,Segurança,desktop,145,27,13,3
2025-02-14,Ferramentas,mobile,128,24,13,7
2025-02-14,Ferramentas,desktop,277,75,44,23
2025-02-14,Iluminação,mobile,83,16,7,4
2025-02-14,Iluminação,desktop,164,31,14,10
2025-02-14,Utilidades Domésticas,mobile,171,36,20,13
2025-02-14,Utilidades Domésticas,desktop,225,42,21,15
2025-02-14,Jardim e Área Externa,mobile,97,25,13,9
2025-02-14,Jardim e Área Externa,desktop,216,44,24,15
2025-02-14,Organização,mobile,226,44,22,16
2025-02-14,Organização,desktop,101,22,9,6
2025-02-14,Elétrica,mobile,273,52,24,8
2025-02-14,Elétrica,desktop,91,25,12,4
2025-02-14,Hidráulica,mobile,176,43,22,8
2025-02-14,Hidráulica,desktop,215,48,24,11
2025-02-14,Pintura e Acabamento,mobile,244,66,32,19
2025-02-14,Pintura e Acabamento,desktop,96,19,9,6
2025-02-14,Segurança,mobile,247,46,21,6
2025-02-14,Segurança,desktop,291,55,25,8
2025-02-15,Ferramentas,mobile,156,33,19,10
2025-02-15,Ferramentas,desktop,243,60,31,19
2025-02-15,Iluminação,mobile,197,52,24,17
2025-02-15,Iluminação,desktop,104,25,12,9
2025-02-15,Utilidades Domésticas,mobile,244,49,26,20
2025-02-15,Utilidades Domésticas,desktop,119,22,10,6
2025-02-15,Jardim e Área Externa,mobile,251,69,35,21
2025-02-15,Jardim e Área Externa,desktop,242,55,28,15
2025-02-15,Organização,mobile,235,45,26,20
2025-02-15,Organização,desktop,189,36,17,11
2025-02-15,Elétrica,mobile,279,53,29,9
2025-02-15,Elétrica,desktop,137,35,18,6
2025-02-15,Hidráulica,mobile,246,60,33,15
2025-02-15,Hidráulica,desktop,174,43,21,9
2025-02-15,Pintura e Acabamento,mobile,208,39,19,12
2025-02-15,Pintura e Acabamento,desktop,237,48,21,15
2025-02-15,Segurança,mobile,135,29,15,4
2025-02-15,Segurança,desktop,265,65,33,10
2025-02-16,Ferramentas,mobile,162,35,20,10
2025-02-16,Ferramentas,desktop,116,27,15,9
2025-02-16,Iluminação,mobile,155,35,18,11
2025-02-16,Iluminação,desktop,188,42,19,12
2025-02-16,Utilidades Domésticas,mobile,247,59,30,24
2025-02-16,Utilidades Domésticas,desktop,279,57,30,23
2025-02-16,Jardim e Área Externa,mobile,226,55,29,19
2025-02-16,Jardim e Área Externa,desktop,242,61,31,18
2025-02-16,Organização,mobile,232,42,24,18
2025-02-16,Organização,desktop,252,56,25,19
2025-02-16,Elétrica,mobile,223,46,25,9
2025-02-16,Elétrica,desktop,281,57,29,9
2025-02-16,Hidráulica,mobile,170,40,22,9
2025-02-16,Hidráulica,desktop,221,54,27,10
2025-02-16,Pintura e Acabamento,mobile,279,55,30,22
2025-02-16,Pintura e Acabamento,desktop,104,20,9,6
2025-02-16,Segurança,mobile,156,41,24,7
2025-02-16,Segurança,desktop,222,47,21,6
2025-02-17,Ferramentas,mobile,97,23,13,7
2025-02-17,Ferramentas,desktop,112,29,17,10
2025-02-17,Iluminação,mobile,158,41,22,17
2025-02-17,Iluminação,desktop,289,71,39,31
2025-02-17,Utilidades Domésticas,mobile,178,39,22,18
2025-02-17,Utilidades Domésticas,desktop,108,25,12,8
2025-02-17,Jardim e Área Externa,mobile,87,18,9,4
2025-02-17,Jardim e Área Externa,desktop,293,69,37,20
2025-02-17,Organização,mobile,187,41,20,12
2025-02-17,Organização,desktop,92,24,13,9
2025-02-17,Elétrica,mobile,161,43,20,7
2025-02-17,Elétrica,desktop,185,44,25,8
2025-02-17,Hidráulica,mobile,214,45,23,9
2025-02-17,Hidráulica,desktop,142,31,16,7
2025-02-17,Pintura e Acabamento,mobile,126,32,15,11
2025-02-17,Pintura e Acabamento,desktop,120,27,15,10
2025-02-17,Segurança,mobile,214,53,29,8
2025-02-17,Segurança,desktop,240,58,28,7
2025-02-18,Ferramentas,mobile,136,35,17,11
2025-02-18,Ferramentas,desktop,243,54,24,15
2025-02-18,Iluminação,mobile,105,22,12,8
2025-02-18,Iluminação,desktop,178,39,20,15
2025-02-18,Utilidades Domésticas,mobile,178,46,21,15
2025-02-18,Utilidades Domésticas,desktop,94,24,13,9
2025-02-18,Jardim e Área Externa,mobile,295,55,30,22
2025-02-18,Jardim e Área Externa,desktop,287,75,44,29
2025-02-18,Organização,mobile,262,47,26,21
2025-02-18,Organização,desktop,221,41,21,16
2025-02-18,Elétrica,mobile,137,32,15,6
2025-02-18,Elétrica,desktop,142,33,15,5
2025-02-18,Hidráulica,mobile,196,39,17,7
2025-02-18,Hidráulica,desktop,169,44,24,10
2025-02-18,Pintura e Acabamento,mobile,180,35,18,11
2025-02-18,Pintura e Acabamento,desktop,179,43,23,14
2025-02-18,Segurança,mobile,241,44,24,8
2025-02-18,Segurança,desktop,195,49,28,9
2025-02-19,Ferramentas,mobile,135,25,14,7
2025-02-19,Ferramentas,desktop,115,31,17,11
2025-02-19,Iluminação,mobile,140,35,19,12
2025-02-19,Iluminação,desktop,233,47,22,15
2025-02-19,Utilidades Domésticas,mobile,233,56,25,19
2025-02-19,Utilidades Domésticas,desktop,125,34,16,11
2025-02-19,Jardim e Área Externa,mobile,228,59,26,15
2025-02-19,Jardim e Área Externa,desktop,263,57,26,18
2025-02-19,Organização,mobile,107,20,9,5
2025-02-19,Organização,desktop,283,59,34,23
2025-02-19,Elétrica,mobile,193,50,22,8
2025-02-19,Elétrica,desktop,121,27,14,6
2025-02-19,Hidráulica,mobile,84,18,8,3
2025-02-19,Hidráulica,desktop,149,35,19,7
2025-02-19,Pintura e Acabamento,mobile,202,53,31,20
2025-02-19,Pintura e Acabamento,desktop,261,59,32,19
2025-02-19,Segurança,mobile,182,33,16,5
2025-02-19,Segurança,desktop,180,38,22,6
2025-02-20,Ferramentas,mobile,224,48,27,17
2025-02-20,Ferramentas,desktop,161,36,18,9
2025-02-20,Iluminação,mobile,189,40,23,18
2025-02-20,Iluminação,desktop,263,48,24,17
2025-02-20,Utilidades Domésticas,mobile,209,51,25,20
2025-02-20,Utilidades Domésticas,desktop,106,28,13,10
2025-02-20,Jardim e Área Externa,mobile,161,33,15,10
2025-02-20,Jardim e Área Externa,desktop,173,46,21,14
2025-02-20,Organização,mobile,129,25,11,7
2025-02-20,Organização,desktop,139,35,20,14
2025-02-20,Elétrica,mobile,81,18,9,3
2025-02-20,Elétrica,desktop,190,43,23,8
2025-02-20,Hidráulica,mobile,280,69,33,13
2025-02-20,Hidráulica,desktop,198,40,23,8
2025-02-20,Pintura e Acabamento,mobile,157,34,17,12
2025-02-20,Pintura e Acabamento,desktop,205,50,26,19
2025-02-20,Segurança,mobile,183,48,22,6
2025-02-20,Segurança,desktop,215,53,26,7
2025-02-21,Ferramentas,mobile,196,47,27,17
2025-02-21,Ferramentas,desktop,110,25,11,7
2025-02-21,Iluminação,mobile,272,66,30,18
2025-02-21,Iluminação,desktop,289,62,33,26
2025-02-21,Utilidades Domésticas,mobile,254,70,36,26
2025-02-21,Utilidades Domésticas,desktop,294,61,27,23
2025-02-21,Jardim e Área Externa,mobile,125,33,19,11
2025-02-21,Jardim e Área Externa,desktop,277,69,33,20
2025-02-21,Organização,mobile,191,44,20,15
2025-02-21,Organização,desktop,176,46,23,18
2025-02-21,Elétrica,mobile,104,26,12,4
2025-02-21,Elétrica,desktop,162,42,19,7
2025-02-21,Hidráulica,mobile,293,63,29,12
2025-02-21,Hidráulica,desktop,265,64,32,15
2025-02-21,Pintura e Acabamento,mobile,131,31,14,8
2025-02-21,Pintura e Acabamento,desktop,278,76,43,33
2025-02-21,Segurança,mobile,272,64,34,11
2025-02-21,Segurança,desktop,112,26,11,3
2025-02-22,Ferramentas,mobile,275,74,37,20
2025-02-22,Ferramentas,desktop,82,20,10,6
2025-02-22,Iluminação,mobile,138,27,15,9
2025-02-22,Iluminação,desktop,82,19,9,6
2025-02-22,Utilidades Domésticas,mobile,184,48,22,18
2025-02-22,Utilidades Domésticas,desktop,217,60,31,24
2025-02-22,Jardim e Área Externa,mobile,217,43,24,15
2025-02-22,Jardim e Área Externa,desktop,90,16,9,6
2025-02-22,Organização,mobile,203,53,25,20
2025-02-22,Organização,desktop,238,63,32,19
2025-02-22,Elétrica,mobile,224,41,22,7
2025-02-22,Elétrica,desktop,109,19,8,3
2025-02-22,Hidráulica,mobile,129,31,17,6
2025-02-22,Hidráulica,desktop,256,63,34,12
2025-02-22,Pintura e Acabamento,mobile,149,35,18,10
2025-02-22,Pintura e Acabamento,desktop,277,51,30,19
2025-02-22,Segurança,mobile,275,75,37,11
2025-02-22,Segurança,desktop,176,44,21,6
2025-02-23,Ferramentas,mobile,82,17,8,4
2025-02-23,Ferramentas,desktop,194,51,28,15
2025-02-23,Iluminação,mobile,112,23,10,7
2025-02-23,Iluminação,desktop,141,27,15,9
2025-02-23,Utilidades Domésticas,mobile,154,28,15,9
2025-02-23,Utilidades Domésticas,desktop,106,28,14,10
2025-02-23,Jardim e Área Externa,mobile,149,38,21,14
2025-02-23,Jardim e Área Externa,desktop,99,25,14,9
2025-02-23,Organização,mobile,282,69,35,25
2025-02-23,Organização,desktop,164,34,17,12
2025-02-23,Elétrica,mobile,245,62,30,12
2025-02-23,Elétrica,desktop,288,71,33,10
2025-02-23,Hidráulica,mobile,135,37,16,7
2025-02-23,Hidráulica,desktop,294,71,33,16
2025-02-23,Pintura e Acabamento,mobile,244,64,36,25
2025-02-23,Pintura e Acabamento,desktop,200,41,22,16
2025-02-23,Segurança,mobile,152,42,22,6
2025-02-23,Segurança,desktop,260,69,37,11
2025-02-24,Ferramentas,mobile,202,55,28,18
2025-02-24,Ferramentas,desktop,84,20,10,5
2025-02-24,Iluminação,mobile,278,75,42,26
2025-02-24,Iluminação,desktop,172,44,22,15
2025-02-24,Utilidades Domésticas,mobile,258,65,34,28
2025-02-24,Utilidades Domésticas,desktop,208,38,19,14
2025-02-24,Jardim e Área Externa,mobile,83,21,11,7
2025-02-24,Jardim e Área Externa,desktop,87,20,10,7
2025-02-24,Organização,mobile,90,24,12,8
2025-02-24,Organização,desktop,116,21,10,6
2025-02-24,Elétrica,mobile,165,30,16,6
2025-02-24,Elétrica,desktop,231,50,27,10
2025-02-24,Hidráulica,mobile,144,30,16,7
2025-02-24,Hidráulica,desktop,216,54,30,13
2025-02-24,Pintura e Acabamento,mobile,106,23,12,7
2025-02-24,Pintura e Acabamento,desktop,169,45,25,15
2025-02-24,Segurança,mobile,106,28,12,4
2025-02-24,Segurança,desktop,224,48,26,9
2025-02-25,Ferramentas,mobile,229,54,26,16
2025-02-25,Ferramentas,desktop,249,62,36,22
2025-02-25,Iluminação,mobile,130,34,18,10
2025-02-25,Iluminação,desktop,270,63,36,21
2025-02-25,Utilidades Domésticas,mobile,184,41,22,19
2025-02-25,Utilidades Domésticas,desktop,100,26,15,11
2025-02-25,Jardim e Área Externa,mobile,219,53,27,17
2025-02-25,Jardim e Área Externa,desktop,127,24,11,7
2025-02-25,Organização,mobile,277,62,29,19
2025-02-25,Organização,desktop,128,32,16,11
2025-02-25,Elétrica,mobile,257,61,33,11
2025-02-25,Elétrica,desktop,198,37,19,8
2025-02-25,Hidráulica,mobile,140,36,19,9
2025-02-25,Hidráulica,desktop,285,56,29,11
2025-02-25,Pintura e Acabamento,mobile,143,27,15,8
2025-02-25,Pintura e Acabamento,desktop,83,18,9,6
2025-02-25,Segurança,mobile,83,18,9,2
2025-02-25,Segurança,desktop,212,47,22,6
2025-02-26,Ferramentas,mobile,226,60,34,21
2025-02-26,Ferramentas,desktop,284,72,36,24
2025-02-26,Iluminação,mobile,155,34,16,10
2025-02-26,Iluminação,desktop,126,33,17,11
2025-02-26,Utilidades Domésticas,mobile,129,24,12,8
2025-02-26,Utilidades Domésticas,desktop,253,51,24,19
2025-02-26,Jardim e Área Externa,mobile,230,59,31,17
2025-02-26,Jardim e Área Externa,desktop,111,21,9,5
2025-02-26,Organização,mobile,130,23,10,7
2025-02-26,Organização,desktop,294,79,44,27
2025-02-26,Elétrica,mobile,292,78,39,14
2025-02-26,Elétrica,desktop,202,54,28,12
2025-02-26,Hidráulica,mobile,137,37,17,7
2025-02-26,Hidráulica,desktop,245,67,36,13
2025-02-26,Pintura e Acabamento,mobile,111,28,16,12
2025-02-26,Pintura e Acabamento,desktop,198,44,19,11
2025-02-26,Segurança,mobile,263,51,28,9
2025-02-26,Segurança,desktop,99,24,11,3
2025-02-27,Ferramentas,mobile,260,65,29,16
2025-02-27,Ferramentas,desktop,157,40,20,11
2025-02-27,Iluminação,mobile,86,19,11,8
2025-02-27,Iluminação,desktop,226,62,29,19
2025-02-27,Utilidades Domésticas,mobile,120,29,15,12
2025-02-27,Utilidades Domésticas,desktop,160,39,19,15
2025-02-27,Jardim e Área Externa,mobile,219,55,27,17
2025-02-27,Jardim e Área Externa,desktop,242,46,23,15
2025-02-27,Organização,mobile,138,37,16,11
2025-02-27,Organização,desktop,255,54,27,22
2025-02-27,Elétrica,mobile,251,52,27,11
2025-02-27,Elétrica,desktop,124,24,13,5
2025-02-27,Hidráulica,mobile,175,42,22,9
2025-02-27,Hidráulica,desktop,205,53,25,10
2025-02-27,Pintura e Acabamento,mobile,86,22,10,5
2025-02-27,Pintura e Acabamento,desktop,166,40,20,12
2025-02-27,Segurança,mobile,190,40,19,6
2025-02-27,Segurança,desktop,149,41,23,8
2025-02-28,Ferramentas,mobile,267,67,31,16
2025-02-28,Ferramentas,desktop,269,61,29,19
2025-02-28,Iluminação,mobile,270,50,23,17
2025-02-28,Iluminação,desktop,284,53,25,19
2025-02-28,Utilidades Domésticas,mobile,186,40,19,15
2025-02-28,Utilidades Domésticas,desktop,235,54,28,21
2025-02-28,Jardim e Área Externa,mobile,139,35,16,9
2025-02-28,Jardim e Área Externa,desktop,119,32,17,11
2025-02-28,Organização,mobile,128,25,14,10
2025-02-28,Organização,desktop,186,46,24,19
2025-02-28,Elétrica,mobile,230,60,31,13
2025-02-28,Elétrica,desktop,179,35,20,8
2025-02-28,Hidráulica,mobile,82,21,10,4
2025-02-28,Hidráulica,desktop,158,40,23,9
2025-02-28,Pintura e Acabamento,mobile,232,48,23,13
2025-02-28,Pintura e Acabamento,desktop,289,76,38,23
2025-02-28,Segurança,mobile,252,47,22,7
2025-02-28,Segurança,desktop,90,16,7,1
2025-03-01,Ferramentas,mobile,115,27,15,8
2025-03-01,Ferramentas,desktop,278,65,37,22
2025-03-01,Iluminação,mobile,165,42,24,16
2025-03-01,Iluminação,desktop,135,34,20,15
2025-03-01,Utilidades Domésticas,mobile,101,21,11,7
2025-03-01,Utilidades Domésticas,desktop,195,39,21,16
2025-03-01,Jardim e Área Externa,mobile,284,63,31,19
2025-03-01,Jardim e Área Externa,desktop,289,56,27,16
2025-03-01,Organização,mobile,279,67,39,28
2025-03-01,Organização,desktop,111,25,12,9
2025-03-01,Elétrica,mobile,235,55,25,8
2025-03-01,Elétrica,desktop,206,51,23,9
2025-03-01,Hidráulica,mobile,217,43,19,8
2025-03-01,Hidráulica,desktop,253,50,27,11
2025-03-01,Pintura e Acabamento,mobile,279,68,33,20
2025-03-01,Pintura e Acabamento,desktop,236,47,24,15
2025-03-01,Segurança,mobile,122,26,13,3
2025-03-01,Segurança,desktop,164,31,17,5
2025-03-02,Ferramentas,mobile,97,21,9,6
2025-03-02,Ferramentas,desktop,150,31,15,9
2025-03-02,Iluminação,mobile,164,43,24,15
2025-03-02,Iluminação,desktop,136,27,13,7
2025-03-02,Utilidades Domésticas,mobile,92,16,9,6
2025-03-02,Utilidades Domésticas,desktop,225,54,25,16
2025-03-02,Jardim e Área Externa,mobile,248,63,31,18
2025-03-02,Jardim e Área Externa,desktop,144,29,16,9
2025-03-02,Organização,mobile,182,49,25,19
2025-03-02,Organização,desktop,276,66,37,25
2025-03-02,Elétrica,mobile,264,69,41,14
2025-03-02,Elétrica,desktop,112,23,11,4
2025-03-02,Hidráulica,mobile,105,22,12,5
2025-03-02,Hidráulica,desktop,92,24,13,4
2025-03-02,Pintura e Acabamento,mobile,244,61,28,19
2025-03-02,Pintura e Acabamento,desktop,134,28,14,10
2025-03-02,Segurança,mobile,152,28,13,3
2025-03-02,Segurança,desktop,264,66,37,13
2025-03-03,Ferramentas,mobile,175,37,19,10
2025-03-03,Ferramentas,desktop,117,28,16,9
2025-03-03,Iluminação,mobile,160,38,19,14
2025-03-03,Iluminação,desktop,218,59,27,21
2025-03-03,Utilidades Domésticas,mobile,284,57,32,22
2025-03-03,Utilidades Domésticas,desktop,287,52,29,21
2025-03-03,Jardim e Área Externa,mobile,126,27,14,8
2025-03-03,Jardim e Área Externa,desktop,105,19,10,5
2025-03-03,Organização,mobile,225,41,18,14
2025-03-03,Organização,desktop,189,36,19,14
2025-03-03,Elétrica,mobile,179,32,17,6
2025-03-03,Elétrica,desktop,115,29,15,6
2025-03-03,Hidráulica,mobile,121,24,13,5
2025-03-03,Hidráulica,desktop,208,53,28,11
2025-03-03,Pintura e Acabamento,mobile,81,15,8,5
2025-03-03,Pintura e Acabamento,desktop,90,24,13,9
2025-03-03,Segurança,mobile,278,51,26,8
2025-03-03,Segurança,desktop,103,19,8,2
2025-03-04,Ferramentas,mobile,270,55,25,16
2025-03-04,Ferramentas,desktop,235,51,23,14
2025-03-04,Iluminação,mobile,118,24,13,9
2025-03-04,Iluminação,desktop,287,76,36,24
2025-03-04,Utilidades Domésticas,mobile,178,41,23,19
2025-03-04,Utilidades Domésticas,desktop,141,29,13,8
2025-03-04,Jardim e Área Externa,mobile,146,26,14,10
2025-03-04,Jardim e Área Externa,desktop,234,59,28,16
2025-03-04,Organização,mobile,144,37,18,12
2025-03-04,Organização,desktop,280,78,41,25
2025-03-04,Elétrica,mobile,88,19,9,3
2025-03-04,Elétrica,desktop,165,43,21,7
2025-03-04,Hidráulica,mobile,198,40,20,8
2025-03-04,Hidráulica,desktop,148,27,13,5
2025-03-04,Pintura e Acabamento,mobile,298,61,28,19
2025-03-04,Pintura e Acabamento,desktop,143,39,20,12
2025-03-04,Segurança,mobile,279,64,34,9
2025-03-04,Segurança,desktop,118,27,12,3
2025-03-05,Ferramentas,mobile,181,37,18,12
2025-03-05,Ferramentas,desktop,223,58,28,14
2025-03-05,Iluminação,mobile,244,67,33,22
2025-03-05,Iluminação,desktop,121,26,14,9
2025-03-05,Utilidades Domésticas,mobile,117,26,13,8
2025-03-05,Utilidades Domésticas,desktop,272,73,39,28
2025-03-05,Jardim e Área Externa,mobile,278,60,32,19
2025-03-05,Jardim e Área Externa,desktop,187,44,21,13
2025-03-05,Organização,mobile,186,37,17,13
2025-03-05,Organização,desktop,179,33,18,14
2025-03-05,Elétrica,mobile,181,35,17,6
2025-03-05,Elétrica,desktop,222,56,28,9
2025-03-05,Hidráulica,mobile,207,47,25,11
2025-03-05,Hidráulica,desktop,220,52,28,12
2025-03-05,Pintura e Acabamento,mobile,291,64,34,25
2025-03-05,Pintura e Acabamento,desktop,289,69,37,25
2025-03-05,Segurança,mobile,243,59,33,10
2025-03-05,Segurança,desktop,241,45,23,7
2025-03-06,Ferramentas,mobile,235,50,29,19
2025-03-06,Ferramentas,desktop,280,65,37,25
2025-03-06,Iluminação,mobile,237,50,27,19
2025-03-06,Iluminação,desktop,210,42,23,14
2025-03-06,Utilidades Domésticas,mobile,110,21,11,8
2025-03-06,Utilidades Domésticas,desktop,186,37,21,16
2025-03-06,Jardim e Área Externa,mobile,207,43,20,14
2025-03-06,Jardim e Área Externa,desktop,158,32,15,9
2025-03-06,Organização,mobile,208,37,18,14
2025-03-06,Organização,desktop,89,22,11,8
2025-03-06,Elétrica,mobile,108,24,13,5
2025-03-06,Elétrica,desktop,218,60,31,12
2025-03-06,Hidráulica,mobile,223,57,28,12
2025-03-06,Hidráulica,desktop,192,50,28,11
2025-03-06,Pintura e Acabamento,mobile,139,37,17,10
2025-03-06,Pintura e Acabamento,desktop,128,25,11,6
2025-03-06,Segurança,mobile,206,41,20,7
2025-03-06,Segurança,desktop,212,45,21,6
2025-03-07,Ferramentas,mobile,98,24,12,7
2025-03-07,Ferramentas,desktop,124,29,13,7
2025-03-07,Iluminação,mobile,87,22,10,7
2025-03-07,Iluminação,desktop,161,36,17,11
2025-03-07,Utilidades Domésticas,mobile,194,43,24,18
2025-03-07,Utilidades Domésticas,desktop,236,63,34,22
2025-03-07,Jardim e Área Externa,mobile,85,19,10,7
2025-03-07,Jardim e Área Externa,desktop,162,37,18,12
2025-03-07,Organização,mobile,261,58,30,24
2025-03-07,Organização,desktop,242,46,22,17
2025-03-07,Elétrica,mobile,152,30,17,6
2025-03-07,Elétrica,desktop,104,26,12,4
2025-03-07,Hidráulica,mobile,250,47,25,9
2025-03-07,Hidráulica,desktop,213,50,23,9
2025-03-07,Pintura e Acabamento,mobile,239,49,25,16
2025-03-07,Pintura e Acabamento,desktop,247,52,30,20
2025-03-07,Segurança,mobile,138,34,19,6
2025-03-07,Segurança,desktop,105,23,13,4
2025-03-08,Ferramentas,mobile,128,25,11,5
2025-03-08,Ferramentas,desktop,199,36,19,11
2025-03-08,Iluminação,mobile,284,58,33,19
2025-03-08,Iluminação,desktop,163,32,17,10
2025-03-08,Utilidades Domésticas,mobile,117,30,17,12
2025-03-08,Utilidades Domésticas,desktop,161,34,15,9
2025-03-08,Jardim e Área Externa,mobile,118,22,10,5
2025-03-08,Jardim e Área Externa,desktop,196,53,30,17
2025-03-08,Organização,mobile,84,17,9,6
2025-03-08,Organização,desktop,240,48,28,18
2025-03-08,Elétrica,mobile,186,40,21,7
2025-03-08,Elétrica,desktop,282,60,28,11
2025-03-08,Hidráulica,mobile,256,51,28,13
2025-03-08,Hidráulica,desktop,150,30,17,6
2025-03-08,Pintura e Acabamento,mobile,278,61,32,20
2025-03-08,Pintura e Acabamento,desktop,161,33,17,10
2025-03-08,Segurança,mobile,88,16,8,2
2025-03-08,Segurança,desktop,99,22,10,3
2025-03-09,Ferramentas,mobile,225,57,28,17
2025-03-09,Ferramentas,desktop,194,37,20,11
2025-03-09,Iluminação,mobile,93,17,8,4
2025-03-09,Iluminação,desktop,113,27,12,7
2025-03-09,Utilidades Domésticas,mobile,95,23,10,7
2025-03-09,Utilidades Domésticas,desktop,245,54,27,23
2025-03-09,Jardim e Área Externa,mobile,103,26,12,8
2025-03-09,Jardim e Área Externa,desktop,221,48,26,15
2025-03-09,Organização,mobile,86,23,13,8
2025-03-09,Organização,desktop,115,30,13,10
2025-03-09,Elétrica,mobile,281,59,30,12
2025-03-09,Elétrica,desktop,172,38,20,8
2025-03-09,Hidráulica,mobile,279,65,37,14
2025-03-09,Hidráulica,desktop,269,66,34,13
2025-03-09,Pintura e Acabamento,mobile,275,70,36,23
2025-03-09,Pintura e Acabamento,desktop,227,55,28,17
2025-03-09,Segurança,mobile,256,51,27,7
2025-03-09,Segurança,desktop,138,34,19,5
2025-03-10,Ferramentas,mobile,192,47,22,13
2025-03-10,Ferramentas,desktop,259,59,28,19
2025-03-10,Iluminação,mobile,261,60,31,19
2025-03-10,Iluminação,desktop,250,46,27,17
2025-03-10,Utilidades Domésticas,mobile,103,26,12,9
2025-03-10,Utilidades Domésticas,desktop,225,40,22,18
2025-03-10,Jardim e Área Externa,mobile,221,54,27,15
2025-03-10,Jardim e Área Externa,desktop,227,56,33,19
2025-03-10,Organização,mobile,96,20,11,7
2025-03-10,Organização,desktop,196,35,18,12
2025-03-10,Elétrica,mobile,230,52,26,10
2025-03-10,Elétrica,desktop,127,30,15,5
2025-03-10,Hidráulica,mobile,231,61,32,11
2025-03-10,Hidráulica,desktop,167,36,18,7
2025-03-10,Pintura e Acabamento,mobile,184,37,19,14
2025-03-10,Pintura e Acabamento,desktop,214,44,24,16
2025-03-10,Segurança,mobile,81,18,8,2
2025-03-10,Segurança,desktop,127,34,19,6
2025-03-11,Ferramentas,mobile,271,74,37,23
2025-03-11,Ferramentas,desktop,219,57,33,22
2025-03-11,Iluminação,mobile,264,56,27,17
2025-03-11,Iluminação,desktop,232,63,34,20
2025-03-11,Utilidades Domésticas,mobile,153,36,18,14
2025-03-11,Utilidades Domésticas,desktop,256,69,40,34
2025-03-11,Jardim e Área Externa,mobile,230,59,26,17
2025-03-11,Jardim e Área Externa,desktop,267,59,34,22
2025-03-11,Organização,mobile,257,54,27,19
2025-03-11,Organização,desktop,114,28,14,9
2025-03-11,Elétrica,mobile,157,39,18,5
2025-03-11,Elétrica,desktop,229,61,30,10
2025-03-11,Hidráulica,mobile,228,41,23,10
2025-03-11,Hidráulica,desktop,286,62,28,10
2025-03-11,Pintura e Acabamento,mobile,144,30,15,11
2025-03-11,Pintura e Acabamento,desktop,163,34,19,14
2025-03-11,Segurança,mobile,82,18,8,2
2025-03-11,Segurança,desktop,262,62,34,11
2025-03-12,Ferramentas,mobile,288,59,27,14
2025-03-12,Ferramentas,desktop,92,22,10,5
2025-03-12,Iluminação,mobile,147,29,16,9
2025-03-12,Iluminação,desktop,253,45,26,17
2025-03-12,Utilidades Domésticas,mobile,178,49,22,18
2025-03-12,Utilidades Domésticas,desktop,146,39,22,18
2025-03-12,Jardim e Área Externa,mobile,87,24,13,8
2025-03-12,Jardim e Área Externa,desktop,136,35,19,11
2025-03-12,Organização,mobile,227,62,32,22
2025-03-12,Organização,desktop,139,28,15,9
2025-03-12,Elétrica,mobile,283,78,44,17
2025-03-12,Elétrica,desktop,279,75,36,12
2025-03-12,Hidráulica,mobile,96,20,10,4
2025-03-12,Hidráulica,desktop,208,40,23,9
2025-03-12,Pintura e Acabamento,mobile,255,58,29,20
2025-03-12,Pintura e Acabamento,desktop,233,54,28,21
2025-03-12,Segurança,mobile,194,45,22,8
2025-03-12,Segurança,desktop,253,61,34,10
2025-03-13,Ferramentas,mobile,284,74,33,19
2025-03-13,Ferramentas,desktop,136,35,18,10
2025-03-13,Iluminação,mobile,197,36,20,15
2025-03-13,Iluminação,desktop,120,28,15,11
2025-03-13,Utilidades Domésticas,mobile,89,18,9,7
2025-03-13,Utilidades Domésticas,desktop,176,48,25,19
2025-03-13,Jardim e Área Externa,mobile,240,58,33,21
2025-03-13,Jardim e Área Externa,desktop,231,58,31,18
2025-03-13,Organização,mobile,252,65,35,23
2025-03-13,Organização,desktop,270,67,31,20
2025-03-13,Elétrica,mobile,263,53,31,10
2025-03-13,Elétrica,desktop,97,19,11,3
2025-03-13,Hidráulica,mobile,133,33,17,7
2025-03-13,Hidráulica,desktop,99,22,12,4
2025-03-13,Pintura e Acabamento,mobile,244,58,32,21
2025-03-13,Pintura e Acabamento,desktop,205,50,22,13
2025-03-13,Segurança,mobile,270,73,35,10
2025-03-13,Segurança,desktop,113,27,14,4
2025-03-14,Ferramentas,mobile,265,57,27,17
2025-03-14,Ferramentas,desktop,103,20,9,5
2025-03-14,Iluminação,mobile,99,24,13,8
2025-03-14,Iluminação,desktop,291,74,34,21
2025-03-14,Utilidades Domésticas,mobile,126,24,13,9
2025-03-14,Utilidades Domésticas,desktop,108,29,16,11
2025-03-14,Jardim e Área Externa,mobile,294,62,33,19
2025-03-14,Jardim e Área Externa,desktop,253,67,32,19
2025-03-14,Organização,mobile,239,51,30,22
2025-03-14,Organização,desktop,172,35,15,11
2025-03-14,Elétrica,mobile,137,30,13,5
2025-03-14,Elétrica,desktop,257,47,26,8
2025-03-14,Hidráulica,mobile,235,48,22,8
2025-03-14,Hidráulica,desktop,293,72,37,17
2025-03-14,Pintura e Acabamento,mobile,98,23,11,8
2025-03-14,Pintura e Acabamento,desktop,291,60,29,20
2025-03-14,Segurança,mobile,203,38,17,4
2025-03-14,Segurança,desktop,181,42,19,5
2025-03-15,Ferramentas,mobile,171,31,18,12
2025-03-15,Ferramentas,desktop,204,49,24,13
2025-03-15,Iluminação,mobile,96,19,9,5
2025-03-15,Iluminação,desktop,102,21,11,7
2025-03-15,Utilidades Domésticas,mobile,225,45,25,19
2025-03-15,Utilidades Domésticas,desktop,146,33,15,9
2025-03-15,Jardim e Área Externa,mobile,83,22,13,8
2025-03-15,Jardim e Área Externa,desktop,299,61,28,20
2025-03-15,Organização,mobile,193,42,19,15
2025-03-15,Organização,desktop,272,69,33,21
2025-03-15,Elétrica,mobile,121,32,19,7
2025-03-15,Elétrica,desktop,187,40,18,7
2025-03-15,Hidráulica,mobile,83,19,9,4
2025-03-15,Hidráulica,desktop,291,74,43,20
2025-03-15,Pintura e Acabamento,mobile,176,48,22,16
2025-03-15,Pintura e Acabamento,desktop,167,30,17,10
2025-03-15,Segurança,mobile,118,26,12,3
2025-03-15,Segurança,desktop,193,46,22,6
2025-03-16,Ferramentas,mobile,91,17,7,4
2025-03-16,Ferramentas,desktop,163,43,24,12
2025-03-16,Iluminação,mobile,244,67,37,25
2025-03-16,Iluminação,desktop,148,26,12,8
2025-03-16,Utilidades Domésticas,mobile,203,53,25,19
2025-03-16,Utilidades Domésticas,desktop,133,25,12,9
2025-03-16,Jardim e Área Externa,mobile,114,25,12,7
2025-03-16,Jardim e Área Externa,desktop,138,28,16,11
2025-03-16,Organização,mobile,296,69,37,28
2025-03-16,Organização,desktop,176,46,23,17
2025-03-16,Elétrica,mobile,113,28,15,5
2025-03-16,Elétrica,desktop,298,83,39,15
2025-03-16,Hidráulica,mobile,112,28,13,6
2025-03-16,Hidráulica,desktop,183,45,20,7
2025-03-16,Pintura e Acabamento,mobile,85,16,7,3
2025-03-16,Pintura e Acabamento,desktop,246,55,28,16
2025-03-16,Segurança,mobile,263,60,32,10
2025-03-16,Segurança,desktop,193,38,18,5
2025-03-17,Ferramentas,mobile,231,47,23,13
2025-03-17,Ferramentas,desktop,141,34,16,10
2025-03-17,Iluminação,mobile,243,67,34,25
2025-03-17,Iluminação,desktop,104,19,10,7
2025-03-17,Utilidades Domésticas,mobile,283,75,36,27
2025-03-17,Utilidades Domésticas,desktop,182,44,21,17
2025-03-17,Jardim e Área Externa,mobile,266,74,34,25
2025-03-17,Jardim e Área Externa,desktop,94,24,10,5
2025-03-17,Organização,mobile,173,33,17,12
2025-03-17,Organização,desktop,98,19,11,7
2025-03-17,Elétrica,mobile,215,58,28,10
2025-03-17,Elétrica,desktop,249,65,34,12
2025-03-17,Hidráulica,mobile,83,16,7,2
2025-03-17,Hidráulica,desktop,84,20,11,5
2025-03-17,Pintura e Acabamento,mobile,148,28,15,9
2025-03-17,Pintura e Acabamento,desktop,114,31,17,11
2025-03-17,Segurança,mobile,149,26,13,4
2025-03-17,Segurança,desktop,290,65,33,9
2025-03-18,Ferramentas,mobile,85,15,8,5
2025-03-18,Ferramentas,desktop,152,41,23,11
2025-03-18,Iluminação,mobile,249,55,27,18
2025-03-18,Iluminação,desktop,204,52,28,16
2025-03-18,Utilidades Domésticas,mobile,163,41,22,18
2025-03-18,Utilidades Domésticas,desktop,104,27,15,12
2025-03-18,Jardim e Área Externa,mobile,295,76,40,28
2025-03-18,Jardim e Área Externa,desktop,141,29,15,9
2025-03-18,Organização,mobile,294,68,37,28
2025-03-18,Organização,desktop,230,50,27,21
2025-03-18,Elétrica,mobile,266,54,29,10
2025-03-18,Elétrica,desktop,285,73,34,14
2025-03-18,Hidráulica,mobile,122,25,13,6
2025-03-18,Hidráulica,desktop,219,40,21,8
2025-03-18,Pintura e Acabamento,mobile,271,55,29,20
2025-03-18,Pintura e Acabamento,desktop,176,48,24,16
2025-03-18,Segurança,mobile,233,51,28,8
2025-03-18,Segurança,desktop,92,24,11,3
2025-03-19,Ferramentas,mobile,244,49,27,17
2025-03-19,Ferramentas,desktop,160,42,20,11
2025-03-19,Iluminação,mobile,243,66,32,25
2025-03-19,Iluminação,desktop,295,62,33,20
2025-03-19,Utilidades Domésticas,mobile,84,15,8,6
2025-03-19,Utilidades Domésticas,desktop,85,15,7,4
2025-03-19,Jardim e Área Externa,mobile,227,58,31,20
2025-03-19,Jardim e Área Externa,desktop,116,31,14,9
2025-03-19,Organização,mobile,193,46,26,19
2025-03-19,Organização,desktop,92,20,9,6
2025-03-19,Elétrica,mobile,239,65,38,12
2025-03-19,Elétrica,desktop,124,29,13,4
2025-03-19,Hidráulica,mobile,124,24,11,4
2025-03-19,Hidráulica,desktop,274,69,34,15
2025-03-19,Pintura e Acabamento,mobile,248,44,22,16
2025-03-19,Pintura e Acabamento,desktop,216,44,22,17
2025-03-19,Segurança,mobile,207,39,18,6
2025-03-19,Segurança,desktop,248,57,27,8
2025-03-20,Ferramentas,mobile,112,30,15,9
2025-03-20,Ferramentas,desktop,199,44,22,13
2025-03-20,Iluminação,mobile,123,33,17,13
2025-03-20,Iluminação,desktop,99,23,10,7
2025-03-20,Utilidades Domésticas,mobile,181,45,22,16
2025-03-20,Utilidades Domésticas,desktop,92,23,11,7
2025-03-20,Jardim e Área Externa,mobile,181,44,25,16
2025-03-20,Jardim e Área Externa,desktop,100,25,13,9
2025-03-20,Organização,mobile,187,50,27,22
2025-03-20,Organização,desktop,127,26,12,8
2025-03-20,Elétrica,mobile,275,51,29,11
2025-03-20,Elétrica,desktop,293,54,29,11
2025-03-20,Hidráulica,mobile,166,36,16,7
2025-03-20,Hidráulica,desktop,214,56,26,12
2025-03-20,Pintura e Acabamento,mobile,206,39,21,11
2025-03-20,Pintura e Acabamento,desktop,120,25,11,7
2025-03-20,Segurança,mobile,107,26,13,4
2025-03-20,Segurança,desktop,85,22,10,3
2025-03-21,Ferramentas,mobile,281,67,33,19
2025-03-21,Ferramentas,desktop,189,39,21,14
2025-03-21,Iluminação,mobile,214,51,26,18
2025-03-21,Iluminação,desktop,91,20,10,7
2025-03-21,Utilidades Domésticas,mobile,214,51,29,18
2025-03-21,Utilidades Domésticas,desktop,152,34,18,13
2025-03-21,Jardim e Área Externa,mobile,158,35,17,9
2025-03-21,Jardim e Área Externa,desktop,220,48,24,13
2025-03-21,Organização,mobile,270,52,27,21
2025-03-21,Organização,desktop,286,61,31,20
2025-03-21,Elétrica,mobile,283,55,30,11
2025-03-21,Elétrica,desktop,108,21,11,4
2025-03-21,Hidráulica,mobile,104,21,10,4
2025-03-21,Hidráulica,desktop,212,44,21,8
2025-03-21,Pintura e Acabamento,mobile,250,48,22,15
2025-03-21,Pintura e Acabamento,desktop,286,67,34,24
2025-03-21,Segurança,mobile,247,46,22,7
2025-03-21,Segurança,desktop,171,39,17,5
2025-03-22,Ferramentas,mobile,227,42,21,11
2025-03-22,Ferramentas,desktop,186,49,26,14
2025-03-22,Iluminação,mobile,132,27,12,8
2025-03-22,Iluminação,desktop,163,44,25,17
2025-03-22,Utilidades Domésticas,mobile,127,34,17,13
2025-03-22,Utilidades Domésticas,desktop,268,62,29,24
2025-03-22,Jardim e Área Externa,mobile,230,63,31,20
2025-03-22,Jardim e Área Externa,desktop,298,79,44,25
2025-03-22,Organização,mobile,170,37,18,11
2025-03-22,Organização,desktop,93,22,10,7
2025-03-22,Elétrica,mobile,190,37,18,7
2025-03-22,Elétrica,desktop,251,66,29,10
2025-03-22,Hidráulica,mobile,225,45,23,11
2025-03-22,Hidráulica,desktop,190,50,28,11
2025-03-22,Pintura e Acabamento,mobile,245,63,36,24
2025-03-22,Pintura e Acabamento,desktop,208,50,26,16
2025-03-22,Segurança,mobile,163,42,20,5
2025-03-22,Segurança,desktop,261,49,26,8
2025-03-23,Ferramentas,mobile,273,54,31,19
2025-03-23,Ferramentas,desktop,269,74,39,22
2025-03-23,Iluminação,mobile,279,66,38,22
2025-03-23,Iluminação,desktop,212,58,29,19
2025-03-23,Utilidades Domésticas,mobile,94,25,12,7
2025-03-23,Utilidades Domésticas,desktop,247,55,26,19
2025-03-23,Jardim e Área Externa,mobile,113,25,11,8
2025-03-23,Jardim e Área Externa,desktop,202,51,27,18
2025-03-23,Organização,mobile,109,20,11,7
2025-03-23,Organização,desktop,131,28,13,10
2025-03-23,Elétrica,mobile,241,65,34,11
2025-03-23,Elétrica,desktop,296,78,39,13
2025-03-23,Hidráulica,mobile,191,48,23,10
2025-03-23,Hidráulica,desktop,250,49,23,10
2025-03-23,Pintura e Acabamento,mobile,207,43,23,16
2025-03-23,Pintura e Acabamento,desktop,257,56,27,17
2025-03-23,Segurança,mobile,230,60,34,11
2025-03-23,Segurança,desktop,225,50,29,10
2025-03-24,Ferramentas,mobile,92,24,13,8
2025-03-24,Ferramentas,desktop,81,18,8,4
2025-03-24,Iluminação,mobile,173,34,16,11
2025-03-24,Iluminação,desktop,298,80,46,28
2025-03-24,Utilidades Domésticas,mobile,164,45,23,17
2025-03-24,Utilidades Domésticas,desktop,134,27,16,10
2025-03-24,Jardim e Área Externa,mobile,169,33,18,12
2025-03-24,Jardim e Área Externa,desktop,148,34,16,10
2025-03-24,Organização,mobile,157,43,20,12
2025-03-24,Organização,desktop,260,60,27,19
2025-03-24,Elétrica,mobile,158,34,17,7
2025-03-24,Elétrica,desktop,94,18,9,3
2025-03-24,Hidráulica,mobile,86,22,11,5
2025-03-24,Hidráulica,desktop,270,73,36,13
2025-03-24,Pintura e Acabamento,mobile,111,25,11,7
2025-03-24,Pintura e Acabamento,desktop,230,52,30,20
2025-03-24,Segurança,mobile,260,51,29,10
2025-03-24,Segurança,desktop,234,58,27,10
2025-03-25,Ferramentas,mobile,294,72,41,21
2025-03-25,Ferramentas,desktop,242,57,31,17
2025-03-25,Iluminação,mobile,247,53,27,18
2025-03-25,Iluminação,desktop,180,44,24,16
2025-03-25,Utilidades Domésticas,mobile,283,60,29,20
2025-03-25,Utilidades Domésticas,desktop,216,56,25,20
2025-03-25,Jardim e Área Externa,mobile,299,81,44,28
2025-03-25,Jardim e Área Externa,desktop,94,22,11,6
2025-03-25,Organização,mobile,145,27,12,7
2025-03-25,Organização,desktop,94,25,11,8
2025-03-25,Elétrica,mobile,231,44,22,9
2025-03-25,Elétrica,desktop,144,34,15,5
2025-03-25,Hidráulica,mobile,107,28,16,5
2025-03-25,Hidráulica,desktop,172,47,25,12
2025-03-25,Pintura e Acabamento,mobile,199,54,24,15
2025-03-25,Pintura e Acabamento,desktop,156,28,13,8
2025-03-25,Segurança,mobile,130,28,15,4
2025-03-25,Segurança,desktop,106,24,12,4
2025-03-26,Ferramentas,mobile,234,53,28,17
2025-03-26,Ferramentas,desktop,147,34,17,8
2025-03-26,Iluminação,mobile,114,25,11,6
2025-03-26,Iluminação,desktop,81,16,7,4
2025-03-26,Utilidades Domésticas,mobile,209,43,25,18
2025-03-26,Utilidades Domésticas,desktop,244,57,33,24
2025-03-26,Jardim e Área Externa,mobile,160,38,19,13
2025-03-26,Jardim e Área Externa,desktop,218,39,20,12
2025-03-26,Organização,mobile,89,18,10,7
2025-03-26,Organização,desktop,86,16,7,5
2025-03-26,Elétrica,mobile,92,16,9,3
2025-03-26,Elétrica,desktop,193,53,28,10
2025-03-26,Hidráulica,mobile,208,42,19,9
2025-03-26,Hidráulica,desktop,245,44,24,11
2025-03-26,Pintura e Acabamento,mobile,100,19,9,6
2025-03-26,Pintura e Acabamento,desktop,271,75,44,32
2025-03-26,Segurança,mobile,233,52,26,8
2025-03-26,Segurança,desktop,197,48,22,7
2025-03-27,Ferramentas,mobile,247,45,20,13
2025-03-27,Ferramentas,desktop,184,34,18,10
2025-03-27,Iluminação,mobile,171,44,21,15
2025-03-27,Iluminação,desktop,160,36,20,12
2025-03-27,Utilidades Domésticas,mobile,105,24,14,10
2025-03-27,Utilidades Domésticas,desktop,190,37,16,11
2025-03-27,Jardim e Área Externa,mobile,158,43,22,13
2025-03-27,Jardim e Área Externa,desktop,254,68,39,23
2025-03-27,Organização,mobile,164,35,18,14
2025-03-27,Organização,desktop,85,16,8,5
2025-03-27,Elétrica,mobile,113,21,11,3
2025-03-27,Elétrica,desktop,179,34,18,7
2025-03-27,Hidráulica,mobile,241,61,31,11
2025-03-27,Hidráulica,desktop,116,21,9,3
2025-03-27,Pintura e Acabamento,mobile,106,26,15,8
2025-03-27,Pintura e Acabamento,desktop,279,60,28,16
2025-03-27,Segurança,mobile,268,62,30,11
2025-03-27,Segurança,desktop,230,49,28,9
2025-03-28,Ferramentas,mobile,248,58,27,17
2025-03-28,Ferramentas,desktop,135,31,14,8
2025-03-28,Iluminação,mobile,170,44,23,13
2025-03-28,Iluminação,desktop,184,46,25,15
2025-03-28,Utilidades Domésticas,mobile,94,23,13,9
2025-03-28,Utilidades Domésticas,desktop,218,40,20,14
2025-03-28,Jardim e Área Externa,mobile,131,24,13,7
2025-03-28,Jardim e Área Externa,desktop,257,51,24,15
2025-03-28,Organização,mobile,130,28,13,9
2025-03-28,Organização,desktop,230,47,26,16
2025-03-28,Elétrica,mobile,178,43,20,6
2025-03-28,Elétrica,desktop,134,35,18,6
2025-03-28,Hidráulica,mobile,198,42,22,9
2025-03-28,Hidráulica,desktop,207,56,29,14
2025-03-28,Pintura e Acabamento,mobile,154,34,17,10
2025-03-28,Pintura e Acabamento,desktop,293,66,32,24
2025-03-28,Segurança,mobile,297,69,31,9
2025-03-28,Segurança,desktop,231,53,23,8
2025-03-29,Ferramentas,mobile,94,19,11,7
2025-03-29,Ferramentas,desktop,134,34,18,10
2025-03-29,Iluminação,mobile,169,41,18,12
2025-03-29,Iluminação,desktop,278,70,36,22
2025-03-29,Utilidades Domésticas,mobile,90,17,9,6
2025-03-29,Utilidades Domésticas,desktop,145,36,18,15
2025-03-29,Jardim e Área Externa,mobile,206,48,26,15
2025-03-29,Jardim e Área Externa,desktop,144,27,13,7
2025-03-29,Organização,mobile,187,48,22,18
2025-03-29,Organização,desktop,109,22,10,8
2025-03-29,Elétrica,mobile,204,51,28,12
2025-03-29,Elétrica,desktop,242,66,30,12
2025-03-29,Hidráulica,mobile,196,52,23,10
2025-03-29,Hidráulica,desktop,130,30,16,5
2025-03-29,Pintura e Acabamento,mobile,185,40,18,11
2025-03-29,Pintura e Acabamento,desktop,253,54,31,19
2025-03-29,Segurança,mobile,226,61,31,10
2025-03-29,Segurança,desktop,163,42,24,6
2025-03-30,Ferramentas,mobile,84,17,9,6
2025-03-30,Ferramentas,desktop,294,81,46,26
2025-03-30,Iluminação,mobile,163,44,20,13
2025-03-30,Iluminação,desktop,157,29,15,11
2025-03-30,Utilidades Domésticas,mobile,188,35,17,12
2025-03-30,Utilidades Domésticas,desktop,169,40,19,12
2025-03-30,Jardim e Área Externa,mobile,286,58,32,18
2025-03-30,Jardim e Área Externa,desktop,267,69,37,24
2025-03-30,Organização,mobile,98,24,12,8
2025-03-30,Organização,desktop,258,47,22,13
2025-03-30,Elétrica,mobile,188,41,18,6
2025-03-30,Elétrica,desktop,205,52,25,8
2025-03-30,Hidráulica,mobile,156,35,19,8
2025-03-30,Hidráulica,desktop,107,25,11,4
2025-03-30,Pintura e Acabamento,mobile,84,21,10,7
2025-03-30,Pintura e Acabamento,desktop,282,68,38,24
2025-03-30,Segurança,mobile,253,50,27,9
2025-03-30,Segurança,desktop,168,44,22,6
2025-03-31,Ferramentas,mobile,122,25,14,7
2025-03-31,Ferramentas,desktop,107,27,15,8
2025-03-31,Iluminação,mobile,117,27,13,7
2025-03-31,Iluminação,desktop,283,72,37,23
2025-03-31,Utilidades Domésticas,mobile,290,81,42,27
2025-03-31,Utilidades Domésticas,desktop,228,62,30,20
2025-03-31,Jardim e Área Externa,mobile,201,39,19,13
2025-03-31,Jardim e Área Externa,desktop,188,40,22,15
2025-03-31,Organização,mobile,247,53,28,19
2025-03-31,Organização,desktop,167,35,17,12
2025-03-31,Elétrica,mobile,277,77,45,17
2025-03-31,Elétrica,desktop,268,56,31,11
2025-03-31,Hidráulica,mobile,136,28,14,5
2025-03-31,Hidráulica,desktop,162,31,15,6
2025-03-31,Pintura e Acabamento,mobile,180,50,27,18
2025-03-31,Pintura e Acabamento,desktop,164,31,15,9
2025-03-31,Segurança,mobile,201,55,29,9
2025-03-31,Segurança,desktop,100,23,12,3
2025-04-01,Ferramentas,mobile,176,34,16,8
2025-04-01,Ferramentas,desktop,273,49,24,14
2025-04-01,Iluminação,mobile,214,42,19,13
2025-04-01,Iluminação,desktop,128,25,11,7
2025-04-01,Utilidades Domésticas,mobile,296,65,35,28
2025-04-01,Utilidades Domésticas,desktop,139,38,17,13
2025-04-01,Jardim e Área Externa,mobile,238,54,30,20
2025-04-01,Jardim e Área Externa,desktop,268,59,28,18
2025-04-01,Organização,mobile,169,33,16,10
2025-04-01,Organização,desktop,99,17,9,6
2025-04-01,Elétrica,mobile,142,26,13,4
2025-04-01,Elétrica,desktop,99,21,12,4
2025-04-01,Hidráulica,mobile,260,49,24,9
2025-04-01,Hidráulica,desktop,114,28,15,5
2025-04-01,Pintura e Acabamento,mobile,237,64,36,22
2025-04-01,Pintura e Acabamento,desktop,192,49,28,17
2025-04-01,Segurança,mobile,273,61,33,10
2025-04-01,Segurança,desktop,205,57,30,9
2025-04-02,Ferramentas,mobile,115,20,9,5
2025-04-02,Ferramentas,desktop,166,34,19,12
2025-04-02,Iluminação,mobile,174,42,19,13
2025-04-02,Iluminação,desktop,188,37,19,12
2025-04-02,Utilidades Domésticas,mobile,230,52,25,17
2025-04-02,Utilidades Domésticas,desktop,237,53,27,23
2025-04-02,Jardim e Área Externa,mobile,195,53,31,22
2025-04-02,Jardim e Área Externa,desktop,150,29,15,10
2025-04-02,Organização,mobile,92,17,10,6
2025-04-02,Organização,desktop,85,16,7,4
2025-04-02,Elétrica,mobile,170,35,16,5
2025-04-02,Elétrica,desktop,99,19,9,3
2025-04-02,Hidráulica,mobile,191,44,23,11
2025-04-02,Hidráulica,desktop,123,26,13,4
2025-04-02,Pintura e Acabamento,mobile,245,54,31,22
2025-04-02,Pintura e Acabamento,desktop,255,68,32,22
2025-04-02,Segurança,mobile,193,39,18,5
2025-04-02,Segurança,desktop,116,23,11,4
2025-04-03,Ferramentas,mobile,139,28,14,9
2025-04-03,Ferramentas,desktop,194,47,26,15
2025-04-03,Iluminação,mobile,266,55,29,21
2025-04-03,Iluminação,desktop,296,74,36,23
2025-04-03,Utilidades Domésticas,mobile,229,47,21,13
2025-04-03,Utilidades Domésticas,desktop,287,65,29,20
2025-04-03,Jardim e Área Externa,mobile,268,51,25,14
2025-04-03,Jardim e Área Externa,desktop,198,38,17,10
2025-04-03,Organização,mobile,107,27,14,10
2025-04-03,Organização,desktop,193,53,25,20
2025-04-03,Elétrica,mobile,242,61,29,12
2025-04-03,Elétrica,desktop,90,22,11,4
2025-04-03,Hidráulica,mobile,294,70,32,11
2025-04-03,Hidráulica,desktop,225,56,31,12
2025-04-03,Pintura e Acabamento,mobile,182,37,18,12
2025-04-03,Pintura e Acabamento,desktop,272,52,30,22
2025-04-03,Segurança,mobile,123,22,10,3
2025-04-03,Segurança,desktop,213,38,22,7
2025-04-04,Ferramentas,mobile,282,53,26,13
2025-04-04,Ferramentas,desktop,206,44,21,14
2025-04-04,Iluminação,mobile,282,58,30,18
2025-04-04,Iluminação,desktop,102,20,9,6
2025-04-04,Utilidades Domésticas,mobile,95,24,11,8
2025-04-04,Utilidades Domésticas,desktop,106,29,15,12
2025-04-04,Jardim e Área Externa,mobile,235,56,30,20
2025-04-04,Jardim e Área Externa,desktop,179,47,22,16
2025-04-04,Organização,mobile,189,43,23,15
2025-04-04,Organização,desktop,208,44,24,17
2025-04-04,Elétrica,mobile,138,24,14,6
2025-04-04,Elétrica,desktop,288,67,31,13
2025-04-04,Hidráulica,mobile,131,31,15,7
2025-04-04,Hidráulica,desktop,158,43,19,8
2025-04-04,Pintura e Acabamento,mobile,222,42,22,15
2025-04-04,Pintura e Acabamento,desktop,283,75,42,31
2025-04-04,Segurança,mobile,226,48,25,9
2025-04-04,Segurança,desktop,271,57,28,10
2025-04-05,Ferramentas,mobile,265,63,30,20
2025-04-05,Ferramentas,desktop,103,22,13,7
2025-04-05,Iluminação,mobile,151,32,14,8
2025-04-05,Iluminação,desktop,253,69,35,20
2025-04-05,Utilidades Domésticas,mobile,184,49,23,14
2025-04-05,Utilidades Domésticas,desktop,241,59,29,23
2025-04-05,Jardim e Área Externa,mobile,226,60,35,21
2025-04-05,Jardim e Área Externa,desktop,250,62,36,24
2025-04-05,Organização,mobile,283,66,34,21
2025-04-05,Organização,desktop,139,34,17,12
2025-04-05,Elétrica,mobile,207,38,21,7
2025-04-05,Elétrica,desktop,146,30,15,5
2025-04-05,Hidráulica,mobile,281,64,34,14
2025-04-05,Hidráulica,desktop,133,36,17,7
2025-04-05,Pintura e Acabamento,mobile,138,37,20,12
2025-04-05,Pintura e Acabamento,desktop,184,50,25,15
2025-04-05,Segurança,mobile,228,41,19,5
2025-04-05,Segurança,desktop,110,21,12,3
2025-04-06,Ferramentas,mobile,216,53,28,15
2025-04-06,Ferramentas,desktop,88,16,7,3
2025-04-06,Iluminação,mobile,248,65,34,26
2025-04-06,Iluminação,desktop,230,63,28,17
2025-04-06,Utilidades Domésticas,mobile,171,46,21,14
2025-04-06,Utilidades Domésticas,desktop,140,32,18,13
2025-04-06,Jardim e Área Externa,mobile,275,68,36,22
2025-04-06,Jardim e Área Externa,desktop,287,59,35,25
2025-04-06,Organização,mobile,112,26,11,8
2025-04-06,Organização,desktop,105,27,14,9
2025-04-06,Elétrica,mobile,299,54,32,13
2025-04-06,Elétrica,desktop,272,50,22,8
2025-04-06,Hidráulica,mobile,280,68,31,12
2025-04-06,Hidráulica,desktop,199,38,20,9
2025-04-06,Pintura e Acabamento,mobile,297,68,36,21
2025-04-06,Pintura e Acabamento,desktop,280,68,30,19
2025-04-06,Segurança,mobile,280,50,22,6
2025-04-06,Segurança,desktop,189,48,27,9
2025-04-07,Ferramentas,mobile,192,37,17,11
2025-04-07,Ferramentas,desktop,247,45,23,14
2025-04-07,Iluminação,mobile,81,22,10,7
2025-04-07,Iluminação,desktop,282,54,26,15
2025-04-07,Utilidades Domésticas,mobile,162,39,17,11
2025-04-07,Utilidades Domésticas,desktop,115,28,16,12
2025-04-07,Jardim e Área Externa,mobile,128,31,17,10
2025-04-07,Jardim e Área Externa,desktop,91,23,13,8
2025-04-07,Organização,mobile,153,39,19,15
2025-04-07,Organização,desktop,220,60,31,20
2025-04-07,Elétrica,mobile,262,50,28,10
2025-04-07,Elétrica,desktop,130,27,16,6
2025-04-07,Hidráulica,mobile,296,63,32,14
2025-04-07,Hidráulica,desktop,173,45,24,9
2025-04-07,Pintura e Acabamento,mobile,278,71,41,27
2025-04-07,Pintura e Acabamento,desktop,81,17,7,4
2025-04-07,Segurança,mobile,287,70,33,10
2025-04-07,Segurança,desktop,279,61,30,10
2025-04-08,Ferramentas,mobile,212,54,25,17
2025-04-08,Ferramentas,desktop,146,34,19,11
2025-04-08,Iluminação,mobile,247,66,37,22
2025-04-08,Iluminação,desktop,214,48,25,17
2025-04-08,Utilidades Domésticas,mobile,123,23,11,9
2025-04-08,Utilidades Domésticas,desktop,116,25,13,9
2025-04-08,Jardim e Área Externa,mobile,293,63,33,20
2025-04-08,Jardim e Área Externa,desktop,185,50,24,13
2025-04-08,Organização,mobile,186,36,19,11
2025-04-08,Organização,desktop,163,35,19,14
2025-04-08,Elétrica,mobile,127,34,16,5
2025-04-08,Elétrica,desktop,179,36,18,7
2025-04-08,Hidráulica,mobile,172,32,17,8
2025-04-08,Hidráulica,desktop,205,45,24,9
2025-04-08,Pintura e Acabamento,mobile,82,17,9,5
2025-04-08,Pintura e Acabamento,desktop,117,28,13,8
2025-04-08,Segurança,mobile,100,23,13,4
2025-04-08,Segurança,desktop,255,53,29,9
2025-04-09,Ferramentas,mobile,228,62,28,18
2025-04-09,Ferramentas,desktop,157,28,14,7
2025-04-09,Iluminação,mobile,290,73,36,23
2025-04-09,Iluminação,desktop,143,34,17,10
2025-04-09,Utilidades Domésticas,mobile,253,64,29,19
2025-04-09,Utilidades Domésticas,desktop,88,18,10,7
2025-04-09,Jardim e Área Externa,mobile,84,22,12,8
2025-04-09,Jardim e Área Externa,desktop,242,61,33,23
2025-04-09,Organização,mobile,174,45,24,15
2025-04-09,Organização,desktop,262,69,37,28
2025-04-09,Elétrica,mobile,101,18,9,3
2025-04-09,Elétrica,desktop,152,35,18,7
2025-04-09,Hidráulica,mobile,268,70,40,18
2025-04-09,Hidráulica,desktop,146,34,17,6
2025-04-09,Pintura e Acabamento,mobile,228,54,28,18
2025-04-09,Pintura e Acabamento,desktop,202,40,18,10
2025-04-09,Segurança,mobile,261,68,32,11
2025-04-09,Segurança,desktop,232,53,30,10
2025-04-10,Ferramentas,mobile,165,34,15,8
2025-04-10,Ferramentas,desktop,185,47,23,15
2025-04-10,Iluminação,mobile,207,40,19,12
2025-04-10,Iluminação,desktop,254,52,27,17
2025-04-10,Utilidades Domésticas,mobile,299,58,29,25
2025-04-10,Utilidades Domésticas,desktop,118,30,16,12
2025-04-10,Jardim e Área Externa,mobile,231,63,29,19
2025-04-10,Jardim e Área Externa,desktop,116,28,13,8
2025-04-10,Organização,mobile,154,33,16,12
2025-04-10,Organização,desktop,226,46,25,15
2025-04-10,Elétrica,mobile,208,48,24,10
2025-04-10,Elétrica,desktop,278,61,33,14
2025-04-10,Hidráulica,mobile,154,41,19,8
2025-04-10,Hidráulica,desktop,237,55,32,12
2025-04-10,Pintura e Acabamento,mobile,295,78,38,24
2025-04-10,Pintura e Acabamento,desktop,156,40,20,11
2025-04-10,Segurança,mobile,218,40,19,6
2025-04-10,Segurança,desktop,165,35,19,7
2025-04-11,Ferramentas,mobile,108,26,14,9
2025-04-11,Ferramentas,desktop,240,56,31,17
2025-04-11,Iluminação,mobile,144,29,13,8
2025-04-11,Iluminação,desktop,231,53,28,18
2025-04-11,Utilidades Domésticas,mobile,164,33,19,12
2025-04-11,Utilidades Domésticas,desktop,202,39,21,15
2025-04-11,Jardim e Área Externa,mobile,156,37,21,13
2025-04-11,Jardim e Área Externa,desktop,84,16,9,6
2025-04-11,Organização,mobile,219,43,20,15
2025-04-11,Organização,desktop,108,26,12,7
2025-04-11,Elétrica,mobile,187,42,23,7
2025-04-11,Elétrica,desktop,265,57,28,11
2025-04-11,Hidráulica,mobile,285,72,35,14
2025-04-11,Hidráulica,desktop,116,22,12,5
2025-04-11,Pintura e Acabamento,mobile,167,41,24,17
2025-04-11,Pintura e Acabamento,desktop,275,49,25,15
2025-04-11,Segurança,mobile,220,40,20,7
2025-04-11,Segurança,desktop,181,38,21,6
2025-04-12,Ferramentas,mobile,268,59,32,22
2025-04-12,Ferramentas,desktop,264,68,40,24
2025-04-12,Iluminação,mobile,120,25,13,9
2025-04-12,Iluminação,desktop,82,17,9,5
2025-04-12,Utilidades Domésticas,mobile,84,19,9,6
2025-04-12,Utilidades Domésticas,desktop,288,65,33,28
2025-04-12,Jardim e Área Externa,mobile,190,42,22,14
2025-04-12,Jardim e Área Externa,desktop,128,25,14,9
2025-04-12,Organização,mobile,241,45,23,16
2025-04-12,Organização,desktop,287,79,43,28
2025-04-12,Elétrica,mobile,232,61,33,14
2025-04-12,Elétrica,desktop,297,69,40,14
2025-04-12,Hidráulica,mobile,284,69,32,13
2025-04-12,Hidráulica,desktop,125,29,14,5
2025-04-12,Pintura e Acabamento,mobile,201,42,24,18
2025-04-12,Pintura e Acabamento,desktop,146,38,20,11
2025-04-12,Segurança,mobile,191,42,23,8
2025-04-12,Segurança,desktop,265,71,33,11
2025-04-13,Ferramentas,mobile,151,35,16,9
2025-04-13,Ferramentas,desktop,226,57,29,15
2025-04-13,Iluminação,mobile,97,23,10,7
2025-04-13,Iluminação,desktop,236,53,30,19
2025-04-13,Utilidades Domésticas,mobile,274,56,30,25
2025-04-13,Utilidades Domésticas,desktop,265,68,40,29
2025-04-13,Jardim e Área Externa,mobile,169,43,24,17
2025-04-13,Jardim e Área Externa,desktop,241,55,27,17
2025-04-13,Organização,mobile,92,17,7,4
2025-04-13,Organização,desktop,160,33,19,15
2025-04-13,Elétrica,mobile,128,23,10,4
2025-04-13,Elétrica,desktop,181,35,16,6
2025-04-13,Hidráulica,mobile,172,41,22,8
2025-04-13,Hidráulica,desktop,162,39,19,6
2025-04-13,Pintura e Acabamento,mobile,200,42,22,15
2025-04-13,Pintura e Acabamento,desktop,109,29,14,9
2025-04-13,Segurança,mobile,219,52,23,6
2025-04-13,Segurança,desktop,204,49,27,7
2025-04-14,Ferramentas,mobile,83,21,11,7
2025-04-14,Ferramentas,desktop,196,52,29,18
2025-04-14,Iluminação,mobile,130,23,12,8
2025-04-14,Iluminação,desktop,227,60,30,21
2025-04-14,Utilidades Domésticas,mobile,234,64,36,29
2025-04-14,Utilidades Domésticas,desktop,100,20,10,8
2025-04-14,Jardim e Área Externa,mobile,214,59,34,19
2025-04-14,Jardim e Área Externa,desktop,101,26,12,8
2025-04-14,Organização,mobile,102,24,13,9
2025-04-14,Organização,desktop,167,31,17,11
2025-04-14,Elétrica,mobile,114,30,17,5
2025-04-14,Elétrica,desktop,194,48,21,6
2025-04-14,Hidráulica,mobile,139,31,18,8
2025-04-14,Hidráulica,desktop,155,29,15,6
2025-04-14,Pintura e Acabamento,mobile,227,50,24,17
2025-04-14,Pintura e Acabamento,desktop,152,41,20,13
2025-04-14,Segurança,mobile,94,20,11,3
2025-04-14,Segurança,desktop,149,37,19,6
2025-04-15,Ferramentas,mobile,160,30,15,8
2025-04-15,Ferramentas,desktop,189,34,19,11
2025-04-15,Iluminação,mobile,156,32,17,11
2025-04-15,Iluminação,desktop,176,34,15,9
2025-04-15,Utilidades Domésticas,mobile,226,43,20,16
2025-04-15,Utilidades Domésticas,desktop,268,61,36,31
2025-04-15,Jardim e Área Externa,mobile,192,36,18,10
2025-04-15,Jardim e Área Externa,desktop,289,75,36,25
2025-04-15,Organização,mobile,129,28,14,11
2025-04-15,Organização,desktop,153,31,14,10
2025-04-15,Elétrica,mobile,219,46,23,7
2025-04-15,Elétrica,desktop,89,18,8,2
2025-04-15,Hidráulica,mobile,98,24,10,4
2025-04-15,Hidráulica,desktop,291,68,34,16
2025-04-15,Pintura e Acabamento,mobile,236,47,26,20
2025-04-15,Pintura e Acabamento,desktop,89,20,10,6
2025-04-15,Segurança,mobile,181,43,19,6
2025-04-15,Segurança,desktop,264,65,30,9
2025-04-16,Ferramentas,mobile,177,36,17,9
2025-04-16,Ferramentas,desktop,139,30,16,9
2025-04-16,Iluminação,mobile,287,78,45,34
2025-04-16,Iluminação,desktop,263,65,34,24
2025-04-16,Utilidades Domésticas,mobile,274,66,34,28
2025-04-16,Utilidades Domésticas,desktop,297,63,31,23
2025-04-16,Jardim e Área Externa,mobile,183,48,21,13
2025-04-16,Jardim e Área Externa,desktop,173,32,14,10
2025-04-16,Organização,mobile,211,49,25,15
2025-04-16,Organização,desktop,294,63,29,19
2025-04-16,Elétrica,mobile,160,29,17,5
2025-04-16,Elétrica,desktop,87,22,12,3
2025-04-16,Hidráulica,mobile,229,48,27,10
2025-04-16,Hidráulica,desktop,295,62,35,15
2025-04-16,Pintura e Acabamento,mobile,270,70,41,30
2025-04-16,Pintura e Acabamento,desktop,267,51,24,18
2025-04-16,Segurança,mobile,226,46,20,7
2025-04-16,Segurança,desktop,182,40,20,6
2025-04-17,Ferramentas,mobile,211,42,22,15
2025-04-17,Ferramentas,desktop,112,21,9,5
2025-04-17,Iluminação,mobile,276,64,29,21
2025-04-17,Iluminação,desktop,274,66,32,24
2025-04-17,Utilidades Domésticas,mobile,184,46,24,15
2025-04-17,Utilidades Domésticas,desktop,101,26,15,10
2025-04-17,Jardim e Área Externa,mobile,206,51,27,18
2025-04-17,Jardim e Área Externa,desktop,116,22,10,6
2025-04-17,Organização,mobile,229,48,27,16
2025-04-17,Organização,desktop,96,18,9,5
2025-04-17,Elétrica,mobile,215,56,32,12
2025-04-17,Elétrica,desktop,274,57,33,11
2025-04-17,Hidráulica,mobile,191,35,16,6
2025-04-17,Hidráulica,desktop,155,29,14,5
2025-04-17,Pintura e Acabamento,mobile,138,35,15,10
2025-04-17,Pintura e Acabamento,desktop,159,34,17,9
2025-04-17,Segurança,mobile,241,62,32,8
2025-04-17,Segurança,desktop,260,48,26,8
2025-04-18,Ferramentas,mobile,236,52,30,19
2025-04-18,Ferramentas,desktop,153,37,19,12
2025-04-18,Iluminação,mobile,279,59,29,17
2025-04-18,Iluminação,desktop,185,49,28,17
2025-04-18,Utilidades Domésticas,mobile,111,29,13,9
2025-04-18,Utilidades Domésticas,desktop,132,27,13,11
2025-04-18,Jardim e Área Externa,mobile,253,65,33,23
2025-04-18,Jardim e Área Externa,desktop,151,41,23,14
2025-04-18,Organização,mobile,297,80,37,28
2025-04-18,Organização,desktop,278,65,30,18
2025-04-18,Elétrica,mobile,87,18,9,3
2025-04-18,Elétrica,desktop,169,45,22,8
2025-04-18,Hidráulica,mobile,96,17,7,2
2025-04-18,Hidráulica,desktop,134,37,19,7
2025-04-18,Pintura e Acabamento,mobile,110,29,16,9
2025-04-18,Pintura e Acabamento,desktop,80,15,7,5
2025-04-18,Segurança,mobile,258,68,32,10
2025-04-18,Segurança,desktop,280,66,38,14
2025-04-19,Ferramentas,mobile,233,51,30,17
2025-04-19,Ferramentas,desktop,154,34,19,12
2025-04-19,Iluminação,mobile,125,28,16,12
2025-04-19,Iluminação,desktop,173,41,20,12
2025-04-19,Utilidades Domésticas,mobile,232,46,26,18
2025-04-19,Utilidades Domésticas,desktop,200,37,20,14
2025-04-19,Jardim e Área Externa,mobile,264,51,24,16
2025-04-19,Jardim e Área Externa,desktop,251,62,34,21
2025-04-19,Organização,mobile,294,71,37,24
2025-04-19,Organização,desktop,206,49,29,19
2025-04-19,Elétrica,mobile,183,35,18,7
2025-04-19,Elétrica,desktop,114,30,17,7
2025-04-19,Hidráulica,mobile,290,79,38,17
2025-04-19,Hidráulica,desktop,217,48,27,12
2025-04-19,Pintura e Acabamento,mobile,206,39,19,11
2025-04-19,Pintura e Acabamento,desktop,182,33,15,9
2025-04-19,Segurança,mobile,80,21,10,3
2025-04-19,Segurança,desktop,256,67,31,9
2025-04-20,Ferramentas,mobile,248,63,35,22
2025-04-20,Ferramentas,desktop,236,42,22,14
2025-04-20,Iluminação,mobile,142,33,16,10
2025-04-20,Iluminação,desktop,161,32,15,11
2025-04-20,Utilidades Domésticas,mobile,253,49,25,17
2025-04-20,Utilidades Domésticas,desktop,297,74,41,29
2025-04-20,Jardim e Área Externa,mobile,269,57,29,20
2025-04-20,Jardim e Área Externa,desktop,288,64,28,20
2025-04-20,Organização,mobile,90,19,10,7
2025-04-20,Organização,desktop,106,27,13,8
2025-04-20,Elétrica,mobile,127,23,12,4
2025-04-20,Elétrica,desktop,142,39,18,6
2025-04-20,Hidráulica,mobile,211,49,25,9
2025-04-20,Hidráulica,desktop,185,51,26,10
2025-04-20,Pintura e Acabamento,mobile,297,79,40,25
2025-04-20,Pintura e Acabamento,desktop,182,35,17,11
2025-04-20,Segurança,mobile,120,30,14,3
2025-04-20,Segurança,desktop,102,24,12,4
2025-04-21,Ferramentas,mobile,118,23,10,6
2025-04-21,Ferramentas,desktop,273,63,37,22
2025-04-21,Iluminação,mobile,208,52,26,18
2025-04-21,Iluminação,desktop,83,18,8,5
2025-04-21,Utilidades Domésticas,mobile,145,28,13,8
2025-04-21,Utilidades Domésticas,desktop,252,47,27,21
2025-04-21,Jardim e Área Externa,mobile,227,48,25,13
2025-04-21,Jardim e Área Externa,desktop,167,40,23,16
2025-04-21,Organização,mobile,176,34,18,14
2025-04-21,Organização,desktop,140,33,16,9
2025-04-21,Elétrica,mobile,142,32,16,6
2025-04-21,Elétrica,desktop,109,25,13,4
2025-04-21,Hidráulica,mobile,168,39,18,6
2025-04-21,Hidráulica,desktop,287,61,33,15
2025-04-21,Pintura e Acabamento,mobile,253,64,29,17
2025-04-21,Pintura e Acabamento,desktop,260,58,29,16
2025-04-21,Segurança,mobile,130,27,12,4
2025-04-21,Segurança,desktop,279,64,38,13
2025-04-22,Ferramentas,mobile,216,53,25,14
2025-04-22,Ferramentas,desktop,297,70,38,20
2025-04-22,Iluminação,mobile,248,65,37,22
2025-04-22,Iluminação,desktop,86,18,8,6
2025-04-22,Utilidades Domésticas,mobile,236,59,34,21
2025-04-22,Utilidades Domésticas,desktop,192,41,22,18
2025-04-22,Jardim e Área Externa,mobile,158,33,18,12
2025-04-22,Jardim e Área Externa,desktop,89,16,8,5
2025-04-22,Organização,mobile,117,31,17,12
2025-04-22,Organização,desktop,152,38,22,14
2025-04-22,Elétrica,mobile,125,27,12,4
2025-04-22,Elétrica,desktop,283,59,33,11
2025-04-22,Hidráulica,mobile,118,28,14,5
2025-04-22,Hidráulica,desktop,222,48,26,12
2025-04-22,Pintura e Acabamento,mobile,206,56,32,22
2025-04-22,Pintura e Acabamento,desktop,208,50,26,18
2025-04-22,Segurança,mobile,275,50,25,7
2025-04-22,Segurança,desktop,151,38,20,7
2025-04-23,Ferramentas,mobile,270,50,27,18
2025-04-23,Ferramentas,desktop,233,53,24,14
2025-04-23,Iluminação,mobile,229,45,20,14
2025-04-23,Iluminação,desktop,259,67,33,20
2025-04-23,Utilidades Domésticas,mobile,147,26,15,10
2025-04-23,Utilidades Domésticas,desktop,154,30,16,11
2025-04-23,Jardim e Área Externa,mobile,255,46,20,12
2025-04-23,Jardim e Área Externa,desktop,260,51,22,13
2025-04-23,Organização,mobile,146,31,17,13
2025-04-23,Organização,desktop,154,34,19,15
2025-04-23,Elétrica,mobile,160,41,21,8
2025-04-23,Elétrica,desktop,237,64,37,14
2025-04-23,Hidráulica,mobile,104,28,14,6
2025-04-23,Hidráulica,desktop,144,26,13,6
2025-04-23,Pintura e Acabamento,mobile,237,57,33,19
2025-04-23,Pintura e Acabamento,desktop,205,38,18,11
2025-04-23,Segurança,mobile,134,28,13,3
2025-04-23,Segurança,desktop,282,51,25,7
2025-04-24,Ferramentas,mobile,150,37,17,9
2025-04-24,Ferramentas,desktop,227,44,25,13
2025-04-24,Iluminação,mobile,293,71,41,32
2025-04-24,Iluminação,desktop,219,58,34,23
2025-04-24,Utilidades Domésticas,mobile,97,24,13,9
2025-04-24,Utilidades Domésticas,desktop,204,47,27,20
2025-04-24,Jardim e Área Externa,mobile,212,51,29,17
2025-04-24,Jardim e Área Externa,desktop,180,33,19,11
2025-04-24,Organização,mobile,108,22,11,8
2025-04-24,Organização,desktop,226,43,19,14
2025-04-24,Elétrica,mobile,215,57,27,11
2025-04-24,Elétrica,desktop,286,63,34,13
2025-04-24,Hidráulica,mobile,135,29,13,5
2025-04-24,Hidráulica,desktop,231,44,26,12
2025-04-24,Pintura e Acabamento,mobile,277,67,35,25
2025-04-24,Pintura e Acabamento,desktop,82,21,11,8
2025-04-24,Segurança,mobile,153,39,22,8
2025-04-24,Segurança,desktop,234,43,20,6
2025-04-25,Ferramentas,mobile,299,73,35,22
2025-04-25,Ferramentas,desktop,164,31,17,11
2025-04-25,Iluminação,mobile,99,19,9,7
2025-04-25,Iluminação,desktop,240,60,35,24
2025-04-25,Utilidades Domésticas,mobile,101,26,12,8
2025-04-25,Utilidades Domésticas,desktop,207,52,25,20
2025-04-25,Jardim e Área Externa,mobile,224,46,26,16
2025-04-25,Jardim e Área Externa,desktop,84,21,11,7
2025-04-25,Organização,mobile,82,19,10,6
2025-04-25,Organização,desktop,163,42,20,15
2025-04-25,Elétrica,mobile,221,54,32,13
2025-04-25,Elétrica,desktop,192,49,27,10
2025-04-25,Hidráulica,mobile,276,70,41,20
2025-04-25,Hidráulica,desktop,151,31,14,5
2025-04-25,Pintura e Acabamento,mobile,177,39,18,12
2025-04-25,Pintura e Acabamento,desktop,271,61,35,25
2025-04-25,Segurança,mobile,81,20,11,4
2025-04-25,Segurança,desktop,192,45,22,6
2025-04-26,Ferramentas,mobile,174,43,22,12
2025-04-26,Ferramentas,desktop,121,26,15,8
2025-04-26,Iluminação,mobile,227,48,24,17
2025-04-26,Iluminação,desktop,288,56,31,20
2025-04-26,Utilidades Domésticas,mobile,184,36,16,13
2025-04-26,Utilidades Domésticas,desktop,108,20,10,6
2025-04-26,Jardim e Área Externa,mobile,243,60,28,18
2025-04-26,Jardim e Área Externa,desktop,101,26,15,9
2025-04-26,Organização,mobile,121,27,14,11
2025-04-26,Organização,desktop,210,51,24,14
2025-04-26,Elétrica,mobile,128,31,17,7
2025-04-26,Elétrica,desktop,211,52,28,9
2025-04-26,Hidráulica,mobile,84,19,9,4
2025-04-26,Hidráulica,desktop,273,76,38,16
2025-04-26,Pintura e Acabamento,mobile,218,42,23,16
2025-04-26,Pintura e Acabamento,desktop,162,39,18,12
2025-04-26,Segurança,mobile,91,18,10,3
2025-04-26,Segurança,desktop,299,64,36,12
2025-04-27,Ferramentas,mobile,123,25,13,9
2025-04-27,Ferramentas,desktop,214,47,24,12
2025-04-27,Iluminação,mobile,133,28,14,8
2025-04-27,Iluminação,desktop,191,43,21,12
2025-04-27,Utilidades Domésticas,mobile,106,22,12,8
2025-04-27,Utilidades Domésticas,desktop,172,35,19,14
2025-04-27,Jardim e Área Externa,mobile,202,54,25,17
2025-04-27,Jardim e Área Externa,desktop,128,29,15,10
2025-04-27,Organização,mobile,114,29,17,13
2025-04-27,Organização,desktop,97,20,11,7
2025-04-27,Elétrica,mobile,145,27,16,5
2025-04-27,Elétrica,desktop,145,29,13,4
2025-04-27,Hidráulica,mobile,215,57,33,14
2025-04-27,Hidráulica,desktop,158,43,24,9
2025-04-27,Pintura e Acabamento,mobile,143,27,15,8
2025-04-27,Pintura e Acabamento,desktop,209,58,30,22
2025-04-27,Segurança,mobile,283,58,29,10
2025-04-27,Segurança,desktop,82,16,8,2
2025-04-28,Ferramentas,mobile,107,23,11,6
2025-04-28,Ferramentas,desktop,129,33,17,10
2025-04-28,Iluminação,mobile,183,37,19,11
2025-04-28,Iluminação,desktop,159,38,18,13
2025-04-28,Utilidades Domésticas,mobile,278,64,32,26
2025-04-28,Utilidades Domésticas,desktop,114,22,10,6
2025-04-28,Jardim e Área Externa,mobile,180,42,19,10
2025-04-28,Jardim e Área Externa,desktop,99,25,11,6
2025-04-28,Organização,mobile,113,31,15,9
2025-04-28,Organização,desktop,130,28,14,11
2025-04-28,Elétrica,mobile,233,58,32,11
2025-04-28,Elétrica,desktop,203,55,30,10
2025-04-28,Hidráulica,mobile,241,63,29,11
2025-04-28,Hidráulica,desktop,272,74,39,16
2025-04-28,Pintura e Acabamento,mobile,142,29,13,8
2025-04-28,Pintura e Acabamento,desktop,272,60,32,20
2025-04-28,Segurança,mobile,83,22,12,3
2025-04-28,Segurança,desktop,160,44,23,7
2025-04-29,Ferramentas,mobile,104,24,13,8
2025-04-29,Ferramentas,desktop,205,50,24,16
2025-04-29,Iluminação,mobile,284,67,31,20
2025-04-29,Iluminação,desktop,118,27,12,7
2025-04-29,Utilidades Domésticas,mobile,199,50,27,18
2025-04-29,Utilidades Domésticas,desktop,266,63,34,27
2025-04-29,Jardim e Área Externa,mobile,104,19,9,5
2025-04-29,Jardim e Área Externa,desktop,294,58,31,21
2025-04-29,Organização,mobile,128,24,11,8
2025-04-29,Organização,desktop,107,28,15,9
2025-04-29,Elétrica,mobile,284,75,42,16
2025-04-29,Elétrica,desktop,226,48,22,7
2025-04-29,Hidráulica,mobile,271,62,33,14
2025-04-29,Hidráulica,desktop,227,44,23,9
2025-04-29,Pintura e Acabamento,mobile,85,16,9,5
2025-04-29,Pintura e Acabamento,desktop,239,43,23,16
2025-04-29,Segurança,mobile,233,45,24,6
2025-04-29,Segurança,desktop,152,33,18,6
2025-04-30,Ferramentas,mobile,233,55,25,15
2025-04-30,Ferramentas,desktop,173,37,21,14
2025-04-30,Iluminação,mobile,133,25,14,11
2025-04-30,Iluminação,desktop,265,53,29,20
2025-04-30,Utilidades Domésticas,mobile,221,44,24,16
2025-04-30,Utilidades Domésticas,desktop,289,80,46,33
2025-04-30,Jardim e Área Externa,mobile,179,35,17,11
2025-04-30,Jardim e Área Externa,desktop,282,77,42,30
2025-04-30,Organização,mobile,245,54,31,20
2025-04-30,Organização,desktop,146,37,17,11
2025-04-30,Elétrica,mobile,122,25,12,4
2025-04-30,Elétrica,desktop,210,44,25,8
2025-04-30,Hidráulica,mobile,270,59,32,12
2025-04-30,Hidráulica,desktop,242,45,20,7
2025-04-30,Pintura e Acabamento,mobile,257,50,29,17
2025-04-30,Pintura e Acabamento,desktop,102,18,9,5
2025-04-30,Segurança,mobile,125,23,13,4
2025-04-30,Segurança,desktop,185,33,17,5
2025-05-01,Ferramentas,mobile,228,51,29,16
2025-05-01,Ferramentas,desktop,125,26,13,7
2025-05-01,Iluminação,mobile,201,48,26,20
2025-05-01,Iluminação,desktop,145,29,15,9
2025-05-01,Utilidades Domésticas,mobile,278,66,35,27
2025-05-01,Utilidades Domésticas,desktop,157,31,16,13
2025-05-01,Jardim e Área Externa,mobile,167,39,19,11
2025-05-01,Jardim e Área Externa,desktop,163,34,17,10
2025-05-01,Organização,mobile,299,66,36,22
2025-05-01,Organização,desktop,194,40,22,13
2025-05-01,Elétrica,mobile,258,65,36,14
2025-05-01,Elétrica,desktop,134,29,13,5
2025-05-01,Hidráulica,mobile,150,32,15,5
2025-05-01,Hidráulica,desktop,132,29,16,7
2025-05-01,Pintura e Acabamento,mobile,258,64,28,21
2025-05-01,Pintura e Acabamento,desktop,85,15,8,5
2025-05-01,Segurança,mobile,100,27,12,3
2025-05-01,Segurança,desktop,273,61,34,11
2025-05-02,Ferramentas,mobile,150,37,20,10
2025-05-02,Ferramentas,desktop,208,47,21,13
2025-05-02,Iluminação,mobile,231,41,22,14
2025-05-02,Iluminação,desktop,244,67,32,24
2025-05-02,Utilidades Domésticas,mobile,117,28,14,10
2025-05-02,Utilidades Domésticas,desktop,266,67,31,24
2025-05-02,Jardim e Área Externa,mobile,89,17,7,4
2025-05-02,Jardim e Área Externa,desktop,271,60,30,18
2025-05-02,Organização,mobile,109,22,10,6
2025-05-02,Organização,desktop,177,43,22,17
2025-05-02,Elétrica,mobile,168,36,20,8
2025-05-02,Elétrica,desktop,234,60,30,10
2025-05-02,Hidráulica,mobile,262,54,24,10
2025-05-02,Hidráulica,desktop,126,23,10,4
2025-05-02,Pintura e Acabamento,mobile,106,25,14,8
2025-05-02,Pintura e Acabamento,desktop,182,45,20,13
2025-05-02,Segurança,mobile,166,44,19,5
2025-05-02,Segurança,desktop,200,45,26,8
2025-05-03,Ferramentas,mobile,171,37,16,9
2025-05-03,Ferramentas,desktop,87,23,10,6
2025-05-03,Iluminação,mobile,286,64,34,23
2025-05-03,Iluminação,desktop,130,30,13,9
2025-05-03,Utilidades Domésticas,mobile,193,49,28,19
2025-05-03,Utilidades Domésticas,desktop,95,26,15,10
2025-05-03,Jardim e Área Externa,mobile,180,49,24,17
2025-05-03,Jardim e Área Externa,desktop,214,50,24,13
2025-05-03,Organização,mobile,82,21,10,7
2025-05-03,Organização,desktop,135,31,16,11
2025-05-03,Elétrica,mobile,253,69,36,13
2025-05-03,Elétrica,desktop,196,45,23,8
2025-05-03,Hidráulica,mobile,242,52,29,14
2025-05-03,Hidráulica,desktop,148,39,22,10
2025-05-03,Pintura e Acabamento,mobile,91,23,12,8
2025-05-03,Pintura e Acabamento,desktop,269,73,33,22
2025-05-03,Segurança,mobile,262,47,27,8
2025-05-03,Segurança,desktop,281,55,30,8
2025-05-04,Ferramentas,mobile,98,22,12,7
2025-05-04,Ferramentas,desktop,174,41,18,11
2025-05-04,Iluminação,mobile,163,37,19,12
2025-05-04,Iluminação,desktop,107,28,16,11
2025-05-04,Utilidades Domésticas,mobile,225,54,29,19
2025-05-04,Utilidades Domésticas,desktop,224,56,27,23
2025-05-04,Jardim e Área Externa,mobile,153,34,19,12
2025-05-04,Jardim e Área Externa,desktop,89,23,12,7
2025-05-04,Organização,mobile,280,62,31,24
2025-05-04,Organização,desktop,245,62,31,24
2025-05-04,Elétrica,mobile,149,41,24,8
2025-05-04,Elétrica,desktop,206,47,25,10
2025-05-04,Hidráulica,mobile,262,63,34,13
2025-05-04,Hidráulica,desktop,290,78,39,16
2025-05-04,Pintura e Acabamento,mobile,177,46,27,18
2025-05-04,Pintura e Acabamento,desktop,91,19,9,6
2025-05-04,Segurança,mobile,213,53,26,8
2025-05-04,Segurança,desktop,160,34,16,4
2025-05-05,Ferramentas,mobile,278,66,31,20
2025-05-05,Ferramentas,desktop,208,50,24,16
2025-05-05,Iluminação,mobile,150,35,19,13
2025-05-05,Iluminação,desktop,147,28,13,10
2025-05-05,Utilidades Domésticas,mobile,104,23,11,7
2025-05-05,Utilidades Domésticas,desktop,185,33,17,13
2025-05-05,Jardim e Área Externa,mobile,157,43,23,13
2025-05-05,Jardim e Área Externa,desktop,156,41,18,10
2025-05-05,Organização,mobile,213,40,19,14
2025-05-05,Organização,desktop,201,37,21,16
2025-05-05,Elétrica,mobile,123,26,14,5
2025-05-05,Elétrica,desktop,169,46,20,8
2025-05-05,Hidráulica,mobile,82,18,9,4
2025-05-05,Hidráulica,desktop,181,43,23,11
2025-05-05,Pintura e Acabamento,mobile,172,32,14,8
2025-05-05,Pintura e Acabamento,desktop,169,30,15,9
2025-05-05,Segurança,mobile,288,69,36,11
2025-05-05,Segurança,desktop,87,20,11,3
2025-05-06,Ferramentas,mobile,290,73,39,21
2025-05-06,Ferramentas,desktop,254,62,33,18
2025-05-06,Iluminação,mobile,281,55,28,22
2025-05-06,Iluminação,desktop,147,34,19,11
2025-05-06,Utilidades Domésticas,mobile,253,50,29,21
2025-05-06,Utilidades Domésticas,desktop,197,52,25,21
2025-05-06,Jardim e Área Externa,mobile,211,56,27,18
2025-05-06,Jardim e Área Externa,desktop,107,21,12,7
2025-05-06,Organização,mobile,282,58,30,23
2025-05-06,Organização,desktop,222,54,26,18
2025-05-06,Elétrica,mobile,266,72,33,12
2025-05-06,Elétrica,desktop,201,39,19,7
2025-05-06,Hidráulica,mobile,257,69,35,13
2025-05-06,Hidráulica,desktop,151,37,18,7
2025-05-06,Pintura e Acabamento,mobile,84,19,9,6
2025-05-06,Pintura e Acabamento,desktop,267,53,29,18
2025-05-06,Segurança,mobile,160,33,15,4
2025-05-06,Segurança,desktop,268,68,37,12
2025-05-07,Ferramentas,mobile,97,21,10,5
2025-05-07,Ferramentas,desktop,264,69,38,22
2025-05-07,Iluminação,mobile,113,25,12,9
2025-05-07,Iluminação,desktop,296,67,34,21
2025-05-07,Utilidades Domésticas,mobile,95,17,9,6
2025-05-07,Utilidades Domésticas,desktop,297,79,47,39
2025-05-07,Jardim e Área Externa,mobile,244,49,27,18
2025-05-07,Jardim e Área Externa,desktop,112,27,15,8
2025-05-07,Organização,mobile,179,32,16,12
2025-05-07,Organização,desktop,283,74,34,25
2025-05-07,Elétrica,mobile,150,32,16,6
2025-05-07,Elétrica,desktop,221,51,26,9
2025-05-07,Hidráulica,mobile,252,54,27,10
2025-05-07,Hidráulica,desktop,97,24,14,6
2025-05-07,Pintura e Acabamento,mobile,277,58,34,19
2025-05-07,Pintura e Acabamento,desktop,281,52,26,16
2025-05-07,Segurança,mobile,223,44,25,7
2025-05-07,Segurança,desktop,259,67,30,8
2025-05-08,Ferramentas,mobile,222,49,22,14
2025-05-08,Ferramentas,desktop,80,16,9,5
2025-05-08,Iluminação,mobile,258,62,30,17
2025-05-08,Iluminação,desktop,142,35,17,10
2025-05-08,Utilidades Domésticas,mobile,212,40,18,15
2025-05-08,Utilidades Domésticas,desktop,81,20,11,8
2025-05-08,Jardim e Área Externa,mobile,206,45,21,13
2025-05-08,Jardim e Área Externa,desktop,294,55,28,16
2025-05-08,Organização,mobile,114,27,12,7
2025-05-08,Organização,desktop,251,66,37,27
2025-05-08,Elétrica,mobile,293,72,41,17
2025-05-08,Elétrica,desktop,206,46,21,7
2025-05-08,Hidráulica,mobile,267,49,26,9
2025-05-08,Hidráulica,desktop,160,34,18,8
2025-05-08,Pintura e Acabamento,mobile,244,59,29,16
2025-05-08,Pintura e Acabamento,desktop,201,47,25,15
2025-05-08,Segurança,mobile,114,30,15,4
2025-05-08,Segurança,desktop,171,34,19,5
2025-05-09,Ferramentas,mobile,274,75,44,27
2025-05-09,Ferramentas,desktop,251,47,26,16
2025-05-09,Iluminação,mobile,270,70,40,30
2025-05-09,Iluminação,desktop,163,42,23,14
2025-05-09,Utilidades Domésticas,mobile,185,44,23,15
2025-05-09,Utilidades Domésticas,desktop,216,41,22,15
2025-05-09,Jardim e Área Externa,mobile,205,56,26,19
2025-05-09,Jardim e Área Externa,desktop,98,24,13,9
2025-05-09,Organização,mobile,188,44,22,14
2025-05-09,Organização,desktop,219,51,27,20
2025-05-09,Elétrica,mobile,148,33,19,8
2025-05-09,Elétrica,desktop,191,37,17,7
2025-05-09,Hidráulica,mobile,256,49,27,12
2025-05-09,Hidráulica,desktop,174,42,23,11
2025-05-09,Pintura e Acabamento,mobile,148,31,15,8
2025-05-09,Pintura e Acabamento,desktop,297,64,29,18
2025-05-09,Segurança,mobile,215,39,22,8
2025-05-09,Segurança,desktop,173,33,18,5
2025-05-10,Ferramentas,mobile,97,25,12,7
2025-05-10,Ferramentas,desktop,91,17,9,5
2025-05-10,Iluminação,mobile,292,67,35,27
2025-05-10,Iluminação,desktop,268,64,33,24
2025-05-10,Utilidades Domésticas,mobile,122,29,16,13
2025-05-10,Utilidades Domésticas,desktop,263,59,32,22
2025-05-10,Jardim e Área Externa,mobile,205,49,25,16
2025-05-10,Jardim e Área Externa,desktop,95,19,11,7
2025-05-10,Organização,mobile,257,64,33,22
2025-05-10,Organização,desktop,209,42,24,16
2025-05-10,Elétrica,mobile,85,21,12,4
2025-05-10,Elétrica,desktop,205,52,24,8
2025-05-10,Hidráulica,mobile,189,42,21,9
2025-05-10,Hidráulica,desktop,124,30,15,6
2025-05-10,Pintura e Acabamento,mobile,121,32,18,11
2025-05-10,Pintura e Acabamento,desktop,147,32,15,9
2025-05-10,Segurança,mobile,177,36,19,6
2025-05-10,Segurança,desktop,239,54,30,8
2025-05-11,Ferramentas,mobile,100,19,11,7
2025-05-11,Ferramentas,desktop,141,25,12,7
2025-05-11,Iluminação,mobile,195,49,29,22
2025-05-11,Iluminação,desktop,218,55,25,18
2025-05-11,Utilidades Domésticas,mobile,166,36,17,12
2025-05-11,Utilidades Domésticas,desktop,88,17,9,6
2025-05-11,Jardim e Área Externa,mobile,295,81,38,24
2025-05-11,Jardim e Área Externa,desktop,151,42,21,15
2025-05-11,Organização,mobile,137,25,12,8
2025-05-11,Organização,desktop,213,52,25,19
2025-05-11,Elétrica,mobile,129,27,15,6
2025-05-11,Elétrica,desktop,281,51,23,9
2025-05-11,Hidráulica,mobile,224,41,21,9
2025-05-11,Hidráulica,desktop,185,46,27,12
2025-05-11,Pintura e Acabamento,mobile,256,71,32,24
2025-05-11,Pintura e Acabamento,desktop,102,26,15,9
2025-05-11,Segurança,mobile,204,54,28,8
2025-05-11,Segurança,desktop,156,32,18,6
2025-05-12,Ferramentas,mobile,218,44,22,15
2025-05-12,Ferramentas,desktop,239,50,23,14
2025-05-12,Iluminação,mobile,193,36,18,14
2025-05-12,Iluminação,desktop,98,23,10,6
2025-05-12,Utilidades Domésticas,mobile,87,17,8,5
2025-05-12,Utilidades Domésticas,desktop,260,65,38,27
2025-05-12,Jardim e Área Externa,mobile,180,39,21,13
2025-05-12,Jardim e Área Externa,desktop,197,46,25,17
2025-05-12,Organização,mobile,270,54,29,23
2025-05-12,Organização,desktop,182,43,22,16
2025-05-12,Elétrica,mobile,190,49,28,10
2025-05-12,Elétrica,desktop,112,27,13,5
2025-05-12,Hidráulica,mobile,96,21,10,3
2025-05-12,Hidráulica,desktop,100,20,9,3
2025-05-12,Pintura e Acabamento,mobile,285,77,44,31
2025-05-12,Pintura e Acabamento,desktop,233,50,23,17
2025-05-12,Segurança,mobile,157,37,17,5
2025-05-12,Segurança,desktop,279,50,26,8
2025-05-13,Ferramentas,mobile,244,59,32,18
2025-05-13,Ferramentas,desktop,228,50,23,12
2025-05-13,Iluminação,mobile,242,50,28,16
2025-05-13,Iluminação,desktop,280,70,40,27
2025-05-13,Utilidades Domésticas,mobile,227,50,24,17
2025-05-13,Utilidades Domésticas,desktop,259,50,29,24
2025-05-13,Jardim e Área Externa,mobile,190,43,22,13
2025-05-13,Jardim e Área Externa,desktop,195,46,24,13
2025-05-13,Organização,mobile,151,38,20,12
2025-05-13,Organização,desktop,267,62,35,22
2025-05-13,Elétrica,mobile,153,31,16,6
2025-05-13,Elétrica,desktop,139,37,16,5
2025-05-13,Hidráulica,mobile,214,51,28,13
2025-05-13,Hidráulica,desktop,287,55,28,11
2025-05-13,Pintura e Acabamento,mobile,244,54,28,18
2025-05-13,Pintura e Acabamento,desktop,286,73,37,23
2025-05-13,Segurança,mobile,161,35,17,5
2025-05-13,Segurança,desktop,275,55,26,7
2025-05-14,Ferramentas,mobile,252,52,28,18
2025-05-14,Ferramentas,desktop,180,33,19,11
2025-05-14,Iluminação,mobile,81,16,7,4
2025-05-14,Iluminação,desktop,85,22,10,6
2025-05-14,Utilidades Domésticas,mobile,278,68,37,28
2025-05-14,Utilidades Domésticas,desktop,230,50,23,19
2025-05-14,Jardim e Área Externa,mobile,150,36,20,14
2025-05-14,Jardim e Área Externa,desktop,246,44,20,12
2025-05-14,Organização,mobile,236,49,26,17
2025-05-14,Organização,desktop,273,57,25,18
2025-05-14,Elétrica,mobile,154,34,18,5
2025-05-14,Elétrica,desktop,197,48,23,8
2025-05-14,Hidráulica,mobile,233,53,27,11
2025-05-14,Hidráulica,desktop,187,44,20,7
2025-05-14,Pintura e Acabamento,mobile,286,76,43,32
2025-05-14,Pintura e Acabamento,desktop,155,34,19,11
2025-05-14,Segurança,mobile,237,65,30,8
2025-05-14,Segurança,desktop,120,22,12,3
2025-05-15,Ferramentas,mobile,287,60,29,17
2025-05-15,Ferramentas,desktop,227,43,22,12
2025-05-15,Iluminação,mobile,103,25,13,9
2025-05-15,Iluminação,desktop,185,38,21,14
2025-05-15,Utilidades Domésticas,mobile,285,73,40,28
2025-05-15,Utilidades Domésticas,desktop,290,74,37,25
2025-05-15,Jardim e Área Externa,mobile,273,76,40,29
2025-05-15,Jardim e Área Externa,desktop,208,39,19,11
2025-05-15,Organização,mobile,264,59,35,25
2025-05-15,Organização,desktop,227,41,19,12
2025-05-15,Elétrica,mobile,232,58,31,11
2025-05-15,Elétrica,desktop,153,28,15,5
2025-05-15,Hidráulica,mobile,169,35,16,7
2025-05-15,Hidráulica,desktop,102,20,11,5
2025-05-15,Pintura e Acabamento,mobile,211,38,18,12
2025-05-15,Pintura e Acabamento,desktop,103,23,13,8
2025-05-15,Segurança,mobile,265,64,34,10
2025-05-15,Segurança,desktop,253,53,29,8
2025-05-16,Ferramentas,mobile,165,45,20,13
2025-05-16,Ferramentas,desktop,136,29,16,9
2025-05-16,Iluminação,mobile,207,50,28,21
2025-05-16,Iluminação,desktop,87,23,13,9
2025-05-16,Utilidades Domésticas,mobile,106,21,10,7
2025-05-16,Utilidades Domésticas,desktop,112,30,15,10
2025-05-16,Jardim e Área Externa,mobile,159,30,13,9
2025-05-16,Jardim e Área Externa,desktop,212,44,24,13
2025-05-16,Organização,mobile,254,62,34,21
2025-05-16,Organização,desktop,218,48,27,21
2025-05-16,Elétrica,mobile,196,46,20,8
2025-05-16,Elétrica,desktop,286,67,34,14
2025-05-16,Hidráulica,mobile,175,43,25,11
2025-05-16,Hidráulica,desktop,263,50,26,12
2025-05-16,Pintura e Acabamento,mobile,295,77,43,24
2025-05-16,Pintura e Acabamento,desktop,191,48,28,20
2025-05-16,Segurança,mobile,123,28,16,5
2025-05-16,Segurança,desktop,239,52,30,9
2025-05-17,Ferramentas,mobile,265,53,27,14
2025-05-17,Ferramentas,desktop,160,38,19,11
2025-05-17,Iluminação,mobile,98,25,12,8
2025-05-17,Iluminação,desktop,89,21,11,7
2025-05-17,Utilidades Domésticas,mobile,119,32,18,12
2025-05-17,Utilidades Domésticas,desktop,104,22,11,8
2025-05-17,Jardim e Área Externa,mobile,262,58,27,15
2025-05-17,Jardim e Área Externa,desktop,121,24,11,7
2025-05-17,Organização,mobile,277,66,32,23
2025-05-17,Organização,desktop,183,43,25,17
2025-05-17,Elétrica,mobile,174,39,21,8
2025-05-17,Elétrica,desktop,244,55,28,9
2025-05-17,Hidráulica,mobile,97,17,7,3
2025-05-17,Hidráulica,desktop,107,28,14,5
2025-05-17,Pintura e Acabamento,mobile,250,50,23,14
2025-05-17,Pintura e Acabamento,desktop,207,45,26,18
2025-05-17,Segurança,mobile,87,20,11,3
2025-05-17,Segurança,desktop,298,77,44,14
2025-05-18,Ferramentas,mobile,249,64,35,18
2025-05-18,Ferramentas,desktop,135,31,17,9
2025-05-18,Iluminação,mobile,175,33,15,9
2025-05-18,Iluminação,desktop,272,58,31,21
2025-05-18,Utilidades Domésticas,mobile,280,76,40,32
2025-05-18,Utilidades Domésticas,desktop,154,41,24,19
2025-05-18,Jardim e Área Externa,mobile,192,38,18,10
2025-05-18,Jardim e Área Externa,desktop,131,29,15,10
2025-05-18,Organização,mobile,200,45,24,17
2025-05-18,Organização,desktop,246,65,36,22
2025-05-18,Elétrica,mobile,103,22,11,4
2025-05-18,Elétrica,desktop,115,30,17,5
2025-05-18,Hidráulica,mobile,134,26,12,4
2025-05-18,Hidráulica,desktop,212,53,27,12
2025-05-18,Pintura e Acabamento,mobile,211,53,26,14
2025-05-18,Pintura e Acabamento,desktop,102,24,11,7
2025-05-18,Segurança,mobile,175,47,21,6
2025-05-18,Segurança,desktop,262,51,28,8
2025-05-19,Ferramentas,mobile,197,39,18,10
2025-05-19,Ferramentas,desktop,227,60,32,19
2025-05-19,Iluminação,mobile,89,21,11,7
2025-05-19,Iluminação,desktop,180,44,22,14
2025-05-19,Utilidades Domésticas,mobile,284,53,26,18
2025-05-19,Utilidades Domésticas,desktop,194,42,21,17
2025-05-19,Jardim e Área Externa,mobile,174,48,26,14
2025-05-19,Jardim e Área Externa,desktop,263,71,37,24
2025-05-19,Organização,mobile,198,55,32,23
2025-05-19,Organização,desktop,220,39,23,14
2025-05-19,Elétrica,mobile,235,63,30,13
2025-05-19,Elétrica,desktop,82,19,9,3
2025-05-19,Hidráulica,mobile,291,74,43,20
2025-05-19,Hidráulica,desktop,111,20,11,5
2025-05-19,Pintura e Acabamento,mobile,224,50,24,15
2025-05-19,Pintura e Acabamento,desktop,157,34,19,12
2025-05-19,Segurança,mobile,87,16,7,2
2025-05-19,Segurança,desktop,251,52,25,7
2025-05-20,Ferramentas,mobile,185,50,23,11
2025-05-20,Ferramentas,desktop,146,29,13,7
2025-05-20,Iluminação,mobile,105,28,13,9
2025-05-20,Iluminação,desktop,280,59,32,20
2025-05-20,Utilidades Domésticas,mobile,158,29,14,9
2025-05-20,Utilidades Domésticas,desktop,87,21,11,9
2025-05-20,Jardim e Área Externa,mobile,214,44,21,13
2025-05-20,Jardim e Área Externa,desktop,96,22,10,6
2025-05-20,Organização,mobile,129,34,18,11
2025-05-20,Organização,desktop,236,64,37,23
2025-05-20,Elétrica,mobile,127,30,17,6
2025-05-20,Elétrica,desktop,175,32,18,6
2025-05-20,Hidráulica,mobile,165,44,26,9
2025-05-20,Hidráulica,desktop,82,17,8,3
2025-05-20,Pintura e Acabamento,mobile,117,21,11,8
2025-05-20,Pintura e Acabamento,desktop,270,67,33,24
2025-05-20,Segurança,mobile,232,51,26,8
2025-05-20,Segurança,desktop,89,23,12,3
2025-05-21,Ferramentas,mobile,193,49,28,19
2025-05-21,Ferramentas,desktop,135,33,17,8
2025-05-21,Iluminação,mobile,122,31,17,10
2025-05-21,Iluminação,desktop,159,44,22,16
2025-05-21,Utilidades Domésticas,mobile,141,34,19,16
2025-05-21,Utilidades Domésticas,desktop,232,44,23,18
2025-05-21,Jardim e Área Externa,mobile,151,30,16,10
2025-05-21,Jardim e Área Externa,desktop,101,26,12,7
2025-05-21,Organização,mobile,165,38,20,16
2025-05-21,Organização,desktop,248,62,28,17
2025-05-21,Elétrica,mobile,195,35,15,5
2025-05-21,Elétrica,desktop,146,37,19,7
2025-05-21,Hidráulica,mobile,206,55,29,14
2025-05-21,Hidráulica,desktop,182,43,24,9
2025-05-21,Pintura e Acabamento,mobile,106,26,13,8
2025-05-21,Pintura e Acabamento,desktop,164,33,16,10
2025-05-21,Segurança,mobile,266,62,28,9
2025-05-21,Segurança,desktop,264,50,22,8
2025-05-22,Ferramentas,mobile,297,58,30,19
2025-05-22,Ferramentas,desktop,138,32,18,11
2025-05-22,Iluminação,mobile,137,28,13,8
2025-05-22,Iluminação,desktop,204,54,28,21
2025-05-22,Utilidades Domésticas,mobile,174,32,16,13
2025-05-22,Utilidades Domésticas,desktop,114,31,16,13
2025-05-22,Jardim e Área Externa,mobile,203,53,24,17
2025-05-22,Jardim e Área Externa,desktop,138,36,17,11
2025-05-22,Organização,mobile,282,55,30,20
2025-05-22,Organização,desktop,196,51,30,18
2025-05-22,Elétrica,mobile,110,24,12,3
2025-05-22,Elétrica,desktop,176,43,24,8
2025-05-22,Hidráulica,mobile,229,45,23,10
2025-05-22,Hidráulica,desktop,277,69,35,14
2025-05-22,Pintura e Acabamento,mobile,221,61,28,16
2025-05-22,Pintura e Acabamento,desktop,194,52,30,22
2025-05-22,Segurança,mobile,291,63,35,11
2025-05-22,Segurança,desktop,111,24,14,5
2025-05-23,Ferramentas,mobile,285,63,35,18
2025-05-23,Ferramentas,desktop,289,76,34,20
2025-05-23,Iluminação,mobile,269,65,38,25
2025-05-23,Iluminação,desktop,173,32,15,9
2025-05-23,Utilidades Domésticas,mobile,237,46,25,19
2025-05-23,Utilidades Domésticas,desktop,245,65,33,22
2025-05-23,Jardim e Área Externa,mobile,130,32,19,13
2025-05-23,Jardim e Área Externa,desktop,126,27,15,9
2025-05-23,Organização,mobile,214,53,29,22
2025-05-23,Organização,desktop,164,45,23,15
2025-05-23,Elétrica,mobile,256,46,23,9
2025-05-23,Elétrica,desktop,123,26,12,4
2025-05-23,Hidráulica,mobile,151,38,21,10
2025-05-23,Hidráulica,desktop,110,27,15,7
2025-05-23,Pintura e Acabamento,mobile,195,48,22,12
2025-05-23,Pintura e Acabamento,desktop,118,30,16,10
2025-05-23,Segurança,mobile,220,42,19,5
2025-05-23,Segurança,desktop,198,38,17,5
2025-05-24,Ferramentas,mobile,190,42,24,15
2025-05-24,Ferramentas,desktop,286,54,30,19
2025-05-24,Iluminação,mobile,281,67,33,25
2025-05-24,Iluminação,desktop,156,36,19,13
2025-05-24,Utilidades Domésticas,mobile,207,53,30,21
2025-05-24,Utilidades Domésticas,desktop,211,38,19,13
2025-05-24,Jardim e Área Externa,mobile,144,30,13,7
2025-05-24,Jardim e Área Externa,desktop,243,61,29,16
2025-05-24,Organização,mobile,269,72,34,20
2025-05-24,Organização,desktop,81,16,8,6
2025-05-24,Elétrica,mobile,122,24,12,3
2025-05-24,Elétrica,desktop,138,33,16,5
2025-05-24,Hidráulica,mobile,106,29,16,6
2025-05-24,Hidráulica,desktop,179,46,24,11
2025-05-24,Pintura e Acabamento,mobile,248,49,23,17
2025-05-24,Pintura e Acabamento,desktop,144,28,14,8
2025-05-24,Segurança,mobile,207,54,28,9
2025-05-24,Segurança,desktop,178,37,19,6
2025-05-25,Ferramentas,mobile,108,26,14,7
2025-05-25,Ferramentas,desktop,149,36,17,9
2025-05-25,Iluminação,mobile,184,39,21,14
2025-05-25,Iluminação,desktop,248,67,33,22
2025-05-25,Utilidades Domésticas,mobile,184,42,22,18
2025-05-25,Utilidades Domésticas,desktop,201,46,27,21
2025-05-25,Jardim e Área Externa,mobile,193,35,17,9
2025-05-25,Jardim e Área Externa,desktop,83,22,10,6
2025-05-25,Organização,mobile,215,54,30,21
2025-05-25,Organização,desktop,283,70,41,30
2025-05-25,Elétrica,mobile,197,52,28,10
2025-05-25,Elétrica,desktop,160,30,15,6
2025-05-25,Hidráulica,mobile,294,56,25,11
2025-05-25,Hidráulica,desktop,230,43,19,8
2025-05-25,Pintura e Acabamento,mobile,101,26,12,6
2025-05-25,Pintura e Acabamento,desktop,201,54,26,18
2025-05-25,Segurança,mobile,227,50,28,9
2025-05-25,Segurança,desktop,263,73,39,12
2025-05-26,Ferramentas,mobile,296,58,30,16
2025-05-26,Ferramentas,desktop,204,56,32,22
2025-05-26,Iluminação,mobile,181,34,19,14
2025-05-26,Iluminação,desktop,116,30,13,9
2025-05-26,Utilidades Domésticas,mobile,107,21,9,6
2025-05-26,Utilidades Domésticas,desktop,279,53,31,23
2025-05-26,Jardim e Área Externa,mobile,199,53,28,17
2025-05-26,Jardim e Área Externa,desktop,135,34,17,10
2025-05-26,Organização,mobile,180,44,24,19
2025-05-26,Organização,desktop,133,36,19,15
2025-05-26,Elétrica,mobile,123,32,18,6
2025-05-26,Elétrica,desktop,119,25,14,5
2025-05-26,Hidráulica,mobile,249,69,37,18
2025-05-26,Hidráulica,desktop,227,47,26,11
2025-05-26,Pintura e Acabamento,mobile,91,19,9,6
2025-05-26,Pintura e Acabamento,desktop,218,50,27,15
2025-05-26,Segurança,mobile,154,32,14,4
2025-05-26,Segurança,desktop,154,39,21,7
2025-05-27,Ferramentas,mobile,293,74,40,23
2025-05-27,Ferramentas,desktop,134,33,17,9
2025-05-27,Iluminação,mobile,109,20,9,5
2025-05-27,Iluminação,desktop,172,33,19,11
2025-05-27,Utilidades Domésticas,mobile,105,28,16,12
2025-05-27,Utilidades Domésticas,desktop,187,38,22,19
2025-05-27,Jardim e Área Externa,mobile,218,57,25,14
2025-05-27,Jardim e Área Externa,desktop,152,36,17,9
2025-05-27,Organização,mobile,113,25,13,9
2025-05-27,Organização,desktop,103,18,8,6
2025-05-27,Elétrica,mobile,215,48,28,11
2025-05-27,Elétrica,desktop,239,57,29,12
2025-05-27,Hidráulica,mobile,101,25,13,5
2025-05-27,Hidráulica,desktop,153,41,21,8
2025-05-27,Pintura e Acabamento,mobile,83,19,9,6
2025-05-27,Pintura e Acabamento,desktop,224,62,29,20
2025-05-27,Segurança,mobile,195,52,24,8
2025-05-27,Segurança,desktop,157,43,24,7
2025-05-28,Ferramentas,mobile,220,44,20,11
2025-05-28,Ferramentas,desktop,274,74,40,26
2025-05-28,Iluminação,mobile,180,36,19,14
2025-05-28,Iluminação,desktop,214,43,25,15
2025-05-28,Utilidades Domésticas,mobile,183,41,20,14
2025-05-28,Utilidades Domésticas,desktop,275,53,30,25
2025-05-28,Jardim e Área Externa,mobile,251,58,26,17
2025-05-28,Jardim e Área Externa,desktop,159,42,24,16
2025-05-28,Organização,mobile,249,56,32,25
2025-05-28,Organização,desktop,260,62,34,21
2025-05-28,Elétrica,mobile,279,52,26,9
2025-05-28,Elétrica,desktop,287,79,38,12
2025-05-28,Hidráulica,mobile,202,56,28,12
2025-05-28,Hidráulica,desktop,264,57,32,14
2025-05-28,Pintura e Acabamento,mobile,128,32,15,10
2025-05-28,Pintura e Acabamento,desktop,213,40,19,14
2025-05-28,Segurança,mobile,131,34,17,6
2025-05-28,Segurança,desktop,165,44,20,6
2025-05-29,Ferramentas,mobile,119,33,16,10
2025-05-29,Ferramentas,desktop,104,23,11,6
2025-05-29,Iluminação,mobile,242,54,31,19
2025-05-29,Iluminação,desktop,283,73,39,30
2025-05-29,Utilidades Domésticas,mobile,262,47,25,21
2025-05-29,Utilidades Domésticas,desktop,154,28,12,9
2025-05-29,Jardim e Área Externa,mobile,245,64,28,19
2025-05-29,Jardim e Área Externa,desktop,258,66,36,25
2025-05-29,Organização,mobile,114,29,14,9
2025-05-29,Organização,desktop,206,50,27,21
2025-05-29,Elétrica,mobile,227,44,22,9
2025-05-29,Elétrica,desktop,270,50,24,8
2025-05-29,Hidráulica,mobile,194,47,22,9
2025-05-29,Hidráulica,desktop,265,60,33,12
2025-05-29,Pintura e Acabamento,mobile,266,50,26,19
2025-05-29,Pintura e Acabamento,desktop,94,23,11,6
2025-05-29,Segurança,mobile,203,49,25,7
2025-05-29,Segurança,desktop,148,28,15,5
2025-05-30,Ferramentas,mobile,285,66,39,26
2025-05-30,Ferramentas,desktop,127,24,12,7
2025-05-30,Iluminação,mobile,193,39,20,14
2025-05-30,Iluminação,desktop,204,48,23,14
2025-05-30,Utilidades Domésticas,mobile,124,33,17,11
2025-05-30,Utilidades Domésticas,desktop,162,41,21,15
2025-05-30,Jardim e Área Externa,mobile,193,52,24,17
2025-05-30,Jardim e Área Externa,desktop,127,32,15,10
2025-05-30,Organização,mobile,217,42,23,14
2025-05-30,Organização,desktop,256,70,31,22
2025-05-30,Elétrica,mobile,235,46,26,8
2025-05-30,Elétrica,desktop,295,82,49,21
2025-05-30,Hidráulica,mobile,239,64,37,14
2025-05-30,Hidráulica,desktop,107,23,11,4
2025-05-30,Pintura e Acabamento,mobile,207,45,21,12
2025-05-30,Pintura e Acabamento,desktop,240,52,24,15
2025-05-30,Segurança,mobile,84,16,8,2
2025-05-30,Segurança,desktop,164,43,19,5
2025-05-31,Ferramentas,mobile,257,69,32,21
2025-05-31,Ferramentas,desktop,110,29,14,9
2025-05-31,Iluminação,mobile,104,26,14,10
2025-05-31,Iluminação,desktop,239,59,35,23
2025-05-31,Utilidades Domésticas,mobile,253,50,24,17
2025-05-31,Utilidades Domésticas,desktop,239,48,27,19
2025-05-31,Jardim e Área Externa,mobile,295,62,30,16
2025-05-31,Jardim e Área Externa,desktop,128,29,15,10
2025-05-31,Organização,mobile,106,26,14,10
2025-05-31,Organização,desktop,179,39,21,12
2025-05-31,Elétrica,mobile,299,79,37,12
2025-05-31,Elétrica,desktop,204,39,19,7
2025-05-31,Hidráulica,mobile,291,61,30,14
2025-05-31,Hidráulica,desktop,182,35,16,6
2025-05-31,Pintura e Acabamento,mobile,232,56,30,22
2025-05-31,Pintura e Acabamento,desktop,130,34,19,14
2025-05-31,Segurança,mobile,158,40,18,5
2025-05-31,Segurança,desktop,284,66,35,12
2025-06-01,Ferramentas,mobile,120,27,14,7
2025-06-01,Ferramentas,desktop,81,14,8,5
2025-06-01,Iluminação,mobile,174,42,20,14
2025-06-01,Iluminação,desktop,97,19,10,6
2025-06-01,Utilidades Domésticas,mobile,212,40,22,16
2025-06-01,Utilidades Domésticas,desktop,296,55,28,22
2025-06-01,Jardim e Área Externa,mobile,123,31,15,10
2025-06-01,Jardim e Área Externa,desktop,222,51,29,16
2025-06-01,Organização,mobile,109,21,10,7
2025-06-01,Organização,desktop,225,40,18,11
2025-06-01,Elétrica,mobile,193,38,19,7
2025-06-01,Elétrica,desktop,228,54,26,8
2025-06-01,Hidráulica,mobile,283,60,35,13
2025-06-01,Hidráulica,desktop,276,68,36,15
2025-06-01,Pintura e Acabamento,mobile,159,28,13,8
2025-06-01,Pintura e Acabamento,desktop,174,38,21,12
2025-06-01,Segurança,mobile,250,49,26,7
2025-06-01,Segurança,desktop,233,61,33,12
2025-06-02,Ferramentas,mobile,187,47,24,15
2025-06-02,Ferramentas,desktop,165,36,17,9
2025-06-02,Iluminação,mobile,189,45,23,16
2025-06-02,Iluminação,desktop,230,62,37,26
2025-06-02,Utilidades Domésticas,mobile,234,57,30,25
2025-06-02,Utilidades Domésticas,desktop,140,27,14,10
2025-06-02,Jardim e Área Externa,mobile,96,26,12,8
2025-06-02,Jardim e Área Externa,desktop,219,43,24,17
2025-06-02,Organização,mobile,289,65,34,25
2025-06-02,Organização,desktop,98,23,12,9
2025-06-02,Elétrica,mobile,263,52,27,10
2025-06-02,Elétrica,desktop,254,63,33,11
2025-06-02,Hidráulica,mobile,150,40,20,9
2025-06-02,Hidráulica,desktop,103,26,13,6
2025-06-02,Pintura e Acabamento,mobile,258,49,24,16
2025-06-02,Pintura e Acabamento,desktop,289,71,40,28
2025-06-02,Segurança,mobile,131,29,15,5
2025-06-02,Segurança,desktop,244,54,25,7
2025-06-03,Ferramentas,mobile,207,55,27,17
2025-06-03,Ferramentas,desktop,257,55,29,17
2025-06-03,Iluminação,mobile,276,69,39,26
2025-06-03,Iluminação,desktop,181,41,24,14
2025-06-03,Utilidades Domésticas,mobile,285,57,25,19
2025-06-03,Utilidades Domésticas,desktop,259,55,26,21
2025-06-03,Jardim e Área Externa,mobile,84,17,9,6
2025-06-03,Jardim e Área Externa,desktop,176,41,18,12
2025-06-03,Organização,mobile,142,36,19,11
2025-06-03,Organização,desktop,130,32,15,11
2025-06-03,Elétrica,mobile,225,54,31,10
2025-06-03,Elétrica,desktop,186,48,25,10
2025-06-03,Hidráulica,mobile,203,39,20,7
2025-06-03,Hidráulica,desktop,196,49,24,9
2025-06-03,Pintura e Acabamento,mobile,133,27,12,6
2025-06-03,Pintura e Acabamento,desktop,160,37,17,10
2025-06-03,Segurança,mobile,252,63,33,10
2025-06-03,Segurança,desktop,256,55,27,8
2025-06-04,Ferramentas,mobile,223,61,34,20
2025-06-04,Ferramentas,desktop,182,39,18,10
2025-06-04,Iluminação,mobile,270,61,27,20
2025-06-04,Iluminação,desktop,281,63,37,22
2025-06-04,Utilidades Domésticas,mobile,225,44,24,15
2025-06-04,Utilidades Domésticas,desktop,233,49,27,21
2025-06-04,Jardim e Área Externa,mobile,197,46,23,16
2025-06-04,Jardim e Área Externa,desktop,137,36,20,14
2025-06-04,Organização,mobile,194,42,21,13
2025-06-04,Organização,desktop,250,46,26,16
2025-06-04,Elétrica,mobile,211,51,30,10
2025-06-04,Elétrica,desktop,97,20,11,3
2025-06-04,Hidráulica,mobile,138,31,18,6
2025-06-04,Hidráulica,desktop,288,75,43,19
2025-06-04,Pintura e Acabamento,mobile,180,48,21,12
2025-06-04,Pintura e Acabamento,desktop,125,29,15,11
2025-06-04,Segurança,mobile,285,58,26,9
2025-06-04,Segurança,desktop,201,55,31,10
2025-06-05,Ferramentas,mobile,193,46,26,15
2025-06-05,Ferramentas,desktop,193,52,27,15
2025-06-05,Iluminação,mobile,262,70,41,25
2025-06-05,Iluminação,desktop,109,28,13,10
2025-06-05,Utilidades Domésticas,mobile,140,32,16,13
2025-06-05,Utilidades Domésticas,desktop,137,26,14,10
2025-06-05,Jardim e Área Externa,mobile,214,48,24,13
2025-06-05,Jardim e Área Externa,desktop,250,69,34,24
2025-06-05,Organização,mobile,265,67,35,23
2025-06-05,Organização,desktop,222,61,31,22
2025-06-05,Elétrica,mobile,289,67,31,11
2025-06-05,Elétrica,desktop,297,65,38,15
2025-06-05,Hidráulica,mobile,225,48,26,12
2025-06-05,Hidráulica,desktop,224,46,21,9
2025-06-05,Pintura e Acabamento,mobile,191,50,29,18
2025-06-05,Pintura e Acabamento,desktop,163,32,15,9
2025-06-05,Segurança,mobile,289,77,39,10
2025-06-05,Segurança,desktop,117,30,17,6
2025-06-06,Ferramentas,mobile,86,22,13,6
2025-06-06,Ferramentas,desktop,217,51,23,14
2025-06-06,Iluminação,mobile,135,29,17,13
2025-06-06,Iluminação,desktop,272,61,29,22
2025-06-06,Utilidades Domésticas,mobile,169,37,18,13
2025-06-06,Utilidades Domésticas,desktop,245,49,27,22
2025-06-06,Jardim e Área Externa,mobile,83,18,9,5
2025-06-06,Jardim e Área Externa,desktop,82,21,10,5
2025-06-06,Organização,mobile,295,58,34,26
2025-06-06,Organização,desktop,96,23,10,6
2025-06-06,Elétrica,mobile,292,53,25,10
2025-06-06,Elétrica,desktop,221,49,23,9
2025-06-06,Hidráulica,mobile,135,25,12,5
2025-06-06,Hidráulica,desktop,123,29,16,6
2025-06-06,Pintura e Acabamento,mobile,218,49,25,16
2025-06-06,Pintura e Acabamento,desktop,156,29,14,10
2025-06-06,Segurança,mobile,88,20,11,4
2025-06-06,Segurança,desktop,215,40,21,7
2025-06-07,Ferramentas,mobile,228,45,21,11
2025-06-07,Ferramentas,desktop,218,58,31,19
2025-06-07,Iluminação,mobile,135,31,18,11
2025-06-07,Iluminação,desktop,159,37,17,11
2025-06-07,Utilidades Domésticas,mobile,116,27,12,8
2025-06-07,Utilidades Domésticas,desktop,209,52,25,19
2025-06-07,Jardim e Área Externa,mobile,125,34,20,13
2025-06-07,Jardim e Área Externa,desktop,263,71,33,24
2025-06-07,Organização,mobile,153,31,14,10
2025-06-07,Organização,desktop,295,66,30,19
2025-06-07,Elétrica,mobile,128,27,12,4
2025-06-07,Elétrica,desktop,174,41,22,9
2025-06-07,Hidráulica,mobile,197,46,26,10
2025-06-07,Hidráulica,desktop,85,20,11,4
2025-06-07,Pintura e Acabamento,mobile,280,76,39,22
2025-06-07,Pintura e Acabamento,desktop,98,26,12,6
2025-06-07,Segurança,mobile,268,65,35,10
2025-06-07,Segurança,desktop,271,61,32,11
2025-06-08,Ferramentas,mobile,229,61,35,20
2025-06-08,Ferramentas,desktop,260,46,27,15
2025-06-08,Iluminação,mobile,197,42,24,14
2025-06-08,Iluminação,desktop,229,50,26,15
2025-06-08,Utilidades Domésticas,mobile,280,56,27,21
2025-06-08,Utilidades Domésticas,desktop,119,32,15,11
2025-06-08,Jardim e Área Externa,mobile,203,52,30,17
2025-06-08,Jardim e Área Externa,desktop,111,30,17,11
2025-06-08,Organização,mobile,154,31,14,8
2025-06-08,Organização,desktop,121,22,10,7
2025-06-08,Elétrica,mobile,231,53,28,10
2025-06-08,Elétrica,desktop,112,31,15,4
2025-06-08,Hidráulica,mobile,286,70,37,14
2025-06-08,Hidráulica,desktop,282,77,36,13
2025-06-08,Pintura e Acabamento,mobile,140,36,17,12
2025-06-08,Pintura e Acabamento,desktop,280,52,25,17
2025-06-08,Segurança,mobile,272,56,27,8
2025-06-08,Segurança,desktop,201,43,22,6
2025-06-09,Ferramentas,mobile,196,52,26,17
2025-06-09,Ferramentas,desktop,277,74,42,25
2025-06-09,Iluminação,mobile,261,64,35,27
2025-06-09,Iluminação,desktop,239,49,26,17
2025-06-09,Utilidades Domésticas,mobile,83,21,11,7
2025-06-09,Utilidades Domésticas,desktop,139,38,17,13
2025-06-09,Jardim e Área Externa,mobile,140,27,14,10
2025-06-09,Jardim e Área Externa,desktop,234,54,32,19
2025-06-09,Organização,mobile,223,44,23,17
2025-06-09,Organização,desktop,249,57,31,23
2025-06-09,Elétrica,mobile,293,62,34,13
2025-06-09,Elétrica,desktop,160,35,20,7
2025-06-09,Hidráulica,mobile,113,25,14,6
2025-06-09,Hidráulica,desktop,113,21,12,4
2025-06-09,Pintura e Acabamento,mobile,120,28,14,8
2025-06-09,Pintura e Acabamento,desktop,165,40,18,13
2025-06-09,Segurança,mobile,230,51,30,11
2025-06-09,Segurança,desktop,170,47,24,7
2025-06-10,Ferramentas,mobile,152,27,13,7
2025-06-10,Ferramentas,desktop,90,23,12,6
2025-06-10,Iluminação,mobile,278,56,25,17
2025-06-10,Iluminação,desktop,95,22,11,7
2025-06-10,Utilidades Domésticas,mobile,251,53,31,26
2025-06-10,Utilidades Domésticas,desktop,282,67,37,31
2025-06-10,Jardim e Área Externa,mobile,235,61,30,18
2025-06-10,Jardim e Área Externa,desktop,84,20,10,5
2025-06-10,Organização,mobile,119,29,15,11
2025-06-10,Organização,desktop,289,53,30,23
2025-06-10,Elétrica,mobile,202,43,20,8
2025-06-10,Elétrica,desktop,81,19,9,3
2025-06-10,Hidráulica,mobile,107,24,12,4
2025-06-10,Hidráulica,desktop,207,40,20,9
2025-06-10,Pintura e Acabamento,mobile,294,73,34,23
2025-06-10,Pintura e Acabamento,desktop,281,61,28,20
2025-06-10,Segurança,mobile,274,55,31,11
2025-06-10,Segurança,desktop,195,42,21,7
2025-06-11,Ferramentas,mobile,170,43,25,16
2025-06-11,Ferramentas,desktop,210,47,22,13
2025-06-11,Iluminação,mobile,185,49,23,14
2025-06-11,Iluminação,desktop,240,53,28,16
2025-06-11,Utilidades Domésticas,mobile,163,39,19,12
2025-06-11,Utilidades Domésticas,desktop,103,27,13,10
2025-06-11,Jardim e Área Externa,mobile,212,43,22,13
2025-06-11,Jardim e Área Externa,desktop,129,34,15,8
2025-06-11,Organização,mobile,296,74,39,24
2025-06-11,Organização,desktop,184,40,20,14
2025-06-11,Elétrica,mobile,95,26,13,5
2025-06-11,Elétrica,desktop,172,38,18,7
2025-06-11,Hidráulica,mobile,126,33,18,7
2025-06-11,Hidráulica,desktop,259,71,41,18
2025-06-11,Pintura e Acabamento,mobile,240,43,24,18
2025-06-11,Pintura e Acabamento,desktop,283,53,29,19
2025-06-11,Segurança,mobile,166,46,25,9
2025-06-11,Segurança,desktop,135,25,13,3
2025-06-12,Ferramentas,mobile,141,30,13,6
2025-06-12,Ferramentas,desktop,208,57,29,17
2025-06-12,Iluminação,mobile,86,16,9,5
2025-06-12,Iluminação,desktop,126,31,18,11
2025-06-12,Utilidades Domésticas,mobile,180,40,19,13
2025-06-12,Utilidades Domésticas,desktop,86,21,10,8
2025-06-12,Jardim e Área Externa,mobile,94,22,12,8
2025-06-12,Jardim e Área Externa,desktop,166,44,26,18
2025-06-12,Organização,mobile,122,24,11,7
2025-06-12,Organização,desktop,299,70,34,22
2025-06-12,Elétrica,mobile,192,34,19,8
2025-06-12,Elétrica,desktop,159,35,17,6
2025-06-12,Hidráulica,mobile,272,74,43,19
2025-06-12,Hidráulica,desktop,192,38,19,7
2025-06-12,Pintura e Acabamento,mobile,171,31,16,10
2025-06-12,Pintura e Acabamento,desktop,223,40,20,13
2025-06-12,Segurança,mobile,295,55,28,7
2025-06-12,Segurança,desktop,97,18,10,3
2025-06-13,Ferramentas,mobile,262,72,36,22
2025-06-13,Ferramentas,desktop,165,35,18,10
2025-06-13,Iluminação,mobile,147,31,14,10
2025-06-13,Iluminação,desktop,133,33,16,9
2025-06-13,Utilidades Domésticas,mobile,161,38,21,16
2025-06-13,Utilidades Domésticas,desktop,108,29,16,13
2025-06-13,Jardim e Área Externa,mobile,202,41,22,13
2025-06-13,Jardim e Área Externa,desktop,206,47,26,16
2025-06-13,Organização,mobile,287,79,42,32
2025-06-13,Organização,desktop,184,44,25,20
2025-06-13,Elétrica,mobile,126,26,14,5
2025-06-13,Elétrica,desktop,121,32,18,7
2025-06-13,Hidráulica,mobile,181,35,17,6
2025-06-13,Hidráulica,desktop,122,23,10,4
2025-06-13,Pintura e Acabamento,mobile,118,27,13,7
2025-06-13,Pintura e Acabamento,desktop,208,39,20,12
2025-06-13,Segurança,mobile,161,42,23,6
2025-06-13,Segurança,desktop,193,40,19,5
2025-06-14,Ferramentas,mobile,292,65,32,21
2025-06-14,Ferramentas,desktop,189,52,24,16
2025-06-14,Iluminação,mobile,196,37,21,13
2025-06-14,Iluminação,desktop,163,37,19,11
2025-06-14,Utilidades Domésticas,mobile,195,44,22,18
2025-06-14,Utilidades Domésticas,desktop,167,35,17,12
2025-06-14,Jardim e Área Externa,mobile,104,28,12,7
2025-06-14,Jardim e Área Externa,desktop,294,72,40,24
2025-06-14,Organização,mobile,259,50,23,18
2025-06-14,Organização,desktop,263,66,38,26
2025-06-14,Elétrica,mobile,84,17,8,3
2025-06-14,Elétrica,desktop,162,33,15,6
2025-06-14,Hidráulica,mobile,104,19,8,3
2025-06-14,Hidráulica,desktop,257,54,29,14
2025-06-14,Pintura e Acabamento,mobile,203,40,18,12
2025-06-14,Pintura e Acabamento,desktop,226,43,21,12
2025-06-14,Segurança,mobile,133,30,13,3
2025-06-14,Segurança,desktop,94,18,8,2
2025-06-15,Ferramentas,mobile,157,40,21,13
2025-06-15,Ferramentas,desktop,186,38,20,12
2025-06-15,Iluminação,mobile,166,40,20,11
2025-06-15,Iluminação,desktop,161,29,14,9
2025-06-15,Utilidades Domésticas,mobile,92,18,8,6
2025-06-15,Utilidades Domésticas,desktop,260,47,23,16
2025-06-15,Jardim e Área Externa,mobile,116,27,12,8
2025-06-15,Jardim e Área Externa,desktop,137,28,13,8
2025-06-15,Organização,mobile,202,55,26,16
2025-06-15,Organização,desktop,135,36,21,17
2025-06-15,Elétrica,mobile,159,31,18,6
2025-06-15,Elétrica,desktop,246,68,36,14
2025-06-15,Hidráulica,mobile,160,32,15,6
2025-06-15,Hidráulica,desktop,129,36,20,8
2025-06-15,Pintura e Acabamento,mobile,178,46,25,18
2025-06-15,Pintura e Acabamento,desktop,282,65,30,19
2025-06-15,Segurança,mobile,230,56,29,10
2025-06-15,Segurança,desktop,123,24,12,3
2025-06-16,Ferramentas,mobile,271,50,26,16
2025-06-16,Ferramentas,desktop,120,27,12,6
2025-06-16,Iluminação,mobile,87,19,9,5
2025-06-16,Iluminação,desktop,292,70,36,22
2025-06-16,Utilidades Domésticas,mobile,217,45,21,16
2025-06-16,Utilidades Domésticas,desktop,233,43,21,17
2025-06-16,Jardim e Área Externa,mobile,171,36,18,13
2025-06-16,Jardim e Área Externa,desktop,163,33,16,11
2025-06-16,Organização,mobile,267,72,36,27
2025-06-16,Organização,desktop,114,21,11,7
2025-06-16,Elétrica,mobile,154,42,21,8
2025-06-16,Elétrica,desktop,150,38,17,7
2025-06-16,Hidráulica,mobile,91,25,12,5
2025-06-16,Hidráulica,desktop,163,39,22,10
2025-06-16,Pintura e Acabamento,mobile,161,36,17,10
2025-06-16,Pintura e Acabamento,desktop,290,54,24,17
2025-06-16,Segurança,mobile,109,29,13,3
2025-06-16,Segurança,desktop,156,33,19,6
2025-06-17,Ferramentas,mobile,229,50,29,18
2025-06-17,Ferramentas,desktop,172,32,14,8
2025-06-17,Iluminação,mobile,131,33,18,12
2025-06-17,Iluminação,desktop,260,68,32,23
2025-06-17,Utilidades Domésticas,mobile,242,66,32,27
2025-06-17,Utilidades Domésticas,desktop,103,20,9,7
2025-06-17,Jardim e Área Externa,mobile,277,62,33,21
2025-06-17,Jardim e Área Externa,desktop,174,35,20,11
2025-06-17,Organização,mobile,142,26,15,9
2025-06-17,Organização,desktop,143,29,16,12
2025-06-17,Elétrica,mobile,203,45,24,10
2025-06-17,Elétrica,desktop,116,24,11,4
2025-06-17,Hidráulica,mobile,119,25,11,5
2025-06-17,Hidráulica,desktop,93,19,10,3
2025-06-17,Pintura e Acabamento,mobile,277,61,31,20
2025-06-17,Pintura e Acabamento,desktop,293,54,26,19
2025-06-17,Segurança,mobile,162,31,14,4
2025-06-17,Segurança,desktop,202,45,22,7
2025-06-18,Ferramentas,mobile,253,51,27,17
2025-06-18,Ferramentas,desktop,96,25,13,8
2025-06-18,Iluminação,mobile,88,23,10,7
2025-06-18,Iluminação,desktop,259,49,25,16
2025-06-18,Utilidades Domésticas,mobile,218,58,27,19
2025-06-18,Utilidades Domésticas,desktop,163,39,22,15
2025-06-18,Jardim e Área Externa,mobile,288,76,45,29
2025-06-18,Jardim e Área Externa,desktop,257,52,30,21
2025-06-18,Organização,mobile,268,50,26,17
2025-06-18,Organização,desktop,210,45,24,15
2025-06-18,Elétrica,mobile,103,22,10,4
2025-06-18,Elétrica,desktop,188,45,23,8
2025-06-18,Hidráulica,mobile,159,35,19,8
2025-06-18,Hidráulica,desktop,153,28,14,6
2025-06-18,Pintura e Acabamento,mobile,146,28,12,8
2025-06-18,Pintura e Acabamento,desktop,266,53,31,20
2025-06-18,Segurança,mobile,298,83,42,11
2025-06-18,Segurança,desktop,265,69,31,10
2025-06-19,Ferramentas,mobile,251,63,29,15
2025-06-19,Ferramentas,desktop,235,61,34,17
2025-06-19,Iluminação,mobile,274,72,34,24
2025-06-19,Iluminação,desktop,275,58,34,27
2025-06-19,Utilidades Domésticas,mobile,261,69,31,23
2025-06-19,Utilidades Domésticas,desktop,106,19,9,6
2025-06-19,Jardim e Área Externa,mobile,99,23,13,9
2025-06-19,Jardim e Área Externa,desktop,263,69,33,20
2025-06-19,Organização,mobile,185,36,21,14
2025-06-19,Organização,desktop,95,24,13,9
2025-06-19,Elétrica,mobile,160,33,19,7
2025-06-19,Elétrica,desktop,171,32,15,6
2025-06-19,Hidráulica,mobile,137,28,16,7
2025-06-19,Hidráulica,desktop,200,38,18,7
2025-06-19,Pintura e Acabamento,mobile,183,41,23,15
2025-06-19,Pintura e Acabamento,desktop,102,19,8,5
2025-06-19,Segurança,mobile,234,55,31,9
2025-06-19,Segurança,desktop,263,49,27,9
2025-06-20,Ferramentas,mobile,209,42,19,13
2025-06-20,Ferramentas,desktop,247,53,29,19
2025-06-20,Iluminação,mobile,288,57,32,23
2025-06-20,Iluminação,desktop,153,29,17,13
2025-06-20,Utilidades Domésticas,mobile,226,56,33,23
2025-06-20,Utilidades Domésticas,desktop,287,78,37,29
2025-06-20,Jardim e Área Externa,mobile,183,50,26,17
2025-06-20,Jardim e Área Externa,desktop,121,25,13,7
2025-06-20,Organização,mobile,207,50,29,18
2025-06-20,Organização,desktop,94,17,8,6
2025-06-20,Elétrica,mobile,109,24,12,5
2025-06-20,Elétrica,desktop,145,39,21,7
2025-06-20,Hidráulica,mobile,178,34,15,6
2025-06-20,Hidráulica,desktop,271,56,29,12
2025-06-20,Pintura e Acabamento,mobile,284,78,35,26
2025-06-20,Pintura e Acabamento,desktop,220,47,26,17
2025-06-20,Segurança,mobile,296,62,33,10
2025-06-20,Segurança,desktop,254,68,35,11
2025-06-21,Ferramentas,mobile,102,24,12,6
2025-06-21,Ferramentas,desktop,222,59,32,16
2025-06-21,Iluminação,mobile,204,55,25,19
2025-06-21,Iluminação,desktop,259,70,34,22
2025-06-21,Utilidades Domésticas,mobile,245,62,28,22
2025-06-21,Utilidades Domésticas,desktop,185,45,21,17
2025-06-21,Jardim e Área Externa,mobile,210,50,22,15
2025-06-21,Jardim e Área Externa,desktop,163,37,20,11
2025-06-21,Organização,mobile,118,32,18,14
2025-06-21,Organização,desktop,267,54,24,18
2025-06-21,Elétrica,mobile,130,27,14,5
2025-06-21,Elétrica,desktop,168,31,14,5
2025-06-21,Hidráulica,mobile,87,17,7,2
2025-06-21,Hidráulica,desktop,165,35,16,6
2025-06-21,Pintura e Acabamento,mobile,109,27,13,8
2025-06-21,Pintura e Acabamento,desktop,114,23,10,6
2025-06-21,Segurança,mobile,167,35,18,6
2025-06-21,Segurança,desktop,195,53,25,8
2025-06-22,Ferramentas,mobile,240,48,27,17
2025-06-22,Ferramentas,desktop,204,45,24,13
2025-06-22,Iluminação,mobile,208,52,29,18
2025-06-22,Iluminação,desktop,209,46,22,14
2025-06-22,Utilidades Domésticas,mobile,88,19,9,6
2025-06-22,Utilidades Domésticas,desktop,260,58,32,27
2025-06-22,Jardim e Área Externa,mobile,107,24,11,6
2025-06-22,Jardim e Área Externa,desktop,283,74,34,19
2025-06-22,Organização,mobile,114,29,15,12
2025-06-22,Organização,desktop,225,46,22,15
2025-06-22,Elétrica,mobile,124,24,11,4
2025-06-22,Elétrica,desktop,175,32,14,6
2025-06-22,Hidráulica,mobile,233,50,28,10
2025-06-22,Hidráulica,desktop,143,38,22,10
2025-06-22,Pintura e Acabamento,mobile,278,70,38,23
2025-06-22,Pintura e Acabamento,desktop,290,62,35,23
2025-06-22,Segurança,mobile,256,54,24,7
2025-06-22,Segurança,desktop,226,60,28,9
2025-06-23,Ferramentas,mobile,169,41,20,10
2025-06-23,Ferramentas,desktop,180,32,16,10
2025-06-23,Iluminação,mobile,149,28,13,7
2025-06-23,Iluminação,desktop,135,28,13,10
2025-06-23,Utilidades Domésticas,mobile,135,29,14,9
2025-06-23,Utilidades Domésticas,desktop,130,35,20,13
2025-06-23,Jardim e Área Externa,mobile,222,46,25,13
2025-06-23,Jardim e Área Externa,desktop,280,66,36,22
2025-06-23,Organização,mobile,189,36,18,11
2025-06-23,Organização,desktop,224,43,20,13
2025-06-23,Elétrica,mobile,263,62,33,14
2025-06-23,Elétrica,desktop,265,58,30,10
2025-06-23,Hidráulica,mobile,248,61,30,12
2025-06-23,Hidráulica,desktop,143,34,17,7
2025-06-23,Pintura e Acabamento,mobile,215,47,24,18
2025-06-23,Pintura e Acabamento,desktop,166,33,18,12
2025-06-23,Segurança,mobile,184,40,20,6
2025-06-23,Segurança,desktop,156,32,14,4
2025-06-24,Ferramentas,mobile,209,48,26,17
2025-06-24,Ferramentas,desktop,295,73,39,23
2025-06-24,Iluminação,mobile,196,47,24,17
2025-06-24,Iluminação,desktop,276,69,38,28
2025-06-24,Utilidades Domésticas,mobile,99,21,9,7
2025-06-24,Utilidades Domésticas,desktop,143,27,15,11
2025-06-24,Jardim e Área Externa,mobile,183,38,22,16
2025-06-24,Jardim e Área Externa,desktop,173,34,15,8
2025-06-24,Organização,mobile,182,40,22,16
2025-06-24,Organização,desktop,89,23,10,7
2025-06-24,Elétrica,mobile,219,40,23,8
2025-06-24,Elétrica,desktop,106,26,12,4
2025-06-24,Hidráulica,mobile,244,60,31,13
2025-06-24,Hidráulica,desktop,100,18,10,4
2025-06-24,Pintura e Acabamento,mobile,154,31,15,11
2025-06-24,Pintura e Acabamento,desktop,113,23,13,9
2025-06-24,Segurança,mobile,299,72,39,11
2025-06-24,Segurança,desktop,246,53,28,9
2025-06-25,Ferramentas,mobile,122,33,15,10
2025-06-25,Ferramentas,desktop,243,49,27,17
2025-06-25,Iluminação,mobile,217,56,26,19
2025-06-25,Iluminação,desktop,293,69,32,23
2025-06-25,Utilidades Domésticas,mobile,246,61,35,26
2025-06-25,Utilidades Domésticas,desktop,265,52,27,21
2025-06-25,Jardim e Área Externa,mobile,216,39,19,11
2025-06-25,Jardim e Área Externa,desktop,244,56,25,15
2025-06-25,Organização,mobile,148,30,14,11
2025-06-25,Organização,desktop,136,28,14,10
2025-06-25,Elétrica,mobile,277,59,33,14
2025-06-25,Elétrica,desktop,246,54,30,10
2025-06-25,Hidráulica,mobile,249,61,33,12
2025-06-25,Hidráulica,desktop,137,26,15,6
2025-06-25,Pintura e Acabamento,mobile,254,47,27,15
2025-06-25,Pintura e Acabamento,desktop,280,66,31,20
2025-06-25,Segurança,mobile,155,32,18,6
2025-06-25,Segurança,desktop,223,46,22,6
2025-06-26,Ferramentas,mobile,88,22,10,6
2025-06-26,Ferramentas,desktop,101,26,15,9
2025-06-26,Iluminação,mobile,244,44,20,14
2025-06-26,Iluminação,desktop,173,42,21,14
2025-06-26,Utilidades Domésticas,mobile,284,55,26,17
2025-06-26,Utilidades Domésticas,desktop,269,64,30,20
2025-06-26,Jardim e Área Externa,mobile,194,45,25,15
2025-06-26,Jardim e Área Externa,desktop,245,44,22,16
2025-06-26,Organização,mobile,155,42,20,15
2025-06-26,Organização,desktop,135,26,12,7
2025-06-26,Elétrica,mobile,255,48,25,8
2025-06-26,Elétrica,desktop,123,29,14,5
2025-06-26,Hidráulica,mobile,214,52,29,11
2025-06-26,Hidráulica,desktop,284,52,24,8
2025-06-26,Pintura e Acabamento,mobile,209,47,22,13
2025-06-26,Pintura e Acabamento,desktop,209,42,22,15
2025-06-26,Segurança,mobile,162,39,19,6
2025-06-26,Segurança,desktop,95,20,9,2
2025-06-27,Ferramentas,mobile,254,52,25,15
2025-06-27,Ferramentas,desktop,91,23,12,7
2025-06-27,Iluminação,mobile,124,30,17,11
2025-06-27,Iluminação,desktop,262,70,31,23
2025-06-27,Utilidades Domésticas,mobile,120,24,12,9
2025-06-27,Utilidades Domésticas,desktop,255,56,30,21
2025-06-27,Jardim e Área Externa,mobile,162,36,18,11
2025-06-27,Jardim e Área Externa,desktop,297,64,34,19
2025-06-27,Organização,mobile,135,37,18,12
2025-06-27,Organização,desktop,167,45,23,15
2025-06-27,Elétrica,mobile,206,41,21,8
2025-06-27,Elétrica,desktop,289,67,40,13
2025-06-27,Hidráulica,mobile,84,19,8,2
2025-06-27,Hidráulica,desktop,160,39,22,8
2025-06-27,Pintura e Acabamento,mobile,148,28,13,9
2025-06-27,Pintura e Acabamento,desktop,99,26,13,9
2025-06-27,Segurança,mobile,279,61,33,11
2025-06-27,Segurança,desktop,130,25,14,5
2025-06-28,Ferramentas,mobile,108,21,10,6
2025-06-28,Ferramentas,desktop,224,56,29,19
2025-06-28,Iluminação,mobile,85,22,10,6
2025-06-28,Iluminação,desktop,110,29,14,10
2025-06-28,Utilidades Domésticas,mobile,168,42,18,15
2025-06-28,Utilidades Domésticas,desktop,163,29,15,12
2025-06-28,Jardim e Área Externa,mobile,156,31,18,10
2025-06-28,Jardim e Área Externa,desktop,90,21,11,7
2025-06-28,Organização,mobile,103,25,14,9
2025-06-28,Organização,desktop,217,43,19,15
2025-06-28,Elétrica,mobile,268,70,37,12
2025-06-28,Elétrica,desktop,267,74,43,15
2025-06-28,Hidráulica,mobile,89,20,11,4
2025-06-28,Hidráulica,desktop,225,62,29,13
2025-06-28,Pintura e Acabamento,mobile,231,54,26,19
2025-06-28,Pintura e Acabamento,desktop,93,19,8,5
2025-06-28,Segurança,mobile,210,38,18,5
2025-06-28,Segurança,desktop,177,45,20,5
2025-06-29,Ferramentas,mobile,284,72,33,19
2025-06-29,Ferramentas,desktop,173,33,19,13
2025-06-29,Iluminação,mobile,146,34,16,12
2025-06-29,Iluminação,desktop,115,23,11,8
2025-06-29,Utilidades Domésticas,mobile,138,37,21,14
2025-06-29,Utilidades Domésticas,desktop,280,71,34,24
2025-06-29,Jardim e Área Externa,mobile,135,26,13,7
2025-06-29,Jardim e Área Externa,desktop,260,64,30,20
2025-06-29,Organização,mobile,222,59,30,18
2025-06-29,Organização,desktop,272,52,26,21
2025-06-29,Elétrica,mobile,133,29,14,5
2025-06-29,Elétrica,desktop,284,76,43,18
2025-06-29,Hidráulica,mobile,200,45,25,10
2025-06-29,Hidráulica,desktop,206,52,29,11
2025-06-29,Pintura e Acabamento,mobile,204,53,28,20
2025-06-29,Pintura e Acabamento,desktop,125,33,14,10
2025-06-29,Segurança,mobile,190,42,20,5
2025-06-29,Segurança,desktop,296,55,25,8
2025-06-30,Ferramentas,mobile,245,55,27,14
2025-06-30,Ferramentas,desktop,243,43,21,13
2025-06-30,Iluminação,mobile,83,21,11,8
2025-06-30,Iluminação,desktop,155,28,13,9
2025-06-30,Utilidades Domésticas,mobile,125,30,16,13
2025-06-30,Utilidades Domésticas,desktop,132,27,15,9
2025-06-30,Jardim e Área Externa,mobile,186,34,17,10
2025-06-30,Jardim e Área Externa,desktop,102,24,11,8
2025-06-30,Organização,mobile,222,55,25,18
2025-06-30,Organização,desktop,86,23,11,8
2025-06-30,Elétrica,mobile,255,58,31,11
2025-06-30,Elétrica,desktop,179,45,22,8
2025-06-30,Hidráulica,mobile,261,57,30,11
2025-06-30,Hidráulica,desktop,272,66,39,14
2025-06-30,Pintura e Acabamento,mobile,92,19,9,6
2025-06-30,Pintura e Acabamento,desktop,82,16,8,5
2025-06-30,Segurança,mobile,189,43,19,5
2025-06-30,Segurança,desktop,110,29,16,5
2025-07-01,Ferramentas,mobile,201,44,24,13
2025-07-01,Ferramentas,desktop,294,78,46,29
2025-07-01,Iluminação,mobile,139,36,17,11
2025-07-01,Iluminação,desktop,193,53,25,17
2025-07-01,Utilidades Domésticas,mobile,182,47,24,18
2025-07-01,Utilidades Domésticas,desktop,298,72,39,30
2025-07-01,Jardim e Área Externa,mobile,116,29,15,11
2025-07-01,Jardim e Área Externa,desktop,176,37,18,13
2025-07-01,Organização,mobile,84,16,8,6
2025-07-01,Organização,desktop,82,18,10,6
2025-07-01,Elétrica,mobile,173,36,19,7
2025-07-01,Elétrica,desktop,207,56,29,10
2025-07-01,Hidráulica,mobile,165,33,19,7
2025-07-01,Hidráulica,desktop,152,31,16,7
2025-07-01,Pintura e Acabamento,mobile,215,53,28,18
2025-07-01,Pintura e Acabamento,desktop,143,30,15,10
2025-07-01,Segurança,mobile,291,62,30,9
2025-07-01,Segurança,desktop,145,30,14,3
2025-07-02,Ferramentas,mobile,150,30,15,10
2025-07-02,Ferramentas,desktop,288,53,27,15
2025-07-02,Iluminação,mobile,188,42,23,14
2025-07-02,Iluminação,desktop,247,54,30,21
2025-07-02,Utilidades Domésticas,mobile,89,22,11,8
2025-07-02,Utilidades Domésticas,desktop,211,55,28,21
2025-07-02,Jardim e Área Externa,mobile,178,49,26,15
2025-07-02,Jardim e Área Externa,desktop,236,50,28,20
2025-07-02,Organização,mobile,92,18,9,7
2025-07-02,Organização,desktop,123,22,12,7
2025-07-02,Elétrica,mobile,208,52,29,12
2025-07-02,Elétrica,desktop,131,32,15,6
2025-07-02,Hidráulica,mobile,280,76,37,16
2025-07-02,Hidráulica,desktop,241,64,29,10
2025-07-02,Pintura e Acabamento,mobile,275,74,43,30
2025-07-02,Pintura e Acabamento,desktop,88,21,11,6
2025-07-02,Segurança,mobile,220,47,22,7
2025-07-02,Segurança,desktop,264,49,28,8
2025-07-03,Ferramentas,mobile,126,29,13,8
2025-07-03,Ferramentas,desktop,176,38,17,11
2025-07-03,Iluminação,mobile,243,61,34,20
2025-07-03,Iluminação,desktop,271,49,28,17
2025-07-03,Utilidades Domésticas,mobile,169,34,16,12
2025-07-03,Utilidades Domésticas,desktop,226,59,27,22
2025-07-03,Jardim e Área Externa,mobile,226,60,34,24
2025-07-03,Jardim e Área Externa,desktop,161,38,22,16
2025-07-03,Organização,mobile,93,24,11,6
2025-07-03,Organização,desktop,230,45,20,16
2025-07-03,Elétrica,mobile,261,69,38,16
2025-07-03,Elétrica,desktop,141,37,17,7
2025-07-03,Hidráulica,mobile,169,43,21,8
2025-07-03,Hidráulica,desktop,98,17,7,2
2025-07-03,Pintura e Acabamento,mobile,115,23,12,7
2025-07-03,Pintura e Acabamento,desktop,182,46,27,19
2025-07-03,Segurança,mobile,137,31,18,6
2025-07-03,Segurança,desktop,268,58,34,11
2025-07-04,Ferramentas,mobile,151,34,18,9
2025-07-04,Ferramentas,desktop,245,68,35,24
2025-07-04,Iluminação,mobile,185,38,19,14
2025-07-04,Iluminação,desktop,134,34,17,12
2025-07-04,Utilidades Domésticas,mobile,133,26,12,8
2025-07-04,Utilidades Domésticas,desktop,224,41,18,13
2025-07-04,Jardim e Área Externa,mobile,202,43,23,14
2025-07-04,Jardim e Área Externa,desktop,284,58,27,19
2025-07-04,Organização,mobile,85,18,9,7
2025-07-04,Organização,desktop,104,28,13,8
2025-07-04,Elétrica,mobile,182,48,24,9
2025-07-04,Elétrica,desktop,182,46,24,9
2025-07-04,Hidráulica,mobile,229,57,31,13
2025-07-04,Hidráulica,desktop,266,49,25,9
2025-07-04,Pintura e Acabamento,mobile,176,46,20,11
2025-07-04,Pintura e Acabamento,desktop,156,31,14,10
2025-07-04,Segurança,mobile,97,23,12,4
2025-07-04,Segurança,desktop,216,59,34,12
2025-07-05,Ferramentas,mobile,275,55,27,16
2025-07-05,Ferramentas,desktop,264,69,33,18
2025-07-05,Iluminação,mobile,207,55,30,22
2025-07-05,Iluminação,desktop,87,20,9,5
2025-07-05,Utilidades Domésticas,mobile,294,70,35,25
2025-07-05,Utilidades Domésticas,desktop,269,75,41,29
2025-07-05,Jardim e Área Externa,mobile,96,20,11,6
2025-07-05,Jardim e Área Externa,desktop,245,47,22,15
2025-07-05,Organização,mobile,179,38,21,17
2025-07-05,Organização,desktop,265,50,28,22
2025-07-05,Elétrica,mobile,197,51,26,8
2025-07-05,Elétrica,desktop,212,47,28,10
2025-07-05,Hidráulica,mobile,164,43,24,10
2025-07-05,Hidráulica,desktop,179,35,17,7
2025-07-05,Pintura e Acabamento,mobile,270,70,36,25
2025-07-05,Pintura e Acabamento,desktop,237,65,33,21
2025-07-05,Segurança,mobile,210,43,25,9
2025-07-05,Segurança,desktop,222,61,28,10
2025-07-06,Ferramentas,mobile,260,49,24,12
2025-07-06,Ferramentas,desktop,182,45,20,11
2025-07-06,Iluminação,mobile,193,53,24,15
2025-07-06,Iluminação,desktop,222,45,21,16
2025-07-06,Utilidades Domésticas,mobile,83,17,9,5
2025-07-06,Utilidades Domésticas,desktop,111,28,14,10
2025-07-06,Jardim e Área Externa,mobile,143,27,14,8
2025-07-06,Jardim e Área Externa,desktop,145,39,22,13
2025-07-06,Organização,mobile,165,33,15,10
2025-07-06,Organização,desktop,246,50,25,19
2025-07-06,Elétrica,mobile,89,18,9,3
2025-07-06,Elétrica,desktop,98,20,10,3
2025-07-06,Hidráulica,mobile,149,39,21,9
2025-07-06,Hidráulica,desktop,201,44,22,9
2025-07-06,Pintura e Acabamento,mobile,80,17,7,5
2025-07-06,Pintura e Acabamento,desktop,117,28,14,10
2025-07-06,Segurança,mobile,227,49,24,8
2025-07-06,Segurança,desktop,253,61,32,10
2025-07-07,Ferramentas,mobile,80,15,7,4
2025-07-07,Ferramentas,desktop,185,41,22,11
2025-07-07,Iluminação,mobile,291,59,30,23
2025-07-07,Iluminação,desktop,146,35,18,13
2025-07-07,Utilidades Domésticas,mobile,133,36,17,12
2025-07-07,Utilidades Domésticas,desktop,99,21,9,7
2025-07-07,Jardim e Área Externa,mobile,182,38,21,13
2025-07-07,Jardim e Área Externa,desktop,250,53,28,18
2025-07-07,Organização,mobile,205,42,23,17
2025-07-07,Organização,desktop,260,51,26,21
2025-07-07,Elétrica,mobile,276,61,29,12
2025-07-07,Elétrica,desktop,173,48,25,9
2025-07-07,Hidráulica,mobile,210,39,22,9
2025-07-07,Hidráulica,desktop,273,56,31,13
2025-07-07,Pintura e Acabamento,mobile,222,49,23,13
2025-07-07,Pintura e Acabamento,desktop,219,51,24,14
2025-07-07,Segurança,mobile,193,51,27,7
2025-07-07,Segurança,desktop,247,55,30,9
2025-07-08,Ferramentas,mobile,219,53,28,15
2025-07-08,Ferramentas,desktop,270,75,36,18
2025-07-08,Iluminação,mobile,187,49,25,16
2025-07-08,Iluminação,desktop,145,28,13,10
2025-07-08,Utilidades Domésticas,mobile,111,21,10,7
2025-07-08,Utilidades Domésticas,desktop,126,30,13,8
2025-07-08,Jardim e Área Externa,mobile,196,40,18,10
2025-07-08,Jardim e Área Externa,desktop,185,37,19,12
2025-07-08,Organização,mobile,262,67,32,24
2025-07-08,Organização,desktop,161,40,18,12
2025-07-08,Elétrica,mobile,174,31,17,6
2025-07-08,Elétrica,desktop,119,24,11,4
2025-07-08,Hidráulica,mobile,142,34,16,6
2025-07-08,Hidráulica,desktop,250,57,29,11
2025-07-08,Pintura e Acabamento,mobile,84,22,11,7
2025-07-08,Pintura e Acabamento,desktop,109,24,13,8
2025-07-08,Segurança,mobile,221,44,24,8
2025-07-08,Segurança,desktop,136,28,12,4
2025-07-09,Ferramentas,mobile,119,32,16,9
2025-07-09,Ferramentas,desktop,101,24,11,7
2025-07-09,Iluminação,mobile,141,30,17,12
2025-07-09,Iluminação,desktop,166,36,19,12
2025-07-09,Utilidades Domésticas,mobile,133,29,16,12
2025-07-09,Utilidades Domésticas,desktop,125,32,15,12
2025-07-09,Jardim e Área Externa,mobile,269,67,35,25
2025-07-09,Jardim e Área Externa,desktop,163,41,21,13
2025-07-09,Organização,mobile,91,24,11,7
2025-07-09,Organização,desktop,164,33,15,10
2025-07-09,Elétrica,mobile,287,80,46,17
2025-07-09,Elétrica,desktop,220,46,23,7
2025-07-09,Hidráulica,mobile,245,48,27,13
2025-07-09,Hidráulica,desktop,202,49,25,10
2025-07-09,Pintura e Acabamento,mobile,152,40,22,15
2025-07-09,Pintura e Acabamento,desktop,242,53,25,16
2025-07-09,Segurança,mobile,244,51,28,8
2025-07-09,Segurança,desktop,169,43,23,8
2025-07-10,Ferramentas,mobile,100,26,13,6
2025-07-10,Ferramentas,desktop,162,30,16,8
2025-07-10,Iluminação,mobile,253,60,28,22
2025-07-10,Iluminação,desktop,117,24,11,8
2025-07-10,Utilidades Domésticas,mobile,125,29,17,12
2025-07-10,Utilidades Domésticas,desktop,241,64,29,18
2025-07-10,Jardim e Área Externa,mobile,194,50,29,17
2025-07-10,Jardim e Área Externa,desktop,209,41,23,16
2025-07-10,Organização,mobile,140,34,16,10
2025-07-10,Organização,desktop,191,38,18,13
2025-07-10,Elétrica,mobile,142,36,17,7
2025-07-10,Elétrica,desktop,162,29,15,6
2025-07-10,Hidráulica,mobile,210,39,20,7
2025-07-10,Hidráulica,desktop,244,52,27,10
2025-07-10,Pintura e Acabamento,mobile,298,57,29,18
2025-07-10,Pintura e Acabamento,desktop,239,57,32,18
2025-07-10,Segurança,mobile,250,61,30,9
2025-07-10,Segurança,desktop,194,43,20,5
2025-07-11,Ferramentas,mobile,289,71,39,22
2025-07-11,Ferramentas,desktop,122,25,12,6
2025-07-11,Iluminação,mobile,119,24,12,9
2025-07-11,Iluminação,desktop,182,46,21,14
2025-07-11,Utilidades Domésticas,mobile,199,52,28,21
2025-07-11,Utilidades Domésticas,desktop,239,65,32,25
2025-07-11,Jardim e Área Externa,mobile,283,76,39,28
2025-07-11,Jardim e Área Externa,desktop,101,20,11,6
2025-07-11,Organização,mobile,163,37,20,16
2025-07-11,Organização,desktop,133,25,12,9
2025-07-11,Elétrica,mobile,81,17,9,3
2025-07-11,Elétrica,desktop,141,38,17,6
2025-07-11,Hidráulica,mobile,223,51,24,9
2025-07-11,Hidráulica,desktop,274,55,30,14
2025-07-11,Pintura e Acabamento,mobile,177,34,16,10
2025-07-11,Pintura e Acabamento,desktop,181,36,19,10
2025-07-11,Segurança,mobile,109,27,15,4
2025-07-11,Segurança,desktop,272,55,32,10
2025-07-12,Ferramentas,mobile,130,35,20,12
2025-07-12,Ferramentas,desktop,187,40,18,9
2025-07-12,Iluminação,mobile,112,23,12,7
2025-07-12,Iluminação,desktop,193,52,26,16
2025-07-12,Utilidades Domésticas,mobile,132,33,15,10
2025-07-12,Utilidades Domésticas,desktop,110,22,12,9
2025-07-12,Jardim e Área Externa,mobile,201,50,23,14
2025-07-12,Jardim e Área Externa,desktop,150,40,19,12
2025-07-12,Organização,mobile,282,75,36,27
2025-07-12,Organização,desktop,235,57,28,22
2025-07-12,Elétrica,mobile,101,18,10,3
2025-07-12,Elétrica,desktop,222,47,25,10
2025-07-12,Hidráulica,mobile,254,53,28,13
2025-07-12,Hidráulica,desktop,255,54,27,10
2025-07-12,Pintura e Acabamento,mobile,120,24,13,8
2025-07-12,Pintura e Acabamento,desktop,160,31,16,9
2025-07-12,Segurança,mobile,295,63,34,11
2025-07-12,Segurança,desktop,102,25,14,4
2025-07-13,Ferramentas,mobile,195,46,24,15
2025-07-13,Ferramentas,desktop,276,69,39,20
2025-07-13,Iluminação,mobile,211,56,27,19
2025-07-13,Iluminação,desktop,157,43,24,16
2025-07-13,Utilidades Domésticas,mobile,246,46,24,16
2025-07-13,Utilidades Domésticas,desktop,205,43,25,19
2025-07-13,Jardim e Área Externa,mobile,237,63,32,17
2025-07-13,Jardim e Área Externa,desktop,164,43,20,14
2025-07-13,Organização,mobile,106,23,11,8
2025-07-13,Organização,desktop,133,26,13,7
2025-07-13,Elétrica,mobile,134,28,15,5
2025-07-13,Elétrica,desktop,176,34,17,6
2025-07-13,Hidráulica,mobile,239,60,30,14
2025-07-13,Hidráulica,desktop,224,49,29,13
2025-07-13,Pintura e Acabamento,mobile,115,22,11,7
2025-07-13,Pintura e Acabamento,desktop,94,23,10,7
2025-07-13,Segurança,mobile,135,28,13,3
2025-07-13,Segurança,desktop,247,59,33,9
2025-07-14,Ferramentas,mobile,103,22,11,6
2025-07-14,Ferramentas,desktop,138,26,13,8
2025-07-14,Iluminação,mobile,186,45,24,17
2025-07-14,Iluminação,desktop,196,53,30,19
2025-07-14,Utilidades Domésticas,mobile,256,63,30,24
2025-07-14,Utilidades Domésticas,desktop,237,55,26,22
2025-07-14,Jardim e Área Externa,mobile,153,32,15,9
2025-07-14,Jardim e Área Externa,desktop,236,52,23,14
2025-07-14,Organização,mobile,178,44,25,16
2025-07-14,Organização,desktop,247,59,32,25
2025-07-14,Elétrica,mobile,180,40,22,9
2025-07-14,Elétrica,desktop,247,47,21,7
2025-07-14,Hidráulica,mobile,81,21,11,5
2025-07-14,Hidráulica,desktop,166,46,21,9
2025-07-14,Pintura e Acabamento,mobile,257,48,22,15
2025-07-14,Pintura e Acabamento,desktop,86,21,11,7
2025-07-14,Segurança,mobile,193,52,27,8
2025-07-14,Segurança,desktop,118,29,14,5
2025-07-15,Ferramentas,mobile,270,68,30,18
2025-07-15,Ferramentas,desktop,217,58,33,22
2025-07-15,Iluminação,mobile,176,34,18,11
2025-07-15,Iluminação,desktop,113,21,11,6
2025-07-15,Utilidades Domésticas,mobile,82,16,8,5
2025-07-15,Utilidades Domésticas,desktop,271,71,38,27
2025-07-15,Jardim e Área Externa,mobile,170,45,23,15
2025-07-15,Jardim e Área Externa,desktop,170,33,19,14
2025-07-15,Organização,mobile,239,53,27,19
2025-07-15,Organização,desktop,257,59,34,24
2025-07-15,Elétrica,mobile,214,59,32,13
2025-07-15,Elétrica,desktop,187,37,17,7
2025-07-15,Hidráulica,mobile,115,27,13,4
2025-07-15,Hidráulica,desktop,167,39,18,8
2025-07-15,Pintura e Acabamento,mobile,189,41,20,13
2025-07-15,Pintura e Acabamento,desktop,156,37,19,11
2025-07-15,Segurança,mobile,265,58,27,7
2025-07-15,Segurança,desktop,234,53,25,9
2025-07-16,Ferramentas,mobile,188,45,21,13
2025-07-16,Ferramentas,desktop,184,46,21,13
2025-07-16,Iluminação,mobile,136,27,13,8
2025-07-16,Iluminação,desktop,267,59,28,16
2025-07-16,Utilidades Domésticas,mobile,127,28,15,11
2025-07-16,Utilidades Domésticas,desktop,272,60,32,24
2025-07-16,Jardim e Área Externa,mobile,226,49,22,12
2025-07-16,Jardim e Área Externa,desktop,186,41,23,16
2025-07-16,Organização,mobile,218,40,20,13
2025-07-16,Organização,desktop,130,34,15,12
2025-07-16,Elétrica,mobile,234,59,26,11
2025-07-16,Elétrica,desktop,101,18,9,3
2025-07-16,Hidráulica,mobile,149,37,17,8
2025-07-16,Hidráulica,desktop,96,19,8,3
2025-07-16,Pintura e Acabamento,mobile,277,55,31,19
2025-07-16,Pintura e Acabamento,desktop,150,37,20,13
2025-07-16,Segurança,mobile,196,47,25,8
2025-07-16,Segurança,desktop,243,54,28,7
2025-07-17,Ferramentas,mobile,143,34,17,9
2025-07-17,Ferramentas,desktop,256,64,36,18
2025-07-17,Iluminação,mobile,242,52,30,18
2025-07-17,Iluminação,desktop,284,63,30,21
2025-07-17,Utilidades Domésticas,mobile,218,60,35,29
2025-07-17,Utilidades Domésticas,desktop,103,25,13,9
2025-07-17,Jardim e Área Externa,mobile,223,54,29,17
2025-07-17,Jardim e Área Externa,desktop,233,61,27,19
2025-07-17,Organização,mobile,148,40,23,18
2025-07-17,Organização,desktop,181,34,18,13
2025-07-17,Elétrica,mobile,289,66,34,14
2025-07-17,Elétrica,desktop,186,46,23,8
2025-07-17,Hidráulica,mobile,268,70,32,15
2025-07-17,Hidráulica,desktop,170,46,26,11
2025-07-17,Pintura e Acabamento,mobile,97,26,14,9
2025-07-17,Pintura e Acabamento,desktop,298,76,37,23
2025-07-17,Segurança,mobile,289,79,36,10
2025-07-17,Segurança,desktop,139,28,15,4
2025-07-18,Ferramentas,mobile,202,43,20,11
2025-07-18,Ferramentas,desktop,82,21,9,4
2025-07-18,Iluminação,mobile,232,56,31,23
2025-07-18,Iluminação,desktop,181,35,18,13
2025-07-18,Utilidades Domésticas,mobile,281,55,31,26
2025-07-18,Utilidades Domésticas,desktop,247,67,30,21
2025-07-18,Jardim e Área Externa,mobile,236,48,26,17
2025-07-18,Jardim e Área Externa,desktop,271,58,30,21
2025-07-18,Organização,mobile,273,68,30,23
2025-07-18,Organização,desktop,255,68,39,28
2025-07-18,Elétrica,mobile,139,32,18,7
2025-07-18,Elétrica,desktop,133,35,18,7
2025-07-18,Hidráulica,mobile,215,59,33,12
2025-07-18,Hidráulica,desktop,240,64,31,12
2025-07-18,Pintura e Acabamento,mobile,126,32,17,13
2025-07-18,Pintura e Acabamento,desktop,142,30,16,10
2025-07-18,Segurança,mobile,101,19,10,2
2025-07-18,Segurança,desktop,92,18,9,3
2025-07-19,Ferramentas,mobile,299,74,39,21
2025-07-19,Ferramentas,desktop,120,31,16,8
2025-07-19,Iluminação,mobile,153,30,17,12
2025-07-19,Iluminação,desktop,223,40,22,14
2025-07-19,Utilidades Domésticas,mobile,204,51,25,18
2025-07-19,Utilidades Domésticas,desktop,222,42,20,14
2025-07-19,Jardim e Área Externa,mobile,202,56,27,19
2025-07-19,Jardim e Área Externa,desktop,167,43,25,18
2025-07-19,Organização,mobile,237,63,34,20
2025-07-19,Organização,desktop,279,77,36,22
2025-07-19,Elétrica,mobile,150,41,22,7
2025-07-19,Elétrica,desktop,99,20,10,3
2025-07-19,Hidráulica,mobile,135,28,16,7
2025-07-19,Hidráulica,desktop,293,66,31,13
2025-07-19,Pintura e Acabamento,mobile,296,60,31,20
2025-07-19,Pintura e Acabamento,desktop,162,36,20,11
2025-07-19,Segurança,mobile,171,32,15,5
2025-07-19,Segurança,desktop,297,81,44,13
2025-07-20,Ferramentas,mobile,114,22,11,6
2025-07-20,Ferramentas,desktop,89,19,8,5
2025-07-20,Iluminação,mobile,81,21,11,8
2025-07-20,Iluminação,desktop,153,38,20,14
2025-07-20,Utilidades Domésticas,mobile,214,51,25,21
2025-07-20,Utilidades Domésticas,desktop,163,38,17,11
2025-07-20,Jardim e Área Externa,mobile,173,46,20,12
2025-07-20,Jardim e Área Externa,desktop,288,65,32,20
2025-07-20,Organização,mobile,100,18,10,7
2025-07-20,Organização,desktop,120,22,12,9
2025-07-20,Elétrica,mobile,213,42,21,7
2025-07-20,Elétrica,desktop,257,56,26,11
2025-07-20,Hidráulica,mobile,135,26,15,5
2025-07-20,Hidráulica,desktop,152,37,19,8
2025-07-20,Pintura e Acabamento,mobile,233,43,19,13
2025-07-20,Pintura e Acabamento,desktop,133,32,15,10
2025-07-20,Segurança,mobile,193,53,31,9
2025-07-20,Segurança,desktop,201,43,24,7
2025-07-21,Ferramentas,mobile,267,57,31,21
2025-07-21,Ferramentas,desktop,142,26,14,8
2025-07-21,Iluminação,mobile,105,27,15,11
2025-07-21,Iluminação,desktop,162,41,20,14
2025-07-21,Utilidades Domésticas,mobile,187,44,22,17
2025-07-21,Utilidades Domésticas,desktop,266,56,32,23
2025-07-21,Jardim e Área Externa,mobile,172,34,20,12
2025-07-21,Jardim e Área Externa,desktop,170,31,18,10
2025-07-21,Organização,mobile,266,72,33,19
2025-07-21,Organização,desktop,131,32,16,11
2025-07-21,Elétrica,mobile,92,19,11,4
2025-07-21,Elétrica,desktop,190,49,27,9
2025-07-21,Hidráulica,mobile,234,50,25,12
2025-07-21,Hidráulica,desktop,176,39,22,10
2025-07-21,Pintura e Acabamento,mobile,283,60,30,22
2025-07-21,Pintura e Acabamento,desktop,109,23,10,7
2025-07-21,Segurança,mobile,242,53,31,9
2025-07-21,Segurança,desktop,240,55,29,8
2025-07-22,Ferramentas,mobile,114,26,11,7
2025-07-22,Ferramentas,desktop,148,35,18,10
2025-07-22,Iluminação,mobile,214,41,22,13
2025-07-22,Iluminação,desktop,243,66,35,24
2025-07-22,Utilidades Domésticas,mobile,178,44,23,15
2025-07-22,Utilidades Domésticas,desktop,127,26,14,9
2025-07-22,Jardim e Área Externa,mobile,228,54,27,17
2025-07-22,Jardim e Área Externa,desktop,185,43,20,13
2025-07-22,Organização,mobile,230,44,24,18
2025-07-22,Organização,desktop,106,22,11,7
2025-07-22,Elétrica,mobile,85,16,8,3
2025-07-22,Elétrica,desktop,166,30,16,6
2025-07-22,Hidráulica,mobile,287,72,41,17
2025-07-22,Hidráulica,desktop,112,24,11,5
2025-07-22,Pintura e Acabamento,mobile,175,37,17,12
2025-07-22,Pintura e Acabamento,desktop,220,55,30,19
2025-07-22,Segurança,mobile,136,27,14,4
2025-07-22,Segurança,desktop,291,62,32,11
2025-07-23,Ferramentas,mobile,119,33,15,9
2025-07-23,Ferramentas,desktop,232,54,28,15
2025-07-23,Iluminação,mobile,235,49,23,16
2025-07-23,Iluminação,desktop,124,31,14,10
2025-07-23,Utilidades Domésticas,mobile,285,76,34,27
2025-07-23,Utilidades Domésticas,desktop,120,27,15,12
2025-07-23,Jardim e Área Externa,mobile,288,69,39,22
2025-07-23,Jardim e Área Externa,desktop,299,63,29,20
2025-07-23,Organização,mobile,284,77,40,30
2025-07-23,Organização,desktop,81,19,9,6
2025-07-23,Elétrica,mobile,222,50,28,9
2025-07-23,Elétrica,desktop,244,59,32,14
2025-07-23,Hidráulica,mobile,124,33,16,7
2025-07-23,Hidráulica,desktop,275,68,38,16
2025-07-23,Pintura e Acabamento,mobile,264,61,35,24
2025-07-23,Pintura e Acabamento,desktop,134,34,17,12
2025-07-23,Segurança,mobile,214,43,24,8
2025-07-23,Segurança,desktop,187,43,21,7
2025-07-24,Ferramentas,mobile,138,35,17,9
2025-07-24,Ferramentas,desktop,255,61,35,23
2025-07-24,Iluminação,mobile,235,53,25,18
2025-07-24,Iluminação,desktop,85,21,9,5
2025-07-24,Utilidades Domésticas,mobile,281,58,32,21
2025-07-24,Utilidades Domésticas,desktop,189,40,18,14
2025-07-24,Jardim e Área Externa,mobile,186,35,18,11
2025-07-24,Jardim e Área Externa,desktop,195,51,28,15
2025-07-24,Organização,mobile,200,43,20,12
2025-07-24,Organização,desktop,234,61,28,22
2025-07-24,Elétrica,mobile,93,18,9,3
2025-07-24,Elétrica,desktop,159,33,17,6
2025-07-24,Hidráulica,mobile,236,46,26,10
2025-07-24,Hidráulica,desktop,270,63,31,15
2025-07-24,Pintura e Acabamento,mobile,259,54,28,15
2025-07-24,Pintura e Acabamento,desktop,191,50,24,13
2025-07-24,Segurança,mobile,114,28,16,4
2025-07-24,Segurança,desktop,282,56,28,8
2025-07-25,Ferramentas,mobile,285,72,33,18
2025-07-25,Ferramentas,desktop,119,30,14,9
2025-07-25,Iluminação,mobile,214,56,27,18
2025-07-25,Iluminação,desktop,246,66,33,19
2025-07-25,Utilidades Domésticas,mobile,225,57,32,22
2025-07-25,Utilidades Domésticas,desktop,267,55,25,17
2025-07-25,Jardim e Área Externa,mobile,123,32,15,9
2025-07-25,Jardim e Área Externa,desktop,165,43,19,13
2025-07-25,Organização,mobile,224,57,34,25
2025-07-25,Organização,desktop,266,74,34,27
2025-07-25,Elétrica,mobile,210,40,21,7
2025-07-25,Elétrica,desktop,142,34,15,5
2025-07-25,Hidráulica,mobile,298,61,36,16
2025-07-25,Hidráulica,desktop,206,49,23,10
2025-07-25,Pintura e Acabamento,mobile,139,27,13,9
2025-07-25,Pintura e Acabamento,desktop,227,56,25,16
2025-07-25,Segurança,mobile,86,16,9,2
2025-07-25,Segurança,desktop,136,37,18,5
2025-07-26,Ferramentas,mobile,100,19,9,5
2025-07-26,Ferramentas,desktop,292,56,26,18
2025-07-26,Iluminação,mobile,96,22,10,7
2025-07-26,Iluminação,desktop,87,18,10,7
2025-07-26,Utilidades Domésticas,mobile,281,56,31,20
2025-07-26,Utilidades Domésticas,desktop,237,49,28,21
2025-07-26,Jardim e Área Externa,mobile,92,19,8,4
2025-07-26,Jardim e Área Externa,desktop,186,36,16,11
2025-07-26,Organização,mobile,187,38,20,15
2025-07-26,Organização,desktop,195,41,22,14
2025-07-26,Elétrica,mobile,179,33,17,7
2025-07-26,Elétrica,desktop,193,53,31,10
2025-07-26,Hidráulica,mobile,267,52,27,10
2025-07-26,Hidráulica,desktop,272,62,29,12
2025-07-26,Pintura e Acabamento,mobile,258,57,30,20
2025-07-26,Pintura e Acabamento,desktop,160,36,19,11
2025-07-26,Segurança,mobile,191,40,23,8
2025-07-26,Segurança,desktop,81,21,11,3
2025-07-27,Ferramentas,mobile,200,41,23,11
2025-07-27,Ferramentas,desktop,181,46,24,13
2025-07-27,Iluminação,mobile,153,32,16,11
2025-07-27,Iluminação,desktop,107,29,15,9
2025-07-27,Utilidades Domésticas,mobile,104,27,14,11
2025-07-27,Utilidades Domésticas,desktop,263,52,29,19
2025-07-27,Jardim e Área Externa,mobile,272,59,31,20
2025-07-27,Jardim e Área Externa,desktop,177,32,17,12
2025-07-27,Organização,mobile,266,67,37,27
2025-07-27,Organização,desktop,212,53,28,20
2025-07-27,Elétrica,mobile,146,27,16,5
2025-07-27,Elétrica,desktop,191,35,20,7
2025-07-27,Hidráulica,mobile,190,44,25,11
2025-07-27,Hidráulica,desktop,294,53,31,14
2025-07-27,Pintura e Acabamento,mobile,92,19,11,7
2025-07-27,Pintura e Acabamento,desktop,145,35,15,9
2025-07-27,Segurança,mobile,134,27,15,5
2025-07-27,Segurança,desktop,140,37,17,5
2025-07-28,Ferramentas,mobile,81,22,10,6
2025-07-28,Ferramentas,desktop,223,62,30,20
2025-07-28,Iluminação,mobile,98,22,11,8
2025-07-28,Iluminação,desktop,172,31,15,10
2025-07-28,Utilidades Domésticas,mobile,266,67,34,22
2025-07-28,Utilidades Domésticas,desktop,117,31,14,10
2025-07-28,Jardim e Área Externa,mobile,121,28,16,10
2025-07-28,Jardim e Área Externa,desktop,129,24,12,7
2025-07-28,Organização,mobile,150,27,15,10
2025-07-28,Organização,desktop,177,32,17,13
2025-07-28,Elétrica,mobile,209,40,19,6
2025-07-28,Elétrica,desktop,243,50,26,10
2025-07-28,Hidráulica,mobile,254,65,36,17
2025-07-28,Hidráulica,desktop,101,24,13,5
2025-07-28,Pintura e Acabamento,mobile,226,46,22,14
2025-07-28,Pintura e Acabamento,desktop,85,20,9,6
2025-07-28,Segurança,mobile,123,23,11,3
2025-07-28,Segurança,desktop,276,72,40,12
2025-07-29,Ferramentas,mobile,90,18,9,5
2025-07-29,Ferramentas,desktop,91,25,11,6
2025-07-29,Iluminação,mobile,165,36,16,11
2025-07-29,Iluminação,desktop,181,34,18,13
2025-07-29,Utilidades Domésticas,mobile,101,24,12,8
2025-07-29,Utilidades Domésticas,desktop,148,36,16,11
2025-07-29,Jardim e Área Externa,mobile,286,58,31,20
2025-07-29,Jardim e Área Externa,desktop,137,24,13,7
2025-07-29,Organização,mobile,261,62,34,24
2025-07-29,Organização,desktop,88,20,11,8
2025-07-29,Elétrica,mobile,252,54,27,11
2025-07-29,Elétrica,desktop,144,28,15,5
2025-07-29,Hidráulica,mobile,250,51,27,11
2025-07-29,Hidráulica,desktop,106,26,13,6
2025-07-29,Pintura e Acabamento,mobile,276,50,26,19
2025-07-29,Pintura e Acabamento,desktop,197,47,26,18
2025-07-29,Segurança,mobile,180,36,18,6
2025-07-29,Segurança,desktop,226,50,26,8
2025-07-30,Ferramentas,mobile,89,23,10,6
2025-07-30,Ferramentas,desktop,149,36,19,11
2025-07-30,Iluminação,mobile,183,40,22,14
2025-07-30,Iluminação,desktop,176,45,23,17
2025-07-30,Utilidades Domésticas,mobile,176,47,28,18
2025-07-30,Utilidades Domésticas,desktop,270,49,23,17
2025-07-30,Jardim e Área Externa,mobile,208,45,20,11
2025-07-30,Jardim e Área Externa,desktop,160,30,13,7
2025-07-30,Organização,mobile,155,33,14,9
2025-07-30,Organização,desktop,131,35,17,13
2025-07-30,Elétrica,mobile,291,69,38,14
2025-07-30,Elétrica,desktop,132,26,15,5
2025-07-30,Hidráulica,mobile,211,46,26,10
2025-07-30,Hidráulica,desktop,185,35,20,7
2025-07-30,Pintura e Acabamento,mobile,296,75,41,28
2025-07-30,Pintura e Acabamento,desktop,173,43,21,15
2025-07-30,Segurança,mobile,122,29,15,5
2025-07-30,Segurança,desktop,234,47,25,9
2025-07-31,Ferramentas,mobile,176,47,26,16
2025-07-31,Ferramentas,desktop,166,30,15,10
2025-07-31,Iluminação,mobile,103,27,16,9
2025-07-31,Iluminação,desktop,204,43,23,18
2025-07-31,Utilidades Domésticas,mobile,195,43,20,15
2025-07-31,Utilidades Domésticas,desktop,198,45,24,20
2025-07-31,Jardim e Área Externa,mobile,189,35,20,12
2025-07-31,Jardim e Área Externa,desktop,125,28,16,8
2025-07-31,Organização,mobile,221,40,21,17
2025-07-31,Organização,desktop,143,32,18,12
2025-07-31,Elétrica,mobile,195,52,25,10
2025-07-31,Elétrica,desktop,111,25,13,4
2025-07-31,Hidráulica,mobile,119,22,12,5
2025-07-31,Hidráulica,desktop,168,45,22,9
2025-07-31,Pintura e Acabamento,mobile,261,59,29,19
2025-07-31,Pintura e Acabamento,desktop,185,43,25,16
2025-07-31,Segurança,mobile,247,66,32,11
2025-07-31,Segurança,desktop,121,33,18,5
2025-08-01,Ferramentas,mobile,85,21,10,6
2025-08-01,Ferramentas,desktop,197,41,23,12
2025-08-01,Iluminação,mobile,240,62,36,26
2025-08-01,Iluminação,desktop,272,58,32,23
2025-08-01,Utilidades Domésticas,mobile,225,49,24,18
2025-08-01,Utilidades Domésticas,desktop,273,58,30,23
2025-08-01,Jardim e Área Externa,mobile,125,22,11,6
2025-08-01,Jardim e Área Externa,desktop,262,66,32,23
2025-08-01,Organização,mobile,297,57,29,18
2025-08-01,Organização,desktop,128,33,17,12
2025-08-01,Elétrica,mobile,272,71,42,17
2025-08-01,Elétrica,desktop,186,47,27,9
2025-08-01,Hidráulica,mobile,264,73,40,16
2025-08-01,Hidráulica,desktop,120,26,15,7
2025-08-01,Pintura e Acabamento,mobile,198,50,23,15
2025-08-01,Pintura e Acabamento,desktop,121,31,14,8
2025-08-01,Segurança,mobile,233,47,21,6
2025-08-01,Segurança,desktop,256,48,25,9
2025-08-02,Ferramentas,mobile,256,56,30,19
2025-08-02,Ferramentas,desktop,208,48,25,14
2025-08-02,Iluminação,mobile,273,58,28,19
2025-08-02,Iluminação,desktop,299,72,41,32
2025-08-02,Utilidades Domésticas,mobile,83,15,7,5
2025-08-02,Utilidades Domésticas,desktop,274,76,41,26
2025-08-02,Jardim e Área Externa,mobile,118,22,10,6
2025-08-02,Jardim e Área Externa,desktop,165,34,18,11
2025-08-02,Organização,mobile,282,54,29,18
2025-08-02,Organização,desktop,222,56,31,23
2025-08-02,Elétrica,mobile,259,59,35,13
2025-08-02,Elétrica,desktop,169,30,17,6
2025-08-02,Hidráulica,mobile,271,63,30,12
2025-08-02,Hidráulica,desktop,267,54,31,12
2025-08-02,Pintura e Acabamento,mobile,248,46,27,20
2025-08-02,Pintura e Acabamento,desktop,162,35,18,11
2025-08-02,Segurança,mobile,192,36,20,5
2025-08-02,Segurança,desktop,150,32,17,4
2025-08-03,Ferramentas,mobile,174,31,17,11
2025-08-03,Ferramentas,desktop,269,57,30,19
2025-08-03,Iluminação,mobile,89,20,10,7
2025-08-03,Iluminação,desktop,186,50,24,18
2025-08-03,Utilidades Domésticas,mobile,96,18,8,6
2025-08-03,Utilidades Domésticas,desktop,283,71,33,27
2025-08-03,Jardim e Área Externa,mobile,225,57,31,20
2025-08-03,Jardim e Área Externa,desktop,161,36,19,12
2025-08-03,Organização,mobile,200,52,26,18
2025-08-03,Organização,desktop,165,35,18,11
2025-08-03,Elétrica,mobile,233,47,26,10
2025-08-03,Elétrica,desktop,153,37,20,7
2025-08-03,Hidráulica,mobile,239,47,22,8
2025-08-03,Hidráulica,desktop,285,78,40,18
2025-08-03,Pintura e Acabamento,mobile,185,37,18,13
2025-08-03,Pintura e Acabamento,desktop,255,49,28,21
2025-08-03,Segurança,mobile,131,23,11,3
2025-08-03,Segurança,desktop,224,46,23,7
2025-08-04,Ferramentas,mobile,179,37,19,12
2025-08-04,Ferramentas,desktop,109,19,10,5
2025-08-04,Iluminação,mobile,202,41,23,14
2025-08-04,Iluminação,desktop,267,60,30,22
2025-08-04,Utilidades Domésticas,mobile,297,74,33,24
2025-08-04,Utilidades Domésticas,desktop,239,55,32,23
2025-08-04,Jardim e Área Externa,mobile,239,52,25,14
2025-08-04,Jardim e Área Externa,desktop,153,32,15,9
2025-08-04,Organização,mobile,191,36,19,14
2025-08-04,Organização,desktop,288,61,32,24
2025-08-04,Elétrica,mobile,114,30,16,6
2025-08-04,Elétrica,desktop,97,18,8,3
2025-08-04,Hidráulica,mobile,129,32,17,6
2025-08-04,Hidráulica,desktop,87,23,11,5
2025-08-04,Pintura e Acabamento,mobile,208,57,26,15
2025-08-04,Pintura e Acabamento,desktop,271,67,39,23
2025-08-04,Segurança,mobile,125,25,13,4
2025-08-04,Segurança,desktop,178,34,17,4
2025-08-05,Ferramentas,mobile,236,57,25,15
2025-08-05,Ferramentas,desktop,128,34,18,11
2025-08-05,Iluminação,mobile,276,62,30,18
2025-08-05,Iluminação,desktop,299,76,41,30
2025-08-05,Utilidades Domésticas,mobile,142,39,18,13
2025-08-05,Utilidades Domésticas,desktop,201,43,24,19
2025-08-05,Jardim e Área Externa,mobile,106,21,10,5
2025-08-05,Jardim e Área Externa,desktop,267,70,39,23
2025-08-05,Organização,mobile,118,28,13,8
2025-08-05,Organização,desktop,157,41,20,12
2025-08-05,Elétrica,mobile,174,41,19,7
2025-08-05,Elétrica,desktop,106,27,13,5
2025-08-05,Hidráulica,mobile,298,67,35,13
2025-08-05,Hidráulica,desktop,161,29,15,7
2025-08-05,Pintura e Acabamento,mobile,145,35,19,12
2025-08-05,Pintura e Acabamento,desktop,249,66,34,20
2025-08-05,Segurança,mobile,238,50,28,9
2025-08-05,Segurança,desktop,201,55,25,8
2025-08-06,Ferramentas,mobile,154,39,18,11
2025-08-06,Ferramentas,desktop,255,69,32,22
2025-08-06,Iluminação,mobile,252,57,28,20
2025-08-06,Iluminação,desktop,124,32,18,11
2025-08-06,Utilidades Domésticas,mobile,214,57,30,23
2025-08-06,Utilidades Domésticas,desktop,152,36,17,14
2025-08-06,Jardim e Área Externa,mobile,260,63,36,21
2025-08-06,Jardim e Área Externa,desktop,81,16,7,4
2025-08-06,Organização,mobile,219,45,21,17
2025-08-06,Organização,desktop,112,24,13,8
2025-08-06,Elétrica,mobile,222,54,30,10
2025-08-06,Elétrica,desktop,102,24,13,4
2025-08-06,Hidráulica,mobile,278,53,27,10
2025-08-06,Hidráulica,desktop,236,57,27,12
2025-08-06,Pintura e Acabamento,mobile,251,55,27,20
2025-08-06,Pintura e Acabamento,desktop,92,21,10,7
2025-08-06,Segurança,mobile,106,19,9,3
2025-08-06,Segurança,desktop,192,35,15,5
2025-08-07,Ferramentas,mobile,101,22,12,7
2025-08-07,Ferramentas,desktop,206,49,22,12
2025-08-07,Iluminação,mobile,175,34,18,12
2025-08-07,Iluminação,desktop,287,65,31,23
2025-08-07,Utilidades Domésticas,mobile,200,40,22,16
2025-08-07,Utilidades Domésticas,desktop,182,40,18,13
2025-08-07,Jardim e Área Externa,mobile,84,19,9,5
2025-08-07,Jardim e Área Externa,desktop,132,31,18,13
2025-08-07,Organização,mobile,132,30,13,8
2025-08-07,Organização,desktop,155,39,22,15
2025-08-07,Elétrica,mobile,268,49,22,8
2025-08-07,Elétrica,desktop,168,33,17,6
2025-08-07,Hidráulica,mobile,189,47,25,11
2025-08-07,Hidráulica,desktop,152,27,16,6
2025-08-07,Pintura e Acabamento,mobile,111,27,12,8
2025-08-07,Pintura e Acabamento,desktop,138,31,16,12
2025-08-07,Segurança,mobile,118,30,15,4
2025-08-07,Segurança,desktop,197,50,25,8
2025-08-08,Ferramentas,mobile,85,15,7,3
2025-08-08,Ferramentas,desktop,140,25,14,8
2025-08-08,Iluminação,mobile,172,33,17,13
2025-08-08,Iluminação,desktop,183,36,18,11
2025-08-08,Utilidades Domésticas,mobile,87,24,12,8
2025-08-08,Utilidades Domésticas,desktop,86,23,11,7
2025-08-08,Jardim e Área Externa,mobile,255,48,26,17
2025-08-08,Jardim e Área Externa,desktop,244,51,25,13
2025-08-08,Organização,mobile,176,44,24,15
2025-08-08,Organização,desktop,101,24,14,10
2025-08-08,Elétrica,mobile,118,23,11,4
2025-08-08,Elétrica,desktop,210,49,28,12
2025-08-08,Hidráulica,mobile,215,47,23,8
2025-08-08,Hidráulica,desktop,277,55,28,13
2025-08-08,Pintura e Acabamento,mobile,215,49,24,16
2025-08-08,Pintura e Acabamento,desktop,250,45,26,14
2025-08-08,Segurança,mobile,223,40,18,5
2025-08-08,Segurança,desktop,173,45,26,9
2025-08-09,Ferramentas,mobile,203,39,20,13
2025-08-09,Ferramentas,desktop,275,71,32,17
2025-08-09,Iluminação,mobile,148,37,17,13
2025-08-09,Iluminação,desktop,267,55,27,18
2025-08-09,Utilidades Domésticas,mobile,285,74,37,31
2025-08-09,Utilidades Domésticas,desktop,240,46,25,21
2025-08-09,Jardim e Área Externa,mobile,161,43,21,14
2025-08-09,Jardim e Área Externa,desktop,110,22,11,8
2025-08-09,Organização,mobile,137,29,14,10
2025-08-09,Organização,desktop,215,47,25,15
2025-08-09,Elétrica,mobile,299,76,43,19
2025-08-09,Elétrica,desktop,120,31,16,6
2025-08-09,Hidráulica,mobile,230,63,34,12
2025-08-09,Hidráulica,desktop,246,49,29,13
2025-08-09,Pintura e Acabamento,mobile,296,73,37,25
2025-08-09,Pintura e Acabamento,desktop,148,31,16,11
2025-08-09,Segurança,mobile,85,16,9,2
2025-08-09,Segurança,desktop,108,23,12,3
2025-08-10,Ferramentas,mobile,219,50,29,16
2025-08-10,Ferramentas,desktop,148,29,15,10
2025-08-10,Iluminação,mobile,126,34,20,14
2025-08-10,Iluminação,desktop,189,37,19,13
2025-08-10,Utilidades Domésticas,mobile,87,16,8,6
2025-08-10,Utilidades Domésticas,desktop,155,33,17,13
2025-08-10,Jardim e Área Externa,mobile,183,44,20,13
2025-08-10,Jardim e Área Externa,desktop,189,43,22,13
2025-08-10,Organização,mobile,293,61,29,23
2025-08-10,Organização,desktop,148,38,19,14
2025-08-10,Elétrica,mobile,192,51,26,9
2025-08-10,Elétrica,desktop,201,41,20,8
2025-08-10,Hidráulica,mobile,117,22,11,4
2025-08-10,Hidráulica,desktop,111,21,9,3
2025-08-10,Pintura e Acabamento,mobile,222,44,22,16
2025-08-10,Pintura e Acabamento,desktop,94,18,9,5
2025-08-10,Segurança,mobile,245,68,34,10
2025-08-10,Segurança,desktop,198,54,31,11
2025-08-11,Ferramentas,mobile,237,51,25,16
2025-08-11,Ferramentas,desktop,248,63,32,20
2025-08-11,Iluminação,mobile,242,48,24,16
2025-08-11,Iluminação,desktop,272,73,36,28
2025-08-11,Utilidades Domésticas,mobile,143,38,20,17
2025-08-11,Utilidades Domésticas,desktop,224,44,26,17
2025-08-11,Jardim e Área Externa,mobile,295,64,34,19
2025-08-11,Jardim e Área Externa,desktop,272,70,37,22
2025-08-11,Organização,mobile,235,59,28,17
2025-08-11,Organização,desktop,281,62,29,19
2025-08-11,Elétrica,mobile,258,48,23,9
2025-08-11,Elétrica,desktop,293,62,33,13
2025-08-11,Hidráulica,mobile,153,34,18,8
2025-08-11,Hidráulica,desktop,208,53,31,13
2025-08-11,Pintura e Acabamento,mobile,157,36,17,10
2025-08-11,Pintura e Acabamento,desktop,247,52,26,18
2025-08-11,Segurança,mobile,204,46,26,8
2025-08-11,Segurança,desktop,191,52,24,7
2025-08-12,Ferramentas,mobile,241,47,23,13
2025-08-12,Ferramentas,desktop,224,61,30,19
2025-08-12,Iluminação,mobile,84,19,10,6
2025-08-12,Iluminação,desktop,195,41,22,16
2025-08-12,Utilidades Domésticas,mobile,175,43,22,17
2025-08-12,Utilidades Domésticas,desktop,234,49,22,16
2025-08-12,Jardim e Área Externa,mobile,291,78,40,26
2025-08-12,Jardim e Área Externa,desktop,215,54,29,21
2025-08-12,Organização,mobile,286,52,24,17
2025-08-12,Organização,desktop,189,48,21,16
2025-08-12,Elétrica,mobile,131,33,19,7
2025-08-12,Elétrica,desktop,98,24,13,4
2025-08-12,Hidráulica,mobile,84,15,7,2
2025-08-12,Hidráulica,desktop,114,27,12,4
2025-08-12,Pintura e Acabamento,mobile,208,57,29,17
2025-08-12,Pintura e Acabamento,desktop,219,59,34,23
2025-08-12,Segurança,mobile,89,17,9,2
2025-08-12,Segurança,desktop,250,68,31,8
2025-08-13,Ferramentas,mobile,140,28,15,8
2025-08-13,Ferramentas,desktop,250,59,28,16
2025-08-13,Iluminação,mobile,243,46,21,14
2025-08-13,Iluminação,desktop,206,45,25,19
2025-08-13,Utilidades Domésticas,mobile,166,42,22,18
2025-08-13,Utilidades Domésticas,desktop,179,41,20,16
2025-08-13,Jardim e Área Externa,mobile,196,36,17,12
2025-08-13,Jardim e Área Externa,desktop,280,61,30,17
2025-08-13,Organização,mobile,138,26,15,10
2025-08-13,Organização,desktop,261,71,39,28
2025-08-13,Elétrica,mobile,90,20,9,3
2025-08-13,Elétrica,desktop,136,26,14,5
2025-08-13,Hidráulica,mobile,187,40,20,9
2025-08-13,Hidráulica,desktop,190,45,22,9
2025-08-13,Pintura e Acabamento,mobile,297,75,36,26
2025-08-13,Pintura e Acabamento,desktop,259,68,31,21
2025-08-13,Segurança,mobile,100,19,10,3
2025-08-13,Segurança,desktop,288,55,29,8
2025-08-14,Ferramentas,mobile,244,56,32,17
2025-08-14,Ferramentas,desktop,135,30,16,8
2025-08-14,Iluminação,mobile,191,34,19,12
2025-08-14,Iluminação,desktop,207,37,19,11
2025-08-14,Utilidades Domésticas,mobile,253,53,29,22
2025-08-14,Utilidades Domésticas,desktop,211,56,25,18
2025-08-14,Jardim e Área Externa,mobile,190,37,18,12
2025-08-14,Jardim e Área Externa,desktop,96,24,11,7
2025-08-14,Organização,mobile,183,46,23,15
2025-08-14,Organização,desktop,231,64,31,21
2025-08-14,Elétrica,mobile,174,45,26,11
2025-08-14,Elétrica,desktop,167,46,21,7
2025-08-14,Hidráulica,mobile,127,30,14,6
2025-08-14,Hidráulica,desktop,185,38,18,7
2025-08-14,Pintura e Acabamento,mobile,142,29,13,7
2025-08-14,Pintura e Acabamento,desktop,289,70,38,28
2025-08-14,Segurança,mobile,284,64,35,13
2025-08-14,Segurança,desktop,105,24,12,4
2025-08-15,Ferramentas,mobile,200,49,26,14
2025-08-15,Ferramentas,desktop,250,51,24,13
2025-08-15,Iluminação,mobile,175,38,20,12
2025-08-15,Iluminação,desktop,161,40,19,15
2025-08-15,Utilidades Domésticas,mobile,122,31,18,14
2025-08-15,Utilidades Domésticas,desktop,153,33,16,12
2025-08-15,Jardim e Área Externa,mobile,141,32,15,9
2025-08-15,Jardim e Área Externa,desktop,258,56,30,22
2025-08-15,Organização,mobile,235,51,23,17
2025-08-15,Organização,desktop,237,60,35,25
2025-08-15,Elétrica,mobile,150,29,15,5
2025-08-15,Elétrica,desktop,221,45,21,8
2025-08-15,Hidráulica,mobile,219,46,20,8
2025-08-15,Hidráulica,desktop,215,46,22,8
2025-08-15,Pintura e Acabamento,mobile,226,52,26,16
2025-08-15,Pintura e Acabamento,desktop,92,24,10,5
2025-08-15,Segurança,mobile,247,60,27,9
2025-08-15,Segurança,desktop,185,36,21,5
2025-08-16,Ferramentas,mobile,191,47,28,14
2025-08-16,Ferramentas,desktop,232,57,28,15
2025-08-16,Iluminação,mobile,237,55,31,20
2025-08-16,Iluminação,desktop,277,59,33,26
2025-08-16,Utilidades Domésticas,mobile,124,26,14,10
2025-08-16,Utilidades Domésticas,desktop,268,52,26,17
2025-08-16,Jardim e Área Externa,mobile,270,57,26,19
2025-08-16,Jardim e Área Externa,desktop,153,38,20,12
2025-08-16,Organização,mobile,145,37,21,16
2025-08-16,Organização,desktop,81,16,9,7
2025-08-16,Elétrica,mobile,196,52,23,7
2025-08-16,Elétrica,desktop,111,27,14,5
2025-08-16,Hidráulica,mobile,205,45,22,9
2025-08-16,Hidráulica,desktop,183,41,20,7
2025-08-16,Pintura e Acabamento,mobile,121,30,16,10
2025-08-16,Pintura e Acabamento,desktop,263,71,32,18
2025-08-16,Segurança,mobile,265,69,40,14
2025-08-16,Segurança,desktop,256,63,29,8
2025-08-17,Ferramentas,mobile,168,33,15,9
2025-08-17,Ferramentas,desktop,172,44,23,15
2025-08-17,Iluminação,mobile,109,24,14,10
2025-08-17,Iluminação,desktop,233,52,25,19
2025-08-17,Utilidades Domésticas,mobile,133,26,13,8
2025-08-17,Utilidades Domésticas,desktop,258,58,30,19
2025-08-17,Jardim e Área Externa,mobile,272,72,32,21
2025-08-17,Jardim e Área Externa,desktop,183,44,21,13
2025-08-17,Organização,mobile,241,45,20,13
2025-08-17,Organização,desktop,148,30,17,12
2025-08-17,Elétrica,mobile,216,43,22,9
2025-08-17,Elétrica,desktop,248,58,30,9
2025-08-17,Hidráulica,mobile,231,62,28,11
2025-08-17,Hidráulica,desktop,212,52,25,10
2025-08-17,Pintura e Acabamento,mobile,81,20,9,6
2025-08-17,Pintura e Acabamento,desktop,218,52,27,18
2025-08-17,Segurança,mobile,87,17,10,3
2025-08-17,Segurança,desktop,264,64,36,13
2025-08-18,Ferramentas,mobile,84,15,6,3
2025-08-18,Ferramentas,desktop,120,29,14,8
2025-08-18,Iluminação,mobile,95,20,10,5
2025-08-18,Iluminação,desktop,262,69,31,20
2025-08-18,Utilidades Domésticas,mobile,135,31,15,12
2025-08-18,Utilidades Domésticas,desktop,232,49,26,21
2025-08-18,Jardim e Área Externa,mobile,198,38,19,10
2025-08-18,Jardim e Área Externa,desktop,180,37,16,11
2025-08-18,Organização,mobile,253,56,28,22
2025-08-18,Organização,desktop,104,24,13,10
2025-08-18,Elétrica,mobile,289,74,35,12
2025-08-18,Elétrica,desktop,166,41,19,8
2025-08-18,Hidráulica,mobile,94,23,12,4
2025-08-18,Hidráulica,desktop,122,32,17,6
2025-08-18,Pintura e Acabamento,mobile,299,59,32,19
2025-08-18,Pintura e Acabamento,desktop,203,47,24,15
2025-08-18,Segurança,mobile,260,51,23,6
2025-08-18,Segurança,desktop,197,42,21,6
2025-08-19,Ferramentas,mobile,143,30,14,7
2025-08-19,Ferramentas,desktop,92,17,10,5
2025-08-19,Iluminação,mobile,174,44,20,15
2025-08-19,Iluminação,desktop,259,46,22,15
2025-08-19,Utilidades Domésticas,mobile,115,22,12,8
2025-08-19,Utilidades Domésticas,desktop,214,39,21,17
2025-08-19,Jardim e Área Externa,mobile,80,22,11,8
2025-08-19,Jardim e Área Externa,desktop,213,56,33,23
2025-08-19,Organização,mobile,259,65,31,21
2025-08-19,Organização,desktop,271,65,35,27
2025-08-19,Elétrica,mobile,129,28,13,4
2025-08-19,Elétrica,desktop,140,34,18,6
2025-08-19,Hidráulica,mobile,105,19,10,3
2025-08-19,Hidráulica,desktop,226,62,33,13
2025-08-19,Pintura e Acabamento,mobile,263,50,26,16
2025-08-19,Pintura e Acabamento,desktop,180,35,20,14
2025-08-19,Segurança,mobile,203,47,23,6
2025-08-19,Segurança,desktop,276,58,28,8
2025-08-20,Ferramentas,mobile,237,53,25,13
2025-08-20,Ferramentas,desktop,270,51,25,15
2025-08-20,Iluminação,mobile,95,18,8,6
2025-08-20,Iluminação,desktop,230,55,25,18
2025-08-20,Utilidades Domésticas,mobile,161,36,21,18
2025-08-20,Utilidades Domésticas,desktop,88,18,9,5
2025-08-20,Jardim e Área Externa,mobile,290,79,38,21
2025-08-20,Jardim e Área Externa,desktop,277,62,32,19
2025-08-20,Organização,mobile,91,24,11,7
2025-08-20,Organização,desktop,191,43,20,13
2025-08-20,Elétrica,mobile,271,68,33,12
2025-08-20,Elétrica,desktop,258,57,27,10
2025-08-20,Hidráulica,mobile,280,62,34,15
2025-08-20,Hidráulica,desktop,235,56,33,15
2025-08-20,Pintura e Acabamento,mobile,240,62,35,26
2025-08-20,Pintura e Acabamento,desktop,252,67,38,24
2025-08-20,Segurança,mobile,208,55,32,11
2025-08-20,Segurança,desktop,109,29,16,5
2025-08-21,Ferramentas,mobile,139,37,17,9
2025-08-21,Ferramentas,desktop,296,53,28,15
2025-08-21,Iluminação,mobile,265,60,28,17
2025-08-21,Iluminação,desktop,163,34,17,12
2025-08-21,Utilidades Domésticas,mobile,201,48,26,18
2025-08-21,Utilidades Domésticas,desktop,144,30,16,10
2025-08-21,Jardim e Área Externa,mobile,153,36,16,9
2025-08-21,Jardim e Área Externa,desktop,195,54,28,20
2025-08-21,Organização,mobile,100,22,11,8
2025-08-21,Organização,desktop,272,66,32,19
2025-08-21,Elétrica,mobile,272,71,41,17
2025-08-21,Elétrica,desktop,234,62,34,12
2025-08-21,Hidráulica,mobile,260,72,42,17
2025-08-21,Hidráulica,desktop,183,33,15,5
2025-08-21,Pintura e Acabamento,mobile,141,26,15,10
2025-08-21,Pintura e Acabamento,desktop,210,40,18,12
2025-08-21,Segurança,mobile,274,74,39,11
2025-08-21,Segurança,desktop,277,55,25,8
2025-08-22,Ferramentas,mobile,280,72,33,18
2025-08-22,Ferramentas,desktop,111,23,12,6
2025-08-22,Iluminação,mobile,125,32,15,8
2025-08-22,Iluminação,desktop,198,36,17,11
2025-08-22,Utilidades Domésticas,mobile,145,33,19,15
2025-08-22,Utilidades Domésticas,desktop,257,61,27,17
2025-08-22,Jardim e Área Externa,mobile,261,47,21,15
2025-08-22,Jardim e Área Externa,desktop,87,22,10,7
2025-08-22,Organização,mobile,239,45,25,20
2025-08-22,Organização,desktop,169,31,18,11
2025-08-22,Elétrica,mobile,173,45,25,10
2025-08-22,Elétrica,desktop,189,40,19,7
2025-08-22,Hidráulica,mobile,118,23,12,4
2025-08-22,Hidráulica,desktop,177,42,24,10
2025-08-22,Pintura e Acabamento,mobile,264,68,40,28
2025-08-22,Pintura e Acabamento,desktop,165,32,16,9
2025-08-22,Segurança,mobile,175,37,18,5
2025-08-22,Segurança,desktop,201,44,23,6
2025-08-23,Ferramentas,mobile,247,63,28,18
2025-08-23,Ferramentas,desktop,80,19,10,5
2025-08-23,Iluminação,mobile,268,63,33,19
2025-08-23,Iluminação,desktop,83,18,10,6
2025-08-23,Utilidades Domésticas,mobile,193,49,22,17
2025-08-23,Utilidades Domésticas,desktop,222,43,22,14
2025-08-23,Jardim e Área Externa,mobile,125,23,10,6
2025-08-23,Jardim e Área Externa,desktop,92,23,12,8
2025-08-23,Organização,mobile,296,63,36,29
2025-08-23,Organização,desktop,258,54,26,17
2025-08-23,Elétrica,mobile,286,59,32,13
2025-08-23,Elétrica,desktop,202,50,29,11
2025-08-23,Hidráulica,mobile,180,33,17,6
2025-08-23,Hidráulica,desktop,106,27,15,5
2025-08-23,Pintura e Acabamento,mobile,247,65,34,24
2025-08-23,Pintura e Acabamento,desktop,144,29,13,9
2025-08-23,Segurança,mobile,126,33,17,4
2025-08-23,Segurança,desktop,117,28,15,5
2025-08-24,Ferramentas,mobile,225,50,29,16
2025-08-24,Ferramentas,desktop,235,62,30,20
2025-08-24,Iluminação,mobile,189,50,25,15
2025-08-24,Iluminação,desktop,286,55,26,15
2025-08-24,Utilidades Domésticas,mobile,112,22,11,7
2025-08-24,Utilidades Domésticas,desktop,160,33,15,12
2025-08-24,Jardim e Área Externa,mobile,124,33,15,10
2025-08-24,Jardim e Área Externa,desktop,177,36,19,12
2025-08-24,Organização,mobile,199,36,20,13
2025-08-24,Organização,desktop,198,51,28,21
2025-08-24,Elétrica,mobile,118,22,12,5
2025-08-24,Elétrica,desktop,228,46,22,9
2025-08-24,Hidráulica,mobile,129,34,15,5
2025-08-24,Hidráulica,desktop,113,29,15,6
2025-08-24,Pintura e Acabamento,mobile,196,49,27,18
2025-08-24,Pintura e Acabamento,desktop,297,74,40,26
2025-08-24,Segurança,mobile,231,43,24,7
2025-08-24,Segurança,desktop,212,44,21,6
2025-08-25,Ferramentas,mobile,97,20,10,5
2025-08-25,Ferramentas,desktop,256,59,29,20
2025-08-25,Iluminação,mobile,127,34,16,11
2025-08-25,Iluminação,desktop,134,25,12,8
2025-08-25,Utilidades Domésticas,mobile,207,37,16,10
2025-08-25,Utilidades Domésticas,desktop,136,36,17,11
2025-08-25,Jardim e Área Externa,mobile,269,56,32,23
2025-08-25,Jardim e Área Externa,desktop,267,68,33,21
2025-08-25,Organização,mobile,134,33,18,12
2025-08-25,Organização,desktop,149,30,14,8
2025-08-25,Elétrica,mobile,203,43,22,8
2025-08-25,Elétrica,desktop,207,40,23,8
2025-08-25,Hidráulica,mobile,126,27,14,5
2025-08-25,Hidráulica,desktop,270,68,36,14
2025-08-25,Pintura e Acabamento,mobile,293,59,29,17
2025-08-25,Pintura e Acabamento,desktop,132,31,14,8
2025-08-25,Segurança,mobile,202,52,28,10
2025-08-25,Segurança,desktop,283,75,44,12
2025-08-26,Ferramentas,mobile,116,21,9,5
2025-08-26,Ferramentas,desktop,129,26,11,6
2025-08-26,Iluminação,mobile,126,29,13,7
2025-08-26,Iluminação,desktop,99,21,12,8
2025-08-26,Utilidades Domésticas,mobile,141,35,17,12
2025-08-26,Utilidades Domésticas,desktop,176,41,20,16
2025-08-26,Jardim e Área Externa,mobile,234,50,23,15
2025-08-26,Jardim e Área Externa,desktop,270,71,40,23
2025-08-26,Organização,mobile,256,59,28,16
2025-08-26,Organização,desktop,178,49,29,21
2025-08-26,Elétrica,mobile,180,47,24,10
2025-08-26,Elétrica,desktop,206,40,20,7
2025-08-26,Hidráulica,mobile,125,34,15,5
2025-08-26,Hidráulica,desktop,138,25,11,4
2025-08-26,Pintura e Acabamento,mobile,159,35,19,13
2025-08-26,Pintura e Acabamento,desktop,96,26,14,9
2025-08-26,Segurança,mobile,226,57,26,9
2025-08-26,Segurança,desktop,198,46,27,9
2025-08-27,Ferramentas,mobile,118,27,15,8
2025-08-27,Ferramentas,desktop,272,67,34,18
2025-08-27,Iluminação,mobile,106,23,11,8
2025-08-27,Iluminação,desktop,153,30,15,9
2025-08-27,Utilidades Domésticas,mobile,210,57,31,23
2025-08-27,Utilidades Domésticas,desktop,120,23,13,9
2025-08-27,Jardim e Área Externa,mobile,224,51,24,14
2025-08-27,Jardim e Área Externa,desktop,119,25,14,9
2025-08-27,Organização,mobile,272,51,26,20
2025-08-27,Organização,desktop,105,25,11,7
2025-08-27,Elétrica,mobile,238,61,33,13
2025-08-27,Elétrica,desktop,220,50,24,8
2025-08-27,Hidráulica,mobile,194,53,31,13
2025-08-27,Hidráulica,desktop,233,63,32,12
2025-08-27,Pintura e Acabamento,mobile,171,37,20,14
2025-08-27,Pintura e Acabamento,desktop,287,54,30,21
2025-08-27,Segurança,mobile,161,32,18,6
2025-08-27,Segurança,desktop,205,48,21,6
2025-08-28,Ferramentas,mobile,100,22,12,7
2025-08-28,Ferramentas,desktop,243,49,24,13
2025-08-28,Iluminação,mobile,192,44,25,17
2025-08-28,Iluminação,desktop,274,69,31,20
2025-08-28,Utilidades Domésticas,mobile,202,44,24,19
2025-08-28,Utilidades Domésticas,desktop,235,46,25,21
2025-08-28,Jardim e Área Externa,mobile,208,40,20,14
2025-08-28,Jardim e Área Externa,desktop,288,60,28,15
2025-08-28,Organização,mobile,174,47,24,17
2025-08-28,Organização,desktop,87,23,13,8
2025-08-28,Elétrica,mobile,249,45,24,8
2025-08-28,Elétrica,desktop,155,32,18,6
2025-08-28,Hidráulica,mobile,291,69,34,15
2025-08-28,Hidráulica,desktop,173,47,27,12
2025-08-28,Pintura e Acabamento,mobile,263,61,27,17
2025-08-28,Pintura e Acabamento,desktop,233,48,24,16
2025-08-28,Segurança,mobile,214,42,23,7
2025-08-28,Segurança,desktop,154,43,25,8
2025-08-29,Ferramentas,mobile,175,42,18,11
2025-08-29,Ferramentas,desktop,191,40,18,9
2025-08-29,Iluminação,mobile,158,40,22,14
2025-08-29,Iluminação,desktop,159,39,23,16
2025-08-29,Utilidades Domésticas,mobile,183,49,26,19
2025-08-29,Utilidades Domésticas,desktop,146,36,21,17
2025-08-29,Jardim e Área Externa,mobile,96,23,13,7
2025-08-29,Jardim e Área Externa,desktop,128,23,12,7
2025-08-29,Organização,mobile,169,30,14,8
2025-08-29,Organização,desktop,260,71,39,27
2025-08-29,Elétrica,mobile,98,22,10,4
2025-08-29,Elétrica,desktop,286,59,34,12
2025-08-29,Hidráulica,mobile,157,42,22,8
2025-08-29,Hidráulica,desktop,289,57,25,10
2025-08-29,Pintura e Acabamento,mobile,227,49,25,16
2025-08-29,Pintura e Acabamento,desktop,80,20,10,7
2025-08-29,Segurança,mobile,230,60,32,9
2025-08-29,Segurança,desktop,91,22,13,4
2025-08-30,Ferramentas,mobile,213,43,19,9
2025-08-30,Ferramentas,desktop,142,32,18,10
2025-08-30,Iluminação,mobile,127,23,12,8
2025-08-30,Iluminação,desktop,148,27,14,9
2025-08-30,Utilidades Domésticas,mobile,128,24,13,10
2025-08-30,Utilidades Domésticas,desktop,275,68,37,25
2025-08-30,Jardim e Área Externa,mobile,261,62,28,16
2025-08-30,Jardim e Área Externa,desktop,100,25,14,9
2025-08-30,Organização,mobile,243,46,23,16
2025-08-30,Organização,desktop,87,20,11,8
2025-08-30,Elétrica,mobile,90,25,14,5
2025-08-30,Elétrica,desktop,107,24,10,3
2025-08-30,Hidráulica,mobile,150,40,22,9
2025-08-30,Hidráulica,desktop,263,69,37,15
2025-08-30,Pintura e Acabamento,mobile,165,45,24,18
2025-08-30,Pintura e Acabamento,desktop,234,45,22,15
2025-08-30,Segurança,mobile,88,23,11,3
2025-08-30,Segurança,desktop,147,35,18,5
2025-08-31,Ferramentas,mobile,217,49,22,12
2025-08-31,Ferramentas,desktop,152,37,18,12
2025-08-31,Iluminação,mobile,239,52,27,15
2025-08-31,Iluminação,desktop,143,28,14,9
2025-08-31,Utilidades Domésticas,mobile,180,40,23,16
2025-08-31,Utilidades Domésticas,desktop,217,43,23,16
2025-08-31,Jardim e Área Externa,mobile,246,60,35,23
2025-08-31,Jardim e Área Externa,desktop,199,41,22,13
2025-08-31,Organização,mobile,251,48,28,18
2025-08-31,Organização,desktop,248,69,33,22
2025-08-31,Elétrica,mobile,141,26,13,5
2025-08-31,Elétrica,desktop,155,29,13,5
2025-08-31,Hidráulica,mobile,117,23,12,5
2025-08-31,Hidráulica,desktop,96,21,10,3
2025-08-31,Pintura e Acabamento,mobile,95,17,8,6
2025-08-31,Pintura e Acabamento,desktop,119,23,12,8
2025-08-31,Segurança,mobile,265,67,37,12
2025-08-31,Segurança,desktop,146,34,16,5
2025-09-01,Ferramentas,mobile,91,17,8,4
2025-09-01,Ferramentas,desktop,85,17,9,4
2025-09-01,Iluminação,mobile,123,30,14,11
2025-09-01,Iluminação,desktop,287,78,39,29
2025-09-01,Utilidades Domésticas,mobile,105,19,8,6
2025-09-01,Utilidades Domésticas,desktop,260,53,28,18
2025-09-01,Jardim e Área Externa,mobile,263,65,31,22
2025-09-01,Jardim e Área Externa,desktop,247,61,36,23
2025-09-01,Organização,mobile,180,45,22,14
2025-09-01,Organização,desktop,268,61,33,24
2025-09-01,Elétrica,mobile,167,36,16,5
2025-09-01,Elétrica,desktop,130,33,15,5
2025-09-01,Hidráulica,mobile,295,73,40,18
2025-09-01,Hidráulica,desktop,166,43,22,9
2025-09-01,Pintura e Acabamento,mobile,131,34,17,11
2025-09-01,Pintura e Acabamento,desktop,226,49,28,20
2025-09-01,Segurança,mobile,260,68,33,11
2025-09-01,Segurança,desktop,170,39,23,7
2025-09-02,Ferramentas,mobile,138,26,14,9
2025-09-02,Ferramentas,desktop,131,27,15,8
2025-09-02,Iluminação,mobile,148,33,18,11
2025-09-02,Iluminação,desktop,271,67,30,23
2025-09-02,Utilidades Domésticas,mobile,235,42,20,16
2025-09-02,Utilidades Domésticas,desktop,255,64,29,22
2025-09-02,Jardim e Área Externa,mobile,104,25,14,10
2025-09-02,Jardim e Área Externa,desktop,180,45,22,13
2025-09-02,Organização,mobile,171,40,19,13
2025-09-02,Organização,desktop,268,61,33,24
2025-09-02,Elétrica,mobile,233,62,34,14
2025-09-02,Elétrica,desktop,96,25,12,5
2025-09-02,Hidráulica,mobile,132,29,17,8
2025-09-02,Hidráulica,desktop,267,48,23,9
2025-09-02,Pintura e Acabamento,mobile,140,25,11,8
2025-09-02,Pintura e Acabamento,desktop,220,51,29,17
2025-09-02,Segurança,mobile,104,25,13,4
2025-09-02,Segurança,desktop,206,55,26,8
2025-09-03,Ferramentas,mobile,93,22,12,6
2025-09-03,Ferramentas,desktop,168,39,23,13
2025-09-03,Iluminação,mobile,172,45,22,13
2025-09-03,Iluminação,desktop,88,17,8,5
2025-09-03,Utilidades Domésticas,mobile,234,54,26,22
2025-09-03,Utilidades Domésticas,desktop,114,25,11,9
2025-09-03,Jardim e Área Externa,mobile,218,53,27,16
2025-09-03,Jardim e Área Externa,desktop,277,56,32,22
2025-09-03,Organização,mobile,204,39,22,15
2025-09-03,Organização,desktop,131,32,17,11
2025-09-03,Elétrica,mobile,272,70,31,10
2025-09-03,Elétrica,desktop,218,54,30,11
2025-09-03,Hidráulica,mobile,141,27,14,6
2025-09-03,Hidráulica,desktop,82,18,10,4
2025-09-03,Pintura e Acabamento,mobile,262,71,37,25
2025-09-03,Pintura e Acabamento,desktop,101,22,9,5
2025-09-03,Segurança,mobile,269,62,31,8
2025-09-03,Segurança,desktop,275,61,29,8
2025-09-04,Ferramentas,mobile,95,23,12,7
2025-09-04,Ferramentas,desktop,275,56,33,17
2025-09-04,Iluminação,mobile,222,40,19,12
2025-09-04,Iluminação,desktop,176,37,21,15
2025-09-04,Utilidades Domésticas,mobile,245,58,30,22
2025-09-04,Utilidades Domésticas,desktop,273,76,41,35
2025-09-04,Jardim e Área Externa,mobile,156,35,18,11
2025-09-04,Jardim e Área Externa,desktop,119,26,15,10
2025-09-04,Organização,mobile,299,57,29,22
2025-09-04,Organização,desktop,171,34,19,15
2025-09-04,Elétrica,mobile,215,56,29,9
2025-09-04,Elétrica,desktop,111,23,10,4
2025-09-04,Hidráulica,mobile,184,40,23,8
2025-09-04,Hidráulica,desktop,203,51,27,10
2025-09-04,Pintura e Acabamento,mobile,207,43,24,16
2025-09-04,Pintura e Acabamento,desktop,236,51,23,16
2025-09-04,Segurança,mobile,179,44,22,6
2025-09-04,Segurança,desktop,104,23,13,3
2025-09-05,Ferramentas,mobile,264,61,29,17
2025-09-05,Ferramentas,desktop,134,28,14,9
2025-09-05,Iluminação,mobile,173,46,23,16
2025-09-05,Iluminação,desktop,135,25,12,8
2025-09-05,Utilidades Domésticas,mobile,110,27,12,7
2025-09-05,Utilidades Domésticas,desktop,94,25,11,7
2025-09-05,Jardim e Área Externa,mobile,298,63,29,16
2025-09-05,Jardim e Área Externa,desktop,265,51,25,15
2025-09-05,Organização,mobile,140,34,15,10
2025-09-05,Organização,desktop,139,35,20,16
2025-09-05,Elétrica,mobile,248,69,38,16
2025-09-05,Elétrica,desktop,290,69,40,17
2025-09-05,Hidráulica,mobile,259,56,25,11
2025-09-05,Hidráulica,desktop,93,21,9,3
2025-09-05,Pintura e Acabamento,mobile,143,28,15,10
2025-09-05,Pintura e Acabamento,desktop,235,50,28,19
2025-09-05,Segurança,mobile,80,19,9,2
2025-09-05,Segurança,desktop,99,24,11,3
2025-09-06,Ferramentas,mobile,198,51,27,13
2025-09-06,Ferramentas,desktop,142,32,16,9
2025-09-06,Iluminação,mobile,81,18,10,6
2025-09-06,Iluminação,desktop,285,73,42,29
2025-09-06,Utilidades Domésticas,mobile,152,36,20,14
2025-09-06,Utilidades Domésticas,desktop,156,35,18,12
2025-09-06,Jardim e Área Externa,mobile,180,38,18,11
2025-09-06,Jardim e Área Externa,desktop,280,58,34,22
2025-09-06,Organização,mobile,156,33,17,10
2025-09-06,Organização,desktop,92,17,9,7
2025-09-06,Elétrica,mobile,266,59,33,11
2025-09-06,Elétrica,desktop,261,55,25,8
2025-09-06,Hidráulica,mobile,167,41,21,9
2025-09-06,Hidráulica,desktop,212,50,22,10
2025-09-06,Pintura e Acabamento,mobile,185,47,26,18
2025-09-06,Pintura e Acabamento,desktop,101,19,9,6
2025-09-06,Segurança,mobile,213,40,20,5
2025-09-06,Segurança,desktop,189,38,21,5
2025-09-07,Ferramentas,mobile,153,30,15,9
2025-09-07,Ferramentas,desktop,234,59,29,17
2025-09-07,Iluminação,mobile,91,19,9,6
2025-09-07,Iluminação,desktop,271,56,27,18
2025-09-07,Utilidades Domésticas,mobile,215,48,21,14
2025-09-07,Utilidades Domésticas,desktop,274,64,36,28
2025-09-07,Jardim e Área Externa,mobile,145,33,16,10
2025-09-07,Jardim e Área Externa,desktop,95,18,8,4
2025-09-07,Organização,mobile,91,23,11,8
2025-09-07,Organização,desktop,247,47,27,16
2025-09-07,Elétrica,mobile,213,46,23,9
2025-09-07,Elétrica,desktop,263,62,33,11
2025-09-07,Hidráulica,mobile,205,44,26,12
2025-09-07,Hidráulica,desktop,80,21,11,4
2025-09-07,Pintura e Acabamento,mobile,279,54,28,19
2025-09-07,Pintura e Acabamento,desktop,211,46,25,17
2025-09-07,Segurança,mobile,137,33,17,5
2025-09-07,Segurança,desktop,157,31,14,4
2025-09-08,Ferramentas,mobile,251,52,25,13
2025-09-08,Ferramentas,desktop,291,60,27,17
2025-09-08,Iluminação,mobile,106,21,12,7
2025-09-08,Iluminação,desktop,263,53,24,14
2025-09-08,Utilidades Domésticas,mobile,214,39,22,16
2025-09-08,Utilidades Domésticas,desktop,117,32,15,10
2025-09-08,Jardim e Área Externa,mobile,148,35,17,11
2025-09-08,Jardim e Área Externa,desktop,193,50,25,13
2025-09-08,Organização,mobile,226,51,30,23
2025-09-08,Organização,desktop,266,57,26,18
2025-09-08,Elétrica,mobile,123,32,16,6
2025-09-08,Elétrica,desktop,253,50,23,10
2025-09-08,Hidráulica,mobile,134,32,15,7
2025-09-08,Hidráulica,desktop,112,30,16,6
2025-09-08,Pintura e Acabamento,mobile,153,29,16,9
2025-09-08,Pintura e Acabamento,desktop,107,22,10,7
2025-09-08,Segurança,mobile,139,26,14,4
2025-09-08,Segurança,desktop,92,17,9,3
2025-09-09,Ferramentas,mobile,227,44,24,12
2025-09-09,Ferramentas,desktop,170,47,22,12
2025-09-09,Iluminação,mobile,253,54,28,18
2025-09-09,Iluminação,desktop,130,33,17,11
2025-09-09,Utilidades Domésticas,mobile,210,52,26,19
2025-09-09,Utilidades Domésticas,desktop,293,63,34,28
2025-09-09,Jardim e Área Externa,mobile,215,57,30,19
2025-09-09,Jardim e Área Externa,desktop,238,64,34,25
2025-09-09,Organização,mobile,159,35,19,11
2025-09-09,Organização,desktop,118,32,18,12
2025-09-09,Elétrica,mobile,256,67,30,11
2025-09-09,Elétrica,desktop,174,35,20,8
2025-09-09,Hidráulica,mobile,184,49,25,10
2025-09-09,Hidráulica,desktop,107,25,11,4
2025-09-09,Pintura e Acabamento,mobile,291,71,40,24
2025-09-09,Pintura e Acabamento,desktop,146,36,19,11
2025-09-09,Segurança,mobile,251,64,31,11
2025-09-09,Segurança,desktop,282,78,45,15
2025-09-10,Ferramentas,mobile,133,36,20,11
2025-09-10,Ferramentas,desktop,293,60,33,18
2025-09-10,Iluminação,mobile,129,34,19,13
2025-09-10,Iluminação,desktop,276,60,29,20
2025-09-10,Utilidades Domésticas,mobile,98,23,13,9
2025-09-10,Utilidades Domésticas,desktop,211,59,29,21
2025-09-10,Jardim e Área Externa,mobile,118,24,12,7
2025-09-10,Jardim e Área Externa,desktop,185,34,18,13
2025-09-10,Organização,mobile,260,55,31,23
2025-09-10,Organização,desktop,264,64,34,22
2025-09-10,Elétrica,mobile,143,33,18,6
2025-09-10,Elétrica,desktop,223,42,19,7
2025-09-10,Hidráulica,mobile,209,49,28,10
2025-09-10,Hidráulica,desktop,98,20,10,4
2025-09-10,Pintura e Acabamento,mobile,181,50,28,18
2025-09-10,Pintura e Acabamento,desktop,218,41,18,11
2025-09-10,Segurança,mobile,256,60,32,9
2025-09-10,Segurança,desktop,148,34,17,5
2025-09-11,Ferramentas,mobile,131,34,16,9
2025-09-11,Ferramentas,desktop,192,36,18,11
2025-09-11,Iluminação,mobile,252,46,25,18
2025-09-11,Iluminação,desktop,184,35,19,14
2025-09-11,Utilidades Domésticas,mobile,291,74,37,29
2025-09-11,Utilidades Domésticas,desktop,248,44,24,19
2025-09-11,Jardim e Área Externa,mobile,85,17,9,5
2025-09-11,Jardim e Área Externa,desktop,240,47,24,13
2025-09-11,Organização,mobile,292,60,28,17
2025-09-11,Organização,desktop,95,23,11,6
2025-09-11,Elétrica,mobile,272,60,35,14
2025-09-11,Elétrica,desktop,232,56,32,10
2025-09-11,Hidráulica,mobile,83,20,10,3
2025-09-11,Hidráulica,desktop,92,21,10,4
2025-09-11,Pintura e Acabamento,mobile,184,46,26,14
2025-09-11,Pintura e Acabamento,desktop,227,55,31,22
2025-09-11,Segurança,mobile,190,35,19,6
2025-09-11,Segurança,desktop,198,38,21,7
2025-09-12,Ferramentas,mobile,136,36,20,11
2025-09-12,Ferramentas,desktop,253,53,27,17
2025-09-12,Iluminação,mobile,122,26,13,9
2025-09-12,Iluminação,desktop,125,31,15,11
2025-09-12,Utilidades Domésticas,mobile,85,16,8,6
2025-09-12,Utilidades Domésticas,desktop,95,18,8,6
2025-09-12,Jardim e Área Externa,mobile,89,20,10,7
2025-09-12,Jardim e Área Externa,desktop,164,33,17,11
2025-09-12,Organização,mobile,120,32,16,10
2025-09-12,Organização,desktop,273,74,41,25
2025-09-12,Elétrica,mobile,239,58,34,11
2025-09-12,Elétrica,desktop,171,42,18,7
2025-09-12,Hidráulica,mobile,227,44,25,11
2025-09-12,Hidráulica,desktop,263,71,40,19
2025-09-12,Pintura e Acabamento,mobile,277,57,29,19
2025-09-12,Pintura e Acabamento,desktop,261,61,35,23
2025-09-12,Segurança,mobile,96,24,11,3
2025-09-12,Segurança,desktop,113,25,13,4
2025-09-13,Ferramentas,mobile,200,39,22,11
2025-09-13,Ferramentas,desktop,298,76,37,22
2025-09-13,Iluminação,mobile,211,44,21,13
2025-09-13,Iluminação,desktop,176,41,19,12
2025-09-13,Utilidades Domésticas,mobile,224,44,21,16
2025-09-13,Utilidades Domésticas,desktop,165,36,20,16
2025-09-13,Jardim e Área Externa,mobile,249,61,32,19
2025-09-13,Jardim e Área Externa,desktop,168,43,23,14
2025-09-13,Organização,mobile,171,43,20,12
2025-09-13,Organização,desktop,231,64,30,22
2025-09-13,Elétrica,mobile,130,25,11,3
2025-09-13,Elétrica,desktop,164,44,23,9
2025-09-13,Hidráulica,mobile,231,51,24,9
2025-09-13,Hidráulica,desktop,296,72,43,18
2025-09-13,Pintura e Acabamento,mobile,168,31,14,10
2025-09-13,Pintura e Acabamento,desktop,289,70,34,23
2025-09-13,Segurança,mobile,173,44,26,8
2025-09-13,Segurança,desktop,145,39,23,6
2025-09-14,Ferramentas,mobile,152,35,17,11
2025-09-14,Ferramentas,desktop,242,43,22,12
2025-09-14,Iluminação,mobile,82,19,11,7
2025-09-14,Iluminação,desktop,135,26,14,10
2025-09-14,Utilidades Domésticas,mobile,295,75,41,30
2025-09-14,Utilidades Domésticas,desktop,117,26,12,8
2025-09-14,Jardim e Área Externa,mobile,174,44,23,14
2025-09-14,Jardim e Área Externa,desktop,117,27,14,10
2025-09-14,Organização,mobile,96,25,12,8
2025-09-14,Organização,desktop,195,50,25,17
2025-09-14,Elétrica,mobile,217,50,28,10
2025-09-14,Elétrica,desktop,158,31,15,6
2025-09-14,Hidráulica,mobile,88,17,9,3
2025-09-14,Hidráulica,desktop,184,44,21,8
2025-09-14,Pintura e Acabamento,mobile,102,27,13,9
2025-09-14,Pintura e Acabamento,desktop,203,52,28,17
2025-09-14,Segurança,mobile,80,19,8,2
2025-09-14,Segurança,desktop,136,37,21,5
2025-09-15,Ferramentas,mobile,207,57,31,16
2025-09-15,Ferramentas,desktop,159,37,21,14
2025-09-15,Iluminação,mobile,106,26,13,8
2025-09-15,Iluminação,desktop,273,74,34,26
2025-09-15,Utilidades Domésticas,mobile,122,33,14,11
2025-09-15,Utilidades Domésticas,desktop,97,22,11,9
2025-09-15,Jardim e Área Externa,mobile,246,54,25,15
2025-09-15,Jardim e Área Externa,desktop,107,25,13,9
2025-09-15,Organização,mobile,239,58,29,23
2025-09-15,Organização,desktop,254,61,31,21
2025-09-15,Elétrica,mobile,237,63,32,10
2025-09-15,Elétrica,desktop,298,68,35,11
2025-09-15,Hidráulica,mobile,190,50,27,12
2025-09-15,Hidráulica,desktop,272,60,34,16
2025-09-15,Pintura e Acabamento,mobile,266,62,36,22
2025-09-15,Pintura e Acabamento,desktop,218,40,18,13
2025-09-15,Segurança,mobile,169,44,22,6
2025-09-15,Segurança,desktop,218,47,26,8
2025-09-16,Ferramentas,mobile,243,64,36,19
2025-09-16,Ferramentas,desktop,228,44,22,11
2025-09-16,Iluminação,mobile,258,56,25,16
2025-09-16,Iluminação,desktop,128,35,19,12
2025-09-16,Utilidades Domésticas,mobile,203,49,26,20
2025-09-16,Utilidades Domésticas,desktop,201,47,27,18
2025-09-16,Jardim e Área Externa,mobile,109,26,12,8
2025-09-16,Jardim e Área Externa,desktop,225,55,25,18
2025-09-16,Organização,mobile,297,62,36,24
2025-09-16,Organização,desktop,269,66,34,23
2025-09-16,Elétrica,mobile,289,72,35,15
2025-09-16,Elétrica,desktop,98,19,9,3
2025-09-16,Hidráulica,mobile,144,38,18,6
2025-09-16,Hidráulica,desktop,106,27,13,5
2025-09-16,Pintura e Acabamento,mobile,226,45,24,14
2025-09-16,Pintura e Acabamento,desktop,86,23,11,8
2025-09-16,Segurança,mobile,140,26,12,3
2025-09-16,Segurança,desktop,186,43,21,6
2025-09-17,Ferramentas,mobile,124,24,11,5
2025-09-17,Ferramentas,desktop,257,55,28,17
2025-09-17,Iluminação,mobile,171,31,14,9
2025-09-17,Iluminação,desktop,199,46,25,16
2025-09-17,Utilidades Domésticas,mobile,292,75,38,27
2025-09-17,Utilidades Domésticas,desktop,261,59,32,26
2025-09-17,Jardim e Área Externa,mobile,213,42,20,12
2025-09-17,Jardim e Área Externa,desktop,297,71,33,19
2025-09-17,Organização,mobile,114,25,13,9
2025-09-17,Organização,desktop,98,19,9,5
2025-09-17,Elétrica,mobile,272,54,25,8
2025-09-17,Elétrica,desktop,179,35,20,6
2025-09-17,Hidráulica,mobile,159,37,18,7
2025-09-17,Hidráulica,desktop,290,55,31,13
2025-09-17,Pintura e Acabamento,mobile,143,38,17,10
2025-09-17,Pintura e Acabamento,desktop,95,18,8,5
2025-09-17,Segurança,mobile,242,64,33,11
2025-09-17,Segurança,desktop,208,42,23,7
2025-09-18,Ferramentas,mobile,162,43,19,12
2025-09-18,Ferramentas,desktop,220,45,22,13
2025-09-18,Iluminação,mobile,118,31,14,9
2025-09-18,Iluminação,desktop,125,34,18,11
2025-09-18,Utilidades Domésticas,mobile,210,50,28,24
2025-09-18,Utilidades Domésticas,desktop,234,57,29,24
2025-09-18,Jardim e Área Externa,mobile,107,25,13,8
2025-09-18,Jardim e Área Externa,desktop,120,31,18,10
2025-09-18,Organização,mobile,274,55,27,21
2025-09-18,Organização,desktop,97,18,10,7
2025-09-18,Elétrica,mobile,98,25,14,5
2025-09-18,Elétrica,desktop,179,39,18,6
2025-09-18,Hidráulica,mobile,177,41,20,9
2025-09-18,Hidráulica,desktop,191,53,24,9
2025-09-18,Pintura e Acabamento,mobile,159,41,22,14
2025-09-18,Pintura e Acabamento,desktop,281,77,44,32
2025-09-18,Segurança,mobile,107,22,11,3
2025-09-18,Segurança,desktop,135,27,15,4
2025-09-19,Ferramentas,mobile,135,25,14,9
2025-09-19,Ferramentas,desktop,141,27,16,9
2025-09-19,Iluminação,mobile,251,60,28,18
2025-09-19,Iluminação,desktop,128,28,15,11
2025-09-19,Utilidades Domésticas,mobile,225,48,23,16
2025-09-19,Utilidades Domésticas,desktop,239,56,30,25
2025-09-19,Jardim e Área Externa,mobile,186,36,19,12
2025-09-19,Jardim e Área Externa,desktop,297,58,34,21
2025-09-19,Organização,mobile,253,54,30,22
2025-09-19,Organização,desktop,277,68,31,25
2025-09-19,Elétrica,mobile,263,68,31,12
2025-09-19,Elétrica,desktop,207,44,20,7
2025-09-19,Hidráulica,mobile,177,41,22,10
2025-09-19,Hidráulica,desktop,156,29,16,7
2025-09-19,Pintura e Acabamento,mobile,135,26,15,10
2025-09-19,Pintura e Acabamento,desktop,104,28,16,12
2025-09-19,Segurança,mobile,228,61,33,10
2025-09-19,Segurança,desktop,146,35,19,7
2025-09-20,Ferramentas,mobile,164,34,15,9
2025-09-20,Ferramentas,desktop,214,58,32,18
2025-09-20,Iluminação,mobile,129,25,11,8
2025-09-20,Iluminação,desktop,179,46,25,19
2025-09-20,Utilidades Domésticas,mobile,130,28,16,11
2025-09-20,Utilidades Domésticas,desktop,279,58,34,23
2025-09-20,Jardim e Área Externa,mobile,160,41,23,14
2025-09-20,Jardim e Área Externa,desktop,148,38,22,14
2025-09-20,Organização,mobile,280,72,38,26
2025-09-20,Organização,desktop,166,39,18,11
2025-09-20,Elétrica,mobile,113,22,11,4
2025-09-20,Elétrica,desktop,116,23,12,4
2025-09-20,Hidráulica,mobile,271,57,26,11
2025-09-20,Hidráulica,desktop,252,66,35,13
2025-09-20,Pintura e Acabamento,mobile,106,29,15,11
2025-09-20,Pintura e Acabamento,desktop,194,38,22,15
2025-09-20,Segurança,mobile,98,22,12,4
2025-09-20,Segurança,desktop,162,42,23,6
2025-09-21,Ferramentas,mobile,222,60,32,19
2025-09-21,Ferramentas,desktop,107,26,15,8
2025-09-21,Iluminação,mobile,143,32,17,12
2025-09-21,Iluminação,desktop,160,33,16,10
2025-09-21,Utilidades Domésticas,mobile,144,33,14,11
2025-09-21,Utilidades Domésticas,desktop,249,58,31,26
2025-09-21,Jardim e Área Externa,mobile,86,23,11,7
2025-09-21,Jardim e Área Externa,desktop,136,38,19,12
2025-09-21,Organização,mobile,293,62,32,25
2025-09-21,Organização,desktop,91,22,10,6
2025-09-21,Elétrica,mobile,131,34,19,7
2025-09-21,Elétrica,desktop,204,37,19,7
2025-09-21,Hidráulica,mobile,286,79,41,16
2025-09-21,Hidráulica,desktop,95,18,8,3
2025-09-21,Pintura e Acabamento,mobile,249,56,27,19
2025-09-21,Pintura e Acabamento,desktop,199,40,19,12
2025-09-21,Segurança,mobile,294,79,35,10
2025-09-21,Segurança,desktop,181,49,23,7
2025-09-22,Ferramentas,mobile,292,61,29,19
2025-09-22,Ferramentas,desktop,86,23,12,7
2025-09-22,Iluminação,mobile,166,37,21,14
2025-09-22,Iluminação,desktop,95,25,12,8
2025-09-22,Utilidades Domésticas,mobile,248,46,27,21
2025-09-22,Utilidades Domésticas,desktop,169,40,23,19
2025-09-22,Jardim e Área Externa,mobile,245,46,21,11
2025-09-22,Jardim e Área Externa,desktop,152,41,20,13
2025-09-22,Organização,mobile,95,25,12,7
2025-09-22,Organização,desktop,228,63,31,24
2025-09-22,Elétrica,mobile,295,64,33,13
2025-09-22,Elétrica,desktop,256,66,39,16
2025-09-22,Hidráulica,mobile,232,47,27,10
2025-09-22,Hidráulica,desktop,296,62,28,12
2025-09-22,Pintura e Acabamento,mobile,95,26,13,8
2025-09-22,Pintura e Acabamento,desktop,287,71,37,22
2025-09-22,Segurança,mobile,185,34,16,4
2025-09-22,Segurança,desktop,221,61,30,9
2025-09-23,Ferramentas,mobile,188,49,22,11
2025-09-23,Ferramentas,desktop,191,51,27,14
2025-09-23,Iluminação,mobile,254,67,32,24
2025-09-23,Iluminação,desktop,252,61,28,20
2025-09-23,Utilidades Domésticas,mobile,256,56,28,22
2025-09-23,Utilidades Domésticas,desktop,298,65,38,25
2025-09-23,Jardim e Área Externa,mobile,165,43,20,12
2025-09-23,Jardim e Área Externa,desktop,162,32,17,10
2025-09-23,Organização,mobile,173,43,22,16
2025-09-23,Organização,desktop,196,54,29,21
2025-09-23,Elétrica,mobile,212,50,28,10
2025-09-23,Elétrica,desktop,230,56,32,12
2025-09-23,Hidráulica,mobile,123,22,10,4
2025-09-23,Hidráulica,desktop,262,60,30,12
2025-09-23,Pintura e Acabamento,mobile,93,22,12,9
2025-09-23,Pintura e Acabamento,desktop,243,65,38,24
2025-09-23,Segurança,mobile,255,66,35,10
2025-09-23,Segurança,desktop,219,44,24,6
2025-09-24,Ferramentas,mobile,239,46,26,17
2025-09-24,Ferramentas,desktop,80,20,9,5
2025-09-24,Iluminação,mobile,214,56,32,22
2025-09-24,Iluminação,desktop,239,45,20,14
2025-09-24,Utilidades Domésticas,mobile,254,70,40,34
2025-09-24,Utilidades Domésticas,desktop,271,68,38,32
2025-09-24,Jardim e Área Externa,mobile,155,37,19,10
2025-09-24,Jardim e Área Externa,desktop,275,76,36,22
2025-09-24,Organização,mobile,257,47,25,15
2025-09-24,Organização,desktop,145,37,20,13
2025-09-24,Elétrica,mobile,116,26,12,5
2025-09-24,Elétrica,desktop,84,17,8,3
2025-09-24,Hidráulica,mobile,99,23,12,5
2025-09-24,Hidráulica,desktop,258,49,23,10
2025-09-24,Pintura e Acabamento,mobile,88,23,11,7
2025-09-24,Pintura e Acabamento,desktop,199,55,28,20
2025-09-24,Segurança,mobile,230,64,31,9
2025-09-24,Segurança,desktop,196,37,20,5
2025-09-25,Ferramentas,mobile,104,22,10,6
2025-09-25,Ferramentas,desktop,253,48,27,14
2025-09-25,Iluminação,mobile,189,47,25,15
2025-09-25,Iluminação,desktop,299,56,27,17
2025-09-25,Utilidades Domésticas,mobile,188,50,23,17
2025-09-25,Utilidades Domésticas,desktop,260,60,35,29
2025-09-25,Jardim e Área Externa,mobile,292,74,37,21
2025-09-25,Jardim e Área Externa,desktop,293,78,40,24
2025-09-25,Organização,mobile,163,41,23,17
2025-09-25,Organização,desktop,183,42,22,16
2025-09-25,Elétrica,mobile,268,66,37,12
2025-09-25,Elétrica,desktop,280,53,25,11
2025-09-25,Hidráulica,mobile,166,32,15,6
2025-09-25,Hidráulica,desktop,211,48,25,10
2025-09-25,Pintura e Acabamento,mobile,81,15,8,5
2025-09-25,Pintura e Acabamento,desktop,251,63,35,22
2025-09-25,Segurança,mobile,188,48,24,8
2025-09-25,Segurança,desktop,217,56,26,8
2025-09-26,Ferramentas,mobile,97,26,15,9
2025-09-26,Ferramentas,desktop,152,40,23,15
2025-09-26,Iluminação,mobile,86,20,9,6
2025-09-26,Iluminação,desktop,262,48,24,17
2025-09-26,Utilidades Domésticas,mobile,180,39,21,16
2025-09-26,Utilidades Domésticas,desktop,114,23,13,9
2025-09-26,Jardim e Área Externa,mobile,94,18,10,7
2025-09-26,Jardim e Área Externa,desktop,165,35,19,11
2025-09-26,Organização,mobile,226,48,28,17
2025-09-26,Organização,desktop,231,51,24,16
2025-09-26,Elétrica,mobile,103,23,12,4
2025-09-26,Elétrica,desktop,257,52,25,8
2025-09-26,Hidráulica,mobile,140,37,17,7
2025-09-26,Hidráulica,desktop,198,51,27,11
2025-09-26,Pintura e Acabamento,mobile,148,35,20,11
2025-09-26,Pintura e Acabamento,desktop,243,59,34,20
2025-09-26,Segurança,mobile,227,48,26,8
2025-09-26,Segurança,desktop,252,56,29,8
2025-09-27,Ferramentas,mobile,103,26,14,8
2025-09-27,Ferramentas,desktop,188,51,25,16
2025-09-27,Iluminação,mobile,103,27,13,10
2025-09-27,Iluminação,desktop,98,23,10,7
2025-09-27,Utilidades Domésticas,mobile,163,31,14,10
2025-09-27,Utilidades Domésticas,desktop,210,55,27,18
2025-09-27,Jardim e Área Externa,mobile,253,62,27,17
2025-09-27,Jardim e Área Externa,desktop,295,61,32,19
2025-09-27,Organização,mobile,264,50,28,23
2025-09-27,Organização,desktop,92,19,11,7
2025-09-27,Elétrica,mobile,103,19,9,3
2025-09-27,Elétrica,desktop,159,40,22,8
2025-09-27,Hidráulica,mobile,93,20,10,4
2025-09-27,Hidráulica,desktop,256,61,35,14
2025-09-27,Pintura e Acabamento,mobile,286,71,34,21
2025-09-27,Pintura e Acabamento,desktop,260,71,38,26
2025-09-27,Segurança,mobile,150,33,15,4
2025-09-27,Segurança,desktop,124,29,16,5
2025-09-28,Ferramentas,mobile,139,27,14,8
2025-09-28,Ferramentas,desktop,158,33,17,9
2025-09-28,Iluminação,mobile,205,49,26,18
2025-09-28,Iluminação,desktop,248,54,28,18
2025-09-28,Utilidades Domésticas,mobile,186,48,27,22
2025-09-28,Utilidades Domésticas,desktop,245,54,31,27
2025-09-28,Jardim e Área Externa,mobile,166,37,17,12
2025-09-28,Jardim e Área Externa,desktop,202,44,24,17
2025-09-28,Organização,mobile,203,53,27,18
2025-09-28,Organização,desktop,145,34,16,11
2025-09-28,Elétrica,mobile,203,46,23,8
2025-09-28,Elétrica,desktop,274,52,30,12
2025-09-28,Hidráulica,mobile,207,46,24,10
2025-09-28,Hidráulica,desktop,90,16,7,3
2025-09-28,Pintura e Acabamento,mobile,271,54,27,20
2025-09-28,Pintura e Acabamento,desktop,127,31,17,12
2025-09-28,Segurança,mobile,237,64,31,8
2025-09-28,Segurança,desktop,95,20,9,3
2025-09-29,Ferramentas,mobile,153,31,17,10
2025-09-29,Ferramentas,desktop,166,35,18,11
2025-09-29,Iluminação,mobile,283,71,41,30
2025-09-29,Iluminação,desktop,276,57,26,20
2025-09-29,Utilidades Domésticas,mobile,180,47,27,22
2025-09-29,Utilidades Domésticas,desktop,130,25,12,8
2025-09-29,Jardim e Área Externa,mobile,274,60,31,21
2025-09-29,Jardim e Área Externa,desktop,172,32,16,9
2025-09-29,Organização,mobile,258,66,35,24
2025-09-29,Organização,desktop,96,18,10,7
2025-09-29,Elétrica,mobile,139,35,19,7
2025-09-29,Elétrica,desktop,296,60,34,11
2025-09-29,Hidráulica,mobile,84,15,8,3
2025-09-29,Hidráulica,desktop,207,47,25,11
2025-09-29,Pintura e Acabamento,mobile,291,81,45,27
2025-09-29,Pintura e Acabamento,desktop,217,43,24,14
2025-09-29,Segurança,mobile,202,55,31,8
2025-09-29,Segurança,desktop,230,64,32,10
2025-09-30,Ferramentas,mobile,295,79,37,23
2025-09-30,Ferramentas,desktop,80,22,10,5
2025-09-30,Iluminação,mobile,273,59,32,23
2025-09-30,Iluminação,desktop,122,28,14,10
2025-09-30,Utilidades Domésticas,mobile,118,23,13,10
2025-09-30,Utilidades Domésticas,desktop,85,15,8,5
2025-09-30,Jardim e Área Externa,mobile,198,53,26,14
2025-09-30,Jardim e Área Externa,desktop,148,40,23,16
2025-09-30,Organização,mobile,203,41,21,12
2025-09-30,Organização,desktop,100,19,11,8
2025-09-30,Elétrica,mobile,183,33,16,5
2025-09-30,Elétrica,desktop,284,77,43,18
2025-09-30,Hidráulica,mobile,210,48,22,8
2025-09-30,Hidráulica,desktop,284,72,36,15
2025-09-30,Pintura e Acabamento,mobile,244,61,27,19
2025-09-30,Pintura e Acabamento,desktop,242,43,21,12
2025-09-30,Segurança,mobile,111,28,15,4
2025-09-30,Segurança,desktop,133,31,18,5
2025-10-01,Ferramentas,mobile,89,21,9,5
2025-10-01,Ferramentas,desktop,194,37,18,11
2025-10-01,Iluminação,mobile,288,72,36,23
2025-10-01,Iluminação,desktop,257,54,29,18
2025-10-01,Utilidades Domésticas,mobile,189,35,17,12
2025-10-01,Utilidades Domésticas,desktop,141,34,18,13
2025-10-01,Jardim e Área Externa,mobile,135,32,18,11
2025-10-01,Jardim e Área Externa,desktop,119,32,16,11
2025-10-01,Organização,mobile,133,24,11,6
2025-10-01,Organização,desktop,160,29,15,10
2025-10-01,Elétrica,mobile,85,20,11,3
2025-10-01,Elétrica,desktop,231,50,29,10
2025-10-01,Hidráulica,mobile,141,29,17,7
2025-10-01,Hidráulica,desktop,221,58,30,14
2025-10-01,Pintura e Acabamento,mobile,160,36,19,12
2025-10-01,Pintura e Acabamento,desktop,239,57,26,16
2025-10-01,Segurança,mobile,158,36,21,6
2025-10-01,Segurança,desktop,104,24,10,3
2025-10-02,Ferramentas,mobile,278,74,41,23
2025-10-02,Ferramentas,desktop,226,62,32,18
2025-10-02,Iluminação,mobile,85,16,8,5
2025-10-02,Iluminação,desktop,250,55,29,18
2025-10-02,Utilidades Domésticas,mobile,186,47,21,15
2025-10-02,Utilidades Domésticas,desktop,105,29,14,10
2025-10-02,Jardim e Área Externa,mobile,193,37,17,9
2025-10-02,Jardim e Área Externa,desktop,118,24,12,7
2025-10-02,Organização,mobile,277,66,34,20
2025-10-02,Organização,desktop,268,50,24,17
2025-10-02,Elétrica,mobile,126,23,12,4
2025-10-02,Elétrica,desktop,104,24,12,4
2025-10-02,Hidráulica,mobile,207,46,21,9
2025-10-02,Hidráulica,desktop,158,30,16,7
2025-10-02,Pintura e Acabamento,mobile,197,51,29,17
2025-10-02,Pintura e Acabamento,desktop,114,22,10,7
2025-10-02,Segurança,mobile,214,49,27,8
2025-10-02,Segurança,desktop,291,69,31,11
2025-10-03,Ferramentas,mobile,199,36,16,8
2025-10-03,Ferramentas,desktop,247,68,32,18
2025-10-03,Iluminação,mobile,194,51,28,22
2025-10-03,Iluminação,desktop,207,54,31,21
2025-10-03,Utilidades Domésticas,mobile,196,50,24,19
2025-10-03,Utilidades Domésticas,desktop,138,25,11,8
2025-10-03,Jardim e Área Externa,mobile,112,26,12,7
2025-10-03,Jardim e Área Externa,desktop,145,40,18,10
2025-10-03,Organização,mobile,290,57,30,20
2025-10-03,Organização,desktop,206,41,23,18
2025-10-03,Elétrica,mobile,125,23,11,4
2025-10-03,Elétrica,desktop,157,33,16,5
2025-10-03,Hidráulica,mobile,289,55,29,12
2025-10-03,Hidráulica,desktop,199,50,25,10
2025-10-03,Pintura e Acabamento,mobile,223,57,26,19
2025-10-03,Pintura e Acabamento,desktop,106,19,10,6
2025-10-03,Segurança,mobile,252,46,21,7
2025-10-03,Segurança,desktop,298,72,36,11
2025-10-04,Ferramentas,mobile,288,52,28,14
2025-10-04,Ferramentas,desktop,207,38,19,13
2025-10-04,Iluminação,mobile,216,60,31,24
2025-10-04,Iluminação,desktop,114,31,14,8
2025-10-04,Utilidades Domésticas,mobile,178,45,24,17
2025-10-04,Utilidades Domésticas,desktop,234,58,31,24
2025-10-04,Jardim e Área Externa,mobile,234,48,25,18
2025-10-04,Jardim e Área Externa,desktop,119,28,14,8
2025-10-04,Organização,mobile,248,51,24,19
2025-10-04,Organização,desktop,269,73,42,33
2025-10-04,Elétrica,mobile,123,30,15,6
2025-10-04,Elétrica,desktop,220,59,34,13
2025-10-04,Hidráulica,mobile,86,19,10,4
2025-10-04,Hidráulica,desktop,205,56,33,15
2025-10-04,Pintura e Acabamento,mobile,94,20,11,8
2025-10-04,Pintura e Acabamento,desktop,294,67,37,23
2025-10-04,Segurança,mobile,142,31,14,4
2025-10-04,Segurança,desktop,295,67,36,10
2025-10-05,Ferramentas,mobile,175,31,16,10
2025-10-05,Ferramentas,desktop,222,41,21,11
2025-10-05,Iluminação,mobile,179,43,23,14
2025-10-05,Iluminação,desktop,156,28,12,8
2025-10-05,Utilidades Domésticas,mobile,272,58,26,20
2025-10-05,Utilidades Domésticas,desktop,155,31,18,13
2025-10-05,Jardim e Área Externa,mobile,178,42,23,12
2025-10-05,Jardim e Área Externa,desktop,158,32,18,13
2025-10-05,Organização,mobile,117,21,11,7
2025-10-05,Organização,desktop,254,47,25,16
2025-10-05,Elétrica,mobile,121,27,12,4
2025-10-05,Elétrica,desktop,271,67,37,14
2025-10-05,Hidráulica,mobile,230,58,32,15
2025-10-05,Hidráulica,desktop,181,49,25,10
2025-10-05,Pintura e Acabamento,mobile,240,51,25,19
2025-10-05,Pintura e Acabamento,desktop,85,21,11,7
2025-10-05,Segurança,mobile,231,52,25,8
2025-10-05,Segurança,desktop,155,39,21,6
2025-10-06,Ferramentas,mobile,248,46,24,15
2025-10-06,Ferramentas,desktop,136,35,19,10
2025-10-06,Iluminação,mobile,245,65,29,22
2025-10-06,Iluminação,desktop,193,52,27,19
2025-10-06,Utilidades Domésticas,mobile,240,60,29,24
2025-10-06,Utilidades Domésticas,desktop,178,47,21,15
2025-10-06,Jardim e Área Externa,mobile,196,42,19,12
2025-10-06,Jardim e Área Externa,desktop,146,31,14,10
2025-10-06,Organização,mobile,216,46,21,15
2025-10-06,Organização,desktop,291,80,39,23
2025-10-06,Elétrica,mobile,152,40,19,7
2025-10-06,Elétrica,desktop,276,58,33,13
2025-10-06,Hidráulica,mobile,156,36,16,6
2025-10-06,Hidráulica,desktop,224,46,25,10
2025-10-06,Pintura e Acabamento,mobile,195,38,18,10
2025-10-06,Pintura e Acabamento,desktop,141,27,13,9
2025-10-06,Segurança,mobile,97,20,9,3
2025-10-06,Segurança,desktop,85,23,11,3
2025-10-07,Ferramentas,mobile,138,27,13,7
2025-10-07,Ferramentas,desktop,111,27,12,6
2025-10-07,Iluminação,mobile,166,39,21,16
2025-10-07,Iluminação,desktop,272,73,39,26
2025-10-07,Utilidades Domésticas,mobile,184,42,19,13
2025-10-07,Utilidades Domésticas,desktop,279,50,28,22
2025-10-07,Jardim e Área Externa,mobile,135,26,14,9
2025-10-07,Jardim e Área Externa,desktop,201,39,19,12
2025-10-07,Organização,mobile,138,34,17,12
2025-10-07,Organização,desktop,105,22,11,6
2025-10-07,Elétrica,mobile,282,70,39,13
2025-10-07,Elétrica,desktop,257,68,38,16
2025-10-07,Hidráulica,mobile,90,19,9,3
2025-10-07,Hidráulica,desktop,225,49,24,10
2025-10-07,Pintura e Acabamento,mobile,238,59,33,21
2025-10-07,Pintura e Acabamento,desktop,157,42,19,14
2025-10-07,Segurança,mobile,258,53,29,9
2025-10-07,Segurança,desktop,248,66,39,14
2025-10-08,Ferramentas,mobile,257,51,29,16
2025-10-08,Ferramentas,desktop,297,62,30,19
2025-10-08,Iluminação,mobile,213,54,31,23
2025-10-08,Iluminação,desktop,155,37,21,16
2025-10-08,Utilidades Domésticas,mobile,87,21,10,7
2025-10-08,Utilidades Domésticas,desktop,258,49,26,22
2025-10-08,Jardim e Área Externa,mobile,124,23,11,6
2025-10-08,Jardim e Área Externa,desktop,280,60,31,20
2025-10-08,Organização,mobile,151,39,18,12
2025-10-08,Organização,desktop,156,43,21,13
2025-10-08,Elétrica,mobile,99,20,10,3
2025-10-08,Elétrica,desktop,241,60,27,10
2025-10-08,Hidráulica,mobile,154,40,20,8
2025-10-08,Hidráulica,desktop,242,59,31,14
2025-10-08,Pintura e Acabamento,mobile,98,21,12,6
2025-10-08,Pintura e Acabamento,desktop,212,52,29,21
2025-10-08,Segurança,mobile,236,61,29,8
2025-10-08,Segurança,desktop,91,18,10,2
2025-10-09,Ferramentas,mobile,183,48,23,13
2025-10-09,Ferramentas,desktop,235,47,23,13
2025-10-09,Iluminação,mobile,244,58,31,20
2025-10-09,Iluminação,desktop,86,15,8,5
2025-10-09,Utilidades Domésticas,mobile,158,34,19,14
2025-10-09,Utilidades Domésticas,desktop,205,52,31,20
2025-10-09,Jardim e Área Externa,mobile,147,37,21,14
2025-10-09,Jardim e Área Externa,desktop,286,60,29,18
2025-10-09,Organização,mobile,82,22,12,7
2025-10-09,Organização,desktop,194,53,26,17
2025-10-09,Elétrica,mobile,82,17,9,3
2025-10-09,Elétrica,desktop,80,18,9,3
2025-10-09,Hidráulica,mobile,140,35,16,6
2025-10-09,Hidráulica,desktop,187,41,21,9
2025-10-09,Pintura e Acabamento,mobile,265,48,24,15
2025-10-09,Pintura e Acabamento,desktop,221,52,27,19
2025-10-09,Segurança,mobile,266,52,23,7
2025-10-09,Segurança,desktop,196,53,23,8
2025-10-10,Ferramentas,mobile,204,40,23,14
2025-10-10,Ferramentas,desktop,283,68,40,25
2025-10-10,Iluminação,mobile,259,49,22,15
2025-10-10,Iluminação,desktop,91,16,8,5
2025-10-10,Utilidades Domésticas,mobile,298,66,36,28
2025-10-10,Utilidades Domésticas,desktop,97,20,11,9
2025-10-10,Jardim e Área Externa,mobile,228,57,27,16
2025-10-10,Jardim e Área Externa,desktop,104,24,13,8
2025-10-10,Organização,mobile,124,24,13,8
2025-10-10,Organização,desktop,138,28,13,9
2025-10-10,Elétrica,mobile,256,54,32,12
2025-10-10,Elétrica,desktop,243,47,26,11
2025-10-10,Hidráulica,mobile,111,22,12,4
2025-10-10,Hidráulica,desktop,232,63,30,14
2025-10-10,Pintura e Acabamento,mobile,129,33,18,11
2025-10-10,Pintura e Acabamento,desktop,268,56,29,17
2025-10-10,Segurança,mobile,141,27,15,4
2025-10-10,Segurança,desktop,120,29,13,4
2025-10-11,Ferramentas,mobile,153,29,17,10
2025-10-11,Ferramentas,desktop,104,21,11,7
2025-10-11,Iluminação,mobile,269,51,29,23
2025-10-11,Iluminação,desktop,241,51,27,19
2025-10-11,Utilidades Domésticas,mobile,115,25,14,9
2025-10-11,Utilidades Domésticas,desktop,82,16,9,5
2025-10-11,Jardim e Área Externa,mobile,291,69,32,22
2025-10-11,Jardim e Área Externa,desktop,290,72,37,23
2025-10-11,Organização,mobile,118,28,16,12
2025-10-11,Organização,desktop,101,26,14,11
2025-10-11,Elétrica,mobile,116,21,9,3
2025-10-11,Elétrica,desktop,97,25,12,4
2025-10-11,Hidráulica,mobile,80,20,10,3
2025-10-11,Hidráulica,desktop,169,45,25,12
2025-10-11,Pintura e Acabamento,mobile,91,19,8,5
2025-10-11,Pintura e Acabamento,desktop,212,51,24,13
2025-10-11,Segurança,mobile,221,44,22,7
2025-10-11,Segurança,desktop,196,50,24,6
2025-10-12,Ferramentas,mobile,277,75,44,29
2025-10-12,Ferramentas,desktop,274,50,29,14
2025-10-12,Iluminação,mobile,167,30,17,13
2025-10-12,Iluminação,desktop,216,43,24,14
2025-10-12,Utilidades Domésticas,mobile,169,32,17,13
2025-10-12,Utilidades Domésticas,desktop,292,64,37,25
2025-10-12,Jardim e Área Externa,mobile,167,38,18,12
2025-10-12,Jardim e Área Externa,desktop,257,62,30,18
2025-10-12,Organização,mobile,100,22,9,6
2025-10-12,Organização,desktop,215,52,28,18
2025-10-12,Elétrica,mobile,132,31,15,6
2025-10-12,Elétrica,desktop,128,30,14,5
2025-10-12,Hidráulica,mobile,191,42,21,9
2025-10-12,Hidráulica,desktop,181,34,16,7
2025-10-12,Pintura e Acabamento,mobile,197,53,26,19
2025-10-12,Pintura e Acabamento,desktop,91,20,10,6
2025-10-12,Segurança,mobile,217,42,24,7
2025-10-12,Segurança,desktop,158,40,21,7
2025-10-13,Ferramentas,mobile,188,41,21,11
2025-10-13,Ferramentas,desktop,142,39,22,11
2025-10-13,Iluminação,mobile,261,51,29,22
2025-10-13,Iluminação,desktop,225,61,32,19
2025-10-13,Utilidades Domésticas,mobile,89,20,9,6
2025-10-13,Utilidades Domésticas,desktop,259,58,32,21
2025-10-13,Jardim e Área Externa,mobile,169,33,16,11
2025-10-13,Jardim e Área Externa,desktop,207,46,23,15
2025-10-13,Organização,mobile,175,36,18,14
2025-10-13,Organização,desktop,229,60,31,25
2025-10-13,Elétrica,mobile,229,50,24,10
2025-10-13,Elétrica,desktop,240,45,20,7
2025-10-13,Hidráulica,mobile,89,24,12,5
2025-10-13,Hidráulica,desktop,225,54,25,11
2025-10-13,Pintura e Acabamento,mobile,183,36,19,12
2025-10-13,Pintura e Acabamento,desktop,188,40,21,12
2025-10-13,Segurança,mobile,228,49,25,9
2025-10-13,Segurança,desktop,179,33,17,5
2025-10-14,Ferramentas,mobile,221,59,33,19
2025-10-14,Ferramentas,desktop,110,25,12,7
2025-10-14,Iluminação,mobile,85,17,9,6
2025-10-14,Iluminação,desktop,243,54,28,19
2025-10-14,Utilidades Domésticas,mobile,133,34,18,13
2025-10-14,Utilidades Domésticas,desktop,204,42,19,12
2025-10-14,Jardim e Área Externa,mobile,285,72,38,23
2025-10-14,Jardim e Área Externa,desktop,281,66,35,22
2025-10-14,Organização,mobile,178,36,20,13
2025-10-14,Organização,desktop,290,61,33,20
2025-10-14,Elétrica,mobile,257,52,27,11
2025-10-14,Elétrica,desktop,204,47,27,9
2025-10-14,Hidráulica,mobile,100,19,9,4
2025-10-14,Hidráulica,desktop,247,51,23,8
2025-10-14,Pintura e Acabamento,mobile,259,72,32,24
2025-10-14,Pintura e Acabamento,desktop,96,21,11,7
2025-10-14,Segurança,mobile,89,21,12,4
2025-10-14,Segurança,desktop,103,25,11,3
2025-10-15,Ferramentas,mobile,233,60,34,18
2025-10-15,Ferramentas,desktop,100,21,10,5
2025-10-15,Iluminação,mobile,235,54,30,22
2025-10-15,Iluminação,desktop,284,65,38,28
2025-10-15,Utilidades Domésticas,mobile,119,31,14,12
2025-10-15,Utilidades Domésticas,desktop,119,21,11,7
2025-10-15,Jardim e Área Externa,mobile,228,55,27,15
2025-10-15,Jardim e Área Externa,desktop,231,58,32,18
2025-10-15,Organização,mobile,285,67,31,24
2025-10-15,Organização,desktop,87,19,9,6
2025-10-15,Elétrica,mobile,151,38,21,8
2025-10-15,Elétrica,desktop,242,67,31,10
2025-10-15,Hidráulica,mobile,161,32,17,7
2025-10-15,Hidráulica,desktop,213,48,23,9
2025-10-15,Pintura e Acabamento,mobile,86,23,12,8
2025-10-15,Pintura e Acabamento,desktop,245,64,31,23
2025-10-15,Segurança,mobile,232,44,24,6
2025-10-15,Segurança,desktop,196,47,26,7
2025-10-16,Ferramentas,mobile,294,68,34,20
2025-10-16,Ferramentas,desktop,86,18,8,4
2025-10-16,Iluminação,mobile,167,35,18,12
2025-10-16,Iluminação,desktop,243,48,26,17
2025-10-16,Utilidades Domésticas,mobile,238,58,29,23
2025-10-16,Utilidades Domésticas,desktop,128,32,17,12
2025-10-16,Jardim e Área Externa,mobile,159,39,20,14
2025-10-16,Jardim e Área Externa,desktop,274,58,29,20
2025-10-16,Organização,mobile,81,16,7,5
2025-10-16,Organização,desktop,166,33,16,10
2025-10-16,Elétrica,mobile,93,20,9,3
2025-10-16,Elétrica,desktop,276,55,32,13
2025-10-16,Hidráulica,mobile,258,62,30,13
2025-10-16,Hidráulica,desktop,298,75,42,20
2025-10-16,Pintura e Acabamento,mobile,250,62,34,22
2025-10-16,Pintura e Acabamento,desktop,178,32,14,10
2025-10-16,Segurança,mobile,272,50,29,9
2025-10-16,Segurança,desktop,233,48,25,9
2025-10-17,Ferramentas,mobile,101,26,11,5
2025-10-17,Ferramentas,desktop,116,29,17,10
2025-10-17,Iluminação,mobile,254,47,21,13
2025-10-17,Iluminação,desktop,288,56,32,19
2025-10-17,Utilidades Domésticas,mobile,202,38,21,17
2025-10-17,Utilidades Domésticas,desktop,90,19,9,7
2025-10-17,Jardim e Área Externa,mobile,292,61,32,19
2025-10-17,Jardim e Área Externa,desktop,270,54,30,19
2025-10-17,Organização,mobile,186,33,15,12
2025-10-17,Organização,desktop,114,26,14,9
2025-10-17,Elétrica,mobile,212,57,28,11
2025-10-17,Elétrica,desktop,124,25,13,4
2025-10-17,Hidráulica,mobile,82,21,9,4
2025-10-17,Hidráulica,desktop,185,50,27,11
2025-10-17,Pintura e Acabamento,mobile,172,41,21,14
2025-10-17,Pintura e Acabamento,desktop,267,66,30,18
2025-10-17,Segurança,mobile,240,66,29,8
2025-10-17,Segurança,desktop,280,74,37,11
2025-10-18,Ferramentas,mobile,108,19,9,5
2025-10-18,Ferramentas,desktop,133,30,14,7
2025-10-18,Iluminação,mobile,295,63,36,23
2025-10-18,Iluminação,desktop,224,46,26,18
2025-10-18,Utilidades Domésticas,mobile,296,67,34,29
2025-10-18,Utilidades Domésticas,desktop,229,59,28,20
2025-10-18,Jardim e Área Externa,mobile,120,26,12,6
2025-10-18,Jardim e Área Externa,desktop,96,26,13,8
2025-10-18,Organização,mobile,92,24,12,9
2025-10-18,Organização,desktop,271,58,33,24
2025-10-18,Elétrica,mobile,194,39,20,7
2025-10-18,Elétrica,desktop,80,18,10,3
2025-10-18,Hidráulica,mobile,167,39,19,7
2025-10-18,Hidráulica,desktop,206,56,31,13
2025-10-18,Pintura e Acabamento,mobile,124,28,15,9
2025-10-18,Pintura e Acabamento,desktop,116,29,15,10
2025-10-18,Segurança,mobile,218,46,21,7
2025-10-18,Segurança,desktop,151,39,22,7
2025-10-19,Ferramentas,mobile,253,67,31,21
2025-10-19,Ferramentas,desktop,159,32,18,11
2025-10-19,Iluminação,mobile,232,62,32,24
2025-10-19,Iluminação,desktop,80,16,7,4
2025-10-19,Utilidades Domésticas,mobile,171,43,24,17
2025-10-19,Utilidades Domésticas,desktop,124,27,16,10
2025-10-19,Jardim e Área Externa,mobile,241,64,32,19
2025-10-19,Jardim e Área Externa,desktop,106,27,15,9
2025-10-19,Organização,mobile,181,48,25,16
2025-10-19,Organização,desktop,224,52,25,19
2025-10-19,Elétrica,mobile,192,51,24,9
2025-10-19,Elétrica,desktop,276,65,36,12
2025-10-19,Hidráulica,mobile,180,42,21,8
2025-10-19,Hidráulica,desktop,236,54,24,10
2025-10-19,Pintura e Acabamento,mobile,185,38,20,11
2025-10-19,Pintura e Acabamento,desktop,154,35,19,12
2025-10-19,Segurança,mobile,213,53,24,8
2025-10-19,Segurança,desktop,193,52,25,7
2025-10-20,Ferramentas,mobile,174,44,19,11
2025-10-20,Ferramentas,desktop,275,72,35,19
2025-10-20,Iluminação,mobile,299,55,25,19
2025-10-20,Iluminação,desktop,90,24,10,7
2025-10-20,Utilidades Domésticas,mobile,124,34,16,11
2025-10-20,Utilidades Domésticas,desktop,161,33,18,15
2025-10-20,Jardim e Área Externa,mobile,259,48,22,15
2025-10-20,Jardim e Área Externa,desktop,148,40,20,14
2025-10-20,Organização,mobile,256,66,31,20
2025-10-20,Organização,desktop,144,38,19,15
2025-10-20,Elétrica,mobile,270,61,33,11
2025-10-20,Elétrica,desktop,149,30,15,6
2025-10-20,Hidráulica,mobile,276,59,27,11
2025-10-20,Hidráulica,desktop,87,23,10,4
2025-10-20,Pintura e Acabamento,mobile,111,26,15,9
2025-10-20,Pintura e Acabamento,desktop,101,19,9,5
2025-10-20,Segurança,mobile,218,54,24,7
2025-10-20,Segurança,desktop,286,54,30,9
2025-10-21,Ferramentas,mobile,208,51,27,17
2025-10-21,Ferramentas,desktop,137,34,17,10
2025-10-21,Iluminação,mobile,242,48,22,15
2025-10-21,Iluminação,desktop,261,72,42,27
2025-10-21,Utilidades Domésticas,mobile,129,28,16,11
2025-10-21,Utilidades Domésticas,desktop,177,32,18,11
2025-10-21,Jardim e Área Externa,mobile,105,22,12,6
2025-10-21,Jardim e Área Externa,desktop,211,45,22,13
2025-10-21,Organização,mobile,175,42,22,16
2025-10-21,Organização,desktop,154,38,20,16
2025-10-21,Elétrica,mobile,288,71,35,12
2025-10-21,Elétrica,desktop,123,32,16,6
2025-10-21,Hidráulica,mobile,146,34,18,6
2025-10-21,Hidráulica,desktop,80,22,11,4
2025-10-21,Pintura e Acabamento,mobile,124,23,13,7
2025-10-21,Pintura e Acabamento,desktop,214,57,33,19
2025-10-21,Segurança,mobile,131,32,17,4
2025-10-21,Segurança,desktop,283,64,30,11
2025-10-22,Ferramentas,mobile,103,23,12,7
2025-10-22,Ferramentas,desktop,195,50,29,17
2025-10-22,Iluminação,mobile,174,42,18,12
2025-10-22,Iluminação,desktop,112,24,12,9
2025-10-22,Utilidades Domésticas,mobile,229,46,20,13
2025-10-22,Utilidades Domésticas,desktop,191,49,28,19
2025-10-22,Jardim e Área Externa,mobile,126,34,18,12
2025-10-22,Jardim e Área Externa,desktop,299,83,43,24
2025-10-22,Organização,mobile,268,50,28,20
2025-10-22,Organização,desktop,284,70,36,29
2025-10-22,Elétrica,mobile,122,28,13,5
2025-10-22,Elétrica,desktop,195,35,19,7
2025-10-22,Hidráulica,mobile,200,42,25,11
2025-10-22,Hidráulica,desktop,188,39,18,8
2025-10-22,Pintura e Acabamento,mobile,207,48,25,15
2025-10-22,Pintura e Acabamento,desktop,102,21,12,7
2025-10-22,Segurança,mobile,87,18,9,3
2025-10-22,Segurança,desktop,169,44,23,6
2025-10-23,Ferramentas,mobile,155,33,18,11
2025-10-23,Ferramentas,desktop,268,74,35,20
2025-10-23,Iluminação,mobile,170,43,24,18
2025-10-23,Iluminação,desktop,249,57,28,19
2025-10-23,Utilidades Domésticas,mobile,132,25,13,9
2025-10-23,Utilidades Domésticas,desktop,119,33,19,13
2025-10-23,Jardim e Área Externa,mobile,196,49,28,17
2025-10-23,Jardim e Área Externa,desktop,116,21,9,5
2025-10-23,Organização,mobile,83,20,9,6
2025-10-23,Organização,desktop,272,54,29,20
2025-10-23,Elétrica,mobile,127,26,15,5
2025-10-23,Elétrica,desktop,293,71,33,11
2025-10-23,Hidráulica,mobile,97,18,8,2
2025-10-23,Hidráulica,desktop,299,55,30,12
2025-10-23,Pintura e Acabamento,mobile,232,64,36,20
2025-10-23,Pintura e Acabamento,desktop,229,43,24,18
2025-10-23,Segurança,mobile,260,55,25,9
2025-10-23,Segurança,desktop,213,39,19,7
2025-10-24,Ferramentas,mobile,122,26,11,6
2025-10-24,Ferramentas,desktop,251,48,26,16
2025-10-24,Iluminação,mobile,190,48,23,13
2025-10-24,Iluminação,desktop,216,59,28,20
2025-10-24,Utilidades Domésticas,mobile,172,38,21,15
2025-10-24,Utilidades Domésticas,desktop,198,38,21,14
2025-10-24,Jardim e Área Externa,mobile,181,34,15,11
2025-10-24,Jardim e Área Externa,desktop,92,24,12,6
2025-10-24,Organização,mobile,272,56,29,17
2025-10-24,Organização,desktop,102,26,13,8
2025-10-24,Elétrica,mobile,253,69,36,14
2025-10-24,Elétrica,desktop,103,24,11,4
2025-10-24,Hidráulica,mobile,270,73,35,16
2025-10-24,Hidráulica,desktop,188,44,25,10
2025-10-24,Pintura e Acabamento,mobile,171,41,21,13
2025-10-24,Pintura e Acabamento,desktop,237,63,36,22
2025-10-24,Segurança,mobile,205,41,23,6
2025-10-24,Segurança,desktop,125,29,14,5
2025-10-25,Ferramentas,mobile,139,30,17,11
2025-10-25,Ferramentas,desktop,270,53,26,13
2025-10-25,Iluminação,mobile,92,18,8,6
2025-10-25,Iluminação,desktop,95,25,12,9
2025-10-25,Utilidades Domésticas,mobile,227,61,31,22
2025-10-25,Utilidades Domésticas,desktop,136,26,12,8
2025-10-25,Jardim e Área Externa,mobile,110,29,16,11
2025-10-25,Jardim e Área Externa,desktop,140,33,18,13
2025-10-25,Organização,mobile,283,55,28,19
2025-10-25,Organização,desktop,260,62,30,19
2025-10-25,Elétrica,mobile,98,24,12,4
2025-10-25,Elétrica,desktop,240,44,20,8
2025-10-25,Hidráulica,mobile,157,40,20,9
2025-10-25,Hidráulica,desktop,209,42,23,9
2025-10-25,Pintura e Acabamento,mobile,254,56,29,21
2025-10-25,Pintura e Acabamento,desktop,118,30,14,9
2025-10-25,Segurança,mobile,139,28,13,4
2025-10-25,Segurança,desktop,212,56,32,9
2025-10-26,Ferramentas,mobile,243,58,27,17
2025-10-26,Ferramentas,desktop,167,42,18,11
2025-10-26,Iluminação,mobile,225,60,29,19
2025-10-26,Iluminação,desktop,95,18,9,5
2025-10-26,Utilidades Domésticas,mobile,214,48,27,22
2025-10-26,Utilidades Domésticas,desktop,157,39,18,11
2025-10-26,Jardim e Área Externa,mobile,251,58,26,18
2025-10-26,Jardim e Área Externa,desktop,201,46,22,13
2025-10-26,Organização,mobile,111,29,17,11
2025-10-26,Organização,desktop,183,50,25,16
2025-10-26,Elétrica,mobile,195,51,26,9
2025-10-26,Elétrica,desktop,281,58,32,12
2025-10-26,Hidráulica,mobile,190,43,22,9
2025-10-26,Hidráulica,desktop,109,20,11,5
2025-10-26,Pintura e Acabamento,mobile,254,47,23,14
2025-10-26,Pintura e Acabamento,desktop,227,49,26,15
2025-10-26,Segurança,mobile,82,20,9,3
2025-10-26,Segurança,desktop,240,66,37,10
2025-10-27,Ferramentas,mobile,108,29,13,7
2025-10-27,Ferramentas,desktop,104,21,11,6
2025-10-27,Iluminação,mobile,288,53,30,22
2025-10-27,Iluminação,desktop,137,24,10,6
2025-10-27,Utilidades Domésticas,mobile,265,71,41,26
2025-10-27,Utilidades Domésticas,desktop,105,20,9,7
2025-10-27,Jardim e Área Externa,mobile,136,24,13,9
2025-10-27,Jardim e Área Externa,desktop,288,66,36,21
2025-10-27,Organização,mobile,102,24,11,6
2025-10-27,Organização,desktop,221,55,27,17
2025-10-27,Elétrica,mobile,209,51,30,12
2025-10-27,Elétrica,desktop,266,66,32,12
2025-10-27,Hidráulica,mobile,299,80,46,21
2025-10-27,Hidráulica,desktop,139,28,16,7
2025-10-27,Pintura e Acabamento,mobile,214,58,32,23
2025-10-27,Pintura e Acabamento,desktop,167,44,19,13
2025-10-27,Segurança,mobile,291,76,40,11
2025-10-27,Segurança,desktop,106,26,15,5
2025-10-28,Ferramentas,mobile,140,27,15,8
2025-10-28,Ferramentas,desktop,236,48,26,15
2025-10-28,Iluminação,mobile,131,34,19,14
2025-10-28,Iluminação,desktop,118,30,14,10
2025-10-28,Utilidades Domésticas,mobile,105,22,11,9
2025-10-28,Utilidades Domésticas,desktop,181,46,27,22
2025-10-28,Jardim e Área Externa,mobile,251,58,34,19
2025-10-28,Jardim e Área Externa,desktop,190,49,29,17
2025-10-28,Organização,mobile,292,55,32,24
2025-10-28,Organização,desktop,164,33,15,9
2025-10-28,Elétrica,mobile,201,44,22,7
2025-10-28,Elétrica,desktop,115,21,12,5
2025-10-28,Hidráulica,mobile,227,40,23,10
2025-10-28,Hidráulica,desktop,271,67,35,16
2025-10-28,Pintura e Acabamento,mobile,166,38,17,12
2025-10-28,Pintura e Acabamento,desktop,99,20,9,6
2025-10-28,Segurança,mobile,163,29,17,5
2025-10-28,Segurança,desktop,209,53,24,7
2025-10-29,Ferramentas,mobile,182,46,27,18
2025-10-29,Ferramentas,desktop,224,56,30,16
2025-10-29,Iluminação,mobile,233,61,29,20
2025-10-29,Iluminação,desktop,298,68,40,26
2025-10-29,Utilidades Domésticas,mobile,91,21,9,6
2025-10-29,Utilidades Domésticas,desktop,188,33,17,11
2025-10-29,Jardim e Área Externa,mobile,264,55,28,20
2025-10-29,Jardim e Área Externa,desktop,245,64,35,21
2025-10-29,Organização,mobile,247,54,31,19
2025-10-29,Organização,desktop,170,40,21,13
2025-10-29,Elétrica,mobile,247,57,26,11
2025-10-29,Elétrica,desktop,195,43,24,9
2025-10-29,Hidráulica,mobile,232,59,35,13
2025-10-29,Hidráulica,desktop,109,22,11,5
2025-10-29,Pintura e Acabamento,mobile,265,60,32,22
2025-10-29,Pintura e Acabamento,desktop,119,28,12,9
2025-10-29,Segurança,mobile,106,23,10,2
2025-10-29,Segurança,desktop,182,45,25,7
2025-10-30,Ferramentas,mobile,83,21,10,6
2025-10-30,Ferramentas,desktop,200,37,16,10
2025-10-30,Iluminação,mobile,164,39,18,12
2025-10-30,Iluminação,desktop,110,20,11,6
2025-10-30,Utilidades Domésticas,mobile,147,38,20,15
2025-10-30,Utilidades Domésticas,desktop,80,17,8,5
2025-10-30,Jardim e Área Externa,mobile,170,36,17,12
2025-10-30,Jardim e Área Externa,desktop,142,27,12,8
2025-10-30,Organização,mobile,256,64,34,21
2025-10-30,Organização,desktop,254,60,27,19
2025-10-30,Elétrica,mobile,203,53,28,9
2025-10-30,Elétrica,desktop,135,36,17,7
2025-10-30,Hidráulica,mobile,162,35,18,8
2025-10-30,Hidráulica,desktop,179,43,21,8
2025-10-30,Pintura e Acabamento,mobile,257,60,34,23
2025-10-30,Pintura e Acabamento,desktop,259,67,39,25
2025-10-30,Segurança,mobile,287,57,30,9
2025-10-30,Segurança,desktop,149,31,16,5
2025-10-31,Ferramentas,mobile,189,38,18,11
2025-10-31,Ferramentas,desktop,153,33,16,9
2025-10-31,Iluminação,mobile,220,54,25,15
2025-10-31,Iluminação,desktop,110,24,11,8
2025-10-31,Utilidades Domésticas,mobile,118,22,12,10
2025-10-31,Utilidades Domésticas,desktop,85,15,7,5
2025-10-31,Jardim e Área Externa,mobile,125,29,14,10
2025-10-31,Jardim e Área Externa,desktop,104,21,10,6
2025-10-31,Organização,mobile,265,60,27,20
2025-10-31,Organização,desktop,290,70,38,27
2025-10-31,Elétrica,mobile,145,28,13,5
2025-10-31,Elétrica,desktop,219,46,26,10
2025-10-31,Hidráulica,mobile,140,35,19,9
2025-10-31,Hidráulica,desktop,292,52,27,11
2025-10-31,Pintura e Acabamento,mobile,230,51,25,19
2025-10-31,Pintura e Acabamento,desktop,232,45,21,15
2025-10-31,Segurança,mobile,180,41,20,6
2025-10-31,Segurança,desktop,117,22,10,3
2025-11-01,Ferramentas,mobile,267,49,26,17
2025-11-01,Ferramentas,desktop,231,64,28,14
2025-11-01,Iluminação,mobile,151,35,17,12
2025-11-01,Iluminação,desktop,106,28,13,8
2025-11-01,Utilidades Domésticas,mobile,296,54,29,21
2025-11-01,Utilidades Domésticas,desktop,108,23,10,7
2025-11-01,Jardim e Área Externa,mobile,116,25,13,7
2025-11-01,Jardim e Área Externa,desktop,128,23,10,7
2025-11-01,Organização,mobile,257,56,33,25
2025-11-01,Organização,desktop,148,36,16,10
2025-11-01,Elétrica,mobile,156,32,15,5
2025-11-01,Elétrica,desktop,84,22,12,4
2025-11-01,Hidráulica,mobile,174,41,20,9
2025-11-01,Hidráulica,desktop,273,72,42,19
2025-11-01,Pintura e Acabamento,mobile,286,72,36,27
2025-11-01,Pintura e Acabamento,desktop,211,39,22,14
2025-11-01,Segurança,mobile,289,60,34,9
2025-11-01,Segurança,desktop,249,55,25,8
2025-11-02,Ferramentas,mobile,204,55,32,21
2025-11-02,Ferramentas,desktop,80,20,11,5
2025-11-02,Iluminação,mobile,174,34,16,10
2025-11-02,Iluminação,desktop,93,20,10,6
2025-11-02,Utilidades Domésticas,mobile,162,42,24,16
2025-11-02,Utilidades Domésticas,desktop,109,23,11,9
2025-11-02,Jardim e Área Externa,mobile,199,52,27,15
2025-11-02,Jardim e Área Externa,desktop,163,44,25,13
2025-11-02,Organização,mobile,212,53,26,20
2025-11-02,Organização,desktop,181,33,18,11
2025-11-02,Elétrica,mobile,92,17,8,2
2025-11-02,Elétrica,desktop,270,74,39,13
2025-11-02,Hidráulica,mobile,251,51,28,13
2025-11-02,Hidráulica,desktop,292,61,28,13
2025-11-02,Pintura e Acabamento,mobile,115,21,10,7
2025-11-02,Pintura e Acabamento,desktop,112,26,14,9
2025-11-02,Segurança,mobile,284,63,34,10
2025-11-02,Segurança,desktop,126,29,16,4
2025-11-03,Ferramentas,mobile,184,45,23,15
2025-11-03,Ferramentas,desktop,183,33,16,9
2025-11-03,Iluminação,mobile,229,53,30,20
2025-11-03,Iluminação,desktop,258,72,33,23
2025-11-03,Utilidades Domésticas,mobile,89,22,11,8
2025-11-03,Utilidades Domésticas,desktop,206,42,24,17
2025-11-03,Jardim e Área Externa,mobile,223,56,26,18
2025-11-03,Jardim e Área Externa,desktop,285,77,37,25
2025-11-03,Organização,mobile,255,65,38,27
2025-11-03,Organização,desktop,208,41,21,15
2025-11-03,Elétrica,mobile,123,28,15,6
2025-11-03,Elétrica,desktop,175,43,22,7
2025-11-03,Hidráulica,mobile,90,19,9,4
2025-11-03,Hidráulica,desktop,94,23,13,5
2025-11-03,Pintura e Acabamento,mobile,272,51,23,17
2025-11-03,Pintura e Acabamento,desktop,256,52,26,19
2025-11-03,Segurança,mobile,114,27,16,4
2025-11-03,Segurança,desktop,208,42,24,7
2025-11-04,Ferramentas,mobile,178,47,26,16
2025-11-04,Ferramentas,desktop,272,56,25,14
2025-11-04,Iluminação,mobile,240,44,24,14
2025-11-04,Iluminação,desktop,105,20,10,6
2025-11-04,Utilidades Domésticas,mobile,273,55,30,24
2025-11-04,Utilidades Domésticas,desktop,255,51,24,17
2025-11-04,Jardim e Área Externa,mobile,287,53,28,16
2025-11-04,Jardim e Área Externa,desktop,251,63,33,21
2025-11-04,Organização,mobile,206,37,19,12
2025-11-04,Organização,desktop,247,56,31,19
2025-11-04,Elétrica,mobile,298,61,32,11
2025-11-04,Elétrica,desktop,118,26,15,5
2025-11-04,Hidráulica,mobile,264,59,31,14
2025-11-04,Hidráulica,desktop,158,32,18,8
2025-11-04,Pintura e Acabamento,mobile,120,33,19,11
2025-11-04,Pintura e Acabamento,desktop,208,58,27,17
2025-11-04,Segurança,mobile,99,21,10,3
2025-11-04,Segurança,desktop,154,30,15,5
2025-11-05,Ferramentas,mobile,276,59,29,17
2025-11-05,Ferramentas,desktop,148,36,19,10
2025-11-05,Iluminação,mobile,251,47,27,19
2025-11-05,Iluminação,desktop,82,21,9,6
2025-11-05,Utilidades Domésticas,mobile,211,45,22,18
2025-11-05,Utilidades Domésticas,desktop,134,29,13,10
2025-11-05,Jardim e Área Externa,mobile,246,53,25,16
2025-11-05,Jardim e Área Externa,desktop,141,33,19,11
2025-11-05,Organização,mobile,296,65,34,21
2025-11-05,Organização,desktop,264,55,28,17
2025-11-05,Elétrica,mobile,198,54,26,11
2025-11-05,Elétrica,desktop,140,31,17,7
2025-11-05,Hidráulica,mobile,107,26,13,5
2025-11-05,Hidráulica,desktop,252,60,30,12
2025-11-05,Pintura e Acabamento,mobile,271,58,27,17
2025-11-05,Pintura e Acabamento,desktop,207,44,21,14
2025-11-05,Segurança,mobile,221,59,31,8
2025-11-05,Segurança,desktop,289,58,26,8
2025-11-06,Ferramentas,mobile,266,59,27,17
2025-11-06,Ferramentas,desktop,114,30,14,9
2025-11-06,Iluminação,mobile,236,49,27,20
2025-11-06,Iluminação,desktop,97,25,13,10
2025-11-06,Utilidades Domésticas,mobile,168,30,15,10
2025-11-06,Utilidades Domésticas,desktop,165,40,20,16
2025-11-06,Jardim e Área Externa,mobile,108,22,10,6
2025-11-06,Jardim e Área Externa,desktop,288,72,40,23
2025-11-06,Organização,mobile,83,23,12,7
2025-11-06,Organização,desktop,244,62,30,19
2025-11-06,Elétrica,mobile,95,24,12,4
2025-11-06,Elétrica,desktop,198,37,22,8
2025-11-06,Hidráulica,mobile,181,34,16,6
2025-11-06,Hidráulica,desktop,129,26,14,5
2025-11-06,Pintura e Acabamento,mobile,149,35,16,9
2025-11-06,Pintura e Acabamento,desktop,146,39,18,10
2025-11-06,Segurança,mobile,232,59,34,10
2025-11-06,Segurança,desktop,281,74,38,12
2025-11-07,Ferramentas,mobile,264,58,26,16
2025-11-07,Ferramentas,desktop,139,28,14,8
2025-11-07,Iluminação,mobile,146,36,18,13
2025-11-07,Iluminação,desktop,102,23,12,8
2025-11-07,Utilidades Domésticas,mobile,112,24,12,8
2025-11-07,Utilidades Domésticas,desktop,118,29,15,10
2025-11-07,Jardim e Área Externa,mobile,240,48,25,18
2025-11-07,Jardim e Área Externa,desktop,191,47,27,18
2025-11-07,Organização,mobile,295,72,40,26
2025-11-07,Organização,desktop,220,54,30,20
2025-11-07,Elétrica,mobile,112,28,13,5
2025-11-07,Elétrica,desktop,109,29,15,6
2025-11-07,Hidráulica,mobile,86,15,7,3
2025-11-07,Hidráulica,desktop,213,58,31,14
2025-11-07,Pintura e Acabamento,mobile,94,17,8,4
2025-11-07,Pintura e Acabamento,desktop,102,27,15,9
2025-11-07,Segurança,mobile,173,37,19,5
2025-11-07,Segurança,desktop,146,33,19,5
2025-11-08,Ferramentas,mobile,224,58,31,18
2025-11-08,Ferramentas,desktop,88,20,9,5
2025-11-08,Iluminação,mobile,219,56,26,15
2025-11-08,Iluminação,desktop,220,44,25,15
2025-11-08,Utilidades Domésticas,mobile,278,66,36,30
2025-11-08,Utilidades Domésticas,desktop,271,71,38,30
2025-11-08,Jardim e Área Externa,mobile,122,26,14,7
2025-11-08,Jardim e Área Externa,desktop,275,75,35,19
2025-11-08,Organização,mobile,230,42,23,16
2025-11-08,Organização,desktop,82,16,9,6
2025-11-08,Elétrica,mobile,264,72,34,13
2025-11-08,Elétrica,desktop,269,56,30,10
2025-11-08,Hidráulica,mobile,127,32,19,7
2025-11-08,Hidráulica,desktop,245,58,28,12
2025-11-08,Pintura e Acabamento,mobile,277,52,29,17
2025-11-08,Pintura e Acabamento,desktop,298,70,34,20
2025-11-08,Segurança,mobile,288,73,39,11
2025-11-08,Segurança,desktop,126,30,14,5
2025-11-09,Ferramentas,mobile,136,26,12,6
2025-11-09,Ferramentas,desktop,187,49,24,14
2025-11-09,Iluminação,mobile,228,63,34,23
2025-11-09,Iluminação,desktop,182,46,22,15
2025-11-09,Utilidades Domésticas,mobile,85,17,9,7
2025-11-09,Utilidades Domésticas,desktop,174,39,21,17
2025-11-09,Jardim e Área Externa,mobile,139,32,14,9
2025-11-09,Jardim e Área Externa,desktop,119,22,10,6
2025-11-09,Organização,mobile,144,39,23,17
2025-11-09,Organização,desktop,254,53,27,16
2025-11-09,Elétrica,mobile,224,46,26,8
2025-11-09,Elétrica,desktop,226,52,26,9
2025-11-09,Hidráulica,mobile,240,51,30,12
2025-11-09,Hidráulica,desktop,180,34,17,6
2025-11-09,Pintura e Acabamento,mobile,204,46,27,16
2025-11-09,Pintura e Acabamento,desktop,208,58,32,24
2025-11-09,Segurança,mobile,142,34,20,6
2025-11-09,Segurança,desktop,150,32,14,4
2025-11-10,Ferramentas,mobile,298,78,41,23
2025-11-10,Ferramentas,desktop,233,50,26,16
2025-11-10,Iluminação,mobile,173,31,16,11
2025-11-10,Iluminação,desktop,206,53,26,16
2025-11-10,Utilidades Domésticas,mobile,296,68,37,28
2025-11-10,Utilidades Domésticas,desktop,214,56,27,22
2025-11-10,Jardim e Área Externa,mobile,287,75,43,28
2025-11-10,Jardim e Área Externa,desktop,91,22,11,6
2025-11-10,Organização,mobile,152,38,17,10
2025-11-10,Organização,desktop,197,40,22,14
2025-11-10,Elétrica,mobile,263,55,27,9
2025-11-10,Elétrica,desktop,283,53,25,8
2025-11-10,Hidráulica,mobile,184,43,25,11
2025-11-10,Hidráulica,desktop,140,35,17,7
2025-11-10,Pintura e Acabamento,mobile,273,75,35,21
2025-11-10,Pintura e Acabamento,desktop,235,59,30,22
2025-11-10,Segurança,mobile,152,33,17,6
2025-11-10,Segurança,desktop,231,45,24,7
2025-11-11,Ferramentas,mobile,187,49,24,12
2025-11-11,Ferramentas,desktop,163,43,21,14
2025-11-11,Iluminação,mobile,235,62,36,23
2025-11-11,Iluminação,desktop,107,24,12,9
2025-11-11,Utilidades Domésticas,mobile,243,48,26,22
2025-11-11,Utilidades Domésticas,desktop,170,39,18,15
2025-11-11,Jardim e Área Externa,mobile,239,50,27,15
2025-11-11,Jardim e Área Externa,desktop,277,51,23,16
2025-11-11,Organização,mobile,135,30,14,9
2025-11-11,Organização,desktop,149,27,13,8
2025-11-11,Elétrica,mobile,152,40,19,7
2025-11-11,Elétrica,desktop,252,55,28,12
2025-11-11,Hidráulica,mobile,136,24,13,6
2025-11-11,Hidráulica,desktop,91,20,10,4
2025-11-11,Pintura e Acabamento,mobile,293,66,35,24
2025-11-11,Pintura e Acabamento,desktop,153,32,16,11
2025-11-11,Segurança,mobile,266,71,38,11
2025-11-11,Segurança,desktop,189,35,15,4
2025-11-12,Ferramentas,mobile,150,35,20,12
2025-11-12,Ferramentas,desktop,299,61,28,19
2025-11-12,Iluminação,mobile,266,61,30,18
2025-11-12,Iluminação,desktop,165,35,19,15
2025-11-12,Utilidades Domésticas,mobile,105,26,15,10
2025-11-12,Utilidades Domésticas,desktop,100,21,12,10
2025-11-12,Jardim e Área Externa,mobile,285,53,30,22
2025-11-12,Jardim e Área Externa,desktop,279,60,27,17
2025-11-12,Organização,mobile,292,72,40,29
2025-11-12,Organização,desktop,187,50,29,23
2025-11-12,Elétrica,mobile,249,61,31,10
2025-11-12,Elétrica,desktop,235,46,25,8
2025-11-12,Hidráulica,mobile,92,23,11,4
2025-11-12,Hidráulica,desktop,216,60,32,15
2025-11-12,Pintura e Acabamento,mobile,217,43,25,15
2025-11-12,Pintura e Acabamento,desktop,113,28,14,8
2025-11-12,Segurança,mobile,272,58,31,10
2025-11-12,Segurança,desktop,93,20,9,2
2025-11-13,Ferramentas,mobile,298,64,38,26
2025-11-13,Ferramentas,desktop,212,51,28,15
2025-11-13,Iluminação,mobile,178,43,24,14
2025-11-13,Iluminação,desktop,296,68,37,23
2025-11-13,Utilidades Domésticas,mobile,107,28,13,8
2025-11-13,Utilidades Domésticas,desktop,284,74,34,26
2025-11-13,Jardim e Área Externa,mobile,103,25,13,8
2025-11-13,Jardim e Área Externa,desktop,232,58,28,15
2025-11-13,Organização,mobile,133,31,14,11
2025-11-13,Organização,desktop,130,25,12,9
2025-11-13,Elétrica,mobile,92,17,9,3
2025-11-13,Elétrica,desktop,162,40,22,8
2025-11-13,Hidráulica,mobile,135,36,20,9
2025-11-13,Hidráulica,desktop,96,19,8,3
2025-11-13,Pintura e Acabamento,mobile,226,42,21,15
2025-11-13,Pintura e Acabamento,desktop,292,67,31,20
2025-11-13,Segurança,mobile,265,66,39,11
2025-11-13,Segurança,desktop,147,28,15,5
2025-11-14,Ferramentas,mobile,204,48,28,14
2025-11-14,Ferramentas,desktop,245,65,30,18
2025-11-14,Iluminação,mobile,103,27,14,10
2025-11-14,Iluminação,desktop,164,43,23,13
2025-11-14,Utilidades Domésticas,mobile,254,52,30,22
2025-11-14,Utilidades Domésticas,desktop,176,34,16,11
2025-11-14,Jardim e Área Externa,mobile,261,58,28,20
2025-11-14,Jardim e Área Externa,desktop,85,18,9,6
2025-11-14,Organização,mobile,112,28,14,11
2025-11-14,Organização,desktop,81,21,12,8
2025-11-14,Elétrica,mobile,186,47,26,10
2025-11-14,Elétrica,desktop,294,75,36,12
2025-11-14,Hidráulica,mobile,212,58,33,13
2025-11-14,Hidráulica,desktop,82,15,7,3
2025-11-14,Pintura e Acabamento,mobile,250,69,36,27
2025-11-14,Pintura e Acabamento,desktop,212,40,23,17
2025-11-14,Segurança,mobile,294,54,29,9
2025-11-14,Segurança,desktop,185,51,27,8
2025-11-15,Ferramentas,mobile,101,27,15,8
2025-11-15,Ferramentas,desktop,227,56,29,15
2025-11-15,Iluminação,mobile,83,17,8,6
2025-11-15,Iluminação,desktop,297,67,31,20
2025-11-15,Utilidades Domésticas,mobile,206,46,21,17
2025-11-15,Utilidades Domésticas,desktop,266,60,31,25
2025-11-15,Jardim e Área Externa,mobile,240,55,29,18
2025-11-15,Jardim e Área Externa,desktop,135,26,14,8
2025-11-15,Organização,mobile,135,32,16,9
2025-11-15,Organização,desktop,234,57,30,20
2025-11-15,Elétrica,mobile,118,32,15,5
2025-11-15,Elétrica,desktop,240,52,27,9
2025-11-15,Hidráulica,mobile,259,69,37,14
2025-11-15,Hidráulica,desktop,131,32,16,7
2025-11-15,Pintura e Acabamento,mobile,96,25,13,8
2025-11-15,Pintura e Acabamento,desktop,138,29,16,9
2025-11-15,Segurança,mobile,134,29,13,3
2025-11-15,Segurança,desktop,94,21,10,3
2025-11-16,Ferramentas,mobile,104,23,13,8
2025-11-16,Ferramentas,desktop,168,45,24,16
2025-11-16,Iluminação,mobile,215,51,25,15
2025-11-16,Iluminação,desktop,229,42,21,14
2025-11-16,Utilidades Domésticas,mobile,263,71,32,20
2025-11-16,Utilidades Domésticas,desktop,241,50,29,23
2025-11-16,Jardim e Área Externa,mobile,254,70,32,22
2025-11-16,Jardim e Área Externa,desktop,141,39,18,12
2025-11-16,Organização,mobile,225,54,29,23
2025-11-16,Organização,desktop,81,20,9,7
2025-11-16,Elétrica,mobile,272,61,33,12
2025-11-16,Elétrica,desktop,105,19,9,3
2025-11-16,Hidráulica,mobile,103,21,11,5
2025-11-16,Hidráulica,desktop,229,62,28,11
2025-11-16,Pintura e Acabamento,mobile,146,35,20,14
2025-11-16,Pintura e Acabamento,desktop,243,49,23,15
2025-11-16,Segurança,mobile,85,20,9,3
2025-11-16,Segurança,desktop,172,40,22,6
2025-11-17,Ferramentas,mobile,85,19,9,5
2025-11-17,Ferramentas,desktop,155,30,17,9
2025-11-17,Iluminação,mobile,269,62,30,23
2025-11-17,Iluminação,desktop,218,40,21,15
2025-11-17,Utilidades Domésticas,mobile,262,56,27,22
2025-11-17,Utilidades Domésticas,desktop,292,56,29,23
2025-11-17,Jardim e Área Externa,mobile,111,22,12,7
2025-11-17,Jardim e Área Externa,desktop,261,67,35,20
2025-11-17,Organização,mobile,172,36,21,15
2025-11-17,Organização,desktop,131,31,16,12
2025-11-17,Elétrica,mobile,96,25,13,5
2025-11-17,Elétrica,desktop,274,73,34,13
2025-11-17,Hidráulica,mobile,221,51,23,9
2025-11-17,Hidráulica,desktop,296,58,26,10
2025-11-17,Pintura e Acabamento,mobile,259,50,28,20
2025-11-17,Pintura e Acabamento,desktop,195,48,24,18
2025-11-17,Segurança,mobile,98,21,11,3
2025-11-17,Segurança,desktop,209,49,27,7
2025-11-18,Ferramentas,mobile,240,56,25,15
2025-11-18,Ferramentas,desktop,115,28,13,7
2025-11-18,Iluminação,mobile,214,51,24,17
2025-11-18,Iluminação,desktop,170,41,22,13
2025-11-18,Utilidades Domésticas,mobile,155,38,20,13
2025-11-18,Utilidades Domésticas,desktop,267,64,37,26
2025-11-18,Jardim e Área Externa,mobile,176,40,21,14
2025-11-18,Jardim e Área Externa,desktop,117,27,13,8
2025-11-18,Organização,mobile,111,30,16,11
2025-11-18,Organização,desktop,204,48,21,17
2025-11-18,Elétrica,mobile,198,41,22,7
2025-11-18,Elétrica,desktop,193,52,27,9
2025-11-18,Hidráulica,mobile,242,64,30,14
2025-11-18,Hidráulica,desktop,209,46,23,10
2025-11-18,Pintura e Acabamento,mobile,223,45,24,16
2025-11-18,Pintura e Acabamento,desktop,208,39,17,11
2025-11-18,Segurança,mobile,137,28,13,3
2025-11-18,Segurança,desktop,272,67,40,12
2025-11-19,Ferramentas,mobile,159,32,15,10
2025-11-19,Ferramentas,desktop,295,77,37,19
2025-11-19,Iluminação,mobile,222,55,26,18
2025-11-19,Iluminação,desktop,112,30,16,10
2025-11-19,Utilidades Domésticas,mobile,278,52,26,19
2025-11-19,Utilidades Domésticas,desktop,102,24,11,7
2025-11-19,Jardim e Área Externa,mobile,151,36,17,9
2025-11-19,Jardim e Área Externa,desktop,183,40,23,17
2025-11-19,Organização,mobile,97,20,11,7
2025-11-19,Organização,desktop,184,45,23,18
2025-11-19,Elétrica,mobile,114,25,13,5
2025-11-19,Elétrica,desktop,181,41,20,8
2025-11-19,Hidráulica,mobile,90,24,12,4
2025-11-19,Hidráulica,desktop,232,51,26,11
2025-11-19,Pintura e Acabamento,mobile,217,42,24,18
2025-11-19,Pintura e Acabamento,desktop,113,20,11,7
2025-11-19,Segurança,mobile,154,36,18,5
2025-11-19,Segurança,desktop,100,19,9,3
2025-11-20,Ferramentas,mobile,242,53,27,18
2025-11-20,Ferramentas,desktop,246,58,27,16
2025-11-20,Iluminação,mobile,290,72,37,23
2025-11-20,Iluminação,desktop,239,51,30,22
2025-11-20,Utilidades Domésticas,mobile,152,40,21,16
2025-11-20,Utilidades Domésticas,desktop,220,59,32,27
2025-11-20,Jardim e Área Externa,mobile,183,38,22,13
2025-11-20,Jardim e Área Externa,desktop,217,42,22,16
2025-11-20,Organização,mobile,210,42,23,14
2025-11-20,Organização,desktop,258,65,34,27
2025-11-20,Elétrica,mobile,89,16,9,3
2025-11-20,Elétrica,desktop,148,32,15,6
2025-11-20,Hidráulica,mobile,218,55,25,10
2025-11-20,Hidráulica,desktop,200,47,27,11
2025-11-20,Pintura e Acabamento,mobile,137,31,16,12
2025-11-20,Pintura e Acabamento,desktop,230,50,27,16
2025-11-20,Segurança,mobile,144,36,20,7
2025-11-20,Segurança,desktop,264,68,35,11
2025-11-21,Ferramentas,mobile,92,19,9,5
2025-11-21,Ferramentas,desktop,274,52,24,13
2025-11-21,Iluminação,mobile,268,48,25,15
2025-11-21,Iluminação,desktop,232,61,29,19
2025-11-21,Utilidades Domésticas,mobile,119,32,15,11
2025-11-21,Utilidades Domésticas,desktop,258,64,37,28
2025-11-21,Jardim e Área Externa,mobile,146,27,12,7
2025-11-21,Jardim e Área Externa,desktop,237,55,26,16
2025-11-21,Organização,mobile,172,32,17,13
2025-11-21,Organização,desktop,102,21,11,9
2025-11-21,Elétrica,mobile,125,24,13,5
2025-11-21,Elétrica,desktop,150,39,20,8
2025-11-21,Hidráulica,mobile,290,66,31,14
2025-11-21,Hidráulica,desktop,239,53,27,11
2025-11-21,Pintura e Acabamento,mobile,93,21,11,7
2025-11-21,Pintura e Acabamento,desktop,299,71,40,29
2025-11-21,Segurança,mobile,191,38,17,4
2025-11-21,Segurança,desktop,93,18,10,2
2025-11-22,Ferramentas,mobile,275,65,36,21
2025-11-22,Ferramentas,desktop,158,40,19,12
2025-11-22,Iluminação,mobile,119,27,12,8
2025-11-22,Iluminação,desktop,216,44,22,14
2025-11-22,Utilidades Domésticas,mobile,109,29,14,9
2025-11-22,Utilidades Domésticas,desktop,123,31,17,14
2025-11-22,Jardim e Área Externa,mobile,291,71,33,18
2025-11-22,Jardim e Área Externa,desktop,228,51,24,17
2025-11-22,Organização,mobile,266,55,26,21
2025-11-22,Organização,desktop,220,43,23,15
2025-11-22,Elétrica,mobile,186,44,22,7
2025-11-22,Elétrica,desktop,98,22,11,4
2025-11-22,Hidráulica,mobile,234,59,29,10
2025-11-22,Hidráulica,desktop,139,26,14,5
2025-11-22,Pintura e Acabamento,mobile,199,43,21,14
2025-11-22,Pintura e Acabamento,desktop,152,35,16,10
2025-11-22,Segurança,mobile,130,35,17,4
2025-11-22,Segurança,desktop,134,27,14,4
2025-11-23,Ferramentas,mobile,108,22,12,8
2025-11-23,Ferramentas,desktop,106,20,10,5
2025-11-23,Iluminação,mobile,81,18,9,6
2025-11-23,Iluminação,desktop,295,82,42,29
2025-11-23,Utilidades Domésticas,mobile,287,64,29,25
2025-11-23,Utilidades Domésticas,desktop,267,55,31,22
2025-11-23,Jardim e Área Externa,mobile,220,49,28,18
2025-11-23,Jardim e Área Externa,desktop,199,35,18,10
2025-11-23,Organização,mobile,258,68,40,30
2025-11-23,Organização,desktop,141,38,18,12
2025-11-23,Elétrica,mobile,283,66,33,12
2025-11-23,Elétrica,desktop,103,25,14,4
2025-11-23,Hidráulica,mobile,243,44,25,11
2025-11-23,Hidráulica,desktop,256,71,36,16
2025-11-23,Pintura e Acabamento,mobile,212,49,24,15
2025-11-23,Pintura e Acabamento,desktop,108,28,13,8
2025-11-23,Segurança,mobile,88,24,11,4
2025-11-23,Segurança,desktop,207,40,18,6
2025-11-24,Ferramentas,mobile,117,22,12,8
2025-11-24,Ferramentas,desktop,276,56,32,17
2025-11-24,Iluminação,mobile,250,50,28,19
2025-11-24,Iluminação,desktop,121,29,16,10
2025-11-24,Utilidades Domésticas,mobile,274,76,34,24
2025-11-24,Utilidades Domésticas,desktop,111,26,14,9
2025-11-24,Jardim e Área Externa,mobile,148,33,15,9
2025-11-24,Jardim e Área Externa,desktop,119,25,11,7
2025-11-24,Organização,mobile,87,21,11,8
2025-11-24,Organização,desktop,206,52,26,20
2025-11-24,Elétrica,mobile,192,39,23,10
2025-11-24,Elétrica,desktop,123,31,18,6
2025-11-24,Hidráulica,mobile,260,69,35,13
2025-11-24,Hidráulica,desktop,138,26,12,5
2025-11-24,Pintura e Acabamento,mobile,240,63,32,20
2025-11-24,Pintura e Acabamento,desktop,263,68,38,22
2025-11-24,Segurança,mobile,162,40,22,8
2025-11-24,Segurança,desktop,106,26,12,3
2025-11-25,Ferramentas,mobile,214,46,27,16
2025-11-25,Ferramentas,desktop,231,56,25,17
2025-11-25,Iluminação,mobile,261,69,41,30
2025-11-25,Iluminação,desktop,273,55,27,17
2025-11-25,Utilidades Domésticas,mobile,90,21,11,9
2025-11-25,Utilidades Domésticas,desktop,120,24,10,6
2025-11-25,Jardim e Área Externa,mobile,233,54,30,19
2025-11-25,Jardim e Área Externa,desktop,119,31,18,12
2025-11-25,Organização,mobile,90,18,9,6
2025-11-25,Organização,desktop,138,35,16,11
2025-11-25,Elétrica,mobile,235,63,37,14
2025-11-25,Elétrica,desktop,241,57,31,11
2025-11-25,Hidráulica,mobile,81,19,10,4
2025-11-25,Hidráulica,desktop,223,48,25,9
2025-11-25,Pintura e Acabamento,mobile,193,51,28,17
2025-11-25,Pintura e Acabamento,desktop,229,48,27,19
2025-11-25,Segurança,mobile,156,38,22,6
2025-11-25,Segurança,desktop,164,32,17,5
2025-11-26,Ferramentas,mobile,80,15,7,4
2025-11-26,Ferramentas,desktop,218,55,29,15
2025-11-26,Iluminação,mobile,265,73,33,20
2025-11-26,Iluminação,desktop,235,53,26,19
2025-11-26,Utilidades Domésticas,mobile,299,62,33,28
2025-11-26,Utilidades Domésticas,desktop,92,23,11,7
2025-11-26,Jardim e Área Externa,mobile,255,55,25,18
2025-11-26,Jardim e Área Externa,desktop,215,40,22,12
2025-11-26,Organização,mobile,86,23,12,7
2025-11-26,Organização,desktop,176,41,21,15
2025-11-26,Elétrica,mobile,121,22,11,3
2025-11-26,Elétrica,desktop,256,46,25,10
2025-11-26,Hidráulica,mobile,150,30,13,6
2025-11-26,Hidráulica,desktop,220,39,20,9
2025-11-26,Pintura e Acabamento,mobile,133,33,16,9
2025-11-26,Pintura e Acabamento,desktop,189,48,27,16
2025-11-26,Segurança,mobile,267,70,32,11
2025-11-26,Segurança,desktop,160,38,21,7
2025-11-27,Ferramentas,mobile,289,52,27,14
2025-11-27,Ferramentas,desktop,292,67,36,20
2025-11-27,Iluminação,mobile,169,38,20,11
2025-11-27,Iluminação,desktop,242,61,30,22
2025-11-27,Utilidades Domésticas,mobile,89,21,12,7
2025-11-27,Utilidades Domésticas,desktop,128,33,18,13
2025-11-27,Jardim e Área Externa,mobile,133,29,15,8
2025-11-27,Jardim e Área Externa,desktop,98,23,10,7
2025-11-27,Organização,mobile,228,54,26,16
2025-11-27,Organização,desktop,135,34,16,11
2025-11-27,Elétrica,mobile,102,24,13,4
2025-11-27,Elétrica,desktop,246,48,24,9
2025-11-27,Hidráulica,mobile,165,34,16,7
2025-11-27,Hidráulica,desktop,223,41,18,7
2025-11-27,Pintura e Acabamento,mobile,202,53,30,22
2025-11-27,Pintura e Acabamento,desktop,140,39,20,13
2025-11-27,Segurança,mobile,253,49,25,7
2025-11-27,Segurança,desktop,269,74,40,13
2025-11-28,Ferramentas,mobile,196,37,18,10
2025-11-28,Ferramentas,desktop,215,59,31,17
2025-11-28,Iluminação,mobile,193,48,21,14
2025-11-28,Iluminação,desktop,111,20,9,5
2025-11-28,Utilidades Domésticas,mobile,164,37,19,12
2025-11-28,Utilidades Domésticas,desktop,88,19,9,6
2025-11-28,Jardim e Área Externa,mobile,237,53,24,15
2025-11-28,Jardim e Área Externa,desktop,82,20,9,6
2025-11-28,Organização,mobile,153,41,18,12
2025-11-28,Organização,desktop,183,37,19,15
2025-11-28,Elétrica,mobile,157,29,16,6
2025-11-28,Elétrica,desktop,203,40,18,7
2025-11-28,Hidráulica,mobile,156,41,22,10
2025-11-28,Hidráulica,desktop,163,43,23,10
2025-11-28,Pintura e Acabamento,mobile,289,67,37,23
2025-11-28,Pintura e Acabamento,desktop,203,53,24,17
2025-11-28,Segurança,mobile,262,62,34,9
2025-11-28,Segurança,desktop,249,55,30,9
2025-11-29,Ferramentas,mobile,121,31,15,7
2025-11-29,Ferramentas,desktop,255,59,34,20
2025-11-29,Iluminação,mobile,203,55,27,16
2025-11-29,Iluminação,desktop,236,60,30,19
2025-11-29,Utilidades Domésticas,mobile,115,29,14,11
2025-11-29,Utilidades Domésticas,desktop,153,37,20,17
2025-11-29,Jardim e Área Externa,mobile,262,57,33,18
2025-11-29,Jardim e Área Externa,desktop,147,28,12,7
2025-11-29,Organização,mobile,128,27,14,8
2025-11-29,Organização,desktop,153,41,19,12
2025-11-29,Elétrica,mobile,139,33,17,7
2025-11-29,Elétrica,desktop,168,43,19,8
2025-11-29,Hidráulica,mobile,144,36,20,7
2025-11-29,Hidráulica,desktop,196,43,23,8
2025-11-29,Pintura e Acabamento,mobile,112,25,13,9
2025-11-29,Pintura e Acabamento,desktop,87,24,10,7
2025-11-29,Segurança,mobile,241,58,33,11
2025-11-29,Segurança,desktop,91,19,10,2
2025-11-30,Ferramentas,mobile,191,50,28,19
2025-11-30,Ferramentas,desktop,129,33,15,9
2025-11-30,Iluminação,mobile,136,36,17,13
2025-11-30,Iluminação,desktop,150,38,17,11
2025-11-30,Utilidades Domésticas,mobile,116,31,17,13
2025-11-30,Utilidades Domésticas,desktop,243,61,31,24
2025-11-30,Jardim e Área Externa,mobile,264,73,43,28
2025-11-30,Jardim e Área Externa,desktop,268,57,31,22
2025-11-30,Organização,mobile,83,15,8,5
2025-11-30,Organização,desktop,235,55,25,19
2025-11-30,Elétrica,mobile,206,50,22,9
2025-11-30,Elétrica,desktop,282,60,31,12
2025-11-30,Hidráulica,mobile,240,66,31,11
2025-11-30,Hidráulica,desktop,210,42,22,9
2025-11-30,Pintura e Acabamento,mobile,249,67,35,23
2025-11-30,Pintura e Acabamento,desktop,96,17,8,5
2025-11-30,Segurança,mobile,185,34,16,5
2025-11-30,Segurança,desktop,110,25,14,3
2025-12-01,Ferramentas,mobile,94,22,12,7
2025-12-01,Ferramentas,desktop,295,64,35,21
2025-12-01,Iluminação,mobile,104,25,13,9
2025-12-01,Iluminação,desktop,296,70,37,24
2025-12-01,Utilidades Domésticas,mobile,187,40,22,18
2025-12-01,Utilidades Domésticas,desktop,282,55,30,22
2025-12-01,Jardim e Área Externa,mobile,174,31,18,13
2025-12-01,Jardim e Área Externa,desktop,212,58,34,20
2025-12-01,Organização,mobile,241,67,35,23
2025-12-01,Organização,desktop,279,56,31,24
2025-12-01,Elétrica,mobile,190,36,20,6
2025-12-01,Elétrica,desktop,276,71,38,16
2025-12-01,Hidráulica,mobile,143,27,15,6
2025-12-01,Hidráulica,desktop,184,42,19,7
2025-12-01,Pintura e Acabamento,mobile,111,27,14,10
2025-12-01,Pintura e Acabamento,desktop,269,49,25,14
2025-12-01,Segurança,mobile,231,52,29,9
2025-12-01,Segurança,desktop,290,72,42,13
2025-12-02,Ferramentas,mobile,203,51,27,17
2025-12-02,Ferramentas,desktop,135,37,20,12
2025-12-02,Iluminação,mobile,211,42,23,15
2025-12-02,Iluminação,desktop,85,16,8,5
2025-12-02,Utilidades Domésticas,mobile,83,20,9,6
2025-12-02,Utilidades Domésticas,desktop,248,47,25,20
2025-12-02,Jardim e Área Externa,mobile,106,20,10,6
2025-12-02,Jardim e Área Externa,desktop,141,32,18,11
2025-12-02,Organização,mobile,134,34,18,14
2025-12-02,Organização,desktop,222,49,25,15
2025-12-02,Elétrica,mobile,125,28,14,4
2025-12-02,Elétrica,desktop,258,60,28,12
2025-12-02,Hidráulica,mobile,257,52,26,11
2025-12-02,Hidráulica,desktop,155,28,15,6
2025-12-02,Pintura e Acabamento,mobile,178,39,23,13
2025-12-02,Pintura e Acabamento,desktop,141,26,12,7
2025-12-02,Segurança,mobile,137,29,16,5
2025-12-02,Segurança,desktop,164,42,21,6
2025-12-03,Ferramentas,mobile,238,64,32,19
2025-12-03,Ferramentas,desktop,110,24,12,7
2025-12-03,Iluminação,mobile,293,70,33,24
2025-12-03,Iluminação,desktop,177,34,18,11
2025-12-03,Utilidades Domésticas,mobile,236,44,20,14
2025-12-03,Utilidades Domésticas,desktop,124,27,14,11
2025-12-03,Jardim e Área Externa,mobile,291,60,33,21
2025-12-03,Jardim e Área Externa,desktop,187,36,18,12
2025-12-03,Organização,mobile,119,32,18,11
2025-12-03,Organização,desktop,205,39,22,14
2025-12-03,Elétrica,mobile,223,50,25,10
2025-12-03,Elétrica,desktop,270,52,25,10
2025-12-03,Hidráulica,mobile,288,79,39,18
2025-12-03,Hidráulica,desktop,123,27,14,5
2025-12-03,Pintura e Acabamento,mobile,232,45,24,17
2025-12-03,Pintura e Acabamento,desktop,158,42,23,15
2025-12-03,Segurança,mobile,95,18,10,3
2025-12-03,Segurança,desktop,192,36,19,6
2025-12-04,Ferramentas,mobile,286,54,29,15
2025-12-04,Ferramentas,desktop,132,35,16,10
2025-12-04,Iluminação,mobile,104,25,12,8
2025-12-04,Iluminação,desktop,246,59,28,21
2025-12-04,Utilidades Domésticas,mobile,166,38,22,15
2025-12-04,Utilidades Domésticas,desktop,250,53,23,14
2025-12-04,Jardim e Área Externa,mobile,153,27,13,8
2025-12-04,Jardim e Área Externa,desktop,212,41,20,14
2025-12-04,Organização,mobile,289,61,29,17
2025-12-04,Organização,desktop,212,41,18,13
2025-12-04,Elétrica,mobile,255,55,26,11
2025-12-04,Elétrica,desktop,242,61,30,12
2025-12-04,Hidráulica,mobile,124,22,10,4
2025-12-04,Hidráulica,desktop,112,28,13,5
2025-12-04,Pintura e Acabamento,mobile,177,42,24,15
2025-12-04,Pintura e Acabamento,desktop,145,39,21,13
2025-12-04,Segurança,mobile,291,70,34,9
2025-12-04,Segurança,desktop,262,69,35,12
2025-12-05,Ferramentas,mobile,174,45,24,12
2025-12-05,Ferramentas,desktop,184,33,15,10
2025-12-05,Iluminação,mobile,98,22,11,8
2025-12-05,Iluminação,desktop,161,38,19,13
2025-12-05,Utilidades Domésticas,mobile,249,46,23,16
2025-12-05,Utilidades Domésticas,desktop,145,31,15,12
2025-12-05,Jardim e Área Externa,mobile,209,43,23,13
2025-12-05,Jardim e Área Externa,desktop,191,43,20,12
2025-12-05,Organização,mobile,196,38,21,14
2025-12-05,Organização,desktop,109,30,14,9
2025-12-05,Elétrica,mobile,97,25,13,4
2025-12-05,Elétrica,desktop,268,59,32,13
2025-12-05,Hidráulica,mobile,264,69,35,14
2025-12-05,Hidráulica,desktop,148,40,19,8
2025-12-05,Pintura e Acabamento,mobile,244,63,35,27
2025-12-05,Pintura e Acabamento,desktop,284,60,32,21
2025-12-05,Segurança,mobile,139,28,13,3
2025-12-05,Segurança,desktop,236,43,19,5
2025-12-06,Ferramentas,mobile,100,26,15,9
2025-12-06,Ferramentas,desktop,116,26,15,9
2025-12-06,Iluminação,mobile,194,52,30,21
2025-12-06,Iluminação,desktop,266,50,26,20
2025-12-06,Utilidades Domésticas,mobile,295,53,24,19
2025-12-06,Utilidades Domésticas,desktop,234,54,30,21
2025-12-06,Jardim e Área Externa,mobile,258,65,37,22
2025-12-06,Jardim e Área Externa,desktop,97,25,14,9
2025-12-06,Organização,mobile,154,35,19,12
2025-12-06,Organização,desktop,90,16,8,5
2025-12-06,Elétrica,mobile,131,31,14,6
2025-12-06,Elétrica,desktop,257,63,35,15
2025-12-06,Hidráulica,mobile,244,44,24,11
2025-12-06,Hidráulica,desktop,198,41,23,10
2025-12-06,Pintura e Acabamento,mobile,187,46,24,17
2025-12-06,Pintura e Acabamento,desktop,108,27,13,8
2025-12-06,Segurança,mobile,289,54,29,8
2025-12-06,Segurança,desktop,208,54,27,10
2025-12-07,Ferramentas,mobile,204,46,25,13
2025-12-07,Ferramentas,desktop,163,31,17,11
2025-12-07,Iluminação,mobile,262,70,39,23
2025-12-07,Iluminação,desktop,275,66,32,19
2025-12-07,Utilidades Domésticas,mobile,105,21,9,7
2025-12-07,Utilidades Domésticas,desktop,151,40,21,13
2025-12-07,Jardim e Área Externa,mobile,235,59,31,17
2025-12-07,Jardim e Área Externa,desktop,291,61,29,21
2025-12-07,Organização,mobile,209,56,29,20
2025-12-07,Organização,desktop,138,29,14,9
2025-12-07,Elétrica,mobile,92,19,11,4
2025-12-07,Elétrica,desktop,203,48,28,9
2025-12-07,Hidráulica,mobile,126,34,18,7
2025-12-07,Hidráulica,desktop,187,42,22,10
2025-12-07,Pintura e Acabamento,mobile,116,21,12,8
2025-12-07,Pintura e Acabamento,desktop,230,46,26,15
2025-12-07,Segurança,mobile,222,51,27,8
2025-12-07,Segurança,desktop,170,43,20,7
2025-12-08,Ferramentas,mobile,208,38,20,13
2025-12-08,Ferramentas,desktop,286,70,33,19
2025-12-08,Iluminação,mobile,282,63,36,24
2025-12-08,Iluminação,desktop,166,44,20,15
2025-12-08,Utilidades Domésticas,mobile,235,45,24,17
2025-12-08,Utilidades Domésticas,desktop,186,49,28,22
2025-12-08,Jardim e Área Externa,mobile,222,56,33,23
2025-12-08,Jardim e Área Externa,desktop,215,53,27,19
2025-12-08,Organização,mobile,122,30,17,13
2025-12-08,Organização,desktop,289,69,38,25
2025-12-08,Elétrica,mobile,115,27,14,5
2025-12-08,Elétrica,desktop,257,62,29,9
2025-12-08,Hidráulica,mobile,119,24,12,4
2025-12-08,Hidráulica,desktop,230,51,26,12
2025-12-08,Pintura e Acabamento,mobile,287,56,25,19
2025-12-08,Pintura e Acabamento,desktop,226,63,35,24
2025-12-08,Segurança,mobile,186,46,21,6
2025-12-08,Segurança,desktop,240,59,34,11
2025-12-09,Ferramentas,mobile,182,33,16,9
2025-12-09,Ferramentas,desktop,163,40,20,10
2025-12-09,Iluminação,mobile,221,52,24,18
2025-12-09,Iluminação,desktop,132,26,12,8
2025-12-09,Utilidades Domésticas,mobile,140,37,21,14
2025-12-09,Utilidades Domésticas,desktop,84,22,11,8
2025-12-09,Jardim e Área Externa,mobile,115,29,14,8
2025-12-09,Jardim e Área Externa,desktop,99,25,11,7
2025-12-09,Organização,mobile,148,29,14,11
2025-12-09,Organização,desktop,87,16,8,6
2025-12-09,Elétrica,mobile,183,37,18,6
2025-12-09,Elétrica,desktop,153,29,16,6
2025-12-09,Hidráulica,mobile,288,80,40,16
2025-12-09,Hidráulica,desktop,118,23,10,4
2025-12-09,Pintura e Acabamento,mobile,295,64,35,22
2025-12-09,Pintura e Acabamento,desktop,180,37,17,12
2025-12-09,Segurança,mobile,188,39,18,5
2025-12-09,Segurança,desktop,80,17,8,2
2025-12-10,Ferramentas,mobile,190,39,22,15
2025-12-10,Ferramentas,desktop,291,53,30,16
2025-12-10,Iluminação,mobile,150,29,13,7
2025-12-10,Iluminação,desktop,284,72,37,28
2025-12-10,Utilidades Domésticas,mobile,248,68,35,28
2025-12-10,Utilidades Domésticas,desktop,96,18,10,8
2025-12-10,Jardim e Área Externa,mobile,205,56,33,20
2025-12-10,Jardim e Área Externa,desktop,138,24,12,8
2025-12-10,Organização,mobile,261,69,33,26
2025-12-10,Organização,desktop,118,24,12,7
2025-12-10,Elétrica,mobile,127,29,16,6
2025-12-10,Elétrica,desktop,259,60,32,12
2025-12-10,Hidráulica,mobile,180,49,26,12
2025-12-10,Hidráulica,desktop,83,19,9,3
2025-12-10,Pintura e Acabamento,mobile,107,25,11,6
2025-12-10,Pintura e Acabamento,desktop,276,53,29,21
2025-12-10,Segurança,mobile,290,80,44,15
2025-12-10,Segurança,desktop,255,69,41,11
2025-12-11,Ferramentas,mobile,272,64,37,21
2025-12-11,Ferramentas,desktop,272,64,35,18
2025-12-11,Iluminação,mobile,141,31,15,8
2025-12-11,Iluminação,desktop,149,27,12,9
2025-12-11,Utilidades Domésticas,mobile,265,53,29,25
2025-12-11,Utilidades Domésticas,desktop,299,64,37,29
2025-12-11,Jardim e Área Externa,mobile,195,47,22,16
2025-12-11,Jardim e Área Externa,desktop,207,53,29,16
2025-12-11,Organização,mobile,91,24,13,8
2025-12-11,Organização,desktop,279,66,37,25
2025-12-11,Elétrica,mobile,292,79,38,12
2025-12-11,Elétrica,desktop,146,29,14,4
2025-12-11,Hidráulica,mobile,284,73,36,16
2025-12-11,Hidráulica,desktop,200,40,23,8
2025-12-11,Pintura e Acabamento,mobile,168,44,23,13
2025-12-11,Pintura e Acabamento,desktop,113,28,15,9
2025-12-11,Segurança,mobile,299,65,33,9
2025-12-11,Segurança,desktop,257,62,29,10
2025-12-12,Ferramentas,mobile,293,60,35,21
2025-12-12,Ferramentas,desktop,104,28,15,9
2025-12-12,Iluminação,mobile,215,57,28,17
2025-12-12,Iluminação,desktop,241,46,24,15
2025-12-12,Utilidades Domésticas,mobile,274,73,42,33
2025-12-12,Utilidades Domésticas,desktop,216,38,17,11
2025-12-12,Jardim e Área Externa,mobile,156,31,16,9
2025-12-12,Jardim e Área Externa,desktop,91,17,7,4
2025-12-12,Organização,mobile,165,45,21,15
2025-12-12,Organização,desktop,285,52,25,19
2025-12-12,Elétrica,mobile,203,45,26,10
2025-12-12,Elétrica,desktop,105,25,13,5
2025-12-12,Hidráulica,mobile,85,15,8,3
2025-12-12,Hidráulica,desktop,110,25,12,4
2025-12-12,Pintura e Acabamento,mobile,259,65,36,20
2025-12-12,Pintura e Acabamento,desktop,168,30,17,11
2025-12-12,Segurança,mobile,228,41,18,6
2025-12-12,Segurança,desktop,287,73,36,12
2025-12-13,Ferramentas,mobile,133,34,16,8
2025-12-13,Ferramentas,desktop,282,78,39,22
2025-12-13,Iluminação,mobile,102,25,13,8
2025-12-13,Iluminação,desktop,133,31,15,10
2025-12-13,Utilidades Domésticas,mobile,258,69,34,26
2025-12-13,Utilidades Domésticas,desktop,153,40,21,15
2025-12-13,Jardim e Área Externa,mobile,99,19,9,6
2025-12-13,Jardim e Área Externa,desktop,275,61,35,20
2025-12-13,Organização,mobile,269,55,31,21
2025-12-13,Organização,desktop,99,21,11,7
2025-12-13,Elétrica,mobile,255,53,26,10
2025-12-13,Elétrica,desktop,149,27,15,6
2025-12-13,Hidráulica,mobile,155,38,22,9
2025-12-13,Hidráulica,desktop,297,61,30,14
2025-12-13,Pintura e Acabamento,mobile,214,45,23,16
2025-12-13,Pintura e Acabamento,desktop,269,72,40,29
2025-12-13,Segurança,mobile,135,36,17,5
2025-12-13,Segurança,desktop,208,44,24,7
2025-12-14,Ferramentas,mobile,239,59,32,17
2025-12-14,Ferramentas,desktop,271,69,35,21
2025-12-14,Iluminação,mobile,153,35,17,11
2025-12-14,Iluminação,desktop,293,67,39,24
2025-12-14,Utilidades Domésticas,mobile,185,41,22,18
2025-12-14,Utilidades Domésticas,desktop,141,27,15,13
2025-12-14,Jardim e Área Externa,mobile,272,58,29,20
2025-12-14,Jardim e Área Externa,desktop,122,32,15,8
2025-12-14,Organização,mobile,263,58,31,19
2025-12-14,Organização,desktop,112,22,12,8
2025-12-14,Elétrica,mobile,121,23,13,5
2025-12-14,Elétrica,desktop,294,69,36,14
2025-12-14,Hidráulica,mobile,108,21,9,3
2025-12-14,Hidráulica,desktop,248,45,21,10
2025-12-14,Pintura e Acabamento,mobile,284,72,39,25
2025-12-14,Pintura e Acabamento,desktop,154,33,15,10
2025-12-14,Segurança,mobile,225,51,25,8
2025-12-14,Segurança,desktop,120,21,11,3
2025-12-15,Ferramentas,mobile,154,29,17,10
2025-12-15,Ferramentas,desktop,218,47,26,13
2025-12-15,Iluminação,mobile,200,53,31,21
2025-12-15,Iluminação,desktop,187,42,20,13
2025-12-15,Utilidades Domésticas,mobile,255,59,30,22
2025-12-15,Utilidades Domésticas,desktop,234,46,26,19
2025-12-15,Jardim e Área Externa,mobile,197,39,20,12
2025-12-15,Jardim e Área Externa,desktop,191,52,26,17
2025-12-15,Organização,mobile,87,21,11,7
2025-12-15,Organização,desktop,115,22,12,9
2025-12-15,Elétrica,mobile,142,35,18,7
2025-12-15,Elétrica,desktop,121,21,11,4
2025-12-15,Hidráulica,mobile,138,28,15,5
2025-12-15,Hidráulica,desktop,173,43,24,10
2025-12-15,Pintura e Acabamento,mobile,121,33,16,11
2025-12-15,Pintura e Acabamento,desktop,257,58,30,17
2025-12-15,Segurança,mobile,114,22,11,4
2025-12-15,Segurança,desktop,97,24,12,3
2025-12-16,Ferramentas,mobile,269,73,36,24
2025-12-16,Ferramentas,desktop,258,46,27,15
2025-12-16,Iluminação,mobile,278,58,29,23
2025-12-16,Iluminação,desktop,87,16,8,5
2025-12-16,Utilidades Domésticas,mobile,187,46,24,17
2025-12-16,Utilidades Domésticas,desktop,149,27,13,9
2025-12-16,Jardim e Área Externa,mobile,144,32,15,9
2025-12-16,Jardim e Área Externa,desktop,147,30,16,11
2025-12-16,Organização,mobile,170,38,18,12
2025-12-16,Organização,desktop,166,38,18,13
2025-12-16,Elétrica,mobile,203,44,21,7
2025-12-16,Elétrica,desktop,164,41,22,7
2025-12-16,Hidráulica,mobile,254,65,31,12
2025-12-16,Hidráulica,desktop,93,23,12,5
2025-12-16,Pintura e Acabamento,mobile,289,55,24,15
2025-12-16,Pintura e Acabamento,desktop,104,21,12,6
2025-12-16,Segurança,mobile,224,61,28,10
2025-12-16,Segurança,desktop,252,45,22,6
2025-12-17,Ferramentas,mobile,267,71,39,25
2025-12-17,Ferramentas,desktop,242,57,29,15
2025-12-17,Iluminação,mobile,286,74,35,24
2025-12-17,Iluminação,desktop,136,36,20,12
2025-12-17,Utilidades Domésticas,mobile,107,19,10,7
2025-12-17,Utilidades Domésticas,desktop,244,55,26,21
2025-12-17,Jardim e Área Externa,mobile,156,42,22,13
2025-12-17,Jardim e Área Externa,desktop,264,70,32,19
2025-12-17,Organização,mobile,127,23,13,8
2025-12-17,Organização,desktop,240,50,24,16
2025-12-17,Elétrica,mobile,130,32,17,6
2025-12-17,Elétrica,desktop,194,49,25,9
2025-12-17,Hidráulica,mobile,283,66,30,12
2025-12-17,Hidráulica,desktop,136,34,19,8
2025-12-17,Pintura e Acabamento,mobile,236,45,25,17
2025-12-17,Pintura e Acabamento,desktop,225,52,24,18
2025-12-17,Segurança,mobile,208,57,31,10
2025-12-17,Segurança,desktop,298,63,36,10
2025-12-18,Ferramentas,mobile,278,53,27,15
2025-12-18,Ferramentas,desktop,246,66,30,19
2025-12-18,Iluminação,mobile,253,54,30,18
2025-12-18,Iluminação,desktop,262,71,36,24
2025-12-18,Utilidades Domésticas,mobile,185,34,18,13
2025-12-18,Utilidades Domésticas,desktop,145,28,14,11
2025-12-18,Jardim e Área Externa,mobile,239,61,31,20
2025-12-18,Jardim e Área Externa,desktop,149,30,15,8
2025-12-18,Organização,mobile,142,26,13,9
2025-12-18,Organização,desktop,193,49,23,18
2025-12-18,Elétrica,mobile,171,39,18,6
2025-12-18,Elétrica,desktop,145,26,14,6
2025-12-18,Hidráulica,mobile,252,66,30,12
2025-12-18,Hidráulica,desktop,268,56,31,15
2025-12-18,Pintura e Acabamento,mobile,208,54,31,23
2025-12-18,Pintura e Acabamento,desktop,122,31,15,9
2025-12-18,Segurança,mobile,123,24,13,3
2025-12-18,Segurança,desktop,155,40,22,8
2025-12-19,Ferramentas,mobile,237,50,25,15
2025-12-19,Ferramentas,desktop,93,20,10,6
2025-12-19,Iluminação,mobile,112,27,14,8
2025-12-19,Iluminação,desktop,271,75,39,24
2025-12-19,Utilidades Domésticas,mobile,160,44,20,12
2025-12-19,Utilidades Domésticas,desktop,290,64,34,22
2025-12-19,Jardim e Área Externa,mobile,116,30,15,10
2025-12-19,Jardim e Área Externa,desktop,199,53,31,20
2025-12-19,Organização,mobile,234,63,35,22
2025-12-19,Organização,desktop,152,37,18,14
2025-12-19,Elétrica,mobile,111,22,11,3
2025-12-19,Elétrica,desktop,100,25,11,4
2025-12-19,Hidráulica,mobile,214,56,32,13
2025-12-19,Hidráulica,desktop,221,55,30,13
2025-12-19,Pintura e Acabamento,mobile,129,31,17,9
2025-12-19,Pintura e Acabamento,desktop,140,31,15,9
2025-12-19,Segurança,mobile,191,37,21,7
2025-12-19,Segurança,desktop,234,44,22,6
2025-12-20,Ferramentas,mobile,188,50,23,14
2025-12-20,Ferramentas,desktop,188,46,25,13
2025-12-20,Iluminação,mobile,157,42,24,15
2025-12-20,Iluminação,desktop,266,65,38,23
2025-12-20,Utilidades Domésticas,mobile,95,26,14,11
2025-12-20,Utilidades Domésticas,desktop,262,67,31,26
2025-12-20,Jardim e Área Externa,mobile,299,63,28,18
2025-12-20,Jardim e Área Externa,desktop,198,47,26,18
2025-12-20,Organização,mobile,107,23,11,8
2025-12-20,Organização,desktop,285,79,44,31
2025-12-20,Elétrica,mobile,133,30,14,5
2025-12-20,Elétrica,desktop,164,29,14,4
2025-12-20,Hidráulica,mobile,206,37,16,7
2025-12-20,Hidráulica,desktop,114,25,14,5
2025-12-20,Pintura e Acabamento,mobile,159,38,22,15
2025-12-20,Pintura e Acabamento,desktop,183,38,19,11
2025-12-20,Segurança,mobile,127,25,13,4
2025-12-20,Segurança,desktop,238,44,23,7
2025-12-21,Ferramentas,mobile,212,51,30,17
2025-12-21,Ferramentas,desktop,215,39,20,13
2025-12-21,Iluminação,mobile,95,22,12,7
2025-12-21,Iluminação,desktop,198,53,24,16
2025-12-21,Utilidades Domésticas,mobile,169,46,26,22
2025-12-21,Utilidades Domésticas,desktop,209,40,23,15
2025-12-21,Jardim e Área Externa,mobile,117,25,12,8
2025-12-21,Jardim e Área Externa,desktop,108,28,13,8
2025-12-21,Organização,mobile,278,68,33,26
2025-12-21,Organização,desktop,264,58,27,20
2025-12-21,Elétrica,mobile,257,66,34,12
2025-12-21,Elétrica,desktop,136,37,19,6
2025-12-21,Hidráulica,mobile,127,34,18,7
2025-12-21,Hidráulica,desktop,160,35,17,6
2025-12-21,Pintura e Acabamento,mobile,205,40,22,13
2025-12-21,Pintura e Acabamento,desktop,138,37,17,13
2025-12-21,Segurança,mobile,276,77,35,13
2025-12-21,Segurança,desktop,174,41,22,6
2025-12-22,Ferramentas,mobile,297,66,32,17
2025-12-22,Ferramentas,desktop,232,59,32,20
2025-12-22,Iluminação,mobile,182,33,19,12
2025-12-22,Iluminação,desktop,263,73,39,25
2025-12-22,Utilidades Domésticas,mobile,282,61,27,19
2025-12-22,Utilidades Domésticas,desktop,118,25,12,10
2025-12-22,Jardim e Área Externa,mobile,160,42,20,14
2025-12-22,Jardim e Área Externa,desktop,133,29,14,7
2025-12-22,Organização,mobile,281,51,24,19
2025-12-22,Organização,desktop,132,31,15,12
2025-12-22,Elétrica,mobile,202,56,25,9
2025-12-22,Elétrica,desktop,150,37,20,8
2025-12-22,Hidráulica,mobile,271,51,23,11
2025-12-22,Hidráulica,desktop,209,47,23,10
2025-12-22,Pintura e Acabamento,mobile,89,18,10,6
2025-12-22,Pintura e Acabamento,desktop,121,27,12,7
2025-12-22,Segurança,mobile,198,47,21,6
2025-12-22,Segurança,desktop,144,31,13,4
2025-12-23,Ferramentas,mobile,228,56,29,16
2025-12-23,Ferramentas,desktop,183,35,19,10
2025-12-23,Iluminação,mobile,248,64,29,22
2025-12-23,Iluminação,desktop,247,62,30,22
2025-12-23,Utilidades Domésticas,mobile,135,31,15,9
2025-12-23,Utilidades Domésticas,desktop,252,56,33,26
2025-12-23,Jardim e Área Externa,mobile,231,56,31,18
2025-12-23,Jardim e Área Externa,desktop,188,49,26,16
2025-12-23,Organização,mobile,103,20,10,6
2025-12-23,Organização,desktop,83,21,9,5
2025-12-23,Elétrica,mobile,207,52,23,10
2025-12-23,Elétrica,desktop,89,18,8,3
2025-12-23,Hidráulica,mobile,213,48,25,10
2025-12-23,Hidráulica,desktop,278,63,37,14
2025-12-23,Pintura e Acabamento,mobile,286,65,36,20
2025-12-23,Pintura e Acabamento,desktop,130,23,11,7
2025-12-23,Segurança,mobile,127,26,12,3
2025-12-23,Segurança,desktop,170,32,15,4
2025-12-24,Ferramentas,mobile,83,15,7,3
2025-12-24,Ferramentas,desktop,113,28,16,8
2025-12-24,Iluminação,mobile,267,57,30,20
2025-12-24,Iluminação,desktop,140,39,18,13
2025-12-24,Utilidades Domésticas,mobile,291,61,31,26
2025-12-24,Utilidades Domésticas,desktop,110,22,12,7
2025-12-24,Jardim e Área Externa,mobile,151,30,13,9
2025-12-24,Jardim e Área Externa,desktop,224,41,23,15
2025-12-24,Organização,mobile,253,57,32,24
2025-12-24,Organização,desktop,245,48,24,16
2025-12-24,Elétrica,mobile,98,25,14,6
2025-12-24,Elétrica,desktop,282,51,25,11
2025-12-24,Hidráulica,mobile,221,60,32,13
2025-12-24,Hidráulica,desktop,161,41,22,10
2025-12-24,Pintura e Acabamento,mobile,192,52,29,18
2025-12-24,Pintura e Acabamento,desktop,92,19,9,6
2025-12-24,Segurança,mobile,88,16,8,2
2025-12-24,Segurança,desktop,208,53,25,8
2025-12-25,Ferramentas,mobile,283,59,30,19
2025-12-25,Ferramentas,desktop,126,26,13,8
2025-12-25,Iluminação,mobile,106,26,12,7
2025-12-25,Iluminação,desktop,183,49,28,17
2025-12-25,Utilidades Domésticas,mobile,174,46,21,16
2025-12-25,Utilidades Domésticas,desktop,182,50,26,20
2025-12-25,Jardim e Área Externa,mobile,81,19,10,6
2025-12-25,Jardim e Área Externa,desktop,147,31,17,10
2025-12-25,Organização,mobile,154,30,15,11
2025-12-25,Organização,desktop,86,15,7,5
2025-12-25,Elétrica,mobile,212,41,23,10
2025-12-25,Elétrica,desktop,246,66,30,9
2025-12-25,Hidráulica,mobile,101,18,10,4
2025-12-25,Hidráulica,desktop,123,26,12,5
2025-12-25,Pintura e Acabamento,mobile,286,57,33,22
2025-12-25,Pintura e Acabamento,desktop,97,18,8,5
2025-12-25,Segurança,mobile,151,33,17,5
2025-12-25,Segurança,desktop,232,54,26,8
2025-12-26,Ferramentas,mobile,237,46,25,13
2025-12-26,Ferramentas,desktop,288,70,32,21
2025-12-26,Iluminação,mobile,129,28,14,11
2025-12-26,Iluminação,desktop,172,45,23,13
2025-12-26,Utilidades Domésticas,mobile,238,47,24,18
2025-12-26,Utilidades Domésticas,desktop,180,49,28,18
2025-12-26,Jardim e Área Externa,mobile,110,24,13,7
2025-12-26,Jardim e Área Externa,desktop,247,63,36,22
2025-12-26,Organização,mobile,133,24,13,10
2025-12-26,Organização,desktop,116,29,15,11
2025-12-26,Elétrica,mobile,104,21,11,4
2025-12-26,Elétrica,desktop,258,58,32,13
2025-12-26,Hidráulica,mobile,146,37,19,9
2025-12-26,Hidráulica,desktop,121,32,16,7
2025-12-26,Pintura e Acabamento,mobile,147,40,23,17
2025-12-26,Pintura e Acabamento,desktop,245,62,33,21
2025-12-26,Segurança,mobile,272,55,30,9
2025-12-26,Segurança,desktop,243,62,35,10
2025-12-27,Ferramentas,mobile,207,40,18,11
2025-12-27,Ferramentas,desktop,200,53,28,14
2025-12-27,Iluminação,mobile,267,67,31,19
2025-12-27,Iluminação,desktop,197,36,16,12
2025-12-27,Utilidades Domésticas,mobile,187,46,24,18
2025-12-27,Utilidades Domésticas,desktop,296,80,42,33
2025-12-27,Jardim e Área Externa,mobile,86,23,10,6
2025-12-27,Jardim e Área Externa,desktop,283,75,35,21
2025-12-27,Organização,mobile,136,26,12,8
2025-12-27,Organização,desktop,294,64,34,21
2025-12-27,Elétrica,mobile,97,22,13,5
2025-12-27,Elétrica,desktop,113,26,11,3
2025-12-27,Hidráulica,mobile,256,57,28,12
2025-12-27,Hidráulica,desktop,120,27,12,5
2025-12-27,Pintura e Acabamento,mobile,150,38,17,13
2025-12-27,Pintura e Acabamento,desktop,154,28,15,10
2025-12-27,Segurança,mobile,226,62,36,11
2025-12-27,Segurança,desktop,153,32,18,5
2025-12-28,Ferramentas,mobile,137,29,17,9
2025-12-28,Ferramentas,desktop,201,50,28,17
2025-12-28,Iluminação,mobile,251,51,27,18
2025-12-28,Iluminação,desktop,122,32,15,11
2025-12-28,Utilidades Domésticas,mobile,171,45,22,16
2025-12-28,Utilidades Domésticas,desktop,266,70,32,26
2025-12-28,Jardim e Área Externa,mobile,227,59,31,20
2025-12-28,Jardim e Área Externa,desktop,243,49,23,15
2025-12-28,Organização,mobile,170,34,18,12
2025-12-28,Organização,desktop,92,17,7,4
2025-12-28,Elétrica,mobile,135,30,16,6
2025-12-28,Elétrica,desktop,122,28,14,5
2025-12-28,Hidráulica,mobile,232,42,19,7
2025-12-28,Hidráulica,desktop,247,57,29,14
2025-12-28,Pintura e Acabamento,mobile,117,30,17,11
2025-12-28,Pintura e Acabamento,desktop,84,17,7,4
2025-12-28,Segurança,mobile,132,35,16,4
2025-12-28,Segurança,desktop,248,59,31,9
2025-12-29,Ferramentas,mobile,193,38,19,11
2025-12-29,Ferramentas,desktop,291,64,31,17
2025-12-29,Iluminação,mobile,106,26,15,9
2025-12-29,Iluminação,desktop,242,60,27,21
2025-12-29,Utilidades Domésticas,mobile,201,45,25,21
2025-12-29,Utilidades Domésticas,desktop,212,40,20,15
2025-12-29,Jardim e Área Externa,mobile,261,70,34,20
2025-12-29,Jardim e Área Externa,desktop,275,70,35,21
2025-12-29,Organização,mobile,87,19,9,6
2025-12-29,Organização,desktop,247,45,21,17
2025-12-29,Elétrica,mobile,221,41,21,8
2025-12-29,Elétrica,desktop,269,60,28,11
2025-12-29,Hidráulica,mobile,181,43,20,7
2025-12-29,Hidráulica,desktop,264,70,33,14
2025-12-29,Pintura e Acabamento,mobile,134,36,21,12
2025-12-29,Pintura e Acabamento,desktop,115,27,12,8
2025-12-29,Segurança,mobile,197,36,19,6
2025-12-29,Segurança,desktop,256,61,28,8
2025-12-30,Ferramentas,mobile,246,48,27,17
2025-12-30,Ferramentas,desktop,138,26,13,7
2025-12-30,Iluminação,mobile,228,55,24,15
2025-12-30,Iluminação,desktop,108,22,11,8
2025-12-30,Utilidades Domésticas,mobile,138,34,15,11
2025-12-30,Utilidades Domésticas,desktop,145,31,14,9
2025-12-30,Jardim e Área Externa,mobile,173,38,19,12
2025-12-30,Jardim e Área Externa,desktop,269,52,25,18
2025-12-30,Organização,mobile,122,28,14,11
2025-12-30,Organização,desktop,115,26,14,10
2025-12-30,Elétrica,mobile,248,46,22,9
2025-12-30,Elétrica,desktop,107,28,13,5
2025-12-30,Hidráulica,mobile,80,15,7,2
2025-12-30,Hidráulica,desktop,177,46,26,9
2025-12-30,Pintura e Acabamento,mobile,163,39,19,12
2025-12-30,Pintura e Acabamento,desktop,233,46,21,12
2025-12-30,Segurança,mobile,169,45,21,6
2025-12-30,Segurança,desktop,232,64,34,9
2025-12-31,Ferramentas,mobile,274,71,33,19
2025-12-31,Ferramentas,desktop,160,35,18,10
2025-12-31,Iluminação,mobile,81,15,8,5
2025-12-31,Iluminação,desktop,248,44,21,12
2025-12-31,Utilidades Domésticas,mobile,158,35,18,12
2025-12-31,Utilidades Domésticas,desktop,91,20,9,7
2025-12-31,Jardim e Área Externa,mobile,242,60,30,18
2025-12-31,Jardim e Área Externa,desktop,136,33,17,11
2025-12-31,Organização,mobile,255,52,26,20
2025-12-31,Organização,desktop,233,59,35,22
2025-12-31,Elétrica,mobile,144,39,23,8
2025-12-31,Elétrica,desktop,137,25,13,4
2025-12-31,Hidráulica,mobile,192,35,16,7
2025-12-31,Hidráulica,desktop,174,34,18,7
2025-12-31,Pintura e Acabamento,mobile,298,56,27,18
2025-12-31,Pintura e Acabamento,desktop,116,24,12,8
2025-12-31,Segurança,mobile,151,42,20,6
2025-12-31,Segurança,desktop,287,55,30,9
