categoria,nome_produto,preco_casanova,preco_medio_mercado,gap_pct
Iluminação,Produto Iluminação 81,322.1,259.27,24.23
Banheiro,Produto Banheiro 57,791.3,637.17,24.19
Móveis,Produto Móveis 76,773.4,624.16,23.91
Iluminação,Produto Iluminação 101,551.1,444.83,23.89
Móveis,Produto Móveis 37,19.61,15.83,23.88
Móveis,Produto Móveis 76,773.4,624.37,23.87
Móveis,Produto Móveis 76,773.4,624.49,23.85
Móveis,Produto Móveis 37,19.61,15.84,23.8
Móveis,Produto Móveis 37,19.61,15.85,23.72
Banheiro,Produto Banheiro 29,88.89,71.89,23.65
Iluminação,Produto Iluminação 101,551.1,445.73,23.64
Banheiro,Produto Banheiro 57,791.3,640.03,23.63
Banheiro,Produto Banheiro 29,88.89,71.91,23.61
Móveis,Produto Móveis 37,19.61,15.88,23.49
Banheiro,Produto Banheiro 57,791.3,641.89,23.28
Iluminação,Produto Iluminação 8,166.82,135.34,23.26
Banheiro,Produto Banheiro 29,88.89,72.19,23.13
Móveis,Produto Móveis 76,773.4,628.13,23.13
Iluminação,Produto Iluminação 8,166.82,135.5,23.11
Iluminação,Produto Iluminação 8,166.82,135.54,23.08
Banheiro,Produto Banheiro 29,88.89,72.24,23.05
Móveis,Produto Móveis 71,818.64,665.3,23.05
Móveis,Produto Móveis 76,773.4,628.89,22.98
Iluminação,Produto Iluminação 81,322.1,261.97,22.95
Móveis,Produto Móveis 71,818.64,665.87,22.94
Iluminação,Produto Iluminação 8,166.82,135.74,22.9
Móveis,Produto Móveis 76,773.4,629.48,22.86
Móveis,Produto Móveis 71,818.64,666.65,22.8
Móveis,Produto Móveis 37,19.61,16.0,22.56
Iluminação,Produto Iluminação 101,551.1,449.66,22.56
Iluminação,Produto Iluminação 101,551.1,449.9,22.49
Iluminação,Produto Iluminação 8,166.82,136.31,22.38
Iluminação,Produto Iluminação 8,166.82,136.44,22.27
Banheiro,Produto Banheiro 57,791.3,647.42,22.22
Jardim,Produto Jardim 46,114.86,94.06,22.11
Iluminação,Produto Iluminação 8,166.82,136.63,22.1
Móveis,Produto Móveis 37,19.61,16.06,22.1
Jardim,Produto Jardim 46,114.86,94.1,22.06
Jardim,Produto Jardim 85,49.05,40.2,22.01
Móveis,Produto Móveis 35,77.25,63.33,21.98
Jardim,Produto Jardim 85,49.05,40.22,21.95
Iluminação,Produto Iluminação 101,551.1,451.92,21.95
Móveis,Produto Móveis 71,818.64,671.64,21.89
Móveis,Produto Móveis 35,77.25,63.38,21.88
Iluminação,Produto Iluminação 101,551.1,452.25,21.86
Banheiro,Produto Banheiro 29,88.89,72.98,21.8
Banheiro,Produto Banheiro 29,88.89,73.0,21.77
Banheiro,Produto Banheiro 57,791.3,650.81,21.59
Iluminação,Produto Iluminação 101,551.1,453.26,21.59
Móveis,Produto Móveis 76,773.4,636.15,21.58
Banheiro,Produto Banheiro 57,791.3,651.55,21.45
Banheiro,Produto Banheiro 57,791.3,651.61,21.44
Móveis,Produto Móveis 71,818.64,674.82,21.31
Jardim,Produto Jardim 46,114.86,94.69,21.3
Banheiro,Produto Banheiro 29,88.89,73.31,21.25
Iluminação,Produto Iluminação 81,322.1,265.71,21.22
Iluminação,Produto Iluminação 81,322.1,265.75,21.2
Banheiro,Produto Banheiro 57,791.3,653.05,21.17
Móveis,Produto Móveis 37,19.61,16.19,21.12
Móveis,Produto Móveis 37,19.61,16.19,21.12
Móveis,Produto Móveis 71,818.64,676.14,21.08
Móveis,Produto Móveis 35,77.25,63.81,21.06
Banheiro,Produto Banheiro 29,88.89,73.46,21.0
Banheiro,Produto Banheiro 29,88.89,73.46,21.0
Iluminação,Produto Iluminação 101,551.1,455.45,21.0
Jardim,Produto Jardim 46,114.86,94.98,20.93
Jardim,Produto Jardim 28,514.25,425.3,20.91
Móveis,Produto Móveis 35,77.25,63.9,20.89
Móveis,Produto Móveis 76,773.4,640.17,20.81
Móveis,Produto Móveis 76,773.4,640.23,20.8
Iluminação,Produto Iluminação 81,322.1,266.63,20.8
Jardim,Produto Jardim 28,514.25,425.93,20.74
Jardim,Produto Jardim 28,514.25,425.9,20.74
Iluminação,Produto Iluminação 81,322.1,266.83,20.71
Iluminação,Produto Iluminação 8,166.82,138.22,20.69
Iluminação,Produto Iluminação 81,322.1,267.06,20.61
Móveis,Produto Móveis 35,77.25,64.08,20.55
Iluminação,Produto Iluminação 8,166.82,138.52,20.43
Banheiro,Produto Banheiro 29,88.89,73.81,20.43
Banheiro,Produto Banheiro 58,543.89,451.62,20.43
Móveis,Produto Móveis 71,818.64,679.95,20.4
Jardim,Produto Jardim 114,827.46,687.24,20.4
Móveis,Produto Móveis 76,773.4,642.44,20.38
Iluminação,Produto Iluminação 8,166.82,138.72,20.26
Jardim,Produto Jardim 149,657.94,547.1,20.26
Jardim,Produto Jardim 28,514.25,427.97,20.16
Iluminação,Produto Iluminação 101,551.1,458.63,20.16
Iluminação,Produto Iluminação 101,551.1,458.83,20.11
Banheiro,Produto Banheiro 29,88.89,74.02,20.09
Móveis,Produto Móveis 35,77.25,64.37,20.01
Móveis,Produto Móveis 37,19.61,16.34,20.01
Móveis,Produto Móveis 76,773.4,644.53,19.99
Iluminação,Produto Iluminação 81,322.1,268.6,19.92
Móveis,Produto Móveis 37,19.61,16.36,19.87
Banheiro,Produto Banheiro 58,543.89,453.91,19.82
Jardim,Produto Jardim 46,114.86,95.96,19.7
Móveis,Produto Móveis 35,77.25,64.54,19.69
Banheiro,Produto Banheiro 58,543.89,454.43,19.69
Móveis,Produto Móveis 35,77.25,64.56,19.66
Jardim,Produto Jardim 28,514.25,429.84,19.64
Iluminação,Produto Iluminação 101,551.1,460.63,19.64
Jardim,Produto Jardim 28,514.25,430.1,19.57
Banheiro,Produto Banheiro 57,791.3,661.84,19.56
Jardim,Produto Jardim 46,114.86,96.1,19.52
Banheiro,Produto Banheiro 57,791.3,662.14,19.51
Móveis,Produto Móveis 35,77.25,64.69,19.42
Decoração,Produto Decoração 117,496.71,415.92,19.42
Móveis,Produto Móveis 76,773.4,647.97,19.36
Móveis,Produto Móveis 37,19.61,16.43,19.35
Jardim,Produto Jardim 85,49.05,41.1,19.34
Jardim,Produto Jardim 28,514.25,431.02,19.31
Móveis,Produto Móveis 37,19.61,16.44,19.28
Banheiro,Produto Banheiro 57,791.3,663.75,19.22
Jardim,Produto Jardim 85,49.05,41.15,19.2
Móveis,Produto Móveis 35,77.25,64.81,19.19
Decoração,Produto Decoração 117,496.71,416.78,19.18
Iluminação,Produto Iluminação 8,166.82,139.98,19.17
Jardim,Produto Jardim 46,114.86,96.44,19.1
Iluminação,Produto Iluminação 101,551.1,462.86,19.06
Banheiro,Produto Banheiro 57,791.3,665.0,18.99
Decoração,Produto Decoração 117,496.71,417.61,18.94
Jardim,Produto Jardim 46,114.86,96.58,18.93
Iluminação,Produto Iluminação 8,166.82,140.34,18.87
Móveis,Produto Móveis 136,690.82,581.56,18.79
Decoração,Produto Decoração 99,621.17,523.0,18.77
Iluminação,Produto Iluminação 101,551.1,464.35,18.68
Banheiro,Produto Banheiro 124,372.53,313.89,18.68
Jardim,Produto Jardim 149,657.94,554.39,18.68
Móveis,Produto Móveis 71,818.64,690.03,18.64
Móveis,Produto Móveis 37,19.61,16.53,18.63
Jardim,Produto Jardim 28,514.25,433.6,18.6
Banheiro,Produto Banheiro 124,372.53,314.21,18.56
Jardim,Produto Jardim 149,657.94,555.12,18.52
Iluminação,Produto Iluminação 8,166.82,140.79,18.49
Jardim,Produto Jardim 85,49.05,41.4,18.48
Iluminação,Produto Iluminação 81,322.1,272.18,18.34
Móveis,Produto Móveis 35,77.25,65.3,18.3
Jardim,Produto Jardim 28,514.25,434.75,18.29
Móveis,Produto Móveis 37,19.61,16.59,18.2
Móveis,Produto Móveis 71,818.64,692.98,18.13
Banheiro,Produto Banheiro 58,543.89,460.83,18.02
Jardim,Produto Jardim 46,114.86,97.34,18.0
Jardim,Produto Jardim 114,827.46,701.22,18.0
Iluminação,Produto Iluminação 8,166.82,141.38,17.99
Jardim,Produto Jardim 28,514.25,435.87,17.98
Banheiro,Produto Banheiro 58,543.89,460.99,17.98
Outros,Produto Jardim 6,32.19,27.3,17.91
Iluminação,Produto Iluminação 96,92.74,78.67,17.88
Cozinha,Produto Cozinha 54,357.67,303.44,17.87
Móveis,Produto Móveis 37,19.61,16.64,17.85
Jardim,Produto Jardim 85,49.05,41.63,17.82
Banheiro,Produto Banheiro 29,88.89,75.47,17.78
Banheiro,Produto Banheiro 58,543.89,461.81,17.77
Iluminação,Produto Iluminação 96,92.74,78.75,17.77
Iluminação,Produto Iluminação 96,92.74,78.76,17.75
Outros,Produto Jardim 6,32.19,27.34,17.74
Decoração,Produto Decoração 34,132.67,112.79,17.63
Móveis,Produto Móveis 88,553.72,471.02,17.56
Móveis,Produto Móveis 136,690.82,587.77,17.53
Banheiro,Produto Banheiro 57,791.3,673.31,17.52
Jardim,Produto Jardim 114,827.46,704.13,17.52
Cozinha,Produto Cozinha 54,357.67,304.43,17.49
Móveis,Produto Móveis 35,77.25,65.76,17.47
Outros,Produto Jardim 6,32.19,27.41,17.44
Jardim,Produto Jardim 120,553.97,471.97,17.37
Iluminação,Produto Iluminação 8,166.82,142.16,17.35
Decoração,Produto Decoração 117,496.71,423.27,17.35
Iluminação,Produto Iluminação 81,322.1,274.51,17.34
Jardim,Produto Jardim 149,657.94,560.71,17.34
Jardim,Produto Jardim 85,49.05,41.81,17.32
Móveis,Produto Móveis 71,818.64,697.83,17.31
Iluminação,Produto Iluminação 8,166.82,142.29,17.24
Banheiro,Produto Banheiro 124,372.53,317.98,17.16
Móveis,Produto Móveis 76,773.4,660.25,17.14
Iluminação,Produto Iluminação 8,166.82,142.43,17.12
Banheiro,Produto Banheiro 58,543.89,464.44,17.11
Iluminação,Produto Iluminação 96,92.74,79.21,17.08
Cozinha,Produto Cozinha 54,357.67,305.53,17.07
Jardim,Produto Jardim 120,553.97,473.31,17.04
Banheiro,Produto Banheiro 58,543.89,464.76,17.03
Decoração,Produto Decoração 99,621.17,530.76,17.03
Decoração,Produto Decoração 117,496.71,424.48,17.02
Jardim,Produto Jardim 120,553.97,473.42,17.01
Banheiro,Produto Banheiro 29,88.89,75.99,16.98
Jardim,Produto Jardim 114,827.46,707.34,16.98
Jardim,Produto Jardim 46,114.86,98.2,16.97
Iluminação,Produto Iluminação 8,166.82,142.66,16.94
Móveis,Produto Móveis 76,773.4,661.71,16.88
Móveis,Produto Móveis 37,19.61,16.78,16.87
Cozinha,Produto Cozinha 54,357.67,306.05,16.87
Jardim,Produto Jardim 114,827.46,708.02,16.87
Móveis,Produto Móveis 76,773.4,661.84,16.86
Cozinha,Produto Cozinha 54,357.67,306.14,16.83
Decoração,Produto Decoração 117,496.71,425.23,16.81
Banheiro,Produto Banheiro 58,543.89,465.86,16.75
Móveis,Produto Móveis 88,553.72,474.29,16.75
Iluminação,Produto Iluminação 101,551.1,472.07,16.74
Banheiro,Produto Banheiro 57,791.3,677.87,16.73
Móveis,Produto Móveis 76,773.4,662.61,16.72
Iluminação,Produto Iluminação 96,92.74,79.46,16.71
Decoração,Produto Decoração 34,132.67,113.68,16.7
Jardim,Produto Jardim 85,49.05,42.03,16.7
Jardim,Produto Jardim 85,49.05,42.03,16.7
Jardim,Produto Jardim 114,827.46,709.21,16.67
Cozinha,Produto Cozinha 54,357.67,306.58,16.66
Jardim,Produto Jardim 85,49.05,42.05,16.65
Banheiro,Produto Banheiro 57,791.3,678.42,16.64
Decoração,Produto Decoração 117,496.71,425.86,16.64
Iluminação,Produto Iluminação 81,322.1,276.25,16.6
Móveis,Produto Móveis 71,818.64,702.18,16.59
Jardim,Produto Jardim 85,49.05,42.07,16.59
Móveis,Produto Móveis 26,824.6,707.32,16.58
Decoração,Produto Decoração 117,496.71,426.12,16.57
Outros,Produto Jardim 6,32.19,27.62,16.55
Móveis,Produto Móveis 26,824.6,707.6,16.53
Móveis,Produto Móveis 88,553.72,475.16,16.53
Móveis,Produto Móveis 88,553.72,475.23,16.52
Jardim,Produto Jardim 114,827.46,710.18,16.51
Outros,Produto Jardim 6,32.19,27.63,16.5
Móveis,Produto Móveis 76,773.4,663.9,16.49
Móveis,Produto Móveis 76,773.4,663.98,16.48
Iluminação,Produto Iluminação 96,92.74,79.64,16.45
Decoração,Produto Decoração 99,621.17,533.52,16.43
Móveis,Produto Móveis 76,773.4,664.37,16.41
Decoração,Produto Decoração 117,496.71,426.7,16.41
Outros,Produto Jardim 6,32.19,27.66,16.38
Jardim,Produto Jardim 28,514.25,441.94,16.36
Iluminação,Produto Iluminação 96,92.74,79.7,16.36
Iluminação,Produto Iluminação 101,551.1,473.67,16.35
Móveis,Produto Móveis 35,77.25,66.4,16.34
Banheiro,Produto Banheiro 29,88.89,76.42,16.32
Banheiro,Produto Banheiro 57,791.3,680.47,16.29
Jardim,Produto Jardim 85,49.05,42.18,16.29
Móveis,Produto Móveis 136,690.82,594.22,16.26
Móveis,Produto Móveis 37,19.61,16.87,16.24
Iluminação,Produto Iluminação 81,322.1,277.15,16.22
Decoração,Produto Decoração 117,496.71,427.37,16.22
Jardim,Produto Jardim 28,514.25,442.51,16.21
Jardim,Produto Jardim 114,827.46,712.1,16.2
Cozinha,Produto Cozinha 54,357.67,307.87,16.18
Iluminação,Produto Iluminação 8,166.82,143.6,16.17
Móveis,Produto Móveis 26,824.6,709.89,16.16
Móveis,Produto Móveis 97,766.85,660.21,16.15
Cozinha,Produto Cozinha 54,357.67,307.99,16.13
Jardim,Produto Jardim 46,114.86,98.92,16.11
Iluminação,Produto Iluminação 101,551.1,474.79,16.07
Jardim,Produto Jardim 46,114.86,98.98,16.04
Móveis,Produto Móveis 71,818.64,705.57,16.03
Jardim,Produto Jardim 46,114.86,99.0,16.02
Banheiro,Produto Banheiro 70,318.63,274.69,16.0
Cozinha,Produto Cozinha 129,796.69,686.82,16.0
Jardim,Produto Jardim 114,827.46,713.41,15.99
Móveis,Produto Móveis 35,77.25,66.64,15.92
Cozinha,Produto Cozinha 54,357.67,308.55,15.92
Móveis,Produto Móveis 35,77.25,66.65,15.9
Decoração,Produto Decoração 34,132.67,114.54,15.83
Iluminação,Produto Iluminação 81,322.1,278.13,15.81
Cozinha,Produto Cozinha 129,796.69,687.95,15.81
Iluminação,Produto Iluminação 95,457.26,395.17,15.71
Banheiro,Produto Banheiro 22,43.71,37.78,15.7
Móveis,Produto Móveis 37,19.61,16.95,15.69
Decoração,Produto Decoração 61,689.21,595.9,15.66
Móveis,Produto Móveis 71,818.64,707.85,15.65
Móveis,Produto Móveis 97,766.85,663.05,15.65
Outros,Produto Jardim 6,32.19,27.84,15.62
Iluminação,Produto Iluminação 96,92.74,80.21,15.62
Decoração,Produto Decoração 34,132.67,114.78,15.59
Banheiro,Produto Banheiro 32,707.0,611.84,15.55
Móveis,Produto Móveis 71,818.64,708.58,15.53
Móveis,Produto Móveis 71,818.64,708.6,15.53
Jardim,Produto Jardim 28,514.25,445.59,15.41
Iluminação,Produto Iluminação 95,457.26,396.34,15.37
Iluminação,Produto Iluminação 96,92.74,80.39,15.36
Cozinha,Produto Cozinha 129,796.69,690.74,15.34
Iluminação,Produto Iluminação 101,551.1,477.88,15.32
Banheiro,Produto Banheiro 58,543.89,471.72,15.3
Banheiro,Produto Banheiro 22,43.71,37.92,15.27
Banheiro,Produto Banheiro 57,791.3,686.49,15.27
Cozinha,Produto Cozinha 129,796.69,691.34,15.24
Iluminação,Produto Iluminação 96,92.74,80.48,15.23
Jardim,Produto Jardim 149,657.94,571.04,15.22
Iluminação,Produto Iluminação 81,322.1,279.61,15.2
Jardim,Produto Jardim 149,657.94,571.17,15.19
Jardim,Produto Jardim 46,114.86,99.73,15.17
Banheiro,Produto Banheiro 58,543.89,472.32,15.15
Decoração,Produto Decoração 99,621.17,539.44,15.15
Jardim,Produto Jardim 114,827.46,718.8,15.12
Móveis,Produto Móveis 68,802.33,697.01,15.11
Banheiro,Produto Banheiro 70,318.63,276.81,15.11
Móveis,Produto Móveis 97,766.85,666.32,15.09
Decoração,Produto Decoração 99,621.17,539.87,15.06
Banheiro,Produto Banheiro 29,88.89,77.29,15.01
Jardim,Produto Jardim 121,800.28,695.85,15.01
Iluminação,Produto Iluminação 101,551.1,479.31,14.98
Móveis,Produto Móveis 88,553.72,481.64,14.97
Banheiro,Produto Banheiro 103,521.37,453.61,14.94
Iluminação,Produto Iluminação 101,551.1,479.49,14.93
Banheiro,Produto Banheiro 22,43.71,38.05,14.88
Móveis,Produto Móveis 68,802.33,698.47,14.87
Cozinha,Produto Cozinha 54,357.67,311.4,14.86
Iluminação,Produto Iluminação 95,457.26,398.15,14.85
Outros,Produto Jardim 6,32.19,28.03,14.84
Decoração,Produto Decoração 61,689.21,600.15,14.84
Móveis,Produto Móveis 71,818.64,713.23,14.78
Móveis,Produto Móveis 76,773.4,673.94,14.76
Jardim,Produto Jardim 114,827.46,721.04,14.76
Banheiro,Produto Banheiro 124,372.53,324.64,14.75
Banheiro,Produto Banheiro 103,521.37,454.41,14.74
Jardim,Produto Jardim 114,827.46,721.18,14.74
Móveis,Produto Móveis 35,77.25,67.33,14.73
Banheiro,Produto Banheiro 103,521.37,454.43,14.73
Banheiro,Produto Banheiro 103,521.37,454.42,14.73
Móveis,Produto Móveis 136,690.82,602.11,14.73
Jardim,Produto Jardim 85,49.05,42.76,14.71
Banheiro,Produto Banheiro 57,791.3,689.91,14.7
Banheiro,Produto Banheiro 22,43.71,38.11,14.69
Móveis,Produto Móveis 35,77.25,67.36,14.68
Jardim,Produto Jardim 114,827.46,721.61,14.67
Jardim,Produto Jardim 120,553.97,483.23,14.64
Jardim,Produto Jardim 46,114.86,100.23,14.6
Decoração,Produto Decoração 34,132.67,115.79,14.58
Banheiro,Produto Banheiro 22,43.71,38.15,14.57
Móveis,Produto Móveis 136,690.82,603.05,14.55
Iluminação,Produto Iluminação 95,457.26,399.22,14.54
Jardim,Produto Jardim 149,657.94,574.6,14.5
Jardim,Produto Jardim 46,114.86,100.33,14.48
Cozinha,Produto Cozinha 129,796.69,695.95,14.48
Jardim,Produto Jardim 46,114.86,100.36,14.45
Banheiro,Produto Banheiro 70,318.63,278.45,14.43
Decoração,Produto Decoração 99,621.17,542.83,14.43
Cozinha,Produto Cozinha 129,796.69,696.22,14.43
Móveis,Produto Móveis 136,690.82,603.78,14.42
Cozinha,Produto Cozinha 129,796.69,696.32,14.41
Iluminação,Produto Iluminação 95,457.26,399.8,14.37
Banheiro,Produto Banheiro 124,372.53,325.75,14.36
Móveis,Produto Móveis 88,553.72,484.33,14.33
Móveis,Produto Móveis 136,690.82,604.32,14.31
Iluminação,Produto Iluminação 8,166.82,145.95,14.3
Jardim,Produto Jardim 149,657.94,575.69,14.29
Jardim,Produto Jardim 85,49.05,42.92,14.28
Móveis,Produto Móveis 88,553.72,484.51,14.28
Móveis,Produto Móveis 88,553.72,484.8,14.22
Banheiro,Produto Banheiro 124,372.53,326.16,14.22
Móveis,Produto Móveis 37,19.61,17.17,14.21
Banheiro,Produto Banheiro 58,543.89,476.2,14.21
Iluminação,Produto Iluminação 95,457.26,400.37,14.21
Móveis,Produto Móveis 71,818.64,716.83,14.2
Iluminação,Produto Iluminação 81,322.1,282.05,14.2
Jardim,Produto Jardim 121,800.28,700.77,14.2
Decoração,Produto Decoração 61,689.21,603.59,14.19
Iluminação,Produto Iluminação 96,92.74,81.22,14.18
Jardim,Produto Jardim 28,514.25,450.42,14.17
Outros,Produto Jardim 6,32.19,28.2,14.15
Jardim,Produto Jardim 85,49.05,42.97,14.15
Iluminação,Produto Iluminação 8,166.82,146.18,14.12
Móveis,Produto Móveis 68,802.33,703.13,14.11
Banheiro,Produto Banheiro 103,521.37,456.96,14.1
Móveis,Produto Móveis 35,77.25,67.72,14.07
Jardim,Produto Jardim 85,49.05,43.0,14.07
Jardim,Produto Jardim 149,657.94,576.85,14.06
Decoração,Produto Decoração 34,132.67,116.33,14.05
Banheiro,Produto Banheiro 58,543.89,476.87,14.05
Móveis,Produto Móveis 68,802.33,703.94,13.98
Decoração,Produto Decoração 117,496.71,435.84,13.97
Banheiro,Produto Banheiro 70,318.63,279.6,13.96
Iluminação,Produto Iluminação 95,457.26,401.26,13.96
Iluminação,Produto Iluminação 81,322.1,282.72,13.93
Banheiro,Produto Banheiro 29,88.89,78.03,13.92
Jardim,Produto Jardim 120,553.97,486.26,13.92
Decoração,Produto Decoração 61,689.21,605.1,13.9
Iluminação,Produto Iluminação 8,166.82,146.48,13.89
Iluminação,Produto Iluminação 96,92.74,81.43,13.89
Móveis,Produto Móveis 68,802.33,704.53,13.88
Móveis,Produto Móveis 88,553.72,486.27,13.87
Decoração,Produto Decoração 117,496.71,436.28,13.85
Outros,Produto Jardim 6,32.19,28.28,13.83
Jardim,Produto Jardim 120,553.97,486.73,13.81
Banheiro,Produto Banheiro 22,43.71,38.41,13.8
Outros,Produto Jardim 6,32.19,28.29,13.79
Banheiro,Produto Banheiro 124,372.53,327.45,13.77
Móveis,Produto Móveis 26,824.6,724.83,13.76
Móveis,Produto Móveis 77,135.99,119.55,13.75
Iluminação,Produto Iluminação 96,92.74,81.53,13.75
Decoração,Produto Decoração 61,689.21,606.03,13.73
Móveis,Produto Móveis 37,19.61,17.25,13.68
Iluminação,Produto Iluminação 96,92.74,81.59,13.67
Decoração,Produto Decoração 99,621.17,546.48,13.67
Jardim,Produto Jardim 121,800.28,704.02,13.67
Cozinha,Produto Cozinha 129,796.69,700.96,13.66
Banheiro,Produto Banheiro 57,791.3,696.23,13.65
Banheiro,Produto Banheiro 29,88.89,78.22,13.64
Banheiro,Produto Banheiro 29,88.89,78.23,13.63
Móveis,Produto Móveis 88,553.72,487.33,13.62
Jardim,Produto Jardim 149,657.94,579.07,13.62
Jardim,Produto Jardim 149,657.94,579.05,13.62
Iluminação,Produto Iluminação 101,551.1,485.11,13.6
Jardim,Produto Jardim 120,553.97,487.67,13.6
Banheiro,Produto Banheiro 29,88.89,78.26,13.58
Banheiro,Produto Banheiro 70,318.63,280.55,13.57
Banheiro,Produto Banheiro 32,707.0,622.75,13.53
Jardim,Produto Jardim 66,363.54,320.22,13.53
Móveis,Produto Móveis 76,773.4,681.22,13.53
Jardim,Produto Jardim 66,363.54,320.28,13.51
Banheiro,Produto Banheiro 70,318.63,280.73,13.5
Móveis,Produto Móveis 97,766.85,675.66,13.5
Banheiro,Produto Banheiro 32,707.0,622.96,13.49
Iluminação,Produto Iluminação 95,457.26,402.92,13.49
Banheiro,Produto Banheiro 103,521.37,459.45,13.48
Decoração,Produto Decoração 117,496.71,437.8,13.46
Móveis,Produto Móveis 77,135.99,119.87,13.45
Jardim,Produto Jardim 121,800.28,705.48,13.44
Cozinha,Produto Cozinha 54,357.67,315.33,13.43
Banheiro,Produto Banheiro 70,318.63,281.03,13.38
Jardim,Produto Jardim 120,553.97,488.68,13.36
Outros,Produto Jardim 6,32.19,28.4,13.35
Decoração,Produto Decoração 99,621.17,548.08,13.34
Jardim,Produto Jardim 85,49.05,43.28,13.33
Cozinha,Produto Cozinha 129,796.69,703.02,13.32
Móveis,Produto Móveis 97,766.85,676.77,13.31
Móveis,Produto Móveis 71,818.64,722.75,13.27
Móveis,Produto Móveis 68,802.33,708.37,13.26
Jardim,Produto Jardim 66,363.54,321.04,13.24
Móveis,Produto Móveis 26,824.6,728.3,13.22
Móveis,Produto Móveis 26,824.6,728.33,13.22
Jardim,Produto Jardim 85,49.05,43.35,13.15
Jardim,Produto Jardim 7,710.09,627.6,13.14
Decoração,Produto Decoração 34,132.67,117.27,13.13
Banheiro,Produto Banheiro 29,88.89,78.58,13.12
Banheiro,Produto Banheiro 57,791.3,699.6,13.11
Iluminação,Produto Iluminação 100,755.72,668.2,13.1
Jardim,Produto Jardim 149,657.94,581.75,13.1
Banheiro,Produto Banheiro 32,707.0,625.19,13.09
Cozinha,Produto Cozinha 129,796.69,704.53,13.08
Banheiro,Produto Banheiro 29,88.89,78.62,13.06
Jardim,Produto Jardim 66,363.54,321.55,13.06
Iluminação,Produto Iluminação 101,551.1,487.64,13.01
Decoração,Produto Decoração 64,698.04,617.85,12.98
Móveis,Produto Móveis 136,690.82,611.47,12.98
Jardim,Produto Jardim 28,514.25,455.2,12.97
Banheiro,Produto Banheiro 58,543.89,481.46,12.97
Decoração,Produto Decoração 61,689.21,610.06,12.97
Jardim,Produto Jardim 66,363.54,321.84,12.96
Móveis,Produto Móveis 77,135.99,120.4,12.95
Banheiro,Produto Banheiro 103,521.37,461.63,12.94
Jardim,Produto Jardim 120,553.97,490.62,12.91
Jardim,Produto Jardim 85,49.05,43.46,12.86
Decoração,Produto Decoração 34,132.67,117.56,12.85
Decoração,Produto Decoração 34,132.67,117.56,12.85
Decoração,Produto Decoração 64,698.04,618.53,12.85
Banheiro,Produto Banheiro 144,403.77,357.83,12.84
Jardim,Produto Jardim 7,710.09,629.41,12.82
Iluminação,Produto Iluminação 96,92.74,82.21,12.81
Móveis,Produto Móveis 136,690.82,612.37,12.81
Banheiro,Produto Banheiro 32,707.0,626.78,12.8
Iluminação,Produto Iluminação 95,457.26,405.37,12.8
Iluminação,Produto Iluminação 101,551.1,488.56,12.8
Banheiro,Produto Banheiro 124,372.53,330.26,12.8
Iluminação,Produto Iluminação 96,92.74,82.23,12.78
Banheiro,Produto Banheiro 32,707.0,626.93,12.77
Banheiro,Produto Banheiro 32,707.0,626.97,12.76
Decoração,Produto Decoração 61,689.21,611.27,12.75
Móveis,Produto Móveis 76,773.4,686.07,12.73
Jardim,Produto Jardim 85,49.05,43.53,12.68
Banheiro,Produto Banheiro 124,372.53,330.68,12.66
Banheiro,Produto Banheiro 22,43.71,38.8,12.65
Iluminação,Produto Iluminação 81,322.1,285.94,12.65
Iluminação,Produto Iluminação 82,544.0,482.93,12.65
Móveis,Produto Móveis 35,77.25,68.59,12.63
Jardim,Produto Jardim 46,114.86,101.98,12.63
Banheiro,Produto Banheiro 58,543.89,482.92,12.63
Banheiro,Produto Banheiro 124,372.53,330.75,12.63
Móveis,Produto Móveis 136,690.82,613.37,12.63
Banheiro,Produto Banheiro 70,318.63,282.95,12.61
Iluminação,Produto Iluminação 95,457.26,406.05,12.61
Outros,Produto Banheiro 3,145.28,129.04,12.59
Banheiro,Produto Banheiro 103,521.37,463.06,12.59
Jardim,Produto Jardim 28,514.25,456.79,12.58
Jardim,Produto Jardim 7,710.09,630.81,12.57
Iluminação,Produto Iluminação 81,322.1,286.14,12.57
Móveis,Produto Móveis 71,818.64,727.4,12.54
Iluminação,Produto Iluminação 82,544.0,483.41,12.53
Jardim,Produto Jardim 121,800.28,711.22,12.52
Jardim,Produto Jardim 46,114.86,102.1,12.5
Móveis,Produto Móveis 26,824.6,733.02,12.49
Banheiro,Produto Banheiro 32,707.0,628.52,12.49
Iluminação,Produto Iluminação 81,322.1,286.39,12.47
Iluminação,Produto Iluminação 82,544.0,483.78,12.45
Outros,Produto Banheiro 3,145.28,129.25,12.4
Banheiro,Produto Banheiro 57,791.3,704.06,12.39
Móveis,Produto Móveis 77,135.99,121.0,12.39
Decoração,Produto Decoração 99,621.17,552.71,12.39
Banheiro,Produto Banheiro 70,318.63,283.53,12.38
Jardim,Produto Jardim 120,553.97,492.96,12.38
Banheiro,Produto Banheiro 124,372.53,331.5,12.38
Móveis,Produto Móveis 97,766.85,682.43,12.37
Iluminação,Produto Iluminação 100,755.72,672.58,12.36
Jardim,Produto Jardim 149,657.94,585.61,12.35
Iluminação,Produto Iluminação 100,755.72,672.76,12.33
Banheiro,Produto Banheiro 29,88.89,79.14,12.32
Móveis,Produto Móveis 26,824.6,734.25,12.31
Jardim,Produto Jardim 114,827.46,736.75,12.31
Móveis,Produto Móveis 97,766.85,682.84,12.3
Outros,Produto Jardim 6,32.19,28.67,12.28
Jardim,Produto Jardim 93,230.38,205.2,12.27
Iluminação,Produto Iluminação 95,457.26,407.3,12.27
Cozinha,Produto Cozinha 129,796.69,709.68,12.26
Móveis,Produto Móveis 136,690.82,615.38,12.26
Móveis,Produto Móveis 18,821.3,731.88,12.22
Decoração,Produto Decoração 34,132.67,118.22,12.22
Banheiro,Produto Banheiro 57,791.3,705.16,12.22
Jardim,Produto Jardim 149,657.94,586.28,12.22
Banheiro,Produto Banheiro 144,403.77,359.88,12.2
Jardim,Produto Jardim 46,114.86,102.38,12.19
Decoração,Produto Decoração 61,689.21,614.49,12.16
Jardim,Produto Jardim 93,230.38,205.41,12.16
Iluminação,Produto Iluminação 100,755.72,673.78,12.16
Banheiro,Produto Banheiro 70,318.63,284.11,12.15
Iluminação,Produto Iluminação 81,322.1,287.2,12.15
Decoração,Produto Decoração 117,496.71,442.89,12.15
Jardim,Produto Jardim 121,800.28,713.55,12.15
Móveis,Produto Móveis 68,802.33,715.45,12.14
Banheiro,Produto Banheiro 103,521.37,464.91,12.14
Decoração,Produto Decoração 99,621.17,554.03,12.12
Decoração,Produto Decoração 99,621.17,554.0,12.12
Decoração,Produto Decoração 117,496.71,443.01,12.12
Iluminação,Produto Iluminação 82,544.0,485.23,12.11
Jardim,Produto Jardim 85,49.05,43.75,12.11
Jardim,Produto Jardim 66,363.54,324.3,12.1
Jardim,Produto Jardim 114,827.46,738.14,12.1
Móveis,Produto Móveis 136,690.82,616.31,12.09
Móveis,Produto Móveis 71,818.64,730.43,12.08
Iluminação,Produto Iluminação 81,322.1,287.43,12.06
Banheiro,Produto Banheiro 144,403.77,360.35,12.05
Banheiro,Produto Banheiro 70,318.63,284.38,12.04
Jardim,Produto Jardim 93,230.38,205.62,12.04
Banheiro,Produto Banheiro 22,43.71,39.03,11.99
Móveis,Produto Móveis 77,135.99,121.47,11.95
Iluminação,Produto Iluminação 100,755.72,675.07,11.95
Móveis,Produto Móveis 97,766.85,685.05,11.94
Jardim,Produto Jardim 120,553.97,494.87,11.94
Jardim,Produto Jardim 149,657.94,587.81,11.93
Móveis,Produto Móveis 35,77.25,69.02,11.92
Decoração,Produto Decoração 117,496.71,443.94,11.89
Móveis,Produto Móveis 68,802.33,717.17,11.87
Banheiro,Produto Banheiro 57,791.3,707.38,11.86
Banheiro,Produto Banheiro 57,791.3,707.57,11.83
Cozinha,Produto Cozinha 129,796.69,712.47,11.82
Banheiro,Produto Banheiro 144,403.77,361.09,11.82
Móveis,Produto Móveis 18,821.3,734.52,11.81
Jardim,Produto Jardim 7,710.09,635.17,11.8
Móveis,Produto Móveis 26,824.6,737.55,11.8
Jardim,Produto Jardim 92,787.12,704.04,11.8
Iluminação,Produto Iluminação 101,551.1,492.93,11.8
Outros,Produto Banheiro 3,145.28,129.96,11.79
Banheiro,Produto Banheiro 103,521.37,466.38,11.79
Decoração,Produto Decoração 64,698.04,624.47,11.78
Móveis,Produto Móveis 71,818.64,732.55,11.75
Móveis,Produto Móveis 37,19.61,17.55,11.74
Banheiro,Produto Banheiro 143,497.86,445.59,11.73
Iluminação,Produto Iluminação 95,457.26,409.28,11.72
Banheiro,Produto Banheiro 103,521.37,466.67,11.72
Decoração,Produto Decoração 64,698.04,624.86,11.71
Móveis,Produto Móveis 35,77.25,69.16,11.7
Banheiro,Produto Banheiro 103,521.37,466.77,11.7
Outros,Produto Banheiro 3,145.28,130.08,11.69
Iluminação,Produto Iluminação 81,322.1,288.41,11.68
Banheiro,Produto Banheiro 58,543.89,487.08,11.66
Iluminação,Produto Iluminação 8,166.82,149.41,11.65
Móveis,Produto Móveis 18,821.3,735.59,11.65
Banheiro,Produto Banheiro 29,88.89,79.62,11.64
Móveis,Produto Móveis 97,766.85,686.89,11.64
Decoração,Produto Decoração 61,689.21,617.45,11.62
Iluminação,Produto Iluminação 101,551.1,493.74,11.62
Decoração,Produto Decoração 64,698.04,625.46,11.6
Móveis,Produto Móveis 77,135.99,121.87,11.59
Decoração,Produto Decoração 126,260.86,233.79,11.58
Móveis,Produto Móveis 37,19.61,17.58,11.55
Móveis,Produto Móveis 88,553.72,496.38,11.55
Banheiro,Produto Banheiro 22,43.71,39.19,11.53
Móveis,Produto Móveis 35,77.25,69.27,11.52
Jardim,Produto Jardim 114,827.46,741.98,11.52
Banheiro,Produto Banheiro 143,497.86,446.52,11.5
Iluminação,Produto Iluminação 8,166.82,149.63,11.49
Banheiro,Produto Banheiro 70,318.63,285.78,11.49
Decoração,Produto Decoração 64,698.04,626.18,11.48
Decoração,Produto Decoração 99,621.17,557.24,11.47
Banheiro,Produto Banheiro 32,707.0,634.3,11.46
Jardim,Produto Jardim 46,114.86,103.05,11.46
Decoração,Produto Decoração 123,27.91,25.04,11.46
Banheiro,Produto Banheiro 32,707.0,634.34,11.45
Móveis,Produto Móveis 26,824.6,739.95,11.44
Móveis,Produto Móveis 71,818.64,734.63,11.44
Móveis,Produto Móveis 136,690.82,619.9,11.44
Móveis,Produto Móveis 136,690.82,619.97,11.43
Outros,Produto Jardim 6,32.19,28.89,11.42
Outros,Produto Jardim 6,32.19,28.89,11.42
Jardim,Produto Jardim 98,298.09,267.54,11.42
Decoração,Produto Decoração 64,698.04,626.55,11.41
Iluminação,Produto Iluminação 82,544.0,488.27,11.41
Outros,Produto Banheiro 3,145.28,130.43,11.39
Cozinha,Produto Cozinha 131,528.53,474.48,11.39
Banheiro,Produto Banheiro 143,497.86,446.96,11.39
Banheiro,Produto Banheiro 29,88.89,79.81,11.38
Jardim,Produto Jardim 98,298.09,267.64,11.38
Jardim,Produto Jardim 120,553.97,497.36,11.38
Jardim,Produto Jardim 114,827.46,743.06,11.36
Jardim,Produto Jardim 120,553.97,497.46,11.36
Móveis,Produto Móveis 26,824.6,740.55,11.35
Cozinha,Produto Cozinha 54,357.67,321.21,11.35
Jardim,Produto Jardim 93,230.38,206.89,11.35
Banheiro,Produto Banheiro 103,521.37,468.23,11.35
Jardim,Produto Jardim 98,298.09,267.77,11.32
Iluminação,Produto Iluminação 95,457.26,410.82,11.3
Jardim,Produto Jardim 46,114.86,103.22,11.28
Móveis,Produto Móveis 77,135.99,122.2,11.28
Jardim,Produto Jardim 98,298.09,267.88,11.28
Jardim,Produto Jardim 93,230.38,207.05,11.27
Banheiro,Produto Banheiro 144,403.77,362.95,11.25
Móveis,Produto Móveis 68,802.33,721.28,11.24
Móveis,Produto Móveis 37,19.61,17.63,11.23
Decoração,Produto Decoração 34,132.67,119.3,11.21
Cozinha,Produto Cozinha 54,357.67,321.63,11.21
Iluminação,Produto Iluminação 96,92.74,83.4,11.2
Móveis,Produto Móveis 97,766.85,689.68,11.19
Banheiro,Produto Banheiro 32,707.0,635.94,11.17
Decoração,Produto Decoração 99,621.17,558.74,11.17
Banheiro,Produto Banheiro 144,403.77,363.27,11.15
Banheiro,Produto Banheiro 32,707.0,636.14,11.14
Móveis,Produto Móveis 71,818.64,736.56,11.14
Iluminação,Produto Iluminação 100,755.72,680.02,11.13
Banheiro,Produto Banheiro 124,372.53,335.21,11.13
Jardim,Produto Jardim 149,657.94,592.05,11.13
Iluminação,Produto Iluminação 82,544.0,489.55,11.12
Banheiro,Produto Banheiro 22,43.71,39.34,11.11
Outros,Produto Banheiro 3,145.28,130.77,11.1
Banheiro,Produto Banheiro 32,707.0,636.38,11.1
Banheiro,Produto Banheiro 143,497.86,448.11,11.1
Decoração,Produto Decoração 64,698.04,628.44,11.08
Móveis,Produto Móveis 18,821.3,739.46,11.07
Banheiro,Produto Banheiro 144,403.77,363.54,11.07
Decoração,Produto Decoração 99,621.17,559.34,11.05
Jardim,Produto Jardim 121,800.28,720.64,11.05
Móveis,Produto Móveis 35,77.25,69.57,11.04
Iluminação,Produto Iluminação 82,544.0,489.9,11.04
Jardim,Produto Jardim 114,827.46,745.17,11.04
Banheiro,Produto Banheiro 124,372.53,335.51,11.03
Jardim,Produto Jardim 149,657.94,592.6,11.03
Banheiro,Produto Banheiro 22,43.71,39.37,11.02
Móveis,Produto Móveis 35,77.25,69.58,11.02
Jardim,Produto Jardim 120,553.97,499.09,11.0
Jardim,Produto Jardim 121,800.28,721.0,11.0
Móveis,Produto Móveis 37,19.61,17.67,10.98
Decoração,Produto Decoração 64,698.04,628.97,10.98
Jardim,Produto Jardim 149,657.94,592.83,10.98
Jardim,Produto Jardim 46,114.86,103.51,10.97
Cozinha,Produto Cozinha 74,523.99,472.17,10.97
Iluminação,Produto Iluminação 82,544.0,490.21,10.97
Decoração,Produto Decoração 123,27.91,25.15,10.97
Jardim,Produto Jardim 66,363.54,327.64,10.96
Jardim,Produto Jardim 149,657.94,592.97,10.96
Jardim,Produto Jardim 114,827.46,745.88,10.94
Iluminação,Produto Iluminação 81,322.1,290.37,10.93
Iluminação,Produto Iluminação 81,322.1,290.36,10.93
Jardim,Produto Jardim 114,827.46,746.04,10.91
Jardim,Produto Jardim 46,114.86,103.57,10.9
Banheiro,Produto Banheiro 32,707.0,637.71,10.87
Móveis,Produto Móveis 88,553.72,499.44,10.87
Jardim,Produto Jardim 149,657.94,593.55,10.85
Móveis,Produto Móveis 18,821.3,741.17,10.81
Jardim,Produto Jardim 85,49.05,44.27,10.8
Banheiro,Produto Banheiro 103,521.37,470.68,10.77
Outros,Produto Decoração 5,516.93,466.71,10.76
Jardim,Produto Jardim 149,657.94,594.03,10.76
Móveis,Produto Móveis 76,773.4,698.3,10.75
Jardim,Produto Jardim 85,49.05,44.29,10.75
Móveis,Produto Móveis 26,824.6,744.65,10.74
Cozinha,Produto Cozinha 54,357.67,322.99,10.74
Jardim,Produto Jardim 93,230.38,208.05,10.73
Móveis,Produto Móveis 97,766.85,692.63,10.72
Banheiro,Produto Banheiro 58,543.89,491.28,10.71
Cozinha,Produto Cozinha 74,523.99,473.44,10.68
Banheiro,Produto Banheiro 143,497.86,449.95,10.65
Móveis,Produto Móveis 136,690.82,624.38,10.64
Outros,Produto Banheiro 3,145.28,131.32,10.63
Decoração,Produto Decoração 99,621.17,561.5,10.63
Móveis,Produto Móveis 18,821.3,742.47,10.62
Iluminação,Produto Iluminação 100,755.72,683.19,10.62
Móveis,Produto Móveis 71,818.64,740.27,10.59
Decoração,Produto Decoração 64,698.04,631.24,10.58
Decoração,Produto Decoração 64,698.04,631.39,10.56
Banheiro,Produto Banheiro 22,43.71,39.54,10.55
Jardim,Produto Jardim 92,787.12,712.03,10.55
Jardim,Produto Jardim 120,553.97,501.09,10.55
Decoração,Produto Decoração 34,132.67,120.02,10.54
Jardim,Produto Jardim 120,553.97,501.13,10.54
Decoração,Produto Decoração 117,496.71,449.38,10.53
Banheiro,Produto Banheiro 124,372.53,337.05,10.53
Decoração,Produto Decoração 126,260.86,236.05,10.51
Cozinha,Produto Cozinha 131,528.53,478.36,10.49
Iluminação,Produto Iluminação 96,92.74,83.95,10.47
Banheiro,Produto Banheiro 143,497.86,450.69,10.47
Decoração,Produto Decoração 34,132.67,120.12,10.45
Móveis,Produto Móveis 68,802.33,726.4,10.45
Decoração,Produto Decoração 61,689.21,624.08,10.44
Iluminação,Produto Iluminação 82,544.0,492.56,10.44
Móveis,Produto Móveis 76,773.4,700.37,10.43
Jardim,Produto Jardim 121,800.28,724.68,10.43
Móveis,Produto Móveis 68,802.33,726.7,10.41
Decoração,Produto Decoração 123,27.91,25.28,10.4
Banheiro,Produto Banheiro 137,739.01,669.38,10.4
Outros,Produto Decoração 5,516.93,468.32,10.38
Jardim,Produto Jardim 92,787.12,713.09,10.38
Jardim,Produto Jardim 98,298.09,270.06,10.38
Móveis,Produto Móveis 97,766.85,694.78,10.37
Banheiro,Produto Banheiro 124,372.53,337.52,10.37
Móveis,Produto Móveis 136,690.82,625.93,10.37
Decoração,Produto Decoração 117,496.71,450.07,10.36
Banheiro,Produto Banheiro 144,403.77,365.96,10.33
Cozinha,Produto Cozinha 129,796.69,722.3,10.3
Móveis,Produto Móveis 68,802.33,727.67,10.26
Iluminação,Produto Iluminação 95,457.26,414.72,10.26
Jardim,Produto Jardim 98,298.09,270.35,10.26
Jardim,Produto Jardim 28,514.25,466.52,10.23
Iluminação,Produto Iluminação 82,544.0,493.5,10.23
Cozinha,Produto Cozinha 129,796.69,722.83,10.22
Decoração,Produto Decoração 34,132.67,120.38,10.21
Iluminação,Produto Iluminação 82,544.0,493.62,10.21
Banheiro,Produto Banheiro 58,543.89,493.53,10.2
Jardim,Produto Jardim 7,710.09,644.45,10.19
Decoração,Produto Decoração 64,698.04,633.87,10.12
Cozinha,Produto Cozinha 75,57.98,52.66,10.1
Banheiro,Produto Banheiro 22,43.71,39.71,10.07
Banheiro,Produto Banheiro 70,318.63,289.54,10.05
Iluminação,Produto Iluminação 82,544.0,494.33,10.05
Jardim,Produto Jardim 120,553.97,503.38,10.05
Móveis,Produto Móveis 26,824.6,749.34,10.04
Móveis,Produto Móveis 97,766.85,696.9,10.04
Jardim,Produto Jardim 28,514.25,467.39,10.03
Jardim,Produto Jardim 93,230.38,209.38,10.03
Jardim,Produto Jardim 121,800.28,727.31,10.03
Banheiro,Produto Banheiro 58,543.89,494.35,10.02
Móveis,Produto Móveis 68,802.33,729.45,9.99
Cozinha,Produto Cozinha 131,528.53,480.53,9.99
Móveis,Produto Móveis 26,824.6,749.77,9.98
Móveis,Produto Móveis 136,690.82,628.19,9.97
Jardim,Produto Jardim 114,827.46,752.53,9.96
Móveis,Produto Móveis 136,690.82,628.25,9.96
Jardim,Produto Jardim 28,514.25,467.71,9.95
Banheiro,Produto Banheiro 32,707.0,643.13,9.93
Jardim,Produto Jardim 7,710.09,646.15,9.9
Banheiro,Produto Banheiro 70,318.63,289.98,9.88
Jardim,Produto Jardim 98,298.09,271.31,9.87
Jardim,Produto Jardim 28,514.25,468.14,9.85
Jardim,Produto Jardim 66,363.54,330.95,9.85
Móveis,Produto Móveis 88,553.72,504.09,9.85
Jardim,Produto Jardim 121,800.28,728.58,9.84
Decoração,Produto Decoração 99,621.17,565.59,9.83
Outros,Produto Banheiro 3,145.28,132.3,9.81
Banheiro,Produto Banheiro 124,372.53,339.28,9.8
Cozinha,Produto Cozinha 54,357.67,325.86,9.76
Banheiro,Produto Banheiro 103,521.37,475.02,9.76
Cozinha,Produto Cozinha 54,357.67,326.01,9.71
Decoração,Produto Decoração 34,132.67,120.94,9.7
Decoração,Produto Decoração 61,689.21,628.26,9.7
Jardim,Produto Jardim 28,514.25,468.85,9.68
Banheiro,Produto Banheiro 58,543.89,495.88,9.68
Móveis,Produto Móveis 97,766.85,699.21,9.67
Cozinha,Produto Cozinha 129,796.69,726.45,9.67
Outros,Produto Jardim 6,32.19,29.36,9.64
Jardim,Produto Jardim 7,710.09,647.67,9.64
Decoração,Produto Decoração 123,27.91,25.47,9.58
Decoração,Produto Decoração 34,132.67,121.09,9.56
Iluminação,Produto Iluminação 100,755.72,689.85,9.55
Decoração,Produto Decoração 61,689.21,629.2,9.54
Decoração,Produto Decoração 34,132.67,121.14,9.52
Jardim,Produto Jardim 120,553.97,505.83,9.52
Outros,Produto Banheiro 3,145.28,132.68,9.5
Jardim,Produto Jardim 120,553.97,505.93,9.5
Decoração,Produto Decoração 126,260.86,238.25,9.49
Móveis,Produto Móveis 18,821.3,750.15,9.48
Jardim,Produto Jardim 149,657.94,601.06,9.46
Decoração,Produto Decoração 123,27.91,25.5,9.45
Decoração,Produto Decoração 99,621.17,567.61,9.44
Móveis,Produto Móveis 26,824.6,753.54,9.43
Banheiro,Produto Banheiro 70,318.63,291.22,9.41
Jardim,Produto Jardim 121,800.28,731.42,9.41
Jardim,Produto Jardim 121,800.28,731.52,9.4
Jardim,Produto Jardim 149,657.94,601.4,9.4
Jardim,Produto Jardim 7,710.09,649.14,9.39
Jardim,Produto Jardim 98,298.09,272.52,9.38
Cozinha,Produto Cozinha 54,357.67,327.04,9.37
Decoração,Produto Decoração 34,132.67,121.31,9.36
Móveis,Produto Móveis 136,690.82,631.71,9.36
Outros,Produto Decoração 5,516.93,472.71,9.35
Decoração,Produto Decoração 61,689.21,630.26,9.35
Banheiro,Produto Banheiro 137,739.01,675.87,9.34
Jardim,Produto Jardim 149,657.94,601.72,9.34
Jardim,Produto Jardim 40,314.32,287.51,9.32
Móveis,Produto Móveis 88,553.72,506.5,9.32
Decoração,Produto Decoração 126,260.86,238.62,9.32
Decoração,Produto Decoração 64,698.04,638.6,9.31
Móveis,Produto Móveis 68,802.33,733.99,9.31
Banheiro,Produto Banheiro 144,403.77,369.39,9.31
Jardim,Produto Jardim 28,514.25,470.59,9.28
Banheiro,Produto Banheiro 137,739.01,676.23,9.28
Outros,Produto Jardim 6,32.19,29.46,9.27
Banheiro,Produto Banheiro 124,372.53,340.94,9.27
Jardim,Produto Jardim 28,514.25,470.73,9.25
Decoração,Produto Decoração 61,689.21,630.87,9.25
Jardim,Produto Jardim 7,710.09,650.03,9.24
Iluminação,Produto Iluminação 100,755.72,691.79,9.24
Jardim,Produto Jardim 92,787.12,720.62,9.23
Decoração,Produto Decoração 117,496.71,454.72,9.23
Banheiro,Produto Banheiro 124,372.53,341.19,9.19
Banheiro,Produto Banheiro 58,543.89,498.17,9.18
Jardim,Produto Jardim 91,299.79,274.61,9.17
Iluminação,Produto Iluminação 100,755.72,692.23,9.17
Móveis,Produto Móveis 26,824.6,755.44,9.15
Banheiro,Produto Banheiro 32,707.0,647.74,9.15
Banheiro,Produto Banheiro 124,372.53,341.31,9.15
Iluminação,Produto Iluminação 96,92.74,84.98,9.13
Iluminação,Produto Iluminação 96,92.74,84.99,9.12
Móveis,Produto Móveis 136,690.82,633.06,9.12
Decoração,Produto Decoração 123,27.91,25.58,9.11
Jardim,Produto Jardim 28,514.25,471.34,9.1
Jardim,Produto Jardim 40,314.32,288.14,9.09
Móveis,Produto Móveis 77,135.99,124.67,9.08
Iluminação,Produto Iluminação 96,92.74,85.02,9.08
Cozinha,Produto Cozinha 131,528.53,484.63,9.06
Iluminação,Produto Iluminação 96,92.74,85.04,9.05
Banheiro,Produto Banheiro 137,739.01,677.67,9.05
Banheiro,Produto Banheiro 22,43.71,40.09,9.03
Cozinha,Produto Cozinha 75,57.98,53.19,9.01
Decoração,Produto Decoração 34,132.67,121.72,9.0
Iluminação,Produto Iluminação 95,457.26,419.51,9.0
Decoração,Produto Decoração 34,132.67,121.73,8.99
Jardim,Produto Jardim 92,787.12,722.25,8.98
Outros,Produto Banheiro 3,145.28,133.32,8.97
Decoração,Produto Decoração 34,132.67,121.75,8.97
Móveis,Produto Móveis 97,766.85,703.76,8.96
Jardim,Produto Jardim 92,787.12,722.45,8.95
Iluminação,Produto Iluminação 95,457.26,419.68,8.95
Banheiro,Produto Banheiro 103,521.37,478.54,8.95
Banheiro,Produto Banheiro 103,521.37,478.6,8.94
Jardim,Produto Jardim 85,49.05,45.04,8.9
Jardim,Produto Jardim 91,299.79,275.28,8.9
Jardim,Produto Jardim 114,827.46,759.86,8.9
Banheiro,Produto Banheiro 58,543.89,499.59,8.87
Decoração,Produto Decoração 119,249.44,229.12,8.87
Móveis,Produto Móveis 68,802.33,737.0,8.86
Cozinha,Produto Cozinha 33,249.58,229.28,8.85
Cozinha,Produto Cozinha 54,357.67,328.59,8.85
Banheiro,Produto Banheiro 70,318.63,292.75,8.84
Jardim,Produto Jardim 98,298.09,273.89,8.84
Decoração,Produto Decoração 122,778.91,715.63,8.84
Jardim,Produto Jardim 66,363.54,334.03,8.83
Banheiro,Produto Banheiro 103,521.37,479.05,8.83
Cozinha,Produto Cozinha 75,57.98,53.28,8.82
Banheiro,Produto Banheiro 22,43.71,40.17,8.81
Cozinha,Produto Cozinha 131,528.53,485.72,8.81
Iluminação,Produto Iluminação 82,544.0,500.0,8.8
Jardim,Produto Jardim 93,230.38,211.75,8.8
Banheiro,Produto Banheiro 124,372.53,342.42,8.79
Iluminação,Produto Iluminação 95,457.26,420.34,8.78
Banheiro,Produto Banheiro 143,497.86,457.77,8.76
Outros,Produto Jardim 6,32.19,29.6,8.75
Jardim,Produto Jardim 40,314.32,289.04,8.75
Cozinha,Produto Cozinha 54,357.67,328.89,8.75
Jardim,Produto Jardim 66,363.54,334.3,8.75
Decoração,Produto Decoração 99,621.17,571.2,8.75
Banheiro,Produto Banheiro 143,497.86,457.8,8.75
Jardim,Produto Jardim 120,553.97,509.5,8.73
Jardim,Produto Jardim 40,314.32,289.12,8.72
Decoração,Produto Decoração 99,621.17,571.35,8.72
Decoração,Produto Decoração 117,496.71,456.92,8.71
Banheiro,Produto Banheiro 137,739.01,679.85,8.7
Banheiro,Produto Banheiro 144,403.77,371.44,8.7
Jardim,Produto Jardim 121,800.28,736.28,8.69
Banheiro,Produto Banheiro 103,521.37,479.74,8.68
Jardim,Produto Jardim 120,553.97,509.82,8.66
Banheiro,Produto Banheiro 22,43.71,40.23,8.65
Banheiro,Produto Banheiro 22,43.71,40.23,8.65
Iluminação,Produto Iluminação 100,755.72,695.57,8.65
Móveis,Produto Móveis 26,824.6,759.0,8.64
Cozinha,Produto Cozinha 54,357.67,329.24,8.64
Decoração,Produto Decoração 61,689.21,634.41,8.64
Banheiro,Produto Banheiro 144,403.77,371.65,8.64
Jardim,Produto Jardim 7,710.09,653.8,8.61
Jardim,Produto Jardim 40,314.32,289.39,8.61
Cozinha,Produto Cozinha 125,819.62,754.7,8.6
Decoração,Produto Decoração 99,621.17,572.04,8.59
Outros,Produto Jardim 6,32.19,29.65,8.57
Móveis,Produto Móveis 68,802.33,739.01,8.57
Jardim,Produto Jardim 98,298.09,274.6,8.55
Banheiro,Produto Banheiro 22,43.71,40.27,8.54
Decoração,Produto Decoração 122,778.91,717.63,8.54
Banheiro,Produto Banheiro 124,372.53,343.29,8.52
Decoração,Produto Decoração 34,132.67,122.29,8.49
Iluminação,Produto Iluminação 95,457.26,421.57,8.47
Cozinha,Produto Cozinha 33,249.58,230.11,8.46
Cozinha,Produto Cozinha 75,57.98,53.46,8.45
Outros,Produto Banheiro 3,145.28,134.05,8.38
Iluminação,Produto Iluminação 27,799.48,737.74,8.37
Cozinha,Produto Cozinha 131,528.53,487.69,8.37
Móveis,Produto Móveis 136,690.82,637.45,8.37
Iluminação,Produto Iluminação 95,457.26,422.01,8.35
Cozinha,Produto Cozinha 74,523.99,483.67,8.34
Jardim,Produto Jardim 93,230.38,212.67,8.33
Jardim,Produto Jardim 120,553.97,511.39,8.33
Jardim,Produto Jardim 93,230.38,212.68,8.32
Iluminação,Produto Iluminação 95,457.26,422.12,8.32
Móveis,Produto Móveis 18,821.3,758.31,8.31
Jardim,Produto Jardim 66,363.54,335.67,8.3
Decoração,Produto Decoração 61,689.21,636.43,8.29
Jardim,Produto Jardim 121,800.28,739.04,8.29
Banheiro,Produto Banheiro 144,403.77,372.86,8.29
Banheiro,Produto Banheiro 113,236.44,218.36,8.28
Cozinha,Produto Cozinha 131,528.53,488.12,8.28
Banheiro,Produto Banheiro 58,543.89,502.33,8.27
Cozinha,Produto Cozinha 75,57.98,53.55,8.27
Jardim,Produto Jardim 121,800.28,739.21,8.26
Cozinha,Produto Cozinha 129,796.69,735.91,8.26
Cozinha,Produto Cozinha 75,57.98,53.56,8.25
Decoração,Produto Decoração 126,260.86,240.98,8.25
Jardim,Produto Jardim 40,314.32,290.4,8.24
Jardim,Produto Jardim 93,230.38,212.92,8.2
Decoração,Produto Decoração 122,778.91,719.91,8.2
Banheiro,Produto Banheiro 22,43.71,40.4,8.19
Móveis,Produto Móveis 88,553.72,511.85,8.18
Cozinha,Produto Cozinha 74,523.99,484.41,8.17
Cozinha,Produto Cozinha 129,796.69,736.59,8.16
Decoração,Produto Decoração 99,621.17,574.35,8.15
Móveis,Produto Móveis 18,821.3,759.79,8.1
Cozinha,Produto Cozinha 74,523.99,484.75,8.09
Jardim,Produto Jardim 91,299.79,277.36,8.09
Banheiro,Produto Banheiro 58,543.89,503.22,8.08
Móveis,Produto Móveis 88,553.72,512.34,8.08
Banheiro,Produto Banheiro 144,403.77,373.6,8.08
Jardim,Produto Jardim 92,787.12,728.31,8.07
Móveis,Produto Móveis 18,821.3,760.12,8.05
Decoração,Produto Decoração 99,621.17,574.9,8.05
Móveis,Produto Móveis 26,824.6,763.33,8.03
Outros,Produto Decoração 5,516.93,478.55,8.02
Decoração,Produto Decoração 123,27.91,25.84,8.01
Decoração,Produto Decoração 61,689.21,638.18,8.0
Cozinha,Produto Cozinha 74,523.99,485.23,7.99
Banheiro,Produto Banheiro 106,657.47,608.86,7.98
Jardim,Produto Jardim 114,827.46,766.51,7.95
Banheiro,Produto Banheiro 32,707.0,654.99,7.94
Decoração,Produto Decoração 122,778.91,721.71,7.93
Decoração,Produto Decoração 123,27.91,25.86,7.93
Banheiro,Produto Banheiro 70,318.63,295.25,7.92
Iluminação,Produto Iluminação 100,755.72,700.23,7.92
Banheiro,Produto Banheiro 144,403.77,374.22,7.9
Móveis,Produto Móveis 18,821.3,761.22,7.89
Iluminação,Produto Iluminação 27,799.48,741.08,7.88
Cozinha,Produto Cozinha 33,249.58,231.36,7.88
Decoração,Produto Decoração 119,249.44,231.22,7.88
Móveis,Produto Móveis 136,690.82,640.4,7.87
Iluminação,Produto Iluminação 82,544.0,504.45,7.84
Jardim,Produto Jardim 40,314.32,291.6,7.79
Móveis,Produto Móveis 97,766.85,711.41,7.79
Decoração,Produto Decoração 99,621.17,576.38,7.77
Decoração,Produto Decoração 119,249.44,231.46,7.77
Jardim,Produto Jardim 40,314.32,291.7,7.75
Jardim,Produto Jardim 98,298.09,276.66,7.75
Banheiro,Produto Banheiro 22,43.71,40.57,7.74
Móveis,Produto Móveis 88,553.72,513.92,7.74
Jardim,Produto Jardim 114,827.46,768.01,7.74
Outros,Produto Jardim 6,32.19,29.88,7.73
Jardim,Produto Jardim 92,787.12,730.62,7.73
Cozinha,Produto Cozinha 125,819.62,760.87,7.72
Outros,Produto Decoração 5,516.93,479.93,7.71
Cozinha,Produto Cozinha 75,57.98,53.83,7.71
Cozinha,Produto Cozinha 33,249.58,231.74,7.7
Jardim,Produto Jardim 40,314.32,291.9,7.68
Decoração,Produto Decoração 126,260.86,242.25,7.68
Decoração,Produto Decoração 119,249.44,231.69,7.66
Cozinha,Produto Cozinha 129,796.69,739.99,7.66
Cozinha,Produto Cozinha 75,57.98,53.86,7.65
Cozinha,Produto Cozinha 74,523.99,486.81,7.64
Decoração,Produto Decoração 31,339.55,315.49,7.63
Jardim,Produto Jardim 98,298.09,276.97,7.63
Jardim,Produto Jardim 7,710.09,659.79,7.62
Banheiro,Produto Banheiro 70,318.63,296.09,7.61
Jardim,Produto Jardim 92,787.12,731.54,7.6
Decoração,Produto Decoração 117,496.71,461.61,7.6
Decoração,Produto Decoração 123,27.91,25.94,7.59
Iluminação,Produto Iluminação 100,755.72,702.47,7.58
Iluminação,Produto Iluminação 100,755.72,702.57,7.57
Banheiro,Produto Banheiro 124,372.53,346.34,7.56
Decoração,Produto Decoração 31,339.55,315.7,7.55
Decoração,Produto Decoração 123,27.91,25.95,7.55
Banheiro,Produto Banheiro 106,657.47,611.35,7.54
Móveis,Produto Móveis 97,766.85,713.17,7.53
Outros,Produto Banheiro 3,145.28,135.17,7.48
Cozinha,Produto Cozinha 33,249.58,232.2,7.48
Cozinha,Produto Cozinha 54,357.67,332.79,7.48
Móveis,Produto Móveis 77,135.99,126.54,7.47
Decoração,Produto Decoração 126,260.86,242.72,7.47
Banheiro,Produto Banheiro 143,497.86,463.28,7.46
Móveis,Produto Móveis 77,135.99,126.6,7.42
Cozinha,Produto Cozinha 125,819.62,762.98,7.42
Jardim,Produto Jardim 40,314.32,292.64,7.41
Banheiro,Produto Banheiro 106,657.47,612.1,7.41
Decoração,Produto Decoração 119,249.44,232.26,7.4
Móveis,Produto Móveis 136,690.82,643.35,7.38
Decoração,Produto Decoração 61,689.21,641.91,7.37
Móveis,Produto Móveis 97,766.85,714.18,7.37
Jardim,Produto Jardim 66,363.54,338.65,7.35
Jardim,Produto Jardim 93,230.38,214.61,7.35
Jardim,Produto Jardim 66,363.54,338.74,7.32
Cozinha,Produto Cozinha 33,249.58,232.58,7.31
Cozinha,Produto Cozinha 54,357.67,333.35,7.3
Decoração,Produto Decoração 123,27.91,26.01,7.3
Banheiro,Produto Banheiro 137,739.01,688.83,7.28
Jardim,Produto Jardim 40,314.32,293.03,7.27
Decoração,Produto Decoração 122,778.91,726.14,7.27
Banheiro,Produto Banheiro 124,372.53,347.32,7.26
Decoração,Produto Decoração 34,132.67,123.7,7.25
Outros,Produto Jardim 6,32.19,30.02,7.23
Banheiro,Produto Banheiro 124,372.53,347.5,7.2
Jardim,Produto Jardim 66,363.54,339.16,7.19
Jardim,Produto Jardim 98,298.09,278.13,7.18
Jardim,Produto Jardim 98,298.09,278.13,7.18
Jardim,Produto Jardim 121,800.28,746.81,7.16
Jardim,Produto Jardim 92,787.12,734.58,7.15
Decoração,Produto Decoração 64,698.04,651.57,7.13
Móveis,Produto Móveis 26,824.6,769.84,7.11
Móveis,Produto Móveis 77,135.99,126.96,7.11
Iluminação,Produto Iluminação 27,799.48,746.51,7.1
Móveis,Produto Móveis 97,766.85,716.08,7.09
Jardim,Produto Jardim 93,230.38,215.15,7.08
Cozinha,Produto Cozinha 125,819.62,765.42,7.08
Cozinha,Produto Cozinha 54,357.67,334.04,7.07
Jardim,Produto Jardim 7,710.09,663.32,7.05
Banheiro,Produto Banheiro 103,521.37,487.12,7.03
Decoração,Produto Decoração 64,698.04,652.31,7.01
Iluminação,Produto Iluminação 82,544.0,508.4,7.0
Banheiro,Produto Banheiro 103,521.37,487.24,7.0
Decoração,Produto Decoração 117,496.71,464.22,7.0
Decoração,Produto Decoração 61,689.21,644.21,6.99
Decoração,Produto Decoração 99,621.17,580.6,6.99
Jardim,Produto Jardim 40,314.32,293.8,6.98
Móveis,Produto Móveis 136,690.82,645.82,6.97
Cozinha,Produto Cozinha 54,357.67,334.39,6.96
Decoração,Produto Decoração 117,496.71,464.45,6.95
Iluminação,Produto Iluminação 95,457.26,427.58,6.94
Banheiro,Produto Banheiro 106,657.47,614.81,6.94
Decoração,Produto Decoração 119,249.44,233.26,6.94
Cozinha,Produto Cozinha 131,528.53,494.23,6.94
Outros,Produto Decoração 5,516.93,483.43,6.93
Decoração,Produto Decoração 117,496.71,464.58,6.92
Móveis,Produto Móveis 77,135.99,127.2,6.91
Móveis,Produto Móveis 97,766.85,717.33,6.9
Banheiro,Produto Banheiro 113,236.44,221.2,6.89
Móveis,Produto Móveis 88,553.72,518.12,6.87
Banheiro,Produto Banheiro 106,657.47,615.28,6.86
Móveis,Produto Móveis 88,553.72,518.31,6.83
Iluminação,Produto Iluminação 27,799.48,748.44,6.82
Móveis,Produto Móveis 68,802.33,751.12,6.82
Decoração,Produto Decoração 61,689.21,645.29,6.81
Jardim,Produto Jardim 121,800.28,749.27,6.81
Cozinha,Produto Cozinha 131,528.53,494.81,6.81
Móveis,Produto Móveis 68,802.33,751.25,6.8
Móveis,Produto Móveis 88,553.72,518.51,6.79
Iluminação,Produto Iluminação 82,544.0,509.5,6.77
Iluminação,Produto Iluminação 82,544.0,509.54,6.76
Cozinha,Produto Cozinha 74,523.99,490.85,6.75
Móveis,Produto Móveis 18,821.3,769.43,6.74
Jardim,Produto Jardim 91,299.79,280.86,6.74
Iluminação,Produto Iluminação 100,755.72,707.97,6.74
Cozinha,Produto Cozinha 131,528.53,495.2,6.73
Jardim,Produto Jardim 91,299.79,281.0,6.69
Móveis,Produto Móveis 68,802.33,752.25,6.66
Banheiro,Produto Banheiro 106,657.47,616.42,6.66
Cozinha,Produto Cozinha 125,819.62,768.44,6.66
Jardim,Produto Jardim 66,363.54,340.88,6.65
Jardim,Produto Jardim 121,800.28,750.44,6.64
Outros,Produto Decoração 5,516.93,484.8,6.63
Móveis,Produto Móveis 18,821.3,770.21,6.63
Banheiro,Produto Banheiro 113,236.44,221.75,6.62
Móveis,Produto Móveis 118,178.03,166.97,6.62
Jardim,Produto Jardim 7,710.09,666.25,6.58
Jardim,Produto Jardim 120,553.97,519.78,6.58
Jardim,Produto Jardim 98,298.09,279.74,6.56
Decoração,Produto Decoração 64,698.04,655.16,6.54
Cozinha,Produto Cozinha 75,57.98,54.42,6.54
Banheiro,Produto Banheiro 22,43.71,41.03,6.53
Banheiro,Produto Banheiro 144,403.77,379.01,6.53
Outros,Produto Decoração 5,516.93,485.44,6.49
Cozinha,Produto Cozinha 129,796.69,748.14,6.49
Iluminação,Produto Iluminação 100,755.72,709.7,6.48
Móveis,Produto Móveis 88,553.72,520.07,6.47
Jardim,Produto Jardim 91,299.79,281.58,6.47
Banheiro,Produto Banheiro 144,403.77,379.23,6.47
Decoração,Produto Decoração 64,698.04,655.66,6.46
Banheiro,Produto Banheiro 113,236.44,222.1,6.46
Outros,Produto Banheiro 3,145.28,136.5,6.43
Móveis,Produto Móveis 68,802.33,753.96,6.42
Decoração,Produto Decoração 122,778.91,731.99,6.41
Decoração,Produto Decoração 123,27.91,26.23,6.4
Jardim,Produto Jardim 23,231.08,217.2,6.39
Banheiro,Produto Banheiro 70,318.63,299.49,6.39
Iluminação,Produto Iluminação 82,544.0,511.34,6.39
Iluminação,Produto Iluminação 100,755.72,710.42,6.38
Móveis,Produto Móveis 68,802.33,754.28,6.37
Cozinha,Produto Cozinha 74,523.99,492.61,6.37
Móveis,Produto Móveis 88,553.72,520.55,6.37
Móveis,Produto Móveis 77,135.99,127.87,6.35
Outros,Produto Jardim 6,32.19,30.27,6.34
Banheiro,Produto Banheiro 32,707.0,664.85,6.34
Decoração,Produto Decoração 119,249.44,234.57,6.34
Móveis,Produto Móveis 88,553.72,520.77,6.33
Cozinha,Produto Cozinha 74,523.99,492.83,6.32
Jardim,Produto Jardim 93,230.38,216.69,6.32
Jardim,Produto Jardim 66,363.54,341.95,6.31
Banheiro,Produto Banheiro 144,403.77,379.79,6.31
Cozinha,Produto Cozinha 125,819.62,771.08,6.3
Móveis,Produto Móveis 26,824.6,775.82,6.29
Cozinha,Produto Cozinha 131,528.53,497.25,6.29
Iluminação,Produto Iluminação 96,92.74,87.26,6.28
Jardim,Produto Jardim 98,298.09,280.48,6.28
Decoração,Produto Decoração 123,27.91,26.26,6.28
Decoração,Produto Decoração 139,681.58,641.3,6.28
Banheiro,Produto Banheiro 13,395.82,372.51,6.26
Banheiro,Produto Banheiro 113,236.44,222.51,6.26
Móveis,Produto Móveis 118,178.03,167.58,6.24
Decoração,Produto Decoração 123,27.91,26.27,6.24
Banheiro,Produto Banheiro 106,657.47,618.94,6.23
Banheiro,Produto Banheiro 144,403.77,380.1,6.23
Banheiro,Produto Banheiro 106,657.47,618.97,6.22
Banheiro,Produto Banheiro 137,739.01,695.84,6.2
Móveis,Produto Móveis 26,824.6,776.78,6.16
Móveis,Produto Móveis 18,821.3,773.71,6.15
Banheiro,Produto Banheiro 70,318.63,300.17,6.15
Decoração,Produto Decoração 122,778.91,733.81,6.15
Banheiro,Produto Banheiro 113,236.44,222.79,6.13
Decoração,Produto Decoração 31,339.55,319.99,6.11
Decoração,Produto Decoração 61,689.21,649.52,6.11
Móveis,Produto Móveis 18,821.3,774.18,6.09
Decoração,Produto Decoração 119,249.44,235.14,6.08
Banheiro,Produto Banheiro 32,707.0,666.54,6.07
Decoração,Produto Decoração 139,681.58,642.57,6.07
Outros,Produto Jardim 6,32.19,30.35,6.06
Cozinha,Produto Cozinha 129,796.69,751.14,6.06
Jardim,Produto Jardim 66,363.54,342.79,6.05
Jardim,Produto Jardim 66,363.54,342.83,6.04
Banheiro,Produto Banheiro 32,707.0,666.78,6.03
Iluminação,Produto Iluminação 100,755.72,712.74,6.03
Móveis,Produto Móveis 68,802.33,756.81,6.01
Móveis,Produto Móveis 88,553.72,522.35,6.01
Decoração,Produto Decoração 64,698.04,658.55,6.0
Outros,Produto Jardim 6,32.19,30.37,5.99
Jardim,Produto Jardim 7,710.09,670.17,5.96
Jardim,Produto Jardim 40,314.32,296.71,5.94
Jardim,Produto Jardim 121,800.28,755.43,5.94
Jardim,Produto Jardim 92,787.12,743.06,5.93
Jardim,Produto Jardim 98,298.09,281.41,5.93
Decoração,Produto Decoração 139,681.58,643.41,5.93
Decoração,Produto Decoração 119,249.44,235.5,5.92
Jardim,Produto Jardim 92,787.12,743.21,5.91
Jardim,Produto Jardim 7,710.09,670.62,5.89
Banheiro,Produto Banheiro 13,395.82,373.9,5.86
Iluminação,Produto Iluminação 111,564.11,532.9,5.86
Outros,Produto Decoração 5,516.93,488.4,5.84
Iluminação,Produto Iluminação 111,564.11,532.98,5.84
Banheiro,Produto Banheiro 143,497.86,470.46,5.82
Jardim,Produto Jardim 7,710.09,671.09,5.81
Iluminação,Produto Iluminação 27,799.48,755.69,5.79
Banheiro,Produto Banheiro 22,43.71,41.32,5.78
Banheiro,Produto Banheiro 43,274.67,259.66,5.78
Banheiro,Produto Banheiro 106,657.47,621.52,5.78
Móveis,Produto Móveis 97,766.85,725.0,5.77
Banheiro,Produto Banheiro 144,403.77,381.86,5.74
Banheiro,Produto Banheiro 144,403.77,381.87,5.73
Móveis,Produto Móveis 68,802.33,758.91,5.72
Banheiro,Produto Banheiro 13,395.82,374.44,5.71
Cozinha,Produto Cozinha 42,291.3,275.59,5.7
Banheiro,Produto Banheiro 137,739.01,699.28,5.68
Banheiro,Produto Banheiro 13,395.82,374.58,5.67
Outros,Produto Decoração 5,516.93,489.23,5.66
Banheiro,Produto Banheiro 32,707.0,669.1,5.66
Banheiro,Produto Banheiro 32,707.0,669.12,5.66
Decoração,Produto Decoração 126,260.86,246.89,5.66
Iluminação,Produto Iluminação 27,799.48,756.87,5.63
Iluminação,Produto Iluminação 82,544.0,515.06,5.62
Cozinha,Produto Cozinha 129,796.69,754.47,5.6
Jardim,Produto Jardim 120,553.97,524.62,5.59
Decoração,Produto Decoração 122,778.91,737.91,5.56
Outros,Produto Banheiro 3,145.28,137.64,5.55
Móveis,Produto Móveis 77,135.99,128.85,5.54
Iluminação,Produto Iluminação 96,92.74,87.87,5.54
Iluminação,Produto Iluminação 111,564.11,534.49,5.54
Decoração,Produto Decoração 119,249.44,236.34,5.54
Decoração,Produto Decoração 34,132.67,125.72,5.53
Cozinha,Produto Cozinha 131,528.53,500.83,5.53
Decoração,Produto Decoração 139,681.58,645.84,5.53
Banheiro,Produto Banheiro 43,274.67,260.29,5.52
Jardim,Produto Jardim 7,710.09,673.02,5.51
Jardim,Produto Jardim 7,710.09,672.98,5.51
Jardim,Produto Jardim 93,230.38,218.35,5.51
Iluminação,Produto Iluminação 27,799.48,757.81,5.5
Cozinha,Produto Cozinha 33,249.58,236.56,5.5
Cozinha,Produto Cozinha 69,448.19,424.91,5.48
Cozinha,Produto Cozinha 33,249.58,236.63,5.47
Jardim,Produto Jardim 91,299.79,284.27,5.46
Cozinha,Produto Cozinha 131,528.53,501.18,5.46
Banheiro,Produto Banheiro 22,43.71,41.45,5.45
Decoração,Produto Decoração 31,339.55,321.99,5.45
Iluminação,Produto Iluminação 95,457.26,433.62,5.45
Decoração,Produto Decoração 122,778.91,738.69,5.44
Jardim,Produto Jardim 40,314.32,298.12,5.43
Decoração,Produto Decoração 139,681.58,646.53,5.42
Banheiro,Produto Banheiro 13,395.82,375.5,5.41
Banheiro,Produto Banheiro 70,318.63,302.27,5.41
Cozinha,Produto Cozinha 33,249.58,236.79,5.4
Jardim,Produto Jardim 40,314.32,298.25,5.39
Cozinha,Produto Cozinha 125,819.62,777.67,5.39
Cozinha,Produto Cozinha 69,448.19,425.29,5.38
Jardim,Produto Jardim 92,787.12,746.92,5.38
Decoração,Produto Decoração 139,681.58,646.86,5.37
Móveis,Produto Móveis 68,802.33,761.55,5.35
Iluminação,Produto Iluminação 82,544.0,516.53,5.32
Banheiro,Produto Banheiro 103,521.37,495.14,5.3
Banheiro,Produto Banheiro 113,236.44,224.57,5.29
Jardim,Produto Jardim 23,231.08,219.49,5.28
Cozinha,Produto Cozinha 75,57.98,55.07,5.28
Banheiro,Produto Banheiro 143,497.86,472.88,5.28
Banheiro,Produto Banheiro 32,707.0,671.61,5.27
Cozinha,Produto Cozinha 42,291.3,276.72,5.27
Jardim,Produto Jardim 121,800.28,760.23,5.27
Iluminação,Produto Iluminação 95,457.26,434.41,5.26
Decoração,Produto Decoração 119,249.44,236.98,5.26
Cozinha,Produto Cozinha 125,819.62,778.76,5.25
Jardim,Produto Jardim 92,787.12,747.92,5.24
Iluminação,Produto Iluminação 111,564.11,536.03,5.24
Jardim,Produto Jardim 98,298.09,283.28,5.23
Cozinha,Produto Cozinha 33,249.58,237.19,5.22
Móveis,Produto Móveis 97,766.85,728.84,5.22
Outros,Produto Decoração 5,516.93,491.36,5.2
Decoração,Produto Decoração 10,375.67,357.17,5.18
Jardim,Produto Jardim 93,230.38,219.07,5.16
Decoração,Produto Decoração 126,260.86,248.07,5.16
Banheiro,Produto Banheiro 113,236.44,224.89,5.14
Cozinha,Produto Cozinha 129,796.69,757.72,5.14
Decoração,Produto Decoração 122,778.91,740.94,5.12
Jardim,Produto Jardim 66,363.54,345.88,5.11
Jardim,Produto Jardim 91,299.79,285.21,5.11
Móveis,Produto Móveis 18,821.3,781.58,5.08
Banheiro,Produto Banheiro 70,318.63,303.24,5.08
Banheiro,Produto Banheiro 106,657.47,625.73,5.07
Banheiro,Produto Banheiro 113,236.44,225.08,5.05
Jardim,Produto Jardim 7,710.09,676.04,5.04
Cozinha,Produto Cozinha 129,796.69,758.44,5.04
Decoração,Produto Decoração 31,339.55,323.31,5.02
Outros,Produto Banheiro 3,145.28,138.39,4.98
Decoração,Produto Decoração 64,698.04,664.98,4.97
Iluminação,Produto Iluminação 95,457.26,435.67,4.96
Banheiro,Produto Banheiro 22,43.71,41.65,4.95
Banheiro,Produto Banheiro 137,739.01,704.23,4.94
Iluminação,Produto Iluminação 145,254.26,242.33,4.92
Jardim,Produto Jardim 98,298.09,284.15,4.91
Outros,Produto Decoração 5,516.93,492.78,4.9
Cozinha,Produto Cozinha 75,57.98,55.27,4.9
Iluminação,Produto Iluminação 100,755.72,720.59,4.88
Banheiro,Produto Banheiro 137,739.01,704.64,4.88
Banheiro,Produto Banheiro 144,403.77,385.01,4.87
Iluminação,Produto Iluminação 27,799.48,762.39,4.86
Iluminação,Produto Iluminação 82,544.0,518.79,4.86
Decoração,Produto Decoração 122,778.91,742.78,4.86
Banheiro,Produto Banheiro 144,403.77,385.05,4.86
Móveis,Produto Móveis 118,178.03,169.79,4.85
Cozinha,Produto Cozinha 74,523.99,499.8,4.84
Banheiro,Produto Banheiro 144,403.77,385.12,4.84
Banheiro,Produto Banheiro 70,318.63,304.01,4.81
Banheiro,Produto Banheiro 106,657.47,627.34,4.8
Banheiro,Produto Banheiro 144,403.77,385.3,4.79
Iluminação,Produto Iluminação 27,799.48,763.02,4.78
Móveis,Produto Móveis 26,824.6,787.06,4.77
Iluminação,Produto Iluminação 145,254.26,242.7,4.76
Móveis,Produto Móveis 26,824.6,787.32,4.74
Banheiro,Produto Banheiro 113,236.44,225.77,4.73
Jardim,Produto Jardim 7,710.09,678.07,4.72
Banheiro,Produto Banheiro 13,395.82,378.01,4.71
Decoração,Produto Decoração 31,339.55,324.32,4.7
Banheiro,Produto Banheiro 32,707.0,675.29,4.7
Jardim,Produto Jardim 92,787.12,751.79,4.7
Jardim,Produto Jardim 59,686.07,655.46,4.67
Cozinha,Produto Cozinha 74,523.99,500.62,4.67
Cozinha,Produto Cozinha 125,819.62,783.02,4.67
Decoração,Produto Decoração 10,375.67,358.93,4.66
Banheiro,Produto Banheiro 13,395.82,378.19,4.66
Cozinha,Produto Cozinha 33,249.58,238.46,4.66
Decoração,Produto Decoração 84,282.85,270.27,4.65
Decoração,Produto Decoração 122,778.91,744.29,4.65
Decoração,Produto Decoração 126,260.86,249.26,4.65
Móveis,Produto Móveis 26,824.6,788.07,4.64
Decoração,Produto Decoração 119,249.44,238.47,4.6
Decoração,Produto Decoração 126,260.86,249.39,4.6
Jardim,Produto Jardim 66,363.54,347.59,4.59
Banheiro,Produto Banheiro 43,274.67,262.63,4.58
Jardim,Produto Jardim 59,686.07,656.09,4.57
Móveis,Produto Móveis 97,766.85,733.41,4.56
Banheiro,Produto Banheiro 113,236.44,226.17,4.54
Cozinha,Produto Cozinha 69,448.19,428.77,4.53
Banheiro,Produto Banheiro 70,318.63,304.83,4.53
Iluminação,Produto Iluminação 27,799.48,764.88,4.52
Iluminação,Produto Iluminação 86,580.77,555.65,4.52
Cozinha,Produto Cozinha 75,57.98,55.48,4.51
Móveis,Produto Móveis 77,135.99,130.12,4.51
Iluminação,Produto Iluminação 86,580.77,555.76,4.5
Cozinha,Produto Cozinha 125,819.62,784.29,4.5
Decoração,Produto Decoração 123,27.91,26.71,4.49
Jardim,Produto Jardim 59,686.07,656.67,4.48
Jardim,Produto Jardim 92,787.12,753.5,4.46
Cozinha,Produto Cozinha 42,291.3,278.88,4.45
Iluminação,Produto Iluminação 145,254.26,243.42,4.45
Cozinha,Produto Cozinha 42,291.3,278.93,4.43
Jardim,Produto Jardim 92,787.12,753.75,4.43
Iluminação,Produto Iluminação 111,564.11,540.19,4.43
Decoração,Produto Decoração 126,260.86,249.83,4.42
Cozinha,Produto Cozinha 74,523.99,501.87,4.41
Cozinha,Produto Cozinha 75,57.98,55.53,4.41
Decoração,Produto Decoração 139,681.58,652.8,4.41
Banheiro,Produto Banheiro 13,395.82,379.15,4.4
Cozinha,Produto Cozinha 69,448.19,429.35,4.39
Banheiro,Produto Banheiro 106,657.47,629.82,4.39
Decoração,Produto Decoração 31,339.55,325.3,4.38
Jardim,Produto Jardim 40,314.32,301.13,4.38
Decoração,Produto Decoração 123,27.91,26.74,4.38
Banheiro,Produto Banheiro 43,274.67,263.2,4.36
Cozinha,Produto Cozinha 131,528.53,506.46,4.36
Cozinha,Produto Cozinha 131,528.53,506.46,4.36
Decoração,Produto Decoração 61,689.21,660.5,4.35
Decoração,Produto Decoração 84,282.85,271.06,4.35
Decoração,Produto Decoração 31,339.55,325.43,4.34
Jardim,Produto Jardim 93,230.38,220.82,4.33
Banheiro,Produto Banheiro 106,657.47,630.37,4.3
Cozinha,Produto Cozinha 69,448.19,429.81,4.28
Decoração,Produto Decoração 61,689.21,660.99,4.27
Banheiro,Produto Banheiro 137,739.01,708.88,4.25
Iluminação,Produto Iluminação 111,564.11,541.14,4.24
Cozinha,Produto Cozinha 129,796.69,764.25,4.24
Cozinha,Produto Cozinha 131,528.53,507.1,4.23
Jardim,Produto Jardim 93,230.38,221.08,4.21
Móveis,Produto Móveis 150,535.11,513.49,4.21
Móveis,Produto Móveis 18,821.3,788.28,4.19
Móveis,Produto Móveis 150,535.11,513.61,4.19
Jardim,Produto Jardim 98,298.09,286.12,4.18
Móveis,Produto Móveis 97,766.85,736.15,4.17
Decoração,Produto Decoração 61,689.21,661.7,4.16
Decoração,Produto Decoração 119,249.44,239.47,4.16
Jardim,Produto Jardim 92,787.12,755.77,4.15
Iluminação,Produto Iluminação 82,544.0,522.39,4.14
Iluminação,Produto Iluminação 82,544.0,522.36,4.14
Móveis,Produto Móveis 150,535.11,513.83,4.14
Outros,Produto Decoração 5,516.93,496.44,4.13
Cozinha,Produto Cozinha 42,291.3,279.76,4.12
Iluminação,Produto Iluminação 82,544.0,522.45,4.12
Iluminação,Produto Iluminação 100,755.72,725.89,4.11
Cozinha,Produto Cozinha 42,291.3,279.85,4.09
Jardim,Produto Jardim 87,442.6,425.22,4.09
Decoração,Produto Decoração 139,681.58,654.8,4.09
Jardim,Produto Jardim 59,686.07,659.2,4.08
Decoração,Produto Decoração 84,282.85,271.76,4.08
Jardim,Produto Jardim 91,299.79,288.04,4.08
Banheiro,Produto Banheiro 137,739.01,710.14,4.07
Decoração,Produto Decoração 31,339.55,326.31,4.06
Decoração,Produto Decoração 64,698.04,670.83,4.06
Outros,Produto Decoração 5,516.93,496.82,4.05
Cozinha,Produto Cozinha 42,291.3,280.08,4.01
Jardim,Produto Jardim 92,787.12,756.74,4.01
Jardim,Produto Jardim 87,442.6,425.6,3.99
Banheiro,Produto Banheiro 103,521.37,501.39,3.98
Decoração,Produto Decoração 123,27.91,26.85,3.95
Cozinha,Produto Cozinha 131,528.53,508.45,3.95
Jardim,Produto Jardim 23,231.08,222.32,3.94
Jardim,Produto Jardim 121,800.28,769.97,3.94
Cozinha,Produto Cozinha 74,523.99,504.23,3.92
Cozinha,Produto Cozinha 33,249.58,240.18,3.91
Cozinha,Produto Cozinha 42,291.3,280.36,3.9
Jardim,Produto Jardim 7,710.09,683.55,3.88
Cozinha,Produto Cozinha 69,448.19,431.51,3.87
Iluminação,Produto Iluminação 100,755.72,727.57,3.87
Iluminação,Produto Iluminação 86,580.77,559.21,3.86
Cozinha,Produto Cozinha 74,523.99,504.55,3.85
Móveis,Produto Móveis 77,135.99,130.95,3.85
Outros,Produto Decoração 5,516.93,497.79,3.84
Decoração,Produto Decoração 64,698.04,672.22,3.84
Outros,Produto Banheiro 3,145.28,139.94,3.82
Iluminação,Produto Iluminação 100,755.72,727.98,3.81
Cozinha,Produto Cozinha 74,523.99,504.81,3.8
Móveis,Produto Móveis 77,135.99,131.06,3.76
Iluminação,Produto Iluminação 100,755.72,728.34,3.76
Decoração,Produto Decoração 126,260.86,251.4,3.76
Decoração,Produto Decoração 84,282.85,272.63,3.75
Decoração,Produto Decoração 122,778.91,750.88,3.73
Móveis,Produto Móveis 77,135.99,131.11,3.72
Jardim,Produto Jardim 91,299.79,289.04,3.72
Banheiro,Produto Banheiro 143,497.86,480.01,3.72
Jardim,Produto Jardim 7,710.09,684.73,3.7
Móveis,Produto Móveis 77,135.99,131.14,3.7
Jardim,Produto Jardim 87,442.6,426.8,3.7
Jardim,Produto Jardim 87,442.6,426.8,3.7
Móveis,Produto Móveis 127,725.7,699.79,3.7
Jardim,Produto Jardim 93,230.38,222.19,3.69
Outros,Produto Decoração 5,516.93,498.57,3.68
Móveis,Produto Móveis 127,725.7,700.12,3.65
Outros,Produto Banheiro 3,145.28,140.18,3.64
Móveis,Produto Móveis 118,178.03,171.78,3.64
Banheiro,Produto Banheiro 13,395.82,381.94,3.63
Banheiro,Produto Banheiro 103,521.37,503.1,3.63
Banheiro,Produto Banheiro 143,497.86,480.46,3.62
Iluminação,Produto Iluminação 27,799.48,771.73,3.6
Cozinha,Produto Cozinha 131,528.53,510.23,3.59
Cozinha,Produto Cozinha 42,291.3,281.22,3.58
Jardim,Produto Jardim 121,800.28,772.61,3.58
Jardim,Produto Jardim 121,800.28,772.88,3.55
Decoração,Produto Decoração 64,698.04,674.18,3.54
Cozinha,Produto Cozinha 75,57.98,56.0,3.54
Jardim,Produto Jardim 87,442.6,427.64,3.5
Jardim,Produto Jardim 87,442.6,427.62,3.5
Decoração,Produto Decoração 139,681.58,658.66,3.48
Cozinha,Produto Cozinha 42,291.3,281.52,3.47
Jardim,Produto Jardim 66,363.54,351.35,3.47
Cozinha,Produto Cozinha 69,448.19,433.14,3.47
Outros,Produto Banheiro 3,145.28,140.43,3.45
Cozinha,Produto Cozinha 75,57.98,56.05,3.44
Jardim,Produto Jardim 92,787.12,761.04,3.43
Iluminação,Produto Iluminação 27,799.48,773.05,3.42
Jardim,Produto Jardim 59,686.07,663.52,3.4
Jardim,Produto Jardim 91,299.79,289.92,3.4
Jardim,Produto Jardim 40,314.32,304.0,3.39
Jardim,Produto Jardim 91,299.79,289.95,3.39
Banheiro,Produto Banheiro 137,739.01,714.79,3.39
Iluminação,Produto Iluminação 86,580.77,561.84,3.37
Jardim,Produto Jardim 87,442.6,428.15,3.37
Banheiro,Produto Banheiro 13,395.82,382.97,3.36
Jardim,Produto Jardim 98,298.09,288.4,3.36
Jardim,Produto Jardim 98,298.09,288.46,3.34
Jardim,Produto Jardim 92,787.12,761.78,3.33
Iluminação,Produto Iluminação 111,564.11,545.92,3.33
Outros,Produto Banheiro 3,145.28,140.64,3.3
Decoração,Produto Decoração 119,249.44,241.46,3.3
Decoração,Produto Decoração 139,681.58,659.83,3.3
Decoração,Produto Decoração 10,375.67,363.69,3.29
Decoração,Produto Decoração 31,339.55,328.76,3.28
Iluminação,Produto Iluminação 100,755.72,731.69,3.28
Iluminação,Produto Iluminação 145,254.26,246.2,3.27
Outros,Produto Decoração 5,516.93,500.59,3.26
Decoração,Produto Decoração 147,701.87,679.72,3.26
Iluminação,Produto Iluminação 111,564.11,546.4,3.24
Cozinha,Produto Cozinha 33,249.58,241.76,3.23
Jardim,Produto Jardim 93,230.38,223.19,3.22
Banheiro,Produto Banheiro 143,497.86,482.34,3.22
Jardim,Produto Jardim 98,298.09,288.83,3.21
Banheiro,Produto Banheiro 113,236.44,229.09,3.21
Móveis,Produto Móveis 77,135.99,131.79,3.19
Cozinha,Produto Cozinha 69,448.19,434.36,3.18
Móveis,Produto Móveis 77,135.99,131.82,3.16
Móveis,Produto Móveis 77,135.99,131.83,3.16
Cozinha,Produto Cozinha 42,291.3,282.41,3.15
Iluminação,Produto Iluminação 86,580.77,563.04,3.15
Móveis,Produto Móveis 18,821.3,796.31,3.14
Jardim,Produto Jardim 93,230.38,223.36,3.14
Decoração,Produto Decoração 126,260.86,252.91,3.14
Cozinha,Produto Cozinha 69,448.19,434.57,3.13
Iluminação,Produto Iluminação 27,799.48,775.28,3.12
Jardim,Produto Jardim 92,787.12,763.29,3.12
Jardim,Produto Jardim 98,298.09,289.07,3.12
Jardim,Produto Jardim 23,231.08,224.12,3.11
Iluminação,Produto Iluminação 111,564.11,547.08,3.11
Decoração,Produto Decoração 123,27.91,27.07,3.1
Decoração,Produto Decoração 147,701.87,680.76,3.1
Cozinha,Produto Cozinha 74,523.99,508.37,3.07
Banheiro,Produto Banheiro 143,497.86,483.02,3.07
Banheiro,Produto Banheiro 13,395.82,384.15,3.04
Jardim,Produto Jardim 40,314.32,305.09,3.03
Decoração,Produto Decoração 84,282.85,274.53,3.03
Cozinha,Produto Cozinha 33,249.58,242.31,3.0
Móveis,Produto Móveis 18,821.3,797.57,2.98
Jardim,Produto Jardim 91,299.79,291.11,2.98
Jardim,Produto Jardim 92,787.12,764.39,2.97
Outros,Produto Banheiro 3,145.28,141.13,2.94
Banheiro,Produto Banheiro 13,395.82,384.52,2.94
Banheiro,Produto Banheiro 13,395.82,384.57,2.93
Móveis,Produto Móveis 77,135.99,132.12,2.93
Decoração,Produto Decoração 126,260.86,253.43,2.93
Decoração,Produto Decoração 123,27.91,27.12,2.91
Decoração,Produto Decoração 10,375.67,365.09,2.9
Decoração,Produto Decoração 126,260.86,253.5,2.9
Cozinha,Produto Cozinha 125,819.62,796.6,2.89
Jardim,Produto Jardim 65,20.81,20.23,2.87
Móveis,Produto Móveis 18,821.3,798.43,2.86
Móveis,Produto Móveis 118,178.03,173.08,2.86
Cozinha,Produto Cozinha 42,291.3,283.26,2.84
Jardim,Produto Jardim 7,710.09,690.64,2.82
Jardim,Produto Jardim 7,710.09,690.61,2.82
Cozinha,Produto Cozinha 52,277.49,269.87,2.82
Jardim,Produto Jardim 91,299.79,291.56,2.82
Cozinha,Produto Cozinha 33,249.58,242.75,2.81
Decoração,Produto Decoração 122,778.91,757.88,2.77
Iluminação,Produto Iluminação 145,254.26,247.43,2.76
Iluminação,Produto Iluminação 86,580.77,565.28,2.74
Cozinha,Produto Cozinha 125,819.62,798.0,2.71
Decoração,Produto Decoração 147,701.87,683.34,2.71
Decoração,Produto Decoração 10,375.67,365.78,2.7
Jardim,Produto Jardim 91,299.79,291.91,2.7
Iluminação,Produto Iluminação 111,564.11,549.26,2.7
Outros,Produto Banheiro 3,145.28,141.48,2.69
Decoração,Produto Decoração 78,838.02,816.09,2.69
Cozinha,Produto Cozinha 125,819.62,798.14,2.69
Móveis,Produto Móveis 127,725.7,706.66,2.69
Decoração,Produto Decoração 78,838.02,816.23,2.67
Móveis,Produto Móveis 127,725.7,706.8,2.67
Jardim,Produto Jardim 65,20.81,20.27,2.66
Outros,Produto Decoração 5,516.93,503.63,2.64
Móveis,Produto Móveis 63,205.33,200.04,2.64
Banheiro,Produto Banheiro 137,739.01,719.97,2.64
Jardim,Produto Jardim 87,442.6,431.27,2.63
Banheiro,Produto Banheiro 113,236.44,230.37,2.63
Móveis,Produto Móveis 127,725.7,707.13,2.63
Cozinha,Produto Cozinha 131,528.53,514.99,2.63
Iluminação,Produto Iluminação 145,254.26,247.8,2.61
Decoração,Produto Decoração 31,339.55,330.97,2.59
Banheiro,Produto Banheiro 143,497.86,485.32,2.58
Banheiro,Produto Banheiro 43,274.67,267.78,2.57
Iluminação,Produto Iluminação 111,564.11,549.96,2.57
Decoração,Produto Decoração 84,282.85,275.82,2.55
Iluminação,Produto Iluminação 86,580.77,566.33,2.55
Decoração,Produto Decoração 139,681.58,664.62,2.55
Iluminação,Produto Iluminação 27,799.48,779.71,2.54
Móveis,Produto Móveis 118,178.03,173.62,2.54
Jardim,Produto Jardim 59,686.07,669.14,2.53
Móveis,Produto Móveis 118,178.03,173.64,2.53
Jardim,Produto Jardim 55,206.05,200.99,2.52
Jardim,Produto Jardim 91,299.79,292.43,2.52
Banheiro,Produto Banheiro 106,657.47,641.28,2.52
Decoração,Produto Decoração 78,838.02,817.53,2.51
Móveis,Produto Móveis 150,535.11,522.01,2.51
Banheiro,Produto Banheiro 106,657.47,641.47,2.49
Cozinha,Produto Cozinha 131,528.53,515.85,2.46
Iluminação,Produto Iluminação 145,254.26,248.15,2.46
Iluminação,Produto Iluminação 111,564.11,550.63,2.45
Banheiro,Produto Banheiro 106,657.47,641.78,2.44
Móveis,Produto Móveis 18,821.3,801.8,2.43
Banheiro,Produto Banheiro 113,236.44,230.83,2.43
Iluminação,Produto Iluminação 27,799.48,780.88,2.38
Jardim,Produto Jardim 93,230.38,225.03,2.38
Decoração,Produto Decoração 64,698.04,681.85,2.37
Cozinha,Produto Cozinha 131,528.53,516.29,2.37
Jardim,Produto Jardim 66,363.54,355.24,2.34
Móveis,Produto Móveis 77,135.99,132.88,2.34
Jardim,Produto Jardim 40,314.32,307.17,2.33
Banheiro,Produto Banheiro 143,497.86,486.55,2.32
Decoração,Produto Decoração 10,375.67,367.2,2.31
Banheiro,Produto Banheiro 113,236.44,231.12,2.3
Jardim,Produto Jardim 55,206.05,201.43,2.29
Jardim,Produto Jardim 51,41.24,40.32,2.28
Jardim,Produto Jardim 65,20.81,20.35,2.26
Jardim,Produto Jardim 66,363.54,355.5,2.26
Banheiro,Produto Banheiro 113,236.44,231.21,2.26
Cozinha,Produto Cozinha 125,819.62,801.57,2.25
Outros,Produto Banheiro 3,145.28,142.1,2.24
Iluminação,Produto Iluminação 27,799.48,781.98,2.24
Banheiro,Produto Banheiro 137,739.01,722.85,2.24
Móveis,Produto Móveis 18,821.3,803.63,2.2
Iluminação,Produto Iluminação 27,799.48,782.24,2.2
Decoração,Produto Decoração 84,282.85,276.76,2.2
Iluminação,Produto Iluminação 145,254.26,248.78,2.2
Outros,Produto Banheiro 3,145.28,142.18,2.18
Decoração,Produto Decoração 147,701.87,686.88,2.18
Jardim,Produto Jardim 23,231.08,226.18,2.17
Outros,Produto Decoração 5,516.93,505.98,2.16
Jardim,Produto Jardim 91,299.79,293.46,2.16
Banheiro,Produto Banheiro 106,657.47,643.61,2.15
Cozinha,Produto Cozinha 69,448.19,438.86,2.13
Decoração,Produto Decoração 64,698.04,683.56,2.12
Iluminação,Produto Iluminação 27,799.48,783.07,2.1
Jardim,Produto Jardim 66,363.54,356.06,2.1
Jardim,Produto Jardim 91,299.79,293.62,2.1
Banheiro,Produto Banheiro 143,497.86,487.6,2.1
Decoração,Produto Decoração 126,260.86,255.52,2.09
Outros,Produto Banheiro 3,145.28,142.32,2.08
Móveis,Produto Móveis 118,178.03,174.4,2.08
Móveis,Produto Móveis 150,535.11,524.21,2.08
Decoração,Produto Decoração 78,838.02,821.0,2.07
Banheiro,Produto Banheiro 143,497.86,487.84,2.05
Móveis,Produto Móveis 118,178.03,174.53,2.01
Decoração,Produto Decoração 123,27.91,27.36,2.01
Móveis,Produto Móveis 127,725.7,711.4,2.01
Móveis,Produto Móveis 150,535.11,524.6,2.0
Iluminação,Produto Iluminação 27,799.48,783.85,1.99
Banheiro,Produto Banheiro 137,739.01,724.68,1.98
Jardim,Produto Jardim 55,206.05,202.06,1.97
Cozinha,Produto Cozinha 125,819.62,803.76,1.97
Jardim,Produto Jardim 65,20.81,20.41,1.96
Jardim,Produto Jardim 59,686.07,672.99,1.94
Cozinha,Produto Cozinha 75,57.98,56.88,1.93
Móveis,Produto Móveis 150,535.11,525.01,1.92
Decoração,Produto Decoração 10,375.67,368.64,1.91
Decoração,Produto Decoração 84,282.85,277.55,1.91
Cozinha,Produto Cozinha 74,523.99,514.23,1.9
Cozinha,Produto Cozinha 131,528.53,518.7,1.9
Banheiro,Produto Banheiro 143,497.86,488.58,1.9
Banheiro,Produto Banheiro 13,395.82,388.49,1.89
Cozinha,Produto Cozinha 74,523.99,514.35,1.87
Jardim,Produto Jardim 23,231.08,226.87,1.86
Jardim,Produto Jardim 91,299.79,294.32,1.86
Banheiro,Produto Banheiro 137,739.01,725.5,1.86
Banheiro,Produto Banheiro 106,657.47,645.5,1.85
Iluminação,Produto Iluminação 111,564.11,553.91,1.84
Outros,Produto Decoração 5,516.93,507.65,1.83
Jardim,Produto Jardim 55,206.05,202.35,1.83
Móveis,Produto Móveis 18,821.3,806.65,1.82
Cozinha,Produto Cozinha 74,523.99,514.61,1.82
Cozinha,Produto Cozinha 125,819.62,805.01,1.81
Jardim,Produto Jardim 93,230.38,226.31,1.8
Iluminação,Produto Iluminação 145,254.26,249.76,1.8
Iluminação,Produto Iluminação 145,254.26,249.84,1.77
Jardim,Produto Jardim 51,41.24,40.53,1.75
Outros,Produto Decoração 5,516.93,508.09,1.74
Banheiro,Produto Banheiro 43,274.67,269.98,1.74
Banheiro,Produto Banheiro 143,497.86,489.33,1.74
Jardim,Produto Jardim 91,299.79,294.71,1.72
Banheiro,Produto Banheiro 113,236.44,232.44,1.72
Decoração,Produto Decoração 123,27.91,27.44,1.71
Banheiro,Produto Banheiro 137,739.01,726.7,1.69
Móveis,Produto Móveis 18,821.3,807.72,1.68
Jardim,Produto Jardim 51,41.24,40.56,1.68
Cozinha,Produto Cozinha 131,528.53,519.82,1.68
Banheiro,Produto Banheiro 143,497.86,489.62,1.68
Cozinha,Produto Cozinha 33,249.58,245.49,1.67
Jardim,Produto Jardim 93,230.38,226.59,1.67
Móveis,Produto Móveis 127,725.7,713.82,1.66
Cozinha,Produto Cozinha 73,252.84,248.73,1.65
Jardim,Produto Jardim 23,231.08,227.35,1.64
Móveis,Produto Móveis 63,205.33,202.03,1.63
Cozinha,Produto Cozinha 73,252.84,248.8,1.62
Iluminação,Produto Iluminação 145,254.26,250.24,1.61
Decoração,Produto Decoração 119,249.44,245.51,1.6
Iluminação,Produto Iluminação 145,254.26,250.25,1.6
Cozinha,Produto Cozinha 75,57.98,57.08,1.58
Móveis,Produto Móveis 63,205.33,202.15,1.57
Decoração,Produto Decoração 123,27.91,27.48,1.56
Iluminação,Produto Iluminação 86,580.77,571.88,1.55
Jardim,Produto Jardim 92,787.12,775.21,1.54
Decoração,Produto Decoração 122,778.91,767.12,1.54
Outros,Produto Decoração 5,516.93,509.12,1.53
Decoração,Produto Decoração 84,282.85,278.6,1.53
Cozinha,Produto Cozinha 33,249.58,245.84,1.52
Cozinha,Produto Cozinha 75,57.98,57.11,1.52
Móveis,Produto Móveis 63,205.33,202.27,1.51
Decoração,Produto Decoração 126,260.86,256.98,1.51
Iluminação,Produto Iluminação 111,564.11,555.79,1.5
Jardim,Produto Jardim 23,231.08,227.68,1.49
Decoração,Produto Decoração 31,339.55,334.58,1.49
Iluminação,Produto Iluminação 145,254.26,250.59,1.46
Cozinha,Produto Cozinha 19,269.35,265.49,1.45
Decoração,Produto Decoração 123,27.91,27.51,1.45
Iluminação,Produto Iluminação 86,580.77,572.53,1.44
Cozinha,Produto Cozinha 33,249.58,246.07,1.43
Decoração,Produto Decoração 122,778.91,767.94,1.43
Decoração,Produto Decoração 126,260.86,257.18,1.43
Cozinha,Produto Cozinha 75,57.98,57.17,1.42
Jardim,Produto Jardim 23,231.08,227.9,1.4
Cozinha,Produto Cozinha 69,448.19,442.01,1.4
Cozinha,Produto Cozinha 73,252.84,249.41,1.38
Cozinha,Produto Cozinha 75,57.98,57.19,1.38
Banheiro,Produto Banheiro 137,739.01,728.98,1.38
Cozinha,Produto Cozinha 33,249.58,246.21,1.37
Móveis,Produto Móveis 150,535.11,527.9,1.37
Decoração,Produto Decoração 139,681.58,672.5,1.35
Iluminação,Produto Iluminação 145,254.26,250.95,1.32
Cozinha,Produto Cozinha 73,252.84,249.56,1.31
Iluminação,Produto Iluminação 86,580.77,573.27,1.31
Móveis,Produto Móveis 118,178.03,175.75,1.3
Jardim,Produto Jardim 23,231.08,228.17,1.28
Cozinha,Produto Cozinha 42,291.3,287.62,1.28
Banheiro,Produto Banheiro 137,739.01,729.7,1.28
Outros,Produto Banheiro 1,327.74,323.63,1.27
Cozinha,Produto Cozinha 33,249.58,246.45,1.27
Decoração,Produto Decoração 31,339.55,335.38,1.24
Jardim,Produto Jardim 55,206.05,203.54,1.23
Decoração,Produto Decoração 10,375.67,371.15,1.22
Banheiro,Produto Banheiro 113,236.44,233.61,1.21
Banheiro,Produto Banheiro 137,739.01,730.25,1.2
Decoração,Produto Decoração 84,282.85,279.53,1.19
Móveis,Produto Móveis 127,725.7,717.2,1.19
Cozinha,Produto Cozinha 74,523.99,517.88,1.18
Jardim,Produto Jardim 40,314.32,310.72,1.16
Decoração,Produto Decoração 123,27.91,27.59,1.16
Iluminação,Produto Iluminação 111,564.11,557.75,1.14
Outros,Produto Banheiro 1,327.74,324.07,1.13
Móveis,Produto Móveis 63,205.33,203.03,1.13
Decoração,Produto Decoração 122,778.91,770.18,1.13
Iluminação,Produto Iluminação 145,254.26,251.43,1.13
Jardim,Produto Jardim 65,20.81,20.58,1.12
Decoração,Produto Decoração 84,282.85,279.73,1.12
Iluminação,Produto Iluminação 111,564.11,557.88,1.12
Outros,Produto Banheiro 1,327.74,324.13,1.11
Móveis,Produto Móveis 118,178.03,176.08,1.11
Banheiro,Produto Banheiro 143,497.86,492.4,1.11
Outros,Produto Decoração 5,516.93,511.3,1.1
Cozinha,Produto Cozinha 75,57.98,57.35,1.1
Iluminação,Produto Iluminação 111,564.11,557.98,1.1
Móveis,Produto Móveis 150,535.11,529.27,1.1
Decoração,Produto Decoração 126,260.86,258.05,1.09
Jardim,Produto Jardim 51,41.24,40.8,1.08
Móveis,Produto Móveis 118,178.03,176.13,1.08
Cozinha,Produto Cozinha 125,819.62,810.83,1.08
Outros,Produto Banheiro 1,327.74,324.26,1.07
Jardim,Produto Jardim 59,686.07,678.83,1.07
Móveis,Produto Móveis 150,535.11,529.47,1.07
Iluminação,Produto Iluminação 86,580.77,574.68,1.06
Decoração,Produto Decoração 122,778.91,770.71,1.06
Cozinha,Produto Cozinha 125,819.62,811.02,1.06
Banheiro,Produto Banheiro 143,497.86,492.66,1.06
Outros,Produto Banheiro 1,327.74,324.36,1.04
Banheiro,Produto Banheiro 43,274.67,271.83,1.04
Jardim,Produto Jardim 59,686.07,679.01,1.04
Jardim,Produto Jardim 91,299.79,296.71,1.04
Decoração,Produto Decoração 130,491.0,485.93,1.04
Banheiro,Produto Banheiro 62,280.53,277.68,1.03
Iluminação,Produto Iluminação 86,580.77,574.9,1.02
Cozinha,Produto Cozinha 52,277.49,274.74,1.0
Decoração,Produto Decoração 10,375.67,371.97,0.99
Cozinha,Produto Cozinha 33,249.58,247.19,0.97
Cozinha,Produto Cozinha 42,291.3,288.49,0.97
Decoração,Produto Decoração 122,778.91,771.43,0.97
Cozinha,Produto Cozinha 33,249.58,247.22,0.95
Cozinha,Produto Cozinha 42,291.3,288.65,0.92
Cozinha,Produto Cozinha 52,277.49,274.97,0.92
Decoração,Produto Decoração 119,249.44,247.19,0.91
Cozinha,Produto Cozinha 75,57.98,57.46,0.9
Cozinha,Produto Cozinha 19,269.35,266.97,0.89
Decoração,Produto Decoração 78,838.02,830.69,0.88
Banheiro,Produto Banheiro 113,236.44,234.38,0.88
Jardim,Produto Jardim 59,686.07,680.14,0.87
Cozinha,Produto Cozinha 125,819.62,812.55,0.87
Iluminação,Produto Iluminação 86,580.77,575.86,0.85
Jardim,Produto Jardim 51,41.24,40.9,0.83
Decoração,Produto Decoração 147,701.87,696.07,0.83
Decoração,Produto Decoração 84,282.85,280.75,0.75
Cozinha,Produto Cozinha 125,819.62,813.49,0.75
Banheiro,Produto Banheiro 30,52.76,52.37,0.74
Cozinha,Produto Cozinha 75,57.98,57.56,0.73
Decoração,Produto Decoração 126,260.86,259.03,0.71
Cozinha,Produto Cozinha 131,528.53,524.81,0.71
Decoração,Produto Decoração 126,260.86,259.04,0.7
Móveis,Produto Móveis 63,205.33,203.95,0.68
Banheiro,Produto Banheiro 106,657.47,653.06,0.68
Banheiro,Produto Banheiro 30,52.76,52.41,0.67
Iluminação,Produto Iluminação 145,254.26,252.56,0.67
Móveis,Produto Móveis 150,535.11,531.54,0.67
Iluminação,Produto Iluminação 12,258.94,257.25,0.66
Móveis,Produto Móveis 118,178.03,176.88,0.65
Iluminação,Produto Iluminação 145,254.26,252.62,0.65
Banheiro,Produto Banheiro 62,280.53,278.78,0.63
Decoração,Produto Decoração 126,260.86,259.23,0.63
Decoração,Produto Decoração 78,838.02,832.85,0.62
Decoração,Produto Decoração 122,778.91,774.08,0.62
Banheiro,Produto Banheiro 137,739.01,734.55,0.61
Móveis,Produto Móveis 150,535.11,531.91,0.6
Outros,Produto Banheiro 1,327.74,325.81,0.59
Outros,Produto Decoração 5,516.93,513.98,0.57
Jardim,Produto Jardim 23,231.08,229.76,0.57
Decoração,Produto Decoração 126,260.86,259.37,0.57
Decoração,Produto Decoração 139,681.58,677.72,0.57
Banheiro,Produto Banheiro 13,395.82,393.6,0.56
Iluminação,Produto Iluminação 111,564.11,560.98,0.56
Decoração,Produto Decoração 135,315.18,313.48,0.54
Banheiro,Produto Banheiro 137,739.01,735.02,0.54
Jardim,Produto Jardim 59,686.07,682.43,0.53
Decoração,Produto Decoração 135,315.18,313.56,0.52
Jardim,Produto Jardim 59,686.07,682.61,0.51
Decoração,Produto Decoração 119,249.44,248.18,0.51
Decoração,Produto Decoração 31,339.55,337.97,0.47
Cozinha,Produto Cozinha 69,448.19,446.08,0.47
Banheiro,Produto Banheiro 137,739.01,735.55,0.47
Banheiro,Produto Banheiro 30,52.76,52.52,0.46
Decoração,Produto Decoração 31,339.55,337.99,0.46
Cozinha,Produto Cozinha 38,605.23,602.5,0.45
Cozinha,Produto Cozinha 125,819.62,815.91,0.45
Iluminação,Produto Iluminação 27,799.48,796.07,0.43
Móveis,Produto Móveis 63,205.33,204.46,0.43
Jardim,Produto Jardim 65,20.81,20.72,0.43
Decoração,Produto Decoração 139,681.58,678.66,0.43
Banheiro,Produto Banheiro 30,52.76,52.54,0.42
Banheiro,Produto Banheiro 13,395.82,394.21,0.41
Banheiro,Produto Banheiro 43,274.67,273.56,0.41
Cozinha,Produto Cozinha 74,523.99,522.01,0.38
Decoração,Produto Decoração 31,339.55,338.31,0.37
Cozinha,Produto Cozinha 42,291.3,290.24,0.37
Banheiro,Produto Banheiro 43,274.67,273.67,0.37
Decoração,Produto Decoração 31,339.55,338.33,0.36
Jardim,Produto Jardim 87,442.6,441.0,0.36
Decoração,Produto Decoração 112,93.22,92.89,0.36
Móveis,Produto Móveis 118,178.03,177.39,0.36
Iluminação,Produto Iluminação 27,799.48,796.68,0.35
Decoração,Produto Decoração 31,339.55,338.36,0.35
Outros,Produto Banheiro 1,327.74,326.63,0.34
Decoração,Produto Decoração 31,339.55,338.5,0.31
Banheiro,Produto Banheiro 113,236.44,235.7,0.31
Banheiro,Produto Banheiro 13,395.82,394.67,0.29
Móveis,Produto Móveis 127,725.7,723.57,0.29
Jardim,Produto Jardim 23,231.08,230.44,0.28
Banheiro,Produto Banheiro 106,657.47,655.62,0.28
Iluminação,Produto Iluminação 86,580.77,579.27,0.26
Iluminação,Produto Iluminação 12,258.94,258.29,0.25
Decoração,Produto Decoração 130,491.0,489.91,0.22
Iluminação,Produto Iluminação 145,254.26,253.71,0.22
Iluminação,Produto Iluminação 86,580.77,579.56,0.21
Outros,Produto Banheiro 1,327.74,327.1,0.2
Móveis,Produto Móveis 63,205.33,204.97,0.18
Jardim,Produto Jardim 23,231.08,230.7,0.16
Banheiro,Produto Banheiro 106,657.47,656.45,0.16
Jardim,Produto Jardim 91,299.79,299.34,0.15
Jardim,Produto Jardim 23,231.08,230.76,0.14
Iluminação,Produto Iluminação 27,799.48,798.38,0.14
Iluminação,Produto Iluminação 111,564.11,563.38,0.13
Banheiro,Produto Banheiro 106,657.47,656.69,0.12
Móveis,Produto Móveis 150,535.11,534.46,0.12
Outros,Produto Banheiro 1,327.74,327.4,0.1
Decoração,Produto Decoração 31,339.55,339.26,0.09
Iluminação,Produto Iluminação 12,258.94,258.75,0.07
Jardim,Produto Jardim 51,41.24,41.21,0.07
Cozinha,Produto Cozinha 74,523.99,523.63,0.07
Cozinha,Produto Cozinha 69,448.19,447.92,0.06
Jardim,Produto Jardim 87,442.6,442.32,0.06
Jardim,Produto Jardim 51,41.24,41.22,0.05
Iluminação,Produto Iluminação 12,258.94,258.83,0.04
Cozinha,Produto Cozinha 74,523.99,523.78,0.04
Jardim,Produto Jardim 55,206.05,205.99,0.03
Cozinha,Produto Cozinha 75,57.98,57.96,0.03
Decoração,Produto Decoração 10,375.67,375.63,0.01
Banheiro,Produto Banheiro 13,395.82,395.82,0.0
Jardim,Produto Jardim 87,442.6,442.61,-0.0
Jardim,Produto Jardim 87,442.6,442.68,-0.02
Decoração,Produto Decoração 130,491.0,491.09,-0.02
Iluminação,Produto Iluminação 12,258.94,259.03,-0.03
Cozinha,Produto Cozinha 38,605.23,605.39,-0.03
Jardim,Produto Jardim 91,299.79,299.89,-0.03
Móveis,Produto Móveis 63,205.33,205.5,-0.08
Cozinha,Produto Cozinha 52,277.49,277.73,-0.09
Decoração,Produto Decoração 135,315.18,315.5,-0.1
Jardim,Produto Jardim 23,231.08,231.33,-0.11
Banheiro,Produto Banheiro 62,280.53,280.85,-0.11
Iluminação,Produto Iluminação 146,40.47,40.52,-0.12
Decoração,Produto Decoração 135,315.18,315.6,-0.13
Jardim,Produto Jardim 51,41.24,41.3,-0.15
Móveis,Produto Móveis 127,725.7,726.8,-0.15
Iluminação,Produto Iluminação 146,40.47,40.53,-0.15
Iluminação,Produto Iluminação 86,580.77,581.7,-0.16
Móveis,Produto Móveis 63,205.33,205.7,-0.18
Iluminação,Produto Iluminação 12,258.94,259.43,-0.19
Móveis,Produto Móveis 63,205.33,205.78,-0.22
Jardim,Produto Jardim 65,20.81,20.86,-0.24
Cozinha,Produto Cozinha 69,448.19,449.33,-0.25
Jardim,Produto Jardim 91,299.79,300.58,-0.26
Cozinha,Produto Cozinha 19,269.35,270.08,-0.27
Jardim,Produto Jardim 51,41.24,41.36,-0.29
Jardim,Produto Jardim 59,686.07,688.14,-0.3
Cozinha,Produto Cozinha 19,269.35,270.24,-0.33
Móveis,Produto Móveis 150,535.11,536.86,-0.33
Banheiro,Produto Banheiro 30,52.76,52.94,-0.34
Decoração,Produto Decoração 135,315.18,316.24,-0.34
Banheiro,Produto Banheiro 113,236.44,237.3,-0.36
Jardim,Produto Jardim 23,231.08,231.93,-0.37
Móveis,Produto Móveis 127,725.7,728.4,-0.37
Cozinha,Produto Cozinha 73,252.84,253.8,-0.38
Cozinha,Produto Cozinha 38,605.23,607.6,-0.39
Cozinha,Produto Cozinha 38,605.23,607.61,-0.39
Jardim,Produto Jardim 87,442.6,444.38,-0.4
Decoração,Produto Decoração 78,838.02,841.45,-0.41
Banheiro,Produto Banheiro 30,52.76,52.98,-0.42
Decoração,Produto Decoração 130,491.0,493.08,-0.42
Cozinha,Produto Cozinha 73,252.84,253.92,-0.43
Cozinha,Produto Cozinha 52,277.49,278.75,-0.45
Decoração,Produto Decoração 119,249.44,250.6,-0.46
Cozinha,Produto Cozinha 52,277.49,278.79,-0.47
Decoração,Produto Decoração 9,269.04,270.34,-0.48
Decoração,Produto Decoração 78,838.02,842.12,-0.49
Banheiro,Produto Banheiro 43,274.67,276.05,-0.5
Cozinha,Produto Cozinha 69,448.19,450.42,-0.5
Cozinha,Produto Cozinha 73,252.84,254.12,-0.5
Jardim,Produto Jardim 40,314.32,315.98,-0.53
Móveis,Produto Móveis 118,178.03,178.97,-0.53
Cozinha,Produto Cozinha 69,448.19,450.61,-0.54
Iluminação,Produto Iluminação 146,40.47,40.7,-0.57
Jardim,Produto Jardim 55,206.05,207.25,-0.58
Decoração,Produto Decoração 84,282.85,284.51,-0.58
Decoração,Produto Decoração 119,249.44,250.95,-0.6
Móveis,Produto Móveis 127,725.7,730.27,-0.63
Cozinha,Produto Cozinha 38,605.23,609.17,-0.65
Cozinha,Produto Cozinha 73,252.84,254.49,-0.65
Jardim,Produto Jardim 40,314.32,316.42,-0.66
Móveis,Produto Móveis 118,178.03,179.22,-0.66
Decoração,Produto Decoração 79,576.23,580.13,-0.67
Banheiro,Produto Banheiro 106,657.47,661.96,-0.68
Jardim,Produto Jardim 23,231.08,232.68,-0.69
Iluminação,Produto Iluminação 111,564.11,568.01,-0.69
Móveis,Produto Móveis 63,205.33,206.77,-0.7
Cozinha,Produto Cozinha 125,819.62,825.4,-0.7
Decoração,Produto Decoração 119,249.44,251.26,-0.72
Decoração,Produto Decoração 139,681.58,686.55,-0.72
Iluminação,Produto Iluminação 145,254.26,256.1,-0.72
Iluminação,Produto Iluminação 27,799.48,805.37,-0.73
Banheiro,Produto Banheiro 113,236.44,238.26,-0.76
Decoração,Produto Decoração 119,249.44,251.34,-0.76
Decoração,Produto Decoração 135,315.18,317.58,-0.76
Decoração,Produto Decoração 147,701.87,707.3,-0.77
Decoração,Produto Decoração 78,838.02,844.61,-0.78
Banheiro,Produto Banheiro 113,236.44,238.34,-0.8
Decoração,Produto Decoração 130,491.0,495.08,-0.82
Iluminação,Produto Iluminação 12,258.94,261.1,-0.83
Decoração,Produto Decoração 78,838.02,845.07,-0.83
Cozinha,Produto Cozinha 125,819.62,826.59,-0.84
Decoração,Produto Decoração 147,701.87,707.85,-0.84
Cozinha,Produto Cozinha 33,249.58,251.72,-0.85
Cozinha,Produto Cozinha 109,286.71,289.18,-0.85
Decoração,Produto Decoração 119,249.44,251.58,-0.85
Jardim,Produto Jardim 65,20.81,20.99,-0.86
Móveis,Produto Móveis 63,205.33,207.14,-0.87
Decoração,Produto Decoração 9,269.04,271.42,-0.88
Cozinha,Produto Cozinha 42,291.3,293.91,-0.89
Decoração,Produto Decoração 9,269.04,271.49,-0.9
Decoração,Produto Decoração 122,778.91,786.08,-0.91
Iluminação,Produto Iluminação 27,799.48,806.87,-0.92
Jardim,Produto Jardim 59,686.07,692.47,-0.92
Decoração,Produto Decoração 122,778.91,786.11,-0.92
Cozinha,Produto Cozinha 125,819.62,827.27,-0.92
Decoração,Produto Decoração 135,315.18,318.1,-0.92
Jardim,Produto Jardim 40,314.32,317.28,-0.93
Móveis,Produto Móveis 140,601.14,606.87,-0.94
Jardim,Produto Jardim 65,20.81,21.01,-0.95
Iluminação,Produto Iluminação 111,564.11,569.55,-0.96
Jardim,Produto Jardim 40,314.32,317.39,-0.97
Cozinha,Produto Cozinha 52,277.49,280.28,-1.0
Cozinha,Produto Cozinha 19,269.35,272.11,-1.01
Banheiro,Produto Banheiro 30,52.76,53.3,-1.01
Decoração,Produto Decoração 31,339.55,343.04,-1.02
Decoração,Produto Decoração 139,681.58,688.72,-1.04
Jardim,Produto Jardim 59,686.07,693.4,-1.06
Jardim,Produto Jardim 87,442.6,447.33,-1.06
Decoração,Produto Decoração 10,375.67,379.72,-1.07
Decoração,Produto Decoração 31,339.55,343.22,-1.07
Jardim,Produto Jardim 51,41.24,41.69,-1.08
Cozinha,Produto Cozinha 19,269.35,272.33,-1.09
Banheiro,Produto Banheiro 43,274.67,277.69,-1.09
Móveis,Produto Móveis 118,178.03,179.99,-1.09
Iluminação,Produto Iluminação 12,258.94,261.88,-1.12
Decoração,Produto Decoração 112,93.22,94.28,-1.12
Cozinha,Produto Cozinha 42,291.3,294.66,-1.14
Decoração,Produto Decoração 130,491.0,496.76,-1.16
Iluminação,Produto Iluminação 12,258.94,262.01,-1.17
Decoração,Produto Decoração 135,315.18,318.91,-1.17
Decoração,Produto Decoração 9,269.04,272.25,-1.18
Decoração,Produto Decoração 56,256.94,260.01,-1.18
Jardim,Produto Jardim 55,206.05,208.54,-1.19
Jardim,Produto Jardim 51,41.24,41.74,-1.2
Cozinha,Produto Cozinha 73,252.84,255.92,-1.2
Decoração,Produto Decoração 84,282.85,286.38,-1.23
Banheiro,Produto Banheiro 113,236.44,239.39,-1.23
Decoração,Produto Decoração 130,491.0,497.12,-1.23
Iluminação,Produto Iluminação 12,258.94,262.18,-1.24
Cozinha,Produto Cozinha 109,286.71,290.34,-1.25
Decoração,Produto Decoração 84,282.85,286.47,-1.26
Móveis,Produto Móveis 150,535.11,541.93,-1.26
Jardim,Produto Jardim 51,41.24,41.78,-1.29
Decoração,Produto Decoração 56,256.94,260.31,-1.29
Cozinha,Produto Cozinha 19,269.35,272.9,-1.3
Cozinha,Produto Cozinha 42,291.3,295.13,-1.3
Jardim,Produto Jardim 55,206.05,208.79,-1.31
Cozinha,Produto Cozinha 73,252.84,256.2,-1.31
Decoração,Produto Decoração 84,282.85,286.59,-1.31
Jardim,Produto Jardim 55,206.05,208.8,-1.32
Decoração,Produto Decoração 9,269.04,272.68,-1.33
Decoração,Produto Decoração 112,93.22,94.48,-1.33
Banheiro,Produto Banheiro 43,274.67,278.39,-1.34
Cozinha,Produto Cozinha 42,291.3,295.32,-1.36
Banheiro,Produto Banheiro 62,280.53,284.41,-1.36
Decoração,Produto Decoração 147,701.87,711.59,-1.37
Cozinha,Produto Cozinha 52,277.49,281.36,-1.38
Jardim,Produto Jardim 55,206.05,208.93,-1.38
Banheiro,Produto Banheiro 115,759.86,770.51,-1.38
Decoração,Produto Decoração 139,681.58,691.1,-1.38
Decoração,Produto Decoração 139,681.58,691.17,-1.39
Decoração,Produto Decoração 56,256.94,260.62,-1.41
Móveis,Produto Móveis 63,205.33,208.26,-1.41
Cozinha,Produto Cozinha 38,605.23,613.92,-1.42
Decoração,Produto Decoração 78,838.02,850.11,-1.42
Iluminação,Produto Iluminação 86,580.77,589.19,-1.43
Cozinha,Produto Cozinha 33,249.58,253.25,-1.45
Cozinha,Produto Cozinha 38,605.23,614.22,-1.46
Jardim,Produto Jardim 55,206.05,209.1,-1.46
Jardim,Produto Jardim 59,686.07,696.23,-1.46
Cozinha,Produto Cozinha 52,277.49,281.69,-1.49
Cozinha,Produto Cozinha 52,277.49,281.69,-1.49
Cozinha,Produto Cozinha 52,277.49,281.72,-1.5
Cozinha,Produto Cozinha 19,269.35,273.49,-1.51
Iluminação,Produto Iluminação 86,580.77,589.67,-1.51
Decoração,Produto Decoração 119,249.44,253.27,-1.51
Banheiro,Produto Banheiro 106,657.47,667.59,-1.52
Móveis,Produto Móveis 127,725.7,736.93,-1.52
Jardim,Produto Jardim 55,206.05,209.26,-1.53
Jardim,Produto Jardim 87,442.6,449.54,-1.54
Móveis,Produto Móveis 127,725.7,737.14,-1.55
Móveis,Produto Móveis 127,725.7,737.13,-1.55
Decoração,Produto Decoração 10,375.67,381.67,-1.57
Decoração,Produto Decoração 10,375.67,381.65,-1.57
Cozinha,Produto Cozinha 73,252.84,256.87,-1.57
Cozinha,Produto Cozinha 73,252.84,256.88,-1.57
Decoração,Produto Decoração 79,576.23,585.45,-1.57
Banheiro,Produto Banheiro 13,395.82,402.17,-1.58
Banheiro,Produto Banheiro 115,759.86,772.09,-1.58
Iluminação,Produto Iluminação 145,254.26,258.33,-1.58
Decoração,Produto Decoração 122,778.91,791.53,-1.59
Decoração,Produto Decoração 31,339.55,345.08,-1.6
Iluminação,Produto Iluminação 111,564.11,573.29,-1.6
Decoração,Produto Decoração 122,778.91,791.81,-1.63
Jardim,Produto Jardim 65,20.81,21.16,-1.65
Iluminação,Produto Iluminação 146,40.47,41.15,-1.65
Iluminação,Produto Iluminação 12,258.94,263.33,-1.67
Decoração,Produto Decoração 139,681.58,693.15,-1.67
Móveis,Produto Móveis 150,535.11,544.22,-1.67
Outros,Produto Banheiro 1,327.74,333.35,-1.68
Banheiro,Produto Banheiro 43,274.67,279.37,-1.68
Jardim,Produto Jardim 59,686.07,697.79,-1.68
Decoração,Produto Decoração 119,249.44,253.7,-1.68
Iluminação,Produto Iluminação 146,40.47,41.16,-1.68
Outros,Produto Banheiro 1,327.74,333.37,-1.69
Iluminação,Produto Iluminação 86,580.77,590.73,-1.69
Jardim,Produto Jardim 87,442.6,450.2,-1.69
Móveis,Produto Móveis 140,601.14,611.5,-1.69
Banheiro,Produto Banheiro 30,52.76,53.67,-1.7
Jardim,Produto Jardim 65,20.81,21.17,-1.7
Decoração,Produto Decoração 139,681.58,693.35,-1.7
Iluminação,Produto Iluminação 146,40.47,41.17,-1.7
Decoração,Produto Decoração 9,269.04,273.71,-1.71
Móveis,Produto Móveis 11,525.9,535.09,-1.72
Móveis,Produto Móveis 11,525.9,535.1,-1.72
Jardim,Produto Jardim 87,442.6,450.35,-1.72
Cozinha,Produto Cozinha 109,286.71,291.74,-1.72
Banheiro,Produto Banheiro 13,395.82,402.84,-1.74
Jardim,Produto Jardim 51,41.24,41.97,-1.74
Jardim,Produto Jardim 55,206.05,209.7,-1.74
Móveis,Produto Móveis 63,205.33,209.0,-1.76
Decoração,Produto Decoração 78,838.02,853.04,-1.76
Jardim,Produto Jardim 87,442.6,450.51,-1.76
Banheiro,Produto Banheiro 62,280.53,285.59,-1.77
Jardim,Produto Jardim 87,442.6,450.58,-1.77
Móveis,Produto Móveis 118,178.03,181.23,-1.77
Jardim,Produto Jardim 23,231.08,235.28,-1.79
Móveis,Produto Móveis 150,535.11,545.04,-1.82
Decoração,Produto Decoração 135,315.18,321.06,-1.83
Cozinha,Produto Cozinha 14,181.73,185.13,-1.84
Móveis,Produto Móveis 140,601.14,612.41,-1.84
Decoração,Produto Decoração 9,269.04,274.12,-1.85
Cozinha,Produto Cozinha 14,181.73,185.15,-1.85
Decoração,Produto Decoração 10,375.67,382.8,-1.86
Cozinha,Produto Cozinha 109,286.71,292.2,-1.88
Jardim,Produto Jardim 23,231.08,235.56,-1.9
Decoração,Produto Decoração 56,256.94,261.91,-1.9
Cozinha,Produto Cozinha 109,286.71,292.27,-1.9
Decoração,Produto Decoração 10,375.67,383.08,-1.93
Banheiro,Produto Banheiro 43,274.67,280.07,-1.93
Jardim,Produto Jardim 65,20.81,21.22,-1.93
Jardim,Produto Jardim 65,20.81,21.22,-1.93
Iluminação,Produto Iluminação 86,580.77,592.23,-1.94
Decoração,Produto Decoração 130,491.0,500.71,-1.94
Decoração,Produto Decoração 9,269.04,274.4,-1.95
Banheiro,Produto Banheiro 13,395.82,403.83,-1.98
Decoração,Produto Decoração 139,681.58,695.37,-1.98
Móveis,Produto Móveis 127,725.7,740.52,-2.0
Banheiro,Produto Banheiro 43,274.67,280.32,-2.02
Iluminação,Produto Iluminação 111,564.11,575.72,-2.02
Jardim,Produto Jardim 55,206.05,210.31,-2.03
Banheiro,Produto Banheiro 115,759.86,775.61,-2.03
Banheiro,Produto Banheiro 115,759.86,775.57,-2.03
Banheiro,Produto Banheiro 43,274.67,280.4,-2.04
Decoração,Produto Decoração 135,315.18,321.74,-2.04
Decoração,Produto Decoração 147,701.87,716.52,-2.04
Decoração,Produto Decoração 10,375.67,383.53,-2.05
Móveis,Produto Móveis 11,525.9,536.93,-2.05
Jardim,Produto Jardim 65,20.81,21.25,-2.07
Móveis,Produto Móveis 150,535.11,546.44,-2.07
Cozinha,Produto Cozinha 109,286.71,292.8,-2.08
Móveis,Produto Móveis 140,601.14,613.91,-2.08
Cozinha,Produto Cozinha 109,286.71,292.84,-2.09
Móveis,Produto Móveis 150,535.11,546.56,-2.09
Jardim,Produto Jardim 23,231.08,236.04,-2.1
Iluminação,Produto Iluminação 86,580.77,593.2,-2.1
Decoração,Produto Decoração 135,315.18,321.93,-2.1
Decoração,Produto Decoração 10,375.67,383.75,-2.11
Decoração,Produto Decoração 79,576.23,588.68,-2.11
Decoração,Produto Decoração 130,491.0,501.56,-2.11
Banheiro,Produto Banheiro 62,280.53,286.61,-2.12
Cozinha,Produto Cozinha 109,286.71,292.93,-2.12
Móveis,Produto Móveis 134,597.01,610.0,-2.13
Banheiro,Produto Banheiro 13,395.82,404.46,-2.14
Cozinha,Produto Cozinha 73,252.84,258.38,-2.14
Decoração,Produto Decoração 112,93.22,95.26,-2.14
Banheiro,Produto Banheiro 62,280.53,286.72,-2.16
Móveis,Produto Móveis 118,178.03,181.96,-2.16
Outros,Produto Decoração 2,626.21,640.24,-2.19
Banheiro,Produto Banheiro 43,274.67,280.85,-2.2
Jardim,Produto Jardim 59,686.07,701.52,-2.2
Decoração,Produto Decoração 79,576.23,589.17,-2.2
Banheiro,Produto Banheiro 13,395.82,404.81,-2.22
Jardim,Produto Jardim 55,206.05,210.72,-2.22
Decoração,Produto Decoração 112,93.22,95.34,-2.22
Banheiro,Produto Banheiro 30,52.76,53.98,-2.26
Móveis,Produto Móveis 118,178.03,182.14,-2.26
Banheiro,Produto Banheiro 43,274.67,281.08,-2.28
Jardim,Produto Jardim 59,686.07,702.08,-2.28
Banheiro,Produto Banheiro 30,52.76,54.0,-2.3
Móveis,Produto Móveis 118,178.03,182.23,-2.3
Decoração,Produto Decoração 112,93.22,95.43,-2.32
Outros,Produto Decoração 2,626.21,641.12,-2.33
Móveis,Produto Móveis 150,535.11,547.89,-2.33
Decoração,Produto Decoração 9,269.04,275.48,-2.34
Móveis,Produto Móveis 134,597.01,611.32,-2.34
Jardim,Produto Jardim 65,20.81,21.31,-2.35
Decoração,Produto Decoração 84,282.85,289.7,-2.36
Cozinha,Produto Cozinha 14,181.73,186.16,-2.38
Móveis,Produto Móveis 11,525.9,538.76,-2.39
Jardim,Produto Jardim 65,20.81,21.32,-2.39
Jardim,Produto Jardim 65,20.81,21.32,-2.39
Iluminação,Produto Iluminação 146,40.47,41.46,-2.39
Móveis,Produto Móveis 11,525.9,538.84,-2.4
Banheiro,Produto Banheiro 62,280.53,287.49,-2.42
Móveis,Produto Móveis 150,535.11,548.46,-2.43
Decoração,Produto Decoração 10,375.67,385.09,-2.45
Jardim,Produto Jardim 23,231.08,236.88,-2.45
Móveis,Produto Móveis 39,659.01,675.64,-2.46
Decoração,Produto Decoração 112,93.22,95.57,-2.46
Jardim,Produto Jardim 51,41.24,42.29,-2.48
Cozinha,Produto Cozinha 14,181.73,186.38,-2.49
Móveis,Produto Móveis 63,205.33,210.57,-2.49
Cozinha,Produto Cozinha 38,605.23,620.76,-2.5
Decoração,Produto Decoração 147,701.87,719.9,-2.5
Decoração,Produto Decoração 10,375.67,385.4,-2.52
Móveis,Produto Móveis 63,205.33,210.66,-2.53
Jardim,Produto Jardim 65,20.81,21.35,-2.53
Jardim,Produto Jardim 55,206.05,211.43,-2.54
Jardim,Produto Jardim 87,442.6,454.14,-2.54
Móveis,Produto Móveis 118,178.03,182.67,-2.54
Móveis,Produto Móveis 127,725.7,744.59,-2.54
Cozinha,Produto Cozinha 52,277.49,284.74,-2.55
Decoração,Produto Decoração 56,256.94,263.67,-2.55
Iluminação,Produto Iluminação 145,254.26,260.92,-2.55
Iluminação,Produto Iluminação 12,258.94,265.76,-2.57
Jardim,Produto Jardim 51,41.24,42.33,-2.58
Decoração,Produto Decoração 79,576.23,591.5,-2.58
Decoração,Produto Decoração 105,19.23,19.74,-2.58
Cozinha,Produto Cozinha 109,286.71,294.31,-2.58
Decoração,Produto Decoração 31,339.55,348.57,-2.59
Móveis,Produto Móveis 134,597.01,612.86,-2.59
Móveis,Produto Móveis 140,601.14,617.12,-2.59
Decoração,Produto Decoração 56,256.94,263.8,-2.6
Móveis,Produto Móveis 72,430.2,441.67,-2.6
Cozinha,Produto Cozinha 148,121.1,124.34,-2.61
Decoração,Produto Decoração 9,269.04,276.28,-2.62
Banheiro,Produto Banheiro 43,274.67,282.06,-2.62
Cozinha,Produto Cozinha 42,291.3,299.16,-2.63
Cozinha,Produto Cozinha 73,252.84,259.72,-2.65
Decoração,Produto Decoração 139,681.58,700.21,-2.66
Banheiro,Produto Banheiro 43,274.67,282.22,-2.68
Cozinha,Produto Cozinha 52,277.49,285.13,-2.68
Decoração,Produto Decoração 105,19.23,19.76,-2.68
Decoração,Produto Decoração 105,19.23,19.76,-2.68
Jardim,Produto Jardim 23,231.08,237.48,-2.69
Banheiro,Produto Banheiro 43,274.67,282.27,-2.69
Decoração,Produto Decoração 10,375.67,386.15,-2.71
Cozinha,Produto Cozinha 38,605.23,622.07,-2.71
Banheiro,Produto Banheiro 43,274.67,282.39,-2.73
Móveis,Produto Móveis 11,525.9,540.71,-2.74
Jardim,Produto Jardim 138,441.97,454.45,-2.75
Decoração,Produto Decoração 84,282.85,290.89,-2.76
Decoração,Produto Decoração 90,797.17,819.82,-2.76
Decoração,Produto Decoração 130,491.0,504.92,-2.76
Cozinha,Produto Cozinha 42,291.3,299.59,-2.77
Banheiro,Produto Banheiro 62,280.53,288.53,-2.77
Móveis,Produto Móveis 134,597.01,614.0,-2.77
Móveis,Produto Móveis 150,535.11,550.34,-2.77
Cozinha,Produto Cozinha 52,277.49,285.43,-2.78
Decoração,Produto Decoração 135,315.18,324.23,-2.79
Decoração,Produto Decoração 10,375.67,386.48,-2.8
Cozinha,Produto Cozinha 19,269.35,277.11,-2.8
Banheiro,Produto Banheiro 43,274.67,282.58,-2.8
Decoração,Produto Decoração 135,315.18,324.25,-2.8
Decoração,Produto Decoração 147,701.87,722.09,-2.8
Banheiro,Produto Banheiro 62,280.53,288.65,-2.81
Jardim,Produto Jardim 51,41.24,42.44,-2.83
Jardim,Produto Jardim 51,41.24,42.44,-2.83
Cozinha,Produto Cozinha 69,448.19,461.31,-2.84
Banheiro,Produto Banheiro 13,395.82,407.42,-2.85
Cozinha,Produto Cozinha 73,252.84,260.29,-2.86
Decoração,Produto Decoração 84,282.85,291.2,-2.87
Cozinha,Produto Cozinha 24,275.28,283.49,-2.9
Decoração,Produto Decoração 90,797.17,820.98,-2.9
Cozinha,Produto Cozinha 19,269.35,277.43,-2.91
Outros,Produto Banheiro 1,327.74,337.61,-2.92
Cozinha,Produto Cozinha 69,448.19,461.65,-2.92
Cozinha,Produto Cozinha 69,448.19,461.78,-2.94
Decoração,Produto Decoração 139,681.58,702.21,-2.94
Jardim,Produto Jardim 51,41.24,42.5,-2.96
Decoração,Produto Decoração 90,797.17,821.58,-2.97
Decoração,Produto Decoração 112,93.22,96.07,-2.97
Decoração,Produto Decoração 135,315.18,324.83,-2.97
Jardim,Produto Jardim 138,441.97,455.48,-2.97
Cozinha,Produto Cozinha 69,448.19,461.95,-2.98
Outros,Produto Decoração 2,626.21,645.49,-2.99
Decoração,Produto Decoração 84,282.85,291.69,-3.03
Móveis,Produto Móveis 39,659.01,679.69,-3.04
Decoração,Produto Decoração 130,491.0,506.38,-3.04
Móveis,Produto Móveis 134,597.01,615.75,-3.04
Decoração,Produto Decoração 10,375.67,387.49,-3.05
Decoração,Produto Decoração 47,650.26,670.75,-3.05
Banheiro,Produto Banheiro 30,52.76,54.44,-3.09
Jardim,Produto Jardim 59,686.07,707.96,-3.09
Cozinha,Produto Cozinha 73,252.84,260.91,-3.09
Decoração,Produto Decoração 90,797.17,822.58,-3.09
Decoração,Produto Decoração 139,681.58,703.35,-3.1
Cozinha,Produto Cozinha 14,181.73,187.56,-3.11
Decoração,Produto Decoração 79,576.23,594.81,-3.12
Decoração,Produto Decoração 105,19.23,19.85,-3.12
Decoração,Produto Decoração 78,838.02,865.13,-3.13
Banheiro,Produto Banheiro 115,759.86,784.53,-3.14
Decoração,Produto Decoração 147,701.87,724.59,-3.14
Decoração,Produto Decoração 135,315.18,325.45,-3.16
Cozinha,Produto Cozinha 42,291.3,300.85,-3.17
Móveis,Produto Móveis 72,430.2,444.32,-3.18
Móveis,Produto Móveis 118,178.03,183.88,-3.18
Banheiro,Produto Banheiro 30,52.76,54.5,-3.19
Decoração,Produto Decoração 135,315.18,325.57,-3.19
Cozinha,Produto Cozinha 14,181.73,187.8,-3.23
Jardim,Produto Jardim 51,41.24,42.62,-3.24
Cozinha,Produto Cozinha 109,286.71,296.32,-3.24
Móveis,Produto Móveis 11,525.9,543.55,-3.25
Jardim,Produto Jardim 23,231.08,238.84,-3.25
Móveis,Produto Móveis 72,430.2,444.63,-3.25
Jardim,Produto Jardim 138,441.97,456.83,-3.25
Iluminação,Produto Iluminação 146,40.47,41.83,-3.25
Cozinha,Produto Cozinha 14,181.73,187.86,-3.26
Iluminação,Produto Iluminação 146,40.47,41.84,-3.27
Decoração,Produto Decoração 56,256.94,265.64,-3.28
Cozinha,Produto Cozinha 38,605.23,625.84,-3.29
Cozinha,Produto Cozinha 73,252.84,261.47,-3.3
Móveis,Produto Móveis 118,178.03,184.11,-3.3
Banheiro,Produto Banheiro 62,280.53,290.14,-3.31
Decoração,Produto Decoração 135,315.18,326.0,-3.32
Cozinha,Produto Cozinha 19,269.35,278.67,-3.34
Banheiro,Produto Banheiro 62,280.53,290.22,-3.34
Cozinha,Produto Cozinha 19,269.35,278.68,-3.35
Iluminação,Produto Iluminação 20,586.33,606.64,-3.35
Decoração,Produto Decoração 135,315.18,326.12,-3.35
Móveis,Produto Móveis 60,760.29,786.76,-3.36
Cozinha,Produto Cozinha 69,448.19,463.76,-3.36
Decoração,Produto Decoração 84,282.85,292.73,-3.38
Decoração,Produto Decoração 112,93.22,96.48,-3.38
Jardim,Produto Jardim 65,20.81,21.54,-3.39
Cozinha,Produto Cozinha 38,605.23,626.57,-3.41
Decoração,Produto Decoração 84,282.85,292.85,-3.41
Decoração,Produto Decoração 56,256.94,266.03,-3.42
Banheiro,Produto Banheiro 133,747.61,774.09,-3.42
Cozinha,Produto Cozinha 69,448.19,464.11,-3.43
Iluminação,Produto Iluminação 86,580.77,601.48,-3.44
Outros,Produto Decoração 2,626.21,648.59,-3.45
Cozinha,Produto Cozinha 109,286.71,296.98,-3.46
Banheiro,Produto Banheiro 62,280.53,290.62,-3.47
Móveis,Produto Móveis 72,430.2,445.67,-3.47
Decoração,Produto Decoração 90,797.17,825.81,-3.47
Iluminação,Produto Iluminação 12,258.94,268.27,-3.48
Iluminação,Produto Iluminação 12,258.94,268.28,-3.48
Banheiro,Produto Banheiro 43,274.67,284.57,-3.48
Decoração,Produto Decoração 147,701.87,727.21,-3.48
Móveis,Produto Móveis 127,725.7,752.05,-3.5
Móveis,Produto Móveis 134,597.01,618.73,-3.51
Jardim,Produto Jardim 138,441.97,458.04,-3.51
Decoração,Produto Decoração 90,797.17,826.42,-3.54
Cozinha,Produto Cozinha 109,286.71,297.24,-3.54
Jardim,Produto Jardim 51,41.24,42.76,-3.55
Decoração,Produto Decoração 78,838.02,868.88,-3.55
Banheiro,Produto Banheiro 133,747.61,775.26,-3.57
Iluminação,Produto Iluminação 145,254.26,263.67,-3.57
Móveis,Produto Móveis 150,535.11,554.9,-3.57
Cozinha,Produto Cozinha 24,275.28,285.54,-3.59
Decoração,Produto Decoração 47,650.26,674.56,-3.6
Móveis,Produto Móveis 150,535.11,555.1,-3.6
Iluminação,Produto Iluminação 111,564.11,585.22,-3.61
Cozinha,Produto Cozinha 52,277.49,287.93,-3.63
Móveis,Produto Móveis 140,601.14,623.82,-3.64
Cozinha,Produto Cozinha 19,269.35,279.56,-3.65
Banheiro,Produto Banheiro 62,280.53,291.19,-3.66
Decoração,Produto Decoração 105,19.23,19.96,-3.66
Iluminação,Produto Iluminação 12,258.94,268.8,-3.67
Cozinha,Produto Cozinha 19,269.35,279.63,-3.68
Cozinha,Produto Cozinha 73,252.84,262.53,-3.69
Cozinha,Produto Cozinha 109,286.71,297.74,-3.7
Iluminação,Produto Iluminação 20,586.33,608.9,-3.71
Jardim,Produto Jardim 55,206.05,213.99,-3.71
Cozinha,Produto Cozinha 69,448.19,465.47,-3.71
Decoração,Produto Decoração 90,797.17,827.87,-3.71
Jardim,Produto Jardim 23,231.08,240.0,-3.72
Jardim,Produto Jardim 59,686.07,712.6,-3.72
Cozinha,Produto Cozinha 52,277.49,288.24,-3.73
Cozinha,Produto Cozinha 69,448.19,465.55,-3.73
Móveis,Produto Móveis 72,430.2,446.97,-3.75
Iluminação,Produto Iluminação 12,258.94,269.09,-3.77
Decoração,Produto Decoração 9,269.04,279.61,-3.78
Decoração,Produto Decoração 112,93.22,96.88,-3.78
Cozinha,Produto Cozinha 24,275.28,286.14,-3.8
Móveis,Produto Móveis 60,760.29,790.31,-3.8
Decoração,Produto Decoração 78,838.02,871.12,-3.8
Iluminação,Produto Iluminação 132,131.97,137.19,-3.8
Decoração,Produto Decoração 78,838.02,871.29,-3.82
Jardim,Produto Jardim 138,441.97,459.5,-3.82
Decoração,Produto Decoração 130,491.0,510.53,-3.83
Jardim,Produto Jardim 65,20.81,21.64,-3.84
Decoração,Produto Decoração 79,576.23,599.22,-3.84
Iluminação,Produto Iluminação 145,254.26,264.41,-3.84
Cozinha,Produto Cozinha 109,286.71,298.2,-3.85
Decoração,Produto Decoração 130,491.0,510.71,-3.86
Móveis,Produto Móveis 39,659.01,685.56,-3.87
Cozinha,Produto Cozinha 52,277.49,288.7,-3.88
Jardim,Produto Jardim 138,441.97,459.82,-3.88
Móveis,Produto Móveis 127,725.7,755.32,-3.92
Banheiro,Produto Banheiro 30,52.76,54.93,-3.95
Jardim,Produto Jardim 55,206.05,214.53,-3.95
Móveis,Produto Móveis 63,205.33,213.78,-3.95
Jardim,Produto Jardim 55,206.05,214.54,-3.96
Móveis,Produto Móveis 72,430.2,448.01,-3.98
Decoração,Produto Decoração 147,701.87,730.95,-3.98
Decoração,Produto Decoração 10,375.67,391.28,-3.99
Móveis,Produto Móveis 127,725.7,755.88,-3.99
Móveis,Produto Móveis 134,597.01,621.83,-3.99
Móveis,Produto Móveis 11,525.9,547.81,-4.0
Cozinha,Produto Cozinha 14,181.73,189.31,-4.0
Iluminação,Produto Iluminação 20,586.33,610.76,-4.0
Cozinha,Produto Cozinha 109,286.71,298.65,-4.0
Cozinha,Produto Cozinha 42,291.3,303.51,-4.02
Iluminação,Produto Iluminação 145,254.26,264.94,-4.03
Jardim,Produto Jardim 48,658.76,686.5,-4.04
Móveis,Produto Móveis 11,525.9,548.1,-4.05
Móveis,Produto Móveis 39,659.01,686.92,-4.06
Cozinha,Produto Cozinha 67,115.09,119.98,-4.08
Decoração,Produto Decoração 78,838.02,873.66,-4.08
Decoração,Produto Decoração 9,269.04,280.52,-4.09
Jardim,Produto Jardim 51,41.24,43.0,-4.09
Cozinha,Produto Cozinha 67,115.09,120.0,-4.09
Jardim,Produto Jardim 87,442.6,461.52,-4.1
Cozinha,Produto Cozinha 73,252.84,263.68,-4.11
Móveis,Produto Móveis 72,430.2,448.8,-4.14
Decoração,Produto Decoração 84,282.85,295.15,-4.17
Cozinha,Produto Cozinha 52,277.49,289.61,-4.18
Cozinha,Produto Cozinha 67,115.09,120.11,-4.18
Iluminação,Produto Iluminação 146,40.47,42.24,-4.19
Decoração,Produto Decoração 10,375.67,392.13,-4.2
Jardim,Produto Jardim 48,658.76,687.68,-4.21
Móveis,Produto Móveis 63,205.33,214.35,-4.21
Decoração,Produto Decoração 79,576.23,601.57,-4.21
Jardim,Produto Jardim 55,206.05,215.14,-4.23
Decoração,Produto Decoração 105,19.23,20.08,-4.23
Móveis,Produto Móveis 72,430.2,449.25,-4.24
Decoração,Produto Decoração 47,650.26,679.17,-4.26
Iluminação,Produto Iluminação 86,580.77,606.66,-4.27
Banheiro,Produto Banheiro 25,471.5,492.6,-4.28
Iluminação,Produto Iluminação 12,258.94,270.55,-4.29
Móveis,Produto Móveis 60,760.29,794.57,-4.31
Decoração,Produto Decoração 78,838.02,875.79,-4.31
Jardim,Produto Jardim 51,41.24,43.1,-4.32
Decoração,Produto Decoração 79,576.23,602.3,-4.33
Outros,Produto Decoração 2,626.21,654.64,-4.34
Jardim,Produto Jardim 87,442.6,462.7,-4.34
Cozinha,Produto Cozinha 14,181.73,189.99,-4.35
Outros,Produto Banheiro 1,327.74,342.69,-4.36
Decoração,Produto Decoração 9,269.04,281.33,-4.37
Decoração,Produto Decoração 90,797.17,833.59,-4.37
Banheiro,Produto Banheiro 25,471.5,493.09,-4.38
Banheiro,Produto Banheiro 30,52.76,55.18,-4.39
Cozinha,Produto Cozinha 148,121.1,126.68,-4.4
Cozinha,Produto Cozinha 38,605.23,633.14,-4.41
Jardim,Produto Jardim 87,442.6,463.15,-4.44
Iluminação,Produto Iluminação 20,586.33,613.67,-4.46
Cozinha,Produto Cozinha 52,277.49,290.44,-4.46
Jardim,Produto Jardim 55,206.05,215.68,-4.46
Decoração,Produto Decoração 90,797.17,834.38,-4.46
Decoração,Produto Decoração 147,701.87,734.6,-4.46
Decoração,Produto Decoração 105,19.23,20.13,-4.47
Decoração,Produto Decoração 112,93.22,97.59,-4.48
Banheiro,Produto Banheiro 115,759.86,795.49,-4.48
Banheiro,Produto Banheiro 115,759.86,795.47,-4.48
Decoração,Produto Decoração 56,256.94,269.02,-4.49
Cozinha,Produto Cozinha 38,605.23,633.78,-4.5
Móveis,Produto Móveis 60,760.29,796.21,-4.51
Cozinha,Produto Cozinha 19,269.35,282.12,-4.53
Móveis,Produto Móveis 134,597.01,625.35,-4.53
Iluminação,Produto Iluminação 86,580.77,608.39,-4.54
Cozinha,Produto Cozinha 52,277.49,290.71,-4.55
Iluminação,Produto Iluminação 146,40.47,42.4,-4.55
Cozinha,Produto Cozinha 38,605.23,634.15,-4.56
Banheiro,Produto Banheiro 62,280.53,293.96,-4.57
Banheiro,Produto Banheiro 133,747.61,783.41,-4.57
Decoração,Produto Decoração 47,650.26,681.49,-4.58
Outros,Produto Banheiro 1,327.74,343.49,-4.59
Banheiro,Produto Banheiro 25,471.5,494.17,-4.59
Iluminação,Produto Iluminação 41,836.7,876.92,-4.59
Decoração,Produto Decoração 90,797.17,835.52,-4.59
Jardim,Produto Jardim 107,559.39,586.32,-4.59
Decoração,Produto Decoração 78,838.02,878.41,-4.6
Móveis,Produto Móveis 127,725.7,760.7,-4.6
Cozinha,Produto Cozinha 148,121.1,126.94,-4.6
Decoração,Produto Decoração 105,19.23,20.16,-4.61
Decoração,Produto Decoração 105,19.23,20.16,-4.61
Jardim,Produto Jardim 107,559.39,586.4,-4.61
Decoração,Produto Decoração 112,93.22,97.73,-4.61
Cozinha,Produto Cozinha 67,115.09,120.66,-4.62
Decoração,Produto Decoração 135,315.18,330.43,-4.62
Outros,Produto Jardim 4,63.5,66.58,-4.63
Decoração,Produto Decoração 112,93.22,97.75,-4.63
Iluminação,Produto Iluminação 132,131.97,138.38,-4.63
Outros,Produto Banheiro 1,327.74,343.7,-4.64
Móveis,Produto Móveis 140,601.14,630.37,-4.64
Banheiro,Produto Banheiro 25,471.5,494.5,-4.65
Jardim,Produto Jardim 55,206.05,216.09,-4.65
Decoração,Produto Decoração 56,256.94,269.48,-4.65
Banheiro,Produto Banheiro 62,280.53,294.21,-4.65
Iluminação,Produto Iluminação 12,258.94,271.61,-4.66
Iluminação,Produto Iluminação 41,836.7,877.61,-4.66
Jardim,Produto Jardim 59,686.07,719.59,-4.66
Cozinha,Produto Cozinha 19,269.35,282.6,-4.69
Decoração,Produto Decoração 130,491.0,515.14,-4.69
Móveis,Produto Móveis 134,597.01,626.39,-4.69
Iluminação,Produto Iluminação 41,836.7,877.92,-4.7
Jardim,Produto Jardim 59,686.07,719.94,-4.7
Móveis,Produto Móveis 60,760.29,797.8,-4.7
Móveis,Produto Móveis 72,430.2,451.42,-4.7
Decoração,Produto Decoração 90,797.17,836.54,-4.71
Iluminação,Produto Iluminação 132,131.97,138.5,-4.71
Cozinha,Produto Cozinha 38,605.23,635.21,-4.72
Decoração,Produto Decoração 47,650.26,682.5,-4.72
Cozinha,Produto Cozinha 73,252.84,265.4,-4.73
Iluminação,Produto Iluminação 132,131.97,138.52,-4.73
Decoração,Produto Decoração 47,650.26,682.6,-4.74
Jardim,Produto Jardim 48,658.76,691.54,-4.74
Decoração,Produto Decoração 90,797.17,836.8,-4.74
Cozinha,Produto Cozinha 14,181.73,190.79,-4.75
Móveis,Produto Móveis 127,725.7,761.92,-4.75
Decoração,Produto Decoração 84,282.85,296.99,-4.76
Decoração,Produto Decoração 90,797.17,837.05,-4.76
Cozinha,Produto Cozinha 148,121.1,127.16,-4.77
Cozinha,Produto Cozinha 52,277.49,291.45,-4.79
Banheiro,Produto Banheiro 115,759.86,798.09,-4.79
Decoração,Produto Decoração 147,701.87,737.16,-4.79
Cozinha,Produto Cozinha 19,269.35,282.94,-4.8
Banheiro,Produto Banheiro 30,52.76,55.42,-4.8
Iluminação,Produto Iluminação 132,131.97,138.62,-4.8
Cozinha,Produto Cozinha 14,181.73,190.93,-4.82
Iluminação,Produto Iluminação 20,586.33,616.03,-4.82
Cozinha,Produto Cozinha 14,181.73,190.98,-4.84
Banheiro,Produto Banheiro 15,509.67,535.62,-4.84
Cozinha,Produto Cozinha 14,181.73,191.0,-4.85
Iluminação,Produto Iluminação 132,131.97,138.7,-4.85
Iluminação,Produto Iluminação 12,258.94,272.2,-4.87
Jardim,Produto Jardim 59,686.07,721.2,-4.87
Móveis,Produto Móveis 134,597.01,627.57,-4.87
Decoração,Produto Decoração 79,576.23,605.77,-4.88
Móveis,Produto Móveis 134,597.01,627.8,-4.9
Banheiro,Produto Banheiro 62,280.53,295.01,-4.91
Banheiro,Produto Banheiro 15,509.67,536.02,-4.92
Banheiro,Produto Banheiro 25,471.5,496.01,-4.94
Decoração,Produto Decoração 90,797.17,838.64,-4.94
Jardim,Produto Jardim 107,559.39,588.44,-4.94
Banheiro,Produto Banheiro 62,280.53,295.14,-4.95
Móveis,Produto Móveis 110,557.44,586.6,-4.97
Banheiro,Produto Banheiro 115,759.86,799.6,-4.97
Iluminação,Produto Iluminação 20,586.33,617.14,-4.99
Móveis,Produto Móveis 63,205.33,216.11,-4.99
Banheiro,Produto Banheiro 25,471.5,496.29,-5.0
Banheiro,Produto Banheiro 30,52.76,55.54,-5.01
Móveis,Produto Móveis 134,597.01,628.59,-5.02
Decoração,Produto Decoração 47,650.26,684.82,-5.05
Cozinha,Produto Cozinha 73,252.84,266.3,-5.05
Cozinha,Produto Cozinha 67,115.09,121.23,-5.06
Móveis,Produto Móveis 127,725.7,764.46,-5.07
Iluminação,Produto Iluminação 132,131.97,139.02,-5.07
Jardim,Produto Jardim 138,441.97,465.56,-5.07
Móveis,Produto Móveis 140,601.14,633.25,-5.07
Cozinha,Produto Cozinha 148,121.1,127.57,-5.07
Jardim,Produto Jardim 48,658.76,694.04,-5.08
Decoração,Produto Decoração 147,701.87,739.4,-5.08
Cozinha,Produto Cozinha 148,121.1,127.58,-5.08
Cozinha,Produto Cozinha 67,115.09,121.29,-5.11
Jardim,Produto Jardim 48,658.76,694.32,-5.12
Banheiro,Produto Banheiro 115,759.86,800.95,-5.13
Decoração,Produto Decoração 90,797.17,840.57,-5.16
Móveis,Produto Móveis 11,525.9,554.56,-5.17
Decoração,Produto Decoração 105,19.23,20.28,-5.18
Móveis,Produto Móveis 39,659.01,695.12,-5.19
Cozinha,Produto Cozinha 109,286.71,302.41,-5.19
Decoração,Produto Decoração 112,93.22,98.32,-5.19
Móveis,Produto Móveis 140,601.14,634.07,-5.19
Banheiro,Produto Banheiro 115,759.86,801.56,-5.2
Banheiro,Produto Banheiro 133,747.61,788.66,-5.21
Decoração,Produto Decoração 105,19.23,20.29,-5.22
Banheiro,Produto Banheiro 25,471.5,497.51,-5.23
Banheiro,Produto Banheiro 30,52.76,55.67,-5.23
Móveis,Produto Móveis 127,725.7,765.77,-5.23
Móveis,Produto Móveis 11,525.9,555.0,-5.24
Jardim,Produto Jardim 107,559.39,590.3,-5.24
Jardim,Produto Jardim 138,441.97,466.43,-5.24
Móveis,Produto Móveis 11,525.9,555.16,-5.27
Móveis,Produto Móveis 39,659.01,695.69,-5.27
Banheiro,Produto Banheiro 15,509.67,538.06,-5.28
Iluminação,Produto Iluminação 20,586.33,619.11,-5.29
Móveis,Produto Móveis 39,659.01,695.93,-5.31
Banheiro,Produto Banheiro 115,759.86,802.44,-5.31
Decoração,Produto Decoração 147,701.87,741.21,-5.31
Decoração,Produto Decoração 78,838.02,885.07,-5.32
Decoração,Produto Decoração 135,315.18,332.9,-5.32
Decoração,Produto Decoração 47,650.26,686.99,-5.35
Decoração,Produto Decoração 130,491.0,518.76,-5.35
Iluminação,Produto Iluminação 12,258.94,273.64,-5.37
Banheiro,Produto Banheiro 15,509.67,538.66,-5.38
Cozinha,Produto Cozinha 73,252.84,267.22,-5.38
Decoração,Produto Decoração 78,838.02,885.64,-5.38
Cozinha,Produto Cozinha 38,605.23,639.7,-5.39
Jardim,Produto Jardim 48,658.76,696.37,-5.4
Cozinha,Produto Cozinha 14,181.73,192.12,-5.41
Jardim,Produto Jardim 55,206.05,217.84,-5.41
Móveis,Produto Móveis 60,760.29,803.75,-5.41
Jardim,Produto Jardim 65,20.81,22.0,-5.41
Jardim,Produto Jardim 65,20.81,22.0,-5.41
Decoração,Produto Decoração 9,269.04,284.46,-5.42
Iluminação,Produto Iluminação 20,586.33,619.95,-5.42
Iluminação,Produto Iluminação 41,836.7,884.69,-5.42
Decoração,Produto Decoração 130,491.0,519.11,-5.42
Outros,Produto Banheiro 1,327.74,346.55,-5.43
Decoração,Produto Decoração 56,256.94,271.73,-5.44
Móveis,Produto Móveis 72,430.2,454.96,-5.44
Decoração,Produto Decoração 56,256.94,271.76,-5.45
Móveis,Produto Móveis 11,525.9,556.28,-5.46
Banheiro,Produto Banheiro 15,509.67,539.12,-5.46
Banheiro,Produto Banheiro 108,609.67,644.88,-5.46
Cozinha,Produto Cozinha 14,181.73,192.25,-5.47
Outros,Produto Banheiro 1,327.74,346.74,-5.48
Banheiro,Produto Banheiro 15,509.67,539.2,-5.48
Jardim,Produto Jardim 48,658.76,696.94,-5.48
Cozinha,Produto Cozinha 52,277.49,293.58,-5.48
Decoração,Produto Decoração 56,256.94,271.83,-5.48
Móveis,Produto Móveis 60,760.29,804.35,-5.48
Decoração,Produto Decoração 79,576.23,609.73,-5.49
Cozinha,Produto Cozinha 109,286.71,303.35,-5.49
Banheiro,Produto Banheiro 62,280.53,296.89,-5.51
Jardim,Produto Jardim 87,442.6,468.4,-5.51
Iluminação,Produto Iluminação 146,40.47,42.83,-5.51
Decoração,Produto Decoração 47,650.26,688.24,-5.52
Móveis,Produto Móveis 72,430.2,455.32,-5.52
Móveis,Produto Móveis 60,760.29,804.81,-5.53
Outros,Produto Decoração 2,626.21,662.97,-5.54
Cozinha,Produto Cozinha 109,286.71,303.53,-5.54
Cozinha,Produto Cozinha 14,181.73,192.42,-5.56
Banheiro,Produto Banheiro 25,471.5,499.33,-5.57
Decoração,Produto Decoração 90,797.17,844.39,-5.59
Móveis,Produto Móveis 39,659.01,698.13,-5.6
Jardim,Produto Jardim 48,658.76,697.86,-5.6
Decoração,Produto Decoração 105,19.23,20.37,-5.6
Móveis,Produto Móveis 110,557.44,590.48,-5.6
Iluminação,Produto Iluminação 12,258.94,274.34,-5.61
Banheiro,Produto Banheiro 30,52.76,55.9,-5.62
Decoração,Produto Decoração 147,701.87,743.66,-5.62
Banheiro,Produto Banheiro 62,280.53,297.26,-5.63
Cozinha,Produto Cozinha 14,181.73,192.64,-5.66
Banheiro,Produto Banheiro 25,471.5,499.89,-5.68
Jardim,Produto Jardim 107,559.39,593.06,-5.68
Móveis,Produto Móveis 63,205.33,217.72,-5.69
Cozinha,Produto Cozinha 109,286.71,304.0,-5.69
Iluminação,Produto Iluminação 146,40.47,42.91,-5.69
Cozinha,Produto Cozinha 52,277.49,294.27,-5.7
Móveis,Produto Móveis 134,597.01,633.08,-5.7
Iluminação,Produto Iluminação 20,586.33,621.85,-5.71
Outros,Produto Jardim 4,63.5,67.35,-5.72
Jardim,Produto Jardim 51,41.24,43.74,-5.72
Decoração,Produto Decoração 147,701.87,744.48,-5.72
Banheiro,Produto Banheiro 25,471.5,500.16,-5.73
Outros,Produto Jardim 4,63.5,67.37,-5.74
Móveis,Produto Móveis 60,760.29,806.64,-5.75
Decoração,Produto Decoração 79,576.23,611.39,-5.75
Decoração,Produto Decoração 112,93.22,98.91,-5.75
Decoração,Produto Decoração 147,701.87,744.66,-5.75
Cozinha,Produto Cozinha 38,605.23,642.19,-5.76
Jardim,Produto Jardim 107,559.39,593.59,-5.76
Decoração,Produto Decoração 135,315.18,334.43,-5.76
Móveis,Produto Móveis 110,557.44,591.55,-5.77
Decoração,Produto Decoração 9,269.04,285.56,-5.79
Móveis,Produto Móveis 60,760.29,807.03,-5.79
Cozinha,Produto Cozinha 109,286.71,304.34,-5.79
Móveis,Produto Móveis 110,557.44,591.67,-5.79
Banheiro,Produto Banheiro 15,509.67,541.12,-5.81
Decoração,Produto Decoração 130,491.0,521.28,-5.81
Jardim,Produto Jardim 65,20.81,22.1,-5.84
Jardim,Produto Jardim 65,20.81,22.1,-5.84
Móveis,Produto Móveis 11,525.9,558.58,-5.85
Jardim,Produto Jardim 48,658.76,699.71,-5.85
Outros,Produto Jardim 4,63.5,67.45,-5.86
Cozinha,Produto Cozinha 52,277.49,294.8,-5.87
Iluminação,Produto Iluminação 132,131.97,140.22,-5.88
Iluminação,Produto Iluminação 20,586.33,623.04,-5.89
Iluminação,Produto Iluminação 132,131.97,140.25,-5.9
Banheiro,Produto Banheiro 25,471.5,501.17,-5.92
Móveis,Produto Móveis 63,205.33,218.26,-5.92
Móveis,Produto Móveis 60,760.29,808.2,-5.93
Banheiro,Produto Banheiro 133,747.61,794.75,-5.93
Jardim,Produto Jardim 138,441.97,469.9,-5.94
Banheiro,Produto Banheiro 115,759.86,807.91,-5.95
Decoração,Produto Decoração 9,269.04,286.09,-5.96
Banheiro,Produto Banheiro 15,509.67,542.06,-5.98
Banheiro,Produto Banheiro 115,759.86,808.23,-5.98
Decoração,Produto Decoração 90,797.17,847.94,-5.99
Banheiro,Produto Banheiro 133,747.61,795.27,-5.99
Móveis,Produto Móveis 134,597.01,635.05,-5.99
Cozinha,Produto Cozinha 24,275.28,292.87,-6.01
Cozinha,Produto Cozinha 24,275.28,292.97,-6.04
Iluminação,Produto Iluminação 146,40.47,43.07,-6.04
Decoração,Produto Decoração 44,624.22,664.41,-6.05
Cozinha,Produto Cozinha 24,275.28,293.05,-6.06
Decoração,Produto Decoração 130,491.0,522.66,-6.06
Banheiro,Produto Banheiro 62,280.53,298.67,-6.07
Móveis,Produto Móveis 11,525.9,559.95,-6.08
Iluminação,Produto Iluminação 41,836.7,890.88,-6.08
Cozinha,Produto Cozinha 67,115.09,122.56,-6.09
Outros,Produto Banheiro 1,327.74,349.02,-6.1
Iluminação,Produto Iluminação 41,836.7,891.17,-6.11
Banheiro,Produto Banheiro 133,747.61,796.22,-6.11
Jardim,Produto Jardim 138,441.97,470.72,-6.11
Móveis,Produto Móveis 11,525.9,560.21,-6.12
Móveis,Produto Móveis 60,760.29,809.93,-6.13
Iluminação,Produto Iluminação 50,36.22,38.59,-6.14
Jardim,Produto Jardim 51,41.24,43.94,-6.14
Decoração,Produto Decoração 135,315.18,335.79,-6.14
Decoração,Produto Decoração 147,701.87,747.79,-6.14
Iluminação,Produto Iluminação 41,836.7,891.5,-6.15
Decoração,Produto Decoração 147,701.87,747.87,-6.15
Jardim,Produto Jardim 53,772.82,823.52,-6.16
Iluminação,Produto Iluminação 132,131.97,140.64,-6.16
Iluminação,Produto Iluminação 41,836.7,891.72,-6.17
Móveis,Produto Móveis 63,205.33,218.85,-6.18
Decoração,Produto Decoração 79,576.23,614.21,-6.18
Decoração,Produto Decoração 147,701.87,748.08,-6.18
Cozinha,Produto Cozinha 24,275.28,293.46,-6.2
Decoração,Produto Decoração 90,797.17,849.9,-6.2
Móveis,Produto Móveis 72,430.2,458.67,-6.21
Decoração,Produto Decoração 79,576.23,614.38,-6.21
Banheiro,Produto Banheiro 15,509.67,543.45,-6.22
Banheiro,Produto Banheiro 30,52.76,56.26,-6.22
Cozinha,Produto Cozinha 38,605.23,645.36,-6.22
Banheiro,Produto Banheiro 108,609.67,650.19,-6.23
Banheiro,Produto Banheiro 25,471.5,502.9,-6.24
Móveis,Produto Móveis 11,525.9,561.0,-6.26
Iluminação,Produto Iluminação 50,36.22,38.64,-6.26
Outros,Produto Jardim 4,63.5,67.75,-6.27
Jardim,Produto Jardim 53,772.82,824.52,-6.27
Jardim,Produto Jardim 48,658.76,702.89,-6.28
Banheiro,Produto Banheiro 115,759.86,810.79,-6.28
Decoração,Produto Decoração 79,576.23,615.0,-6.3
Jardim,Produto Jardim 138,441.97,471.76,-6.31
Cozinha,Produto Cozinha 38,605.23,646.03,-6.32
Cozinha,Produto Cozinha 14,181.73,194.01,-6.33
Móveis,Produto Móveis 72,430.2,459.28,-6.33
Decoração,Produto Decoração 135,315.18,336.49,-6.33
Decoração,Produto Decoração 78,838.02,894.72,-6.34
Outros,Produto Banheiro 1,327.74,349.98,-6.35
Banheiro,Produto Banheiro 108,609.67,651.02,-6.35
Banheiro,Produto Banheiro 30,52.76,56.35,-6.37
Jardim,Produto Jardim 53,772.82,825.57,-6.39
Outros,Produto Decoração 2,626.21,669.02,-6.4
Iluminação,Produto Iluminação 41,836.7,894.08,-6.42
Decoração,Produto Decoração 105,19.23,20.55,-6.42
Banheiro,Produto Banheiro 15,509.67,544.69,-6.43
Iluminação,Produto Iluminação 20,586.33,626.62,-6.43
Decoração,Produto Decoração 130,491.0,524.74,-6.43
Outros,Produto Jardim 4,63.5,67.87,-6.44
Cozinha,Produto Cozinha 128,156.53,167.31,-6.44
Iluminação,Produto Iluminação 41,836.7,894.43,-6.45
Decoração,Produto Decoração 9,269.04,287.63,-6.46
Móveis,Produto Móveis 39,659.01,704.51,-6.46
Iluminação,Produto Iluminação 132,131.97,141.12,-6.48
Jardim,Produto Jardim 138,441.97,472.57,-6.48
Banheiro,Produto Banheiro 15,509.67,545.1,-6.5
Móveis,Produto Móveis 110,557.44,596.26,-6.51
Iluminação,Produto Iluminação 146,40.47,43.29,-6.51
Cozinha,Produto Cozinha 19,269.35,288.14,-6.52
Cozinha,Produto Cozinha 38,605.23,647.44,-6.52
Decoração,Produto Decoração 90,797.17,852.73,-6.52
Iluminação,Produto Iluminação 50,36.22,38.75,-6.53
Decoração,Produto Decoração 79,576.23,616.5,-6.53
Banheiro,Produto Banheiro 30,52.76,56.45,-6.54
Decoração,Produto Decoração 105,19.23,20.58,-6.56
Móveis,Produto Móveis 110,557.44,596.67,-6.57
Cozinha,Produto Cozinha 67,115.09,123.2,-6.58
Cozinha,Produto Cozinha 19,269.35,288.34,-6.59
Decoração,Produto Decoração 105,19.23,20.59,-6.61
Decoração,Produto Decoração 130,491.0,525.74,-6.61
Banheiro,Produto Banheiro 115,759.86,813.7,-6.62
Outros,Produto Decoração 2,626.21,670.67,-6.63
Banheiro,Produto Banheiro 133,747.61,800.69,-6.63
Decoração,Produto Decoração 78,838.02,897.69,-6.65
Banheiro,Produto Banheiro 15,509.67,546.05,-6.66
Decoração,Produto Decoração 47,650.26,696.66,-6.66
Decoração,Produto Decoração 44,624.22,668.85,-6.67
Móveis,Produto Móveis 63,205.33,220.01,-6.67
Jardim,Produto Jardim 107,559.39,599.39,-6.67
Banheiro,Produto Banheiro 133,747.61,801.07,-6.67
Cozinha,Produto Cozinha 49,451.48,483.83,-6.69
Decoração,Produto Decoração 78,838.02,898.11,-6.69
Móveis,Produto Móveis 140,601.14,644.24,-6.69
Iluminação,Produto Iluminação 20,586.33,628.43,-6.7
Móveis,Produto Móveis 60,760.29,814.87,-6.7
Móveis,Produto Móveis 140,601.14,644.51,-6.73
Cozinha,Produto Cozinha 24,275.28,295.19,-6.74
Móveis,Produto Móveis 60,760.29,815.31,-6.75
Cozinha,Produto Cozinha 67,115.09,123.45,-6.77
Jardim,Produto Jardim 53,772.82,829.05,-6.78
Móveis,Produto Móveis 72,430.2,461.51,-6.78
Móveis,Produto Móveis 72,430.2,461.51,-6.78
Iluminação,Produto Iluminação 41,836.7,897.89,-6.81
Jardim,Produto Jardim 138,441.97,474.25,-6.81
Móveis,Produto Móveis 60,760.29,815.9,-6.82
Cozinha,Produto Cozinha 67,115.09,123.51,-6.82
Decoração,Produto Decoração 56,256.94,275.81,-6.84
Banheiro,Produto Banheiro 108,609.67,654.47,-6.85
Decoração,Produto Decoração 130,491.0,527.21,-6.87
Banheiro,Produto Banheiro 25,471.5,506.31,-6.88
Cozinha,Produto Cozinha 38,605.23,650.05,-6.89
Decoração,Produto Decoração 47,650.26,698.37,-6.89
Iluminação,Produto Iluminação 12,258.94,278.2,-6.92
Decoração,Produto Decoração 56,256.94,276.05,-6.92
Decoração,Produto Decoração 130,491.0,527.5,-6.92
Móveis,Produto Móveis 140,601.14,646.01,-6.95
Banheiro,Produto Banheiro 62,280.53,301.52,-6.96
Decoração,Produto Decoração 105,19.23,20.67,-6.97
Iluminação,Produto Iluminação 116,678.67,729.48,-6.97
Outros,Produto Decoração 2,626.21,673.19,-6.98
Móveis,Produto Móveis 110,557.44,599.41,-7.0
Cozinha,Produto Cozinha 19,269.35,289.64,-7.01
Jardim,Produto Jardim 107,559.39,601.54,-7.01
Iluminação,Produto Iluminação 20,586.33,630.59,-7.02
Jardim,Produto Jardim 107,559.39,601.62,-7.02
Decoração,Produto Decoração 112,93.22,100.26,-7.02
Móveis,Produto Móveis 39,659.01,708.85,-7.03
Iluminação,Produto Iluminação 41,836.7,900.01,-7.03
Móveis,Produto Móveis 60,760.29,817.77,-7.03
Banheiro,Produto Banheiro 133,747.61,804.17,-7.03
Banheiro,Produto Banheiro 15,509.67,548.26,-7.04
Cozinha,Produto Cozinha 109,286.71,308.43,-7.04
Iluminação,Produto Iluminação 132,131.97,141.96,-7.04
Outros,Produto Banheiro 1,327.74,352.64,-7.06
Banheiro,Produto Banheiro 30,52.76,56.77,-7.06
Decoração,Produto Decoração 47,650.26,699.62,-7.06
Cozinha,Produto Cozinha 38,605.23,651.31,-7.07
Iluminação,Produto Iluminação 41,836.7,900.37,-7.07
Cozinha,Produto Cozinha 73,252.84,272.07,-7.07
Jardim,Produto Jardim 16,522.3,562.15,-7.09
Cozinha,Produto Cozinha 19,269.35,289.91,-7.09
Cozinha,Produto Cozinha 38,605.23,651.41,-7.09
Móveis,Produto Móveis 110,557.44,599.98,-7.09
Móveis,Produto Móveis 134,597.01,642.61,-7.1
Banheiro,Produto Banheiro 25,471.5,507.65,-7.12
Cozinha,Produto Cozinha 49,451.48,486.15,-7.13
Banheiro,Produto Banheiro 62,280.53,302.08,-7.13
Iluminação,Produto Iluminação 41,836.7,901.03,-7.14
Decoração,Produto Decoração 130,491.0,528.73,-7.14
Cozinha,Produto Cozinha 148,121.1,130.41,-7.14
Decoração,Produto Decoração 9,269.04,289.76,-7.15
Banheiro,Produto Banheiro 133,747.61,805.25,-7.16
Iluminação,Produto Iluminação 146,40.47,43.59,-7.16
Outros,Produto Banheiro 1,327.74,353.06,-7.17
Decoração,Produto Decoração 47,650.26,700.52,-7.17
Iluminação,Produto Iluminação 116,678.67,731.05,-7.17
Iluminação,Produto Iluminação 146,40.47,43.6,-7.18
Cozinha,Produto Cozinha 24,275.28,296.59,-7.19
Móveis,Produto Móveis 72,430.2,463.58,-7.2
Jardim,Produto Jardim 107,559.39,602.8,-7.2
Móveis,Produto Móveis 110,557.44,600.68,-7.2
Banheiro,Produto Banheiro 15,509.67,549.34,-7.22
Móveis,Produto Móveis 140,601.14,647.92,-7.22
Cozinha,Produto Cozinha 38,605.23,652.39,-7.23
Banheiro,Produto Banheiro 108,609.67,657.28,-7.24
Banheiro,Produto Banheiro 133,747.61,805.92,-7.24
Outros,Produto Jardim 4,63.5,68.47,-7.26
Móveis,Produto Móveis 60,760.29,819.8,-7.26
Cozinha,Produto Cozinha 19,269.35,290.46,-7.27
Móveis,Produto Móveis 72,430.2,463.94,-7.27
Decoração,Produto Decoração 90,797.17,859.77,-7.28
Decoração,Produto Decoração 9,269.04,290.21,-7.29
Cozinha,Produto Cozinha 14,181.73,196.02,-7.29
Jardim,Produto Jardim 53,772.82,833.64,-7.3
Móveis,Produto Móveis 60,760.29,820.16,-7.3
Jardim,Produto Jardim 107,559.39,603.44,-7.3
Banheiro,Produto Banheiro 30,52.76,56.92,-7.31
Móveis,Produto Móveis 140,601.14,648.52,-7.31
Banheiro,Produto Banheiro 30,52.76,56.93,-7.32
Cozinha,Produto Cozinha 19,269.35,290.65,-7.33
Iluminação,Produto Iluminação 146,40.47,43.67,-7.33
Decoração,Produto Decoração 112,93.22,100.6,-7.34
Decoração,Produto Decoração 90,797.17,860.44,-7.35
Outros,Produto Decoração 2,626.21,675.94,-7.36
Banheiro,Produto Banheiro 17,69.32,74.83,-7.36
Cozinha,Produto Cozinha 73,252.84,272.99,-7.38
Banheiro,Produto Banheiro 108,609.67,658.28,-7.38
Móveis,Produto Móveis 140,601.14,649.18,-7.4
Outros,Produto Jardim 4,63.5,68.58,-7.41
Decoração,Produto Decoração 105,19.23,20.77,-7.41
Cozinha,Produto Cozinha 109,286.71,309.64,-7.41
Iluminação,Produto Iluminação 116,678.67,733.3,-7.45
Jardim,Produto Jardim 107,559.39,604.54,-7.47
Cozinha,Produto Cozinha 19,269.35,291.12,-7.48
Iluminação,Produto Iluminação 12,258.94,279.89,-7.49
Decoração,Produto Decoração 135,315.18,340.72,-7.5
Decoração,Produto Decoração 79,576.23,623.02,-7.51
Móveis,Produto Móveis 140,601.14,649.98,-7.51
Outros,Produto Banheiro 1,327.74,354.39,-7.52
Banheiro,Produto Banheiro 25,471.5,509.92,-7.53
Outros,Produto Decoração 2,626.21,677.27,-7.54
Decoração,Produto Decoração 47,650.26,703.3,-7.54
Jardim,Produto Jardim 138,441.97,478.0,-7.54
Iluminação,Produto Iluminação 12,258.94,280.08,-7.55
Decoração,Produto Decoração 89,591.93,640.3,-7.55
Outros,Produto Decoração 2,626.21,677.4,-7.56
Decoração,Produto Decoração 44,624.22,675.25,-7.56
Jardim,Produto Jardim 48,658.76,712.62,-7.56
Outros,Produto Banheiro 1,327.74,354.57,-7.57
Iluminação,Produto Iluminação 41,836.7,905.19,-7.57
Jardim,Produto Jardim 104,99.73,107.9,-7.57
Iluminação,Produto Iluminação 146,40.47,43.79,-7.58
Cozinha,Produto Cozinha 24,275.28,297.88,-7.59
Cozinha,Produto Cozinha 14,181.73,196.67,-7.6
Iluminação,Produto Iluminação 116,678.67,734.57,-7.61
Cozinha,Produto Cozinha 148,121.1,131.07,-7.61
Outros,Produto Banheiro 1,327.74,354.76,-7.62
Banheiro,Produto Banheiro 17,69.32,75.04,-7.62
Iluminação,Produto Iluminação 41,836.7,905.68,-7.62
Móveis,Produto Móveis 140,601.14,650.74,-7.62
Iluminação,Produto Iluminação 20,586.33,634.77,-7.63
Banheiro,Produto Banheiro 25,471.5,510.43,-7.63
Banheiro,Produto Banheiro 62,280.53,303.7,-7.63
Banheiro,Produto Banheiro 115,759.86,822.9,-7.66
Outros,Produto Decoração 2,626.21,678.38,-7.69
Cozinha,Produto Cozinha 148,121.1,131.19,-7.69
Outros,Produto Decoração 2,626.21,678.55,-7.71
Móveis,Produto Móveis 110,557.44,604.01,-7.71
Decoração,Produto Decoração 112,93.22,101.05,-7.75
Decoração,Produto Decoração 112,93.22,101.06,-7.76
Outros,Produto Decoração 2,626.21,678.97,-7.77
Cozinha,Produto Cozinha 128,156.53,169.71,-7.77
Jardim,Produto Jardim 138,441.97,479.2,-7.77
Decoração,Produto Decoração 9,269.04,291.73,-7.78
Decoração,Produto Decoração 56,256.94,278.61,-7.78
Decoração,Produto Decoração 89,591.93,641.9,-7.78
Decoração,Produto Decoração 80,213.43,231.46,-7.79
Móveis,Produto Móveis 140,601.14,651.93,-7.79
Decoração,Produto Decoração 94,697.38,756.45,-7.81
Móveis,Produto Móveis 11,525.9,570.49,-7.82
Móveis,Produto Móveis 110,557.44,604.73,-7.82
Cozinha,Produto Cozinha 148,121.1,131.38,-7.82
Iluminação,Produto Iluminação 41,836.7,907.77,-7.83
Banheiro,Produto Banheiro 21,116.9,126.84,-7.84
Banheiro,Produto Banheiro 108,609.67,661.59,-7.85
Iluminação,Produto Iluminação 132,131.97,143.21,-7.85
Cozinha,Produto Cozinha 148,121.1,131.42,-7.85
Cozinha,Produto Cozinha 49,451.48,490.02,-7.86
Jardim,Produto Jardim 104,99.73,108.24,-7.86
Decoração,Produto Decoração 80,213.43,231.66,-7.87
Móveis,Produto Móveis 134,597.01,647.99,-7.87
Jardim,Produto Jardim 107,559.39,607.23,-7.88
Iluminação,Produto Iluminação 116,678.67,736.76,-7.88
Jardim,Produto Jardim 16,522.3,567.04,-7.89
Decoração,Produto Decoração 80,213.43,231.77,-7.91
Móveis,Produto Móveis 39,659.01,715.66,-7.92
Banheiro,Produto Banheiro 115,759.86,825.5,-7.95
Móveis,Produto Móveis 39,659.01,715.99,-7.96
Banheiro,Produto Banheiro 17,69.32,75.32,-7.97
Cozinha,Produto Cozinha 67,115.09,125.06,-7.97
Móveis,Produto Móveis 39,659.01,716.13,-7.98
Decoração,Produto Decoração 47,650.26,706.66,-7.98
Decoração,Produto Decoração 79,576.23,626.17,-7.98
Decoração,Produto Decoração 112,93.22,101.32,-7.99
Outros,Produto Jardim 4,63.5,69.02,-8.0
Decoração,Produto Decoração 89,591.93,643.46,-8.01
Decoração,Produto Decoração 130,491.0,533.79,-8.02
Banheiro,Produto Banheiro 15,509.67,554.14,-8.03
Jardim,Produto Jardim 53,772.82,840.36,-8.04
Cozinha,Produto Cozinha 67,115.09,125.15,-8.04
Iluminação,Produto Iluminação 146,40.47,44.01,-8.04
Jardim,Produto Jardim 138,441.97,480.67,-8.05
Banheiro,Produto Banheiro 115,759.86,826.55,-8.07
Decoração,Produto Decoração 80,213.43,232.23,-8.1
Móveis,Produto Móveis 11,525.9,572.37,-8.12
Cozinha,Produto Cozinha 14,181.73,197.8,-8.12
Banheiro,Produto Banheiro 108,609.67,663.58,-8.12
Banheiro,Produto Banheiro 133,747.61,813.76,-8.13
Banheiro,Produto Banheiro 133,747.61,813.78,-8.13
Decoração,Produto Decoração 79,576.23,627.5,-8.17
Banheiro,Produto Banheiro 108,609.67,663.88,-8.17
Banheiro,Produto Banheiro 21,116.9,127.31,-8.18
Outros,Produto Decoração 2,626.21,682.16,-8.2
Cozinha,Produto Cozinha 14,181.73,197.96,-8.2
Decoração,Produto Decoração 90,797.17,868.39,-8.2
Decoração,Produto Decoração 105,19.23,20.95,-8.21
Móveis,Produto Móveis 140,601.14,654.92,-8.21
Outros,Produto Jardim 4,63.5,69.19,-8.22
Decoração,Produto Decoração 44,624.22,680.11,-8.22
Jardim,Produto Jardim 48,658.76,717.77,-8.22
Decoração,Produto Decoração 56,256.94,279.95,-8.22
Decoração,Produto Decoração 89,591.93,644.94,-8.22
Jardim,Produto Jardim 16,522.3,569.16,-8.23
Cozinha,Produto Cozinha 148,121.1,131.96,-8.23
Decoração,Produto Decoração 79,576.23,627.96,-8.24
Iluminação,Produto Iluminação 132,131.97,143.82,-8.24
Decoração,Produto Decoração 79,576.23,628.09,-8.26
Móveis,Produto Móveis 11,525.9,573.4,-8.28
Decoração,Produto Decoração 80,213.43,232.71,-8.28
Cozinha,Produto Cozinha 148,121.1,132.04,-8.29
Outros,Produto Decoração 2,626.21,682.97,-8.31
Decoração,Produto Decoração 90,797.17,869.38,-8.31
Decoração,Produto Decoração 112,93.22,101.68,-8.32
Outros,Produto Jardim 4,63.5,69.27,-8.33
Decoração,Produto Decoração 47,650.26,709.37,-8.33
Banheiro,Produto Banheiro 17,69.32,75.63,-8.34
Cozinha,Produto Cozinha 67,115.09,125.56,-8.34
Iluminação,Produto Iluminação 50,36.22,39.52,-8.35
Cozinha,Produto Cozinha 67,115.09,125.59,-8.36
Jardim,Produto Jardim 83,90.39,98.64,-8.36
Móveis,Produto Móveis 110,557.44,608.28,-8.36
Móveis,Produto Móveis 134,597.01,651.51,-8.37
Banheiro,Produto Banheiro 21,116.9,127.59,-8.38
Jardim,Produto Jardim 53,772.82,843.68,-8.4
Outros,Produto Decoração 2,626.21,683.69,-8.41
Cozinha,Produto Cozinha 24,275.28,300.59,-8.42
Decoração,Produto Decoração 9,269.04,293.82,-8.43
Móveis,Produto Móveis 11,525.9,574.32,-8.43
Banheiro,Produto Banheiro 17,69.32,75.7,-8.43
Cozinha,Produto Cozinha 49,451.48,493.09,-8.44
Jardim,Produto Jardim 53,772.82,844.18,-8.45
Banheiro,Produto Banheiro 21,116.9,127.71,-8.46
Cozinha,Produto Cozinha 49,451.48,493.2,-8.46
Decoração,Produto Decoração 80,213.43,233.15,-8.46
Jardim,Produto Jardim 83,90.39,98.74,-8.46
Móveis,Produto Móveis 39,659.01,720.03,-8.47
Cozinha,Produto Cozinha 128,156.53,171.02,-8.47
Banheiro,Produto Banheiro 15,509.67,556.91,-8.48
Decoração,Produto Decoração 36,659.82,720.95,-8.48
Decoração,Produto Decoração 79,576.23,629.61,-8.48
Cozinha,Produto Cozinha 49,451.48,493.34,-8.49
Cozinha,Produto Cozinha 49,451.48,493.39,-8.49
Decoração,Produto Decoração 89,591.93,646.82,-8.49
Cozinha,Produto Cozinha 67,115.09,125.78,-8.5
Iluminação,Produto Iluminação 20,586.33,640.85,-8.51
Móveis,Produto Móveis 39,659.01,720.35,-8.52
Outros,Produto Jardim 4,63.5,69.42,-8.53
Decoração,Produto Decoração 112,93.22,101.91,-8.53
Jardim,Produto Jardim 53,772.82,844.98,-8.54
Jardim,Produto Jardim 104,99.73,109.04,-8.54
Decoração,Produto Decoração 112,93.22,101.92,-8.54
Decoração,Produto Decoração 112,93.22,101.93,-8.55
Jardim,Produto Jardim 16,522.3,571.22,-8.56
Decoração,Produto Decoração 105,19.23,21.03,-8.56
Decoração,Produto Decoração 105,19.23,21.03,-8.56
Jardim,Produto Jardim 138,441.97,483.34,-8.56
Iluminação,Produto Iluminação 146,40.47,44.26,-8.56
Cozinha,Produto Cozinha 24,275.28,301.09,-8.57
Decoração,Produto Decoração 36,659.82,721.67,-8.57
Jardim,Produto Jardim 83,90.39,98.86,-8.57
Outros,Produto Decoração 2,626.21,685.01,-8.58
Móveis,Produto Móveis 39,659.01,720.97,-8.59
Outros,Produto Decoração 2,626.21,685.13,-8.6
Outros,Produto Decoração 2,626.21,685.18,-8.61
Decoração,Produto Decoração 9,269.04,294.43,-8.62
Móveis,Produto Móveis 11,525.9,575.54,-8.62
Decoração,Produto Decoração 94,697.38,763.15,-8.62
Banheiro,Produto Banheiro 108,609.67,667.18,-8.62
Móveis,Produto Móveis 110,557.44,610.05,-8.62
Banheiro,Produto Banheiro 115,759.86,831.79,-8.65
Móveis,Produto Móveis 39,659.01,721.49,-8.66
Cozinha,Produto Cozinha 49,451.48,494.31,-8.66
Móveis,Produto Móveis 134,597.01,653.61,-8.66
Iluminação,Produto Iluminação 146,40.47,44.31,-8.67
Móveis,Produto Móveis 39,659.01,721.69,-8.69
Outros,Produto Jardim 4,63.5,69.55,-8.7
Cozinha,Produto Cozinha 24,275.28,301.51,-8.7
Cozinha,Produto Cozinha 128,156.53,171.45,-8.7
Banheiro,Produto Banheiro 17,69.32,75.93,-8.71
Jardim,Produto Jardim 138,441.97,484.2,-8.72
Decoração,Produto Decoração 36,659.82,722.96,-8.73
Banheiro,Produto Banheiro 45,755.82,828.14,-8.73
Jardim,Produto Jardim 104,99.73,109.27,-8.73
Decoração,Produto Decoração 105,19.23,21.07,-8.73
Banheiro,Produto Banheiro 17,69.32,75.96,-8.74
Decoração,Produto Decoração 56,256.94,281.56,-8.74
Decoração,Produto Decoração 94,697.38,764.2,-8.74
Decoração,Produto Decoração 36,659.82,723.09,-8.75
Móveis,Produto Móveis 39,659.01,722.19,-8.75
Iluminação,Produto Iluminação 146,40.47,44.35,-8.75
Banheiro,Produto Banheiro 108,609.67,668.3,-8.77
Decoração,Produto Decoração 44,624.22,684.29,-8.78
Jardim,Produto Jardim 48,658.76,722.2,-8.78
Banheiro,Produto Banheiro 45,755.82,828.69,-8.79
Decoração,Produto Decoração 89,591.93,648.97,-8.79
Móveis,Produto Móveis 110,557.44,611.19,-8.79
Outros,Produto Decoração 2,626.21,686.63,-8.8
Iluminação,Produto Iluminação 50,36.22,39.72,-8.81
Móveis,Produto Móveis 39,659.01,722.78,-8.82
Jardim,Produto Jardim 48,658.76,722.46,-8.82
Jardim,Produto Jardim 53,772.82,847.54,-8.82
Banheiro,Produto Banheiro 15,509.67,559.04,-8.83
Decoração,Produto Decoração 36,659.82,723.75,-8.83
Iluminação,Produto Iluminação 116,678.67,744.36,-8.83
Móveis,Produto Móveis 134,597.01,654.83,-8.83
Decoração,Produto Decoração 94,697.38,765.08,-8.85
Cozinha,Produto Cozinha 24,275.28,302.05,-8.86
Decoração,Produto Decoração 56,256.94,281.92,-8.86
Cozinha,Produto Cozinha 128,156.53,171.74,-8.86
Banheiro,Produto Banheiro 133,747.61,820.28,-8.86
Banheiro,Produto Banheiro 133,747.61,820.26,-8.86
Outros,Produto Decoração 2,626.21,687.13,-8.87
Decoração,Produto Decoração 44,624.22,685.0,-8.87
Decoração,Produto Decoração 80,213.43,234.26,-8.89
Decoração,Produto Decoração 56,256.94,282.04,-8.9
Banheiro,Produto Banheiro 45,755.82,829.94,-8.93
Iluminação,Produto Iluminação 146,40.47,44.44,-8.93
Outros,Produto Jardim 4,63.5,69.74,-8.95
Banheiro,Produto Banheiro 45,755.82,830.15,-8.95
Banheiro,Produto Banheiro 21,116.9,128.4,-8.96
Banheiro,Produto Banheiro 133,747.61,821.22,-8.96
Jardim,Produto Jardim 53,772.82,848.93,-8.97
Cozinha,Produto Cozinha 109,286.71,314.95,-8.97
Iluminação,Produto Iluminação 20,586.33,644.15,-8.98
Iluminação,Produto Iluminação 41,836.7,919.26,-8.98
Jardim,Produto Jardim 83,90.39,99.31,-8.98
Jardim,Produto Jardim 102,149.96,164.75,-8.98
Cozinha,Produto Cozinha 49,451.48,496.13,-9.0
Jardim,Produto Jardim 104,99.73,109.59,-9.0
Cozinha,Produto Cozinha 67,115.09,126.48,-9.01
Iluminação,Produto Iluminação 50,36.22,39.81,-9.02
Jardim,Produto Jardim 53,772.82,849.54,-9.03
Iluminação,Produto Iluminação 50,36.22,39.82,-9.04
Iluminação,Produto Iluminação 116,678.67,746.12,-9.04
Banheiro,Produto Banheiro 133,747.61,821.91,-9.04
Banheiro,Produto Banheiro 141,758.15,833.46,-9.04
Decoração,Produto Decoração 90,797.17,876.57,-9.06
Jardim,Produto Jardim 107,559.39,615.14,-9.06
Decoração,Produto Decoração 9,269.04,295.87,-9.07
Decoração,Produto Decoração 47,650.26,715.11,-9.07
Cozinha,Produto Cozinha 67,115.09,126.57,-9.07
Iluminação,Produto Iluminação 132,131.97,145.14,-9.07
Banheiro,Produto Banheiro 133,747.61,822.19,-9.07
Decoração,Produto Decoração 9,269.04,295.9,-9.08
Decoração,Produto Decoração 56,256.94,282.62,-9.09
Móveis,Produto Móveis 60,760.29,836.35,-9.09
Jardim,Produto Jardim 102,149.96,164.95,-9.09
Móveis,Produto Móveis 140,601.14,661.22,-9.09
Decoração,Produto Decoração 89,591.93,651.2,-9.1
Jardim,Produto Jardim 104,99.73,109.72,-9.1
Móveis,Produto Móveis 72,430.2,473.33,-9.11
Móveis,Produto Móveis 140,601.14,661.36,-9.11
Banheiro,Produto Banheiro 142,328.61,361.54,-9.11
Jardim,Produto Jardim 48,658.76,724.84,-9.12
Decoração,Produto Decoração 56,256.94,282.72,-9.12
Móveis,Produto Móveis 72,430.2,473.35,-9.12
Decoração,Produto Decoração 94,697.38,767.38,-9.12
Jardim,Produto Jardim 16,522.3,574.79,-9.13
Jardim,Produto Jardim 107,559.39,615.61,-9.13
Móveis,Produto Móveis 60,760.29,836.81,-9.14
Jardim,Produto Jardim 83,90.39,99.48,-9.14
Jardim,Produto Jardim 83,90.39,99.5,-9.16
Banheiro,Produto Banheiro 17,69.32,76.32,-9.17
Jardim,Produto Jardim 48,658.76,725.25,-9.17
Decoração,Produto Decoração 56,256.94,282.87,-9.17
Cozinha,Produto Cozinha 148,121.1,133.34,-9.18
Decoração,Produto Decoração 47,650.26,716.16,-9.2
Decoração,Produto Decoração 94,697.38,768.18,-9.22
Cozinha,Produto Cozinha 109,286.71,315.88,-9.23
Decoração,Produto Decoração 47,650.26,716.49,-9.24
Banheiro,Produto Banheiro 45,755.82,832.97,-9.26
Iluminação,Produto Iluminação 20,586.33,646.27,-9.27
Decoração,Produto Decoração 47,650.26,716.72,-9.27
Decoração,Produto Decoração 79,576.23,635.17,-9.28
Jardim,Produto Jardim 104,99.73,109.93,-9.28
Jardim,Produto Jardim 138,441.97,487.18,-9.28
Decoração,Produto Decoração 80,213.43,235.3,-9.29
Jardim,Produto Jardim 138,441.97,487.25,-9.29
Cozinha,Produto Cozinha 24,275.28,303.49,-9.3
Jardim,Produto Jardim 48,658.76,726.28,-9.3
Cozinha,Produto Cozinha 67,115.09,126.89,-9.3
Banheiro,Produto Banheiro 17,69.32,76.44,-9.31
Banheiro,Produto Banheiro 142,328.61,362.35,-9.31
Cozinha,Produto Cozinha 128,156.53,172.61,-9.32
Móveis,Produto Móveis 11,525.9,579.99,-9.33
Jardim,Produto Jardim 48,658.76,726.51,-9.33
Decoração,Produto Decoração 79,576.23,635.55,-9.33
Jardim,Produto Jardim 107,559.39,616.92,-9.33
Móveis,Produto Móveis 72,430.2,474.59,-9.35
Iluminação,Produto Iluminação 132,131.97,145.58,-9.35
Móveis,Produto Móveis 60,760.29,838.93,-9.37
Decoração,Produto Decoração 105,19.23,21.22,-9.38
Banheiro,Produto Banheiro 108,609.67,672.75,-9.38
Móveis,Produto Móveis 140,601.14,663.46,-9.39
Banheiro,Produto Banheiro 15,509.67,562.56,-9.4
Decoração,Produto Decoração 94,697.38,769.84,-9.41
Cozinha,Produto Cozinha 24,275.28,303.9,-9.42
Iluminação,Produto Iluminação 50,36.22,39.99,-9.43
Móveis,Produto Móveis 140,601.14,663.83,-9.44
Cozinha,Produto Cozinha 14,181.73,200.7,-9.45
Banheiro,Produto Banheiro 21,116.9,129.1,-9.45
Jardim,Produto Jardim 107,559.39,617.83,-9.46
Decoração,Produto Decoração 36,659.82,728.85,-9.47
Móveis,Produto Móveis 11,525.9,580.95,-9.48
Jardim,Produto Jardim 102,149.96,165.67,-9.48
Decoração,Produto Decoração 36,659.82,729.04,-9.49
Iluminação,Produto Iluminação 50,36.22,40.02,-9.5
Jardim,Produto Jardim 53,772.82,853.99,-9.5
Banheiro,Produto Banheiro 133,747.61,826.13,-9.5
Móveis,Produto Móveis 134,597.01,659.7,-9.5
Jardim,Produto Jardim 16,522.3,577.21,-9.51
Cozinha,Produto Cozinha 49,451.48,498.91,-9.51
Decoração,Produto Decoração 56,256.94,283.93,-9.51
Iluminação,Produto Iluminação 116,678.67,749.97,-9.51
Iluminação,Produto Iluminação 116,678.67,749.96,-9.51
Banheiro,Produto Banheiro 141,758.15,837.84,-9.51
Decoração,Produto Decoração 80,213.43,235.89,-9.52
Banheiro,Produto Banheiro 21,116.9,129.22,-9.53
Cozinha,Produto Cozinha 128,156.53,173.02,-9.53
Móveis,Produto Móveis 39,659.01,728.61,-9.55
Banheiro,Produto Banheiro 133,747.61,826.55,-9.55
Banheiro,Produto Banheiro 15,509.67,563.54,-9.56
Banheiro,Produto Banheiro 17,69.32,76.65,-9.56
Móveis,Produto Móveis 72,430.2,475.68,-9.56
Cozinha,Produto Cozinha 128,156.53,173.11,-9.58
Cozinha,Produto Cozinha 148,121.1,133.93,-9.58
Iluminação,Produto Iluminação 20,586.33,648.62,-9.6
Móveis,Produto Móveis 140,601.14,665.0,-9.6
Banheiro,Produto Banheiro 15,509.67,563.83,-9.61
Móveis,Produto Móveis 134,597.01,660.5,-9.61
Banheiro,Produto Banheiro 21,116.9,129.36,-9.63
Móveis,Produto Móveis 60,760.29,841.44,-9.64
Decoração,Produto Decoração 36,659.82,730.31,-9.65
Jardim,Produto Jardim 16,522.3,578.12,-9.66
Banheiro,Produto Banheiro 141,758.15,839.19,-9.66
Iluminação,Produto Iluminação 20,586.33,649.1,-9.67
Decoração,Produto Decoração 44,624.22,691.06,-9.67
Banheiro,Produto Banheiro 115,759.86,841.17,-9.67
Decoração,Produto Decoração 89,591.93,655.38,-9.68
Móveis,Produto Móveis 110,557.44,617.21,-9.68
Banheiro,Produto Banheiro 133,747.61,827.82,-9.69
Móveis,Produto Móveis 134,597.01,661.05,-9.69
Banheiro,Produto Banheiro 45,755.82,836.97,-9.7
Jardim,Produto Jardim 83,90.39,100.1,-9.7
Banheiro,Produto Banheiro 108,609.67,675.17,-9.7
Decoração,Produto Decoração 47,650.26,720.37,-9.73
Banheiro,Produto Banheiro 115,759.86,841.72,-9.73
Iluminação,Produto Iluminação 41,836.7,927.01,-9.74
Móveis,Produto Móveis 72,430.2,476.6,-9.74
Iluminação,Produto Iluminação 20,586.33,649.65,-9.75
Jardim,Produto Jardim 138,441.97,489.72,-9.75
Jardim,Produto Jardim 53,772.82,856.51,-9.77
Jardim,Produto Jardim 104,99.73,110.53,-9.77
Decoração,Produto Decoração 94,697.38,773.01,-9.78
Iluminação,Produto Iluminação 50,36.22,40.15,-9.79
Jardim,Produto Jardim 107,559.39,620.09,-9.79
Outros,Produto Jardim 4,63.5,70.41,-9.81
Decoração,Produto Decoração 80,213.43,236.71,-9.83
Jardim,Produto Jardim 16,522.3,579.32,-9.84
Cozinha,Produto Cozinha 148,121.1,134.31,-9.84
Banheiro,Produto Banheiro 108,609.67,676.46,-9.87
Banheiro,Produto Banheiro 115,759.86,843.14,-9.88
Iluminação,Produto Iluminação 116,678.67,753.06,-9.88
Decoração,Produto Decoração 80,213.43,236.85,-9.89
Decoração,Produto Decoração 36,659.82,732.3,-9.9
Jardim,Produto Jardim 53,772.82,858.06,-9.93
Decoração,Produto Decoração 105,19.23,21.35,-9.93
Iluminação,Produto Iluminação 132,131.97,146.52,-9.93
Jardim,Produto Jardim 138,441.97,490.71,-9.93
Outros,Produto Decoração 2,626.21,695.29,-9.94
Decoração,Produto Decoração 47,650.26,722.02,-9.94
Móveis,Produto Móveis 72,430.2,477.67,-9.94
Decoração,Produto Decoração 89,591.93,657.33,-9.95
Banheiro,Produto Banheiro 17,69.32,76.99,-9.96
Banheiro,Produto Banheiro 108,609.67,677.13,-9.96
Iluminação,Produto Iluminação 50,36.22,40.23,-9.97
Móveis,Produto Móveis 110,557.44,619.18,-9.97
Móveis,Produto Móveis 39,659.01,732.06,-9.98
Cozinha,Produto Cozinha 67,115.09,127.85,-9.98
Móveis,Produto Móveis 134,597.01,663.24,-9.99
Banheiro,Produto Banheiro 17,69.32,77.04,-10.02
Iluminação,Produto Iluminação 20,586.33,651.65,-10.02
Móveis,Produto Móveis 39,659.01,732.38,-10.02
Banheiro,Produto Banheiro 21,116.9,129.93,-10.03
Jardim,Produto Jardim 104,99.73,110.85,-10.03
Banheiro,Produto Banheiro 21,116.9,129.95,-10.04
Banheiro,Produto Banheiro 21,116.9,129.95,-10.04
Banheiro,Produto Banheiro 115,759.86,844.67,-10.04
Cozinha,Produto Cozinha 148,121.1,134.62,-10.04
Jardim,Produto Jardim 16,522.3,580.63,-10.05
Jardim,Produto Jardim 107,559.39,621.87,-10.05
Iluminação,Produto Iluminação 50,36.22,40.27,-10.06
Decoração,Produto Decoração 80,213.43,237.3,-10.06
Banheiro,Produto Banheiro 108,609.67,677.85,-10.06
Móveis,Produto Móveis 110,557.44,619.82,-10.06
Cozinha,Produto Cozinha 148,121.1,134.65,-10.06
Banheiro,Produto Banheiro 133,747.61,831.43,-10.08
Outros,Produto Jardim 4,63.5,70.63,-10.09
Iluminação,Produto Iluminação 41,836.7,930.62,-10.09
Decoração,Produto Decoração 36,659.82,734.08,-10.12
Móveis,Produto Móveis 39,659.01,733.22,-10.12
Decoração,Produto Decoração 44,624.22,694.63,-10.14
Banheiro,Produto Banheiro 17,69.32,77.16,-10.16
Cozinha,Produto Cozinha 148,121.1,134.8,-10.16
Decoração,Produto Decoração 36,659.82,734.53,-10.17
Banheiro,Produto Banheiro 133,747.61,832.23,-10.17
Móveis,Produto Móveis 134,597.01,664.83,-10.2
Jardim,Produto Jardim 16,522.3,581.78,-10.22
Banheiro,Produto Banheiro 142,328.61,366.01,-10.22
Cozinha,Produto Cozinha 49,451.48,502.96,-10.24
Decoração,Produto Decoração 80,213.43,237.77,-10.24
Cozinha,Produto Cozinha 24,275.28,306.75,-10.26
Decoração,Produto Decoração 89,591.93,659.6,-10.26
Cozinha,Produto Cozinha 148,121.1,134.94,-10.26
Banheiro,Produto Banheiro 108,609.67,679.47,-10.27
Decoração,Produto Decoração 47,650.26,724.78,-10.28
Banheiro,Produto Banheiro 21,116.9,130.31,-10.29
Iluminação,Produto Iluminação 116,678.67,756.5,-10.29
Outros,Produto Jardim 4,63.5,70.79,-10.3
Iluminação,Produto Iluminação 41,836.7,932.73,-10.3
Jardim,Produto Jardim 107,559.39,623.7,-10.31
Cozinha,Produto Cozinha 14,181.73,202.65,-10.32
Decoração,Produto Decoração 94,697.38,777.7,-10.33
Móveis,Produto Móveis 110,557.44,621.74,-10.34
Decoração,Produto Decoração 44,624.22,696.25,-10.35
Cozinha,Produto Cozinha 148,121.1,135.09,-10.36
Iluminação,Produto Iluminação 20,586.33,654.23,-10.38
Banheiro,Produto Banheiro 141,758.15,846.09,-10.39
Cozinha,Produto Cozinha 24,275.28,307.26,-10.41
Decoração,Produto Decoração 105,19.23,21.47,-10.43
Banheiro,Produto Banheiro 45,755.82,844.01,-10.45
Cozinha,Produto Cozinha 148,121.1,135.25,-10.46
Iluminação,Produto Iluminação 132,131.97,147.41,-10.47
Móveis,Produto Móveis 72,430.2,480.61,-10.49
Jardim,Produto Jardim 16,522.3,583.65,-10.51
Cozinha,Produto Cozinha 49,451.48,504.6,-10.53
Iluminação,Produto Iluminação 50,36.22,40.49,-10.55
Jardim,Produto Jardim 83,90.39,101.05,-10.55
Iluminação,Produto Iluminação 20,586.33,655.68,-10.58
Banheiro,Produto Banheiro 45,755.82,845.36,-10.59
Iluminação,Produto Iluminação 50,36.22,40.51,-10.59
Cozinha,Produto Cozinha 24,275.28,307.93,-10.6
Móveis,Produto Móveis 110,557.44,623.56,-10.6
Outros,Produto Jardim 4,63.5,71.04,-10.61
Cozinha,Produto Cozinha 148,121.1,135.47,-10.61
Iluminação,Produto Iluminação 50,36.22,40.53,-10.63
Cozinha,Produto Cozinha 148,121.1,135.51,-10.63
Iluminação,Produto Iluminação 132,131.97,147.68,-10.64
Banheiro,Produto Banheiro 141,758.15,848.44,-10.64
Banheiro,Produto Banheiro 21,116.9,130.83,-10.65
Cozinha,Produto Cozinha 24,275.28,308.14,-10.66
Banheiro,Produto Banheiro 15,509.67,570.67,-10.69
Cozinha,Produto Cozinha 128,156.53,175.27,-10.69
Cozinha,Produto Cozinha 128,156.53,175.35,-10.73
Jardim,Produto Jardim 16,522.3,585.14,-10.74
Iluminação,Produto Iluminação 50,36.22,40.58,-10.74
Móveis,Produto Móveis 110,557.44,624.58,-10.75
Cozinha,Produto Cozinha 128,156.53,175.46,-10.79
Banheiro,Produto Banheiro 25,471.5,528.64,-10.81
Decoração,Produto Decoração 44,624.22,699.84,-10.81
Decoração,Produto Decoração 89,591.93,663.7,-10.81
Jardim,Produto Jardim 102,149.96,168.15,-10.82
Cozinha,Produto Cozinha 24,275.28,308.76,-10.84
Cozinha,Produto Cozinha 67,115.09,129.11,-10.86
Decoração,Produto Decoração 44,624.22,700.39,-10.88
Cozinha,Produto Cozinha 49,451.48,506.66,-10.89
Iluminação,Produto Iluminação 132,131.97,148.1,-10.89
Cozinha,Produto Cozinha 24,275.28,308.99,-10.91
Decoração,Produto Decoração 36,659.82,740.68,-10.92
Decoração,Produto Decoração 94,697.38,783.06,-10.94
Iluminação,Produto Iluminação 132,131.97,148.19,-10.95
Banheiro,Produto Banheiro 21,116.9,131.29,-10.96
Decoração,Produto Decoração 94,697.38,783.44,-10.98
Móveis,Produto Móveis 110,557.44,626.18,-10.98
Banheiro,Produto Banheiro 142,328.61,369.14,-10.98
Cozinha,Produto Cozinha 24,275.28,309.34,-11.01
Banheiro,Produto Banheiro 45,755.82,849.33,-11.01
Decoração,Produto Decoração 47,650.26,730.9,-11.03
Cozinha,Produto Cozinha 49,451.48,507.59,-11.05
Decoração,Produto Decoração 89,591.93,665.46,-11.05
Cozinha,Produto Cozinha 128,156.53,175.98,-11.05
Banheiro,Produto Banheiro 141,758.15,852.44,-11.06
Decoração,Produto Decoração 44,624.22,701.91,-11.07
Banheiro,Produto Banheiro 17,69.32,77.96,-11.08
Jardim,Produto Jardim 138,441.97,497.1,-11.09
Outros,Produto Jardim 4,63.5,71.43,-11.1
Cozinha,Produto Cozinha 24,275.28,309.66,-11.1
Iluminação,Produto Iluminação 50,36.22,40.75,-11.12
Decoração,Produto Decoração 80,213.43,240.12,-11.12
Outros,Produto Jardim 4,63.5,71.45,-11.13
Jardim,Produto Jardim 16,522.3,587.78,-11.14
Jardim,Produto Jardim 102,149.96,168.84,-11.18
Jardim,Produto Jardim 48,658.76,741.8,-11.19
Iluminação,Produto Iluminação 116,678.67,764.22,-11.19
Cozinha,Produto Cozinha 128,156.53,176.26,-11.19
Outros,Produto Jardim 4,63.5,71.51,-11.2
Jardim,Produto Jardim 107,559.39,629.93,-11.2
Banheiro,Produto Banheiro 25,471.5,531.02,-11.21
Jardim,Produto Jardim 138,441.97,497.76,-11.21
Banheiro,Produto Banheiro 17,69.32,78.08,-11.22
Decoração,Produto Decoração 44,624.22,703.1,-11.22
Iluminação,Produto Iluminação 50,36.22,40.8,-11.23
Móveis,Produto Móveis 60,760.29,856.43,-11.23
Banheiro,Produto Banheiro 21,116.9,131.73,-11.26
Decoração,Produto Decoração 44,624.22,703.45,-11.26
Jardim,Produto Jardim 83,90.39,101.86,-11.26
Decoração,Produto Decoração 36,659.82,743.65,-11.27
Decoração,Produto Decoração 89,591.93,667.08,-11.27
Jardim,Produto Jardim 83,90.39,101.88,-11.28
Iluminação,Produto Iluminação 132,131.97,148.75,-11.28
Banheiro,Produto Banheiro 108,609.67,687.43,-11.31
Iluminação,Produto Iluminação 132,131.97,148.82,-11.32
Banheiro,Produto Banheiro 108,609.67,687.63,-11.34
Jardim,Produto Jardim 107,559.39,630.98,-11.35
Jardim,Produto Jardim 53,772.82,871.85,-11.36
Jardim,Produto Jardim 104,99.73,112.53,-11.37
Banheiro,Produto Banheiro 142,328.61,370.77,-11.37
Iluminação,Produto Iluminação 20,586.33,661.61,-11.38
Decoração,Produto Decoração 44,624.22,704.45,-11.39
Cozinha,Produto Cozinha 67,115.09,129.91,-11.41
Cozinha,Produto Cozinha 128,156.53,176.72,-11.42
Decoração,Produto Decoração 44,624.22,704.82,-11.44
Iluminação,Produto Iluminação 116,678.67,766.5,-11.46
Banheiro,Produto Banheiro 17,69.32,78.3,-11.47
Decoração,Produto Decoração 94,697.38,787.76,-11.47
Banheiro,Produto Banheiro 15,509.67,575.84,-11.49
Banheiro,Produto Banheiro 45,755.82,853.94,-11.49
Jardim,Produto Jardim 104,99.73,112.69,-11.5
Iluminação,Produto Iluminação 116,678.67,766.86,-11.5
Banheiro,Produto Banheiro 17,69.32,78.34,-11.51
Cozinha,Produto Cozinha 49,451.48,510.22,-11.51
Iluminação,Produto Iluminação 132,131.97,149.13,-11.51
Jardim,Produto Jardim 16,522.3,590.32,-11.52
Banheiro,Produto Banheiro 142,328.61,371.4,-11.52
Jardim,Produto Jardim 48,658.76,744.67,-11.54
Decoração,Produto Decoração 80,213.43,241.28,-11.54
Iluminação,Produto Iluminação 41,836.7,946.01,-11.55
Cozinha,Produto Cozinha 49,451.48,510.41,-11.55
Iluminação,Produto Iluminação 50,36.22,40.96,-11.57
Móveis,Produto Móveis 60,760.29,860.01,-11.6
Cozinha,Produto Cozinha 128,156.53,177.07,-11.6
Banheiro,Produto Banheiro 141,758.15,857.7,-11.61
Banheiro,Produto Banheiro 25,471.5,533.56,-11.63
Jardim,Produto Jardim 102,149.96,169.76,-11.66
Decoração,Produto Decoração 94,697.38,789.81,-11.7
Decoração,Produto Decoração 80,213.43,241.74,-11.71
Decoração,Produto Decoração 44,624.22,707.16,-11.73
Jardim,Produto Jardim 107,559.39,633.95,-11.76
Banheiro,Produto Banheiro 25,471.5,534.41,-11.77
Banheiro,Produto Banheiro 25,471.5,534.41,-11.77
Cozinha,Produto Cozinha 67,115.09,130.44,-11.77
Banheiro,Produto Banheiro 108,609.67,690.99,-11.77
Banheiro,Produto Banheiro 108,609.67,691.1,-11.78
Jardim,Produto Jardim 48,658.76,746.9,-11.8
Cozinha,Produto Cozinha 49,451.48,511.92,-11.81
Banheiro,Produto Banheiro 25,471.5,534.79,-11.83
Jardim,Produto Jardim 102,149.96,170.1,-11.84
Jardim,Produto Jardim 104,99.73,113.13,-11.84
Decoração,Produto Decoração 89,591.93,671.51,-11.85
Jardim,Produto Jardim 16,522.3,592.72,-11.88
Jardim,Produto Jardim 16,522.3,592.79,-11.89
Jardim,Produto Jardim 16,522.3,592.83,-11.9
Banheiro,Produto Banheiro 45,755.82,857.95,-11.9
Jardim,Produto Jardim 48,658.76,747.8,-11.91
Jardim,Produto Jardim 48,658.76,747.96,-11.93
Cozinha,Produto Cozinha 128,156.53,177.73,-11.93
Banheiro,Produto Banheiro 141,758.15,860.81,-11.93
Decoração,Produto Decoração 36,659.82,749.25,-11.94
Cozinha,Produto Cozinha 49,451.48,512.68,-11.94
Jardim,Produto Jardim 53,772.82,877.66,-11.95
Banheiro,Produto Banheiro 25,471.5,535.7,-11.98
Banheiro,Produto Banheiro 25,471.5,535.7,-11.98
Jardim,Produto Jardim 104,99.73,113.3,-11.98
Iluminação,Produto Iluminação 41,836.7,950.71,-11.99
Jardim,Produto Jardim 102,149.96,170.41,-12.0
Decoração,Produto Decoração 36,659.82,749.87,-12.01
Banheiro,Produto Banheiro 142,328.61,373.46,-12.01
Decoração,Produto Decoração 94,697.38,792.68,-12.02
Banheiro,Produto Banheiro 17,69.32,78.81,-12.04
Banheiro,Produto Banheiro 45,755.82,859.42,-12.05
Cozinha,Produto Cozinha 67,115.09,130.87,-12.06
Iluminação,Produto Iluminação 41,836.7,951.6,-12.07
Iluminação,Produto Iluminação 50,36.22,41.19,-12.07
Decoração,Produto Decoração 89,591.93,673.18,-12.07
Jardim,Produto Jardim 16,522.3,594.04,-12.08
Banheiro,Produto Banheiro 45,755.82,859.87,-12.1
Cozinha,Produto Cozinha 49,451.48,513.71,-12.11
Decoração,Produto Decoração 36,659.82,750.79,-12.12
Banheiro,Produto Banheiro 15,509.67,580.05,-12.13
Cozinha,Produto Cozinha 67,115.09,130.98,-12.13
Cozinha,Produto Cozinha 128,156.53,178.15,-12.14
Outros,Produto Jardim 4,63.5,72.28,-12.15
Iluminação,Produto Iluminação 50,36.22,41.24,-12.17
Iluminação,Produto Iluminação 50,36.22,41.24,-12.17
Jardim,Produto Jardim 102,149.96,170.76,-12.18
Jardim,Produto Jardim 104,99.73,113.59,-12.2
Decoração,Produto Decoração 36,659.82,751.78,-12.23
Decoração,Produto Decoração 89,591.93,674.42,-12.23
Banheiro,Produto Banheiro 17,69.32,79.0,-12.25
Banheiro,Produto Banheiro 21,116.9,133.22,-12.25
Banheiro,Produto Banheiro 45,755.82,861.3,-12.25
Móveis,Produto Móveis 110,557.44,635.32,-12.26
Banheiro,Produto Banheiro 15,509.67,580.95,-12.27
Banheiro,Produto Banheiro 142,328.61,374.6,-12.28
Banheiro,Produto Banheiro 21,116.9,133.36,-12.34
Jardim,Produto Jardim 83,90.39,103.11,-12.34
Banheiro,Produto Banheiro 21,116.9,133.37,-12.35
Banheiro,Produto Banheiro 21,116.9,133.37,-12.35
Banheiro,Produto Banheiro 142,328.61,374.9,-12.35
Cozinha,Produto Cozinha 49,451.48,515.31,-12.39
Banheiro,Produto Banheiro 21,116.9,133.44,-12.4
Decoração,Produto Decoração 80,213.43,243.63,-12.4
Decoração,Produto Decoração 44,624.22,712.77,-12.42
Jardim,Produto Jardim 48,658.76,752.17,-12.42
Banheiro,Produto Banheiro 141,758.15,865.67,-12.42
Banheiro,Produto Banheiro 141,758.15,865.63,-12.42
Cozinha,Produto Cozinha 49,451.48,515.54,-12.43
Iluminação,Produto Iluminação 50,36.22,41.36,-12.43
Banheiro,Produto Banheiro 21,116.9,133.51,-12.44
Cozinha,Produto Cozinha 128,156.53,178.77,-12.44
Outros,Produto Jardim 4,63.5,72.55,-12.47
Iluminação,Produto Iluminação 50,36.22,41.38,-12.47
Jardim,Produto Jardim 102,149.96,171.32,-12.47
Decoração,Produto Decoração 36,659.82,753.95,-12.48
Decoração,Produto Decoração 44,624.22,713.22,-12.48
Banheiro,Produto Banheiro 141,758.15,866.35,-12.49
Decoração,Produto Decoração 94,697.38,797.22,-12.52
Decoração,Produto Decoração 94,697.38,797.23,-12.52
Banheiro,Produto Banheiro 108,609.67,696.94,-12.52
Móveis,Produto Móveis 110,557.44,637.21,-12.52
Banheiro,Produto Banheiro 141,758.15,866.63,-12.52
Decoração,Produto Decoração 89,591.93,676.75,-12.53
Decoração,Produto Decoração 94,697.38,797.36,-12.54
Decoração,Produto Decoração 80,213.43,244.05,-12.55
Cozinha,Produto Cozinha 128,156.53,179.07,-12.59
Jardim,Produto Jardim 16,522.3,597.64,-12.61
Decoração,Produto Decoração 94,697.38,798.01,-12.61
Banheiro,Produto Banheiro 45,755.82,865.32,-12.65
Cozinha,Produto Cozinha 128,156.53,179.2,-12.65
Jardim,Produto Jardim 83,90.39,103.52,-12.68
Iluminação,Produto Iluminação 116,678.67,777.26,-12.68
Decoração,Produto Decoração 44,624.22,714.96,-12.69
Jardim,Produto Jardim 107,559.39,640.79,-12.7
Banheiro,Produto Banheiro 17,69.32,79.41,-12.71
Cozinha,Produto Cozinha 128,156.53,179.35,-12.72
Jardim,Produto Jardim 102,149.96,171.86,-12.74
Decoração,Produto Decoração 44,624.22,715.46,-12.75
Móveis,Produto Móveis 110,557.44,639.15,-12.78
Banheiro,Produto Banheiro 17,69.32,79.49,-12.79
Decoração,Produto Decoração 94,697.38,799.63,-12.79
Banheiro,Produto Banheiro 108,609.67,699.08,-12.79
Banheiro,Produto Banheiro 108,609.67,699.05,-12.79
Outros,Produto Jardim 4,63.5,72.84,-12.82
Banheiro,Produto Banheiro 141,758.15,869.64,-12.82
Banheiro,Produto Banheiro 142,328.61,376.96,-12.83
Banheiro,Produto Banheiro 45,755.82,867.17,-12.84
Banheiro,Produto Banheiro 17,69.32,79.57,-12.88
Jardim,Produto Jardim 16,522.3,599.58,-12.89
Banheiro,Produto Banheiro 17,69.32,79.59,-12.9
Jardim,Produto Jardim 83,90.39,103.84,-12.95
Jardim,Produto Jardim 83,90.39,103.85,-12.96
Jardim,Produto Jardim 102,149.96,172.29,-12.96
Iluminação,Produto Iluminação 116,678.67,779.71,-12.96
Decoração,Produto Decoração 44,624.22,717.3,-12.98
Decoração,Produto Decoração 89,591.93,680.19,-12.98
Jardim,Produto Jardim 104,99.73,114.6,-12.98
Banheiro,Produto Banheiro 45,755.82,868.77,-13.0
Cozinha,Produto Cozinha 128,156.53,179.95,-13.01
Jardim,Produto Jardim 16,522.3,600.5,-13.02
Banheiro,Produto Banheiro 141,758.15,871.59,-13.02
Jardim,Produto Jardim 53,772.82,888.82,-13.05
Decoração,Produto Decoração 89,591.93,680.94,-13.07
Jardim,Produto Jardim 83,90.39,104.2,-13.25
Jardim,Produto Jardim 102,149.96,172.87,-13.25
Jardim,Produto Jardim 53,772.82,891.39,-13.3
Decoração,Produto Decoração 80,213.43,246.17,-13.3
Jardim,Produto Jardim 83,90.39,104.27,-13.31
Decoração,Produto Decoração 80,213.43,246.3,-13.35
Decoração,Produto Decoração 94,697.38,805.09,-13.38
Decoração,Produto Decoração 94,697.38,805.09,-13.38
Decoração,Produto Decoração 44,624.22,720.74,-13.39
Decoração,Produto Decoração 36,659.82,761.89,-13.4
Jardim,Produto Jardim 104,99.73,115.18,-13.41
Banheiro,Produto Banheiro 142,328.61,379.55,-13.42
Banheiro,Produto Banheiro 141,758.15,875.8,-13.43
Jardim,Produto Jardim 53,772.82,892.88,-13.45
Decoração,Produto Decoração 89,591.93,684.09,-13.47
Decoração,Produto Decoração 94,697.38,806.45,-13.52
Jardim,Produto Jardim 83,90.39,104.53,-13.53
Banheiro,Produto Banheiro 21,116.9,135.22,-13.55
Banheiro,Produto Banheiro 45,755.82,874.29,-13.55
Decoração,Produto Decoração 89,591.93,684.82,-13.56
Jardim,Produto Jardim 104,99.73,115.4,-13.58
Jardim,Produto Jardim 53,772.82,894.83,-13.63
Decoração,Produto Decoração 44,624.22,722.92,-13.65
Jardim,Produto Jardim 53,772.82,894.97,-13.65
Jardim,Produto Jardim 102,149.96,173.67,-13.65
Banheiro,Produto Banheiro 21,116.9,135.4,-13.66
Banheiro,Produto Banheiro 142,328.61,380.77,-13.7
Decoração,Produto Decoração 80,213.43,247.38,-13.72
Banheiro,Produto Banheiro 142,328.61,380.97,-13.74
Cozinha,Produto Cozinha 128,156.53,181.55,-13.78
Banheiro,Produto Banheiro 141,758.15,879.36,-13.78
Jardim,Produto Jardim 16,522.3,605.84,-13.79
Decoração,Produto Decoração 89,591.93,687.11,-13.85
Banheiro,Produto Banheiro 141,758.15,880.29,-13.87
Decoração,Produto Decoração 80,213.43,247.84,-13.88
Cozinha,Produto Cozinha 128,156.53,181.79,-13.9
Jardim,Produto Jardim 83,90.39,105.0,-13.91
Jardim,Produto Jardim 53,772.82,897.8,-13.92
Banheiro,Produto Banheiro 45,755.82,878.16,-13.93
Banheiro,Produto Banheiro 142,328.61,381.94,-13.96
Decoração,Produto Decoração 94,697.38,811.57,-14.07
Cozinha,Produto Cozinha 49,451.48,525.48,-14.08
Banheiro,Produto Banheiro 17,69.32,80.69,-14.09
Jardim,Produto Jardim 53,772.82,899.6,-14.09
Iluminação,Produto Iluminação 116,678.67,790.01,-14.09
Iluminação,Produto Iluminação 116,678.67,790.14,-14.11
Cozinha,Produto Cozinha 49,451.48,526.03,-14.17
Jardim,Produto Jardim 104,99.73,116.19,-14.17
Jardim,Produto Jardim 104,99.73,116.19,-14.17
Decoração,Produto Decoração 89,591.93,690.27,-14.25
Jardim,Produto Jardim 16,522.3,609.83,-14.35
Jardim,Produto Jardim 102,149.96,175.08,-14.35
Banheiro,Produto Banheiro 45,755.82,882.6,-14.36
Cozinha,Produto Cozinha 49,451.48,527.17,-14.36
Jardim,Produto Jardim 16,522.3,609.93,-14.37
Iluminação,Produto Iluminação 116,678.67,792.64,-14.38
Iluminação,Produto Iluminação 116,678.67,792.61,-14.38
Iluminação,Produto Iluminação 116,678.67,792.8,-14.4
Banheiro,Produto Banheiro 141,758.15,885.64,-14.4
Decoração,Produto Decoração 80,213.43,249.6,-14.49
Banheiro,Produto Banheiro 141,758.15,886.68,-14.5
Banheiro,Produto Banheiro 141,758.15,887.06,-14.53
Jardim,Produto Jardim 104,99.73,116.71,-14.55
Decoração,Produto Decoração 94,697.38,816.3,-14.57
Decoração,Produto Decoração 89,591.93,693.11,-14.6
Decoração,Produto Decoração 80,213.43,249.95,-14.61
Banheiro,Produto Banheiro 142,328.61,384.9,-14.62
Banheiro,Produto Banheiro 142,328.61,384.93,-14.63
Iluminação,Produto Iluminação 116,678.67,795.08,-14.64
Jardim,Produto Jardim 102,149.96,175.69,-14.65
Jardim,Produto Jardim 83,90.39,105.93,-14.67
Iluminação,Produto Iluminação 116,678.67,795.42,-14.68
Jardim,Produto Jardim 83,90.39,105.97,-14.7
Jardim,Produto Jardim 104,99.73,116.94,-14.72
Banheiro,Produto Banheiro 21,116.9,137.09,-14.73
Iluminação,Produto Iluminação 116,678.67,795.93,-14.73
Jardim,Produto Jardim 102,149.96,175.95,-14.77
Banheiro,Produto Banheiro 45,755.82,887.22,-14.81
Jardim,Produto Jardim 104,99.73,117.07,-14.81
Banheiro,Produto Banheiro 142,328.61,385.8,-14.82
Jardim,Produto Jardim 104,99.73,117.09,-14.83
Decoração,Produto Decoração 36,659.82,774.88,-14.85
Banheiro,Produto Banheiro 142,328.61,385.91,-14.85
Jardim,Produto Jardim 83,90.39,106.23,-14.91
Jardim,Produto Jardim 83,90.39,106.25,-14.93
Banheiro,Produto Banheiro 142,328.61,386.27,-14.93
Jardim,Produto Jardim 104,99.73,117.26,-14.95
Banheiro,Produto Banheiro 141,758.15,891.47,-14.96
Jardim,Produto Jardim 102,149.96,176.49,-15.03
Jardim,Produto Jardim 102,149.96,176.7,-15.13
Jardim,Produto Jardim 102,149.96,176.74,-15.15
Jardim,Produto Jardim 102,149.96,176.78,-15.17
Decoração,Produto Decoração 36,659.82,777.89,-15.18
Jardim,Produto Jardim 102,149.96,176.86,-15.21
Jardim,Produto Jardim 83,90.39,106.66,-15.25
Banheiro,Produto Banheiro 45,755.82,892.53,-15.32
Banheiro,Produto Banheiro 45,755.82,892.73,-15.34
Decoração,Produto Decoração 36,659.82,780.0,-15.41
Decoração,Produto Decoração 36,659.82,781.08,-15.52
Banheiro,Produto Banheiro 142,328.61,389.02,-15.53
Banheiro,Produto Banheiro 142,328.61,389.17,-15.56
Banheiro,Produto Banheiro 141,758.15,898.12,-15.58
Banheiro,Produto Banheiro 141,758.15,898.95,-15.66
Jardim,Produto Jardim 83,90.39,107.3,-15.76
Decoração,Produto Decoração 36,659.82,783.31,-15.77
Banheiro,Produto Banheiro 45,755.82,897.29,-15.77
Jardim,Produto Jardim 102,149.96,178.21,-15.85
Banheiro,Produto Banheiro 141,758.15,901.02,-15.86
Jardim,Produto Jardim 102,149.96,178.47,-15.97
Banheiro,Produto Banheiro 142,328.61,391.05,-15.97
Banheiro,Produto Banheiro 142,328.61,391.97,-16.16
Banheiro,Produto Banheiro 142,328.61,391.99,-16.17
