cliente_id,recencia_dias,frequencia,monetario,score_r,score_f,score_m
2921,1458,1,4980.64,1,1,1
10659,1457,1,1001.46,1,1,1
10956,1457,1,13358.09,1,1,2
8339,1456,1,834.09,1,1,1
11386,1456,1,2003.1,1,1,1
10886,1455,1,6466.62,1,1,1
10910,1455,1,10993.94,1,1,2
8528,1454,1,7100.27,1,1,1
263,1454,2,4362.58,1,1,1
2395,1453,1,28.05,1,1,1
11280,1453,1,3022.73,1,1,1
10911,1452,1,1080.32,1,1,1
5822,1452,1,2625.7,1,1,1
4600,1452,1,8734.5,1,1,1
3757,1451,1,2388.12,1,1,1
6543,1449,1,518.85,1,1,1
11665,1449,1,8357.9,1,1,1
7473,1448,1,4249.72,1,1,1
7646,1448,1,5859.3,1,1,1
2806,1448,1,17120.7,1,1,3
7067,1448,2,24641.63,1,2,4
4990,1447,1,367.65,1,1,1
6900,1444,1,893.28,1,1,1
11637,1444,1,2562.48,1,1,1
4237,1444,1,8417.21,1,1,1
4543,1436,1,5362.57,1,1,1
7860,1435,1,8207.85,1,1,1
6133,1433,1,5213.41,1,1,1
9137,1432,1,371.22,1,1,1
6391,1430,2,23793.92,1,2,4
5646,1428,1,596.86,1,1,1
5794,1428,1,2453.25,1,1,1
6238,1427,1,4265.48,1,1,1
1811,1427,1,15157.79,1,1,2
9710,1426,3,10494.52,1,2,2
8407,1425,1,7302.35,1,1,1
10034,1425,1,8823.62,1,1,1
2639,1424,2,12520.48,1,1,2
2004,1423,1,2842.48,1,1,1
11987,1423,1,9174.85,1,1,1
3288,1422,1,3004.52,1,1,1
4196,1422,2,4365.29,1,1,1
1690,1422,2,11935.5,1,1,2
8461,1421,1,2455.36,1,1,1
1978,1421,1,5428.73,1,1,1
97,1421,2,2539.22,1,1,1
11478,1421,2,5180.01,1,1,1
9381,1420,1,6499.81,1,1,1
1520,1419,1,3238.56,1,1,1
8266,1418,1,1469.67,1,1,1
5675,1418,1,2029.78,1,1,1
7104,1418,3,26576.9,1,3,4
3285,1417,1,2802.48,1,1,1
11953,1417,1,5549.41,1,1,1
3513,1417,1,13081.71,1,1,2
1937,1416,1,3478.11,1,1,1
5761,1416,2,8735.03,1,1,1
1403,1414,1,28.05,1,1,1
8504,1414,1,3891.85,1,1,1
5335,1414,2,12782.24,1,1,2
11829,1414,2,13977.3,1,2,2
1190,1413,2,13290.45,1,2,2
6026,1413,4,9876.23,1,3,1
9391,1412,1,9734.57,1,1,1
8141,1411,1,10540.3,1,1,2
4697,1410,1,1856.86,1,1,1
4311,1410,1,2898.0,1,1,1
624,1410,1,6239.89,1,1,1
7342,1410,1,20734.94,1,1,3
8686,1410,2,4361.13,1,1,1
4124,1410,2,5447.76,1,1,1
9325,1409,1,4035.4,1,1,1
10900,1409,1,4265.4,1,1,1
6932,1409,1,5896.7,1,1,1
5443,1409,2,13235.69,1,2,2
5259,1407,3,7002.32,1,2,1
3275,1406,1,1511.68,1,1,1
8603,1406,1,1878.66,1,1,1
4408,1404,1,136.6,1,1,1
595,1404,2,9676.51,1,1,1
996,1403,1,5570.58,1,1,1
3504,1403,1,9182.65,1,1,1
3812,1403,2,14811.4,1,2,2
8738,1403,3,17609.88,1,2,3
6343,1402,1,2312.73,1,1,1
10327,1401,1,584.96,1,1,1
5076,1401,1,4021.58,1,1,1
8837,1400,2,3321.81,1,1,1
8410,1400,2,3555.78,1,1,1
10321,1400,2,11548.09,1,1,2
3179,1400,2,14304.22,1,2,2
10844,1399,1,1224.2,1,1,1
4053,1399,1,4246.16,1,1,1
5948,1399,1,4736.36,1,1,1
11880,1399,2,26058.3,1,2,4
4564,1398,1,249.87,1,1,1
4648,1397,1,12638.16,1,1,2
3181,1397,1,13279.79,1,1,2
9370,1397,1,15166.48,1,1,2
6180,1397,2,6275.91,1,1,1
215,1396,1,4551.83,1,1,1
1061,1395,1,2287.38,1,1,1
8473,1395,2,18212.94,1,2,3
2499,1394,1,250.01,1,1,1
1203,1394,1,5032.26,1,1,1
4432,1394,2,8326.4,1,1,1
9401,1393,1,3185.75,1,1,1
6810,1393,1,4952.94,1,1,1
9610,1392,1,4558.63,1,1,1
2157,1391,2,11546.21,1,1,2
349,1391,2,11839.66,1,1,2
1584,1390,1,215.42,1,1,1
10510,1390,1,2019.6,1,1,1
5080,1390,2,17350.85,1,2,3
2009,1390,2,22552.83,1,2,3
4749,1389,1,7904.49,1,1,1
6609,1389,1,14371.07,1,1,2
1695,1388,1,6977.97,1,1,1
9762,1388,1,7678.04,1,1,1
6205,1388,1,8161.9,1,1,1
9402,1387,1,10828.38,1,1,2
7488,1386,1,5050.88,1,1,1
6149,1386,2,6968.65,1,1,1
11674,1386,3,10524.24,1,2,2
11460,1385,1,3418.1,1,1,1
8875,1384,1,4854.34,1,1,1
8153,1383,1,4802.52,1,1,1
1948,1383,2,6175.73,1,1,1
8131,1383,2,7760.26,1,1,1
3203,1383,2,8821.51,1,1,1
362,1381,1,4796.88,1,1,1
7681,1381,2,10887.18,1,1,2
3628,1380,2,2656.97,1,1,1
5428,1380,2,15450.22,1,2,2
10778,1380,2,16526.74,1,2,3
3208,1378,1,2567.34,1,1,1
4794,1377,1,1060.38,1,1,1
1392,1377,2,6892.31,1,1,1
4047,1376,1,1266.74,1,1,1
4210,1375,1,1287.05,1,1,1
6802,1375,1,1556.55,1,1,1
10526,1375,3,27000.89,1,3,4
7252,1372,1,591.24,1,1,1
9649,1372,1,6537.92,1,1,1
1775,1371,1,14709.65,1,1,2
776,1371,2,4291.15,1,1,1
4470,1370,1,4984.23,1,1,1
8899,1370,3,12912.44,1,2,2
11873,1369,1,5953.05,1,1,1
4777,1368,1,1807.11,1,1,1
7973,1368,1,2907.84,1,1,1
1478,1368,1,5733.31,1,1,1
1256,1368,1,14125.27,1,1,2
4920,1368,2,20459.74,1,2,3
1330,1368,2,31029.49,1,2,4
6367,1367,2,9010.57,1,1,1
658,1367,2,18448.21,1,2,3
326,1366,2,13353.21,1,2,2
2911,1365,1,920.4,1,1,1
6072,1365,2,15226.26,1,2,2
2592,1364,1,2003.02,1,1,1
7879,1364,2,10673.96,1,1,2
1772,1364,4,19338.41,1,3,3
11064,1363,1,68.3,1,1,1
8676,1363,1,247.48,1,1,1
906,1363,1,11783.88,1,1,2
10001,1363,1,16486.02,1,1,3
8437,1363,2,5798.9,1,1,1
1037,1362,2,4994.38,1,1,1
6582,1362,2,17120.35,1,2,3
9600,1362,3,14185.34,1,2,2
11813,1362,3,29156.89,1,3,4
6573,1361,1,3094.44,1,1,1
7399,1361,1,9191.44,1,1,1
10474,1360,1,6893.58,1,1,1
11104,1360,1,10469.91,1,1,2
9663,1360,1,11265.37,1,1,2
3125,1360,1,11426.67,1,1,2
4716,1360,1,14925.84,1,1,2
10298,1360,2,6762.16,1,1,1
11240,1360,3,13734.11,1,2,2
5498,1359,2,4592.58,1,1,1
10320,1358,2,18262.41,1,2,3
1066,1357,1,28.02,1,1,1
10945,1357,2,9607.03,1,1,1
3914,1357,3,4698.11,1,2,1
6756,1356,1,1139.69,1,1,1
10616,1356,1,19765.38,1,1,3
10575,1355,1,9270.97,1,1,1
4139,1355,2,7325.07,1,1,1
2742,1354,1,3051.94,1,1,1
266,1354,1,4411.79,1,1,1
10436,1354,2,9303.75,1,1,1
226,1354,3,14545.35,1,2,2
11195,1353,3,16150.07,1,2,3
757,1352,1,3222.38,1,1,1
1349,1352,2,15177.05,1,2,2
7545,1351,1,2488.28,1,1,1
11620,1351,1,5121.15,1,1,1
11133,1351,1,6752.01,1,1,1
10286,1351,2,16699.39,1,2,3
11719,1350,1,2900.78,1,1,1
2435,1349,1,2913.53,1,1,1
5669,1349,1,3608.38,1,1,1
10092,1349,1,4980.64,1,1,1
391,1349,2,6722.76,1,1,1
9533,1348,1,5327.08,1,1,1
7830,1348,1,9768.08,1,1,1
5276,1348,2,16708.24,1,2,3
542,1347,3,14660.95,1,2,2
1320,1346,2,18645.66,1,2,3
9950,1346,4,19988.85,1,3,3
7077,1345,1,1983.04,1,1,1
7167,1345,1,3979.28,1,1,1
1934,1345,3,27068.19,1,3,4
9559,1345,4,12668.63,1,3,2
3850,1344,1,56.1,1,1,1
8715,1344,1,12935.78,1,1,2
9488,1344,2,10577.68,1,1,2
9030,1343,1,1026.24,1,1,1
2565,1343,2,13143.09,1,2,2
6921,1343,3,27115.08,1,3,4
11462,1342,1,4130.31,1,1,1
5166,1342,1,7737.26,1,1,1
4331,1342,1,8216.01,1,1,1
10326,1342,2,11170.72,1,1,2
3268,1341,1,762.46,1,1,1
2769,1341,1,1751.39,1,1,1
9543,1341,1,2335.05,1,1,1
8347,1341,2,12427.0,1,1,2
9171,1341,3,16420.6,1,2,3
9502,1340,1,7799.0,1,1,1
1487,1339,1,4367.26,1,1,1
8321,1339,3,22421.41,1,3,3
10420,1338,1,2388.04,1,1,1
7840,1338,1,4943.86,1,1,1
2373,1338,2,3075.44,1,1,1
6796,1337,1,2315.86,1,1,1
3880,1337,1,4755.42,1,1,1
2141,1337,1,7222.52,1,1,1
2859,1337,1,7470.28,1,1,1
9002,1337,1,10806.18,1,1,2
1226,1336,1,7076.03,1,1,1
7098,1335,3,23155.21,1,3,4
1117,1334,2,8948.28,1,1,1
3475,1333,1,3281.14,1,1,1
1707,1333,1,5134.52,1,1,1
2711,1333,2,11242.28,1,1,2
6377,1332,1,4261.64,1,1,1
4235,1331,1,1060.39,1,1,1
1936,1331,3,18565.45,1,2,3
7544,1330,1,1751.27,1,1,1
5665,1330,1,9152.37,1,1,1
2944,1330,2,6569.68,1,1,1
8274,1329,1,6637.95,1,1,1
1078,1328,1,20782.94,1,1,3
6906,1328,3,14713.83,1,2,2
6547,1327,2,5441.16,1,1,1
5380,1327,2,5738.32,1,1,1
6885,1326,1,4095.92,1,1,1
9181,1326,2,3966.49,1,1,1
7955,1326,3,15867.48,1,2,2
6432,1325,3,10678.26,1,2,2
6514,1324,1,68.3,1,1,1
1896,1324,1,2287.38,1,1,1
5333,1324,2,16340.78,1,2,3
11838,1323,2,10832.73,1,1,2
7943,1323,2,14787.62,1,2,2
6866,1322,2,5917.12,1,1,1
11180,1322,2,7639.51,1,1,1
10374,1322,2,15868.54,1,2,2
4405,1321,1,13239.13,1,1,2
11464,1321,2,12269.3,1,1,2
11317,1320,3,19979.82,1,3,3
6462,1319,1,5925.78,1,1,1
5806,1319,2,7610.46,1,1,1
3650,1318,1,18752.34,1,1,3
1802,1318,2,8813.78,1,1,1
8025,1318,3,8015.42,1,2,1
5176,1317,1,2164.22,1,1,1
11814,1317,1,6863.34,1,1,1
3872,1317,1,7703.0,1,1,1
5729,1317,2,9798.8,1,1,1
10010,1317,2,14223.8,1,2,2
3889,1317,3,11655.73,1,2,2
9544,1316,1,2205.91,1,1,1
3544,1316,1,2212.59,1,1,1
8996,1316,1,4980.64,1,1,1
10423,1316,2,23451.08,1,2,4
3787,1315,1,3896.78,1,1,1
3347,1315,1,9154.03,1,1,1
4850,1315,3,14696.77,1,2,2
6363,1314,1,3887.79,1,1,1
8034,1314,1,6600.2,1,1,1
3046,1314,1,7845.21,1,1,1
158,1314,1,11437.96,1,1,2
1470,1313,1,1297.35,1,1,1
11251,1313,1,4313.46,1,1,1
6711,1313,1,6416.72,1,1,1
7038,1313,2,5607.16,1,1,1
1055,1313,3,18038.03,1,2,3
4829,1313,6,44395.03,1,5,5
8178,1312,1,6697.82,1,1,1
11740,1312,3,4306.25,1,2,1
6417,1311,1,3543.4,1,1,1
3620,1311,2,4988.18,1,1,1
535,1311,2,6847.7,1,1,1
9465,1311,2,8402.75,1,1,1
9996,1311,2,15217.01,1,2,2
1121,1311,3,19200.16,1,2,3
9959,1311,6,37235.53,1,5,5
902,1309,2,5885.24,1,1,1
9011,1309,4,24397.79,1,3,4
9620,1308,1,2781.54,1,1,1
10171,1308,2,9978.05,1,1,2
5321,1308,2,15280.68,1,2,2
2062,1307,1,7514.8,1,1,1
3606,1307,2,5614.13,1,1,1
2474,1307,2,11265.87,1,1,2
10475,1306,1,11360.72,1,1,2
5739,1306,2,10271.86,1,1,2
9740,1305,2,8483.97,1,1,1
4352,1305,2,13439.21,1,2,2
3689,1304,1,2280.42,1,1,1
4110,1304,1,6315.2,1,1,1
4952,1304,2,8749.49,1,1,1
3645,1304,2,17575.48,1,2,3
7528,1303,4,17078.3,1,3,3
7845,1303,4,20127.24,1,3,3
6624,1302,1,1469.77,1,1,1
56,1302,2,8067.06,1,1,1
11187,1301,1,9589.92,1,1,1
10566,1301,2,11200.82,1,1,2
1607,1300,1,2567.16,1,1,1
7990,1300,1,3071.6,1,1,1
6951,1300,2,14891.46,1,2,2
5230,1299,1,13876.27,1,1,2
11126,1299,2,5694.24,1,1,1
6544,1299,2,12136.6,1,1,2
4453,1299,5,25278.01,1,4,4
8559,1298,1,1332.18,1,1,1
2965,1298,1,2249.33,1,1,1
1243,1298,1,5232.42,1,1,1
3842,1298,1,7105.17,1,1,1
184,1298,4,22323.01,1,3,3
11378,1297,1,6989.64,1,1,1
6389,1296,1,4026.81,1,1,1
2515,1296,2,10021.15,1,1,2
7019,1295,1,3053.73,1,1,1
3107,1295,1,6492.66,1,1,1
5180,1295,1,6695.96,1,1,1
675,1295,2,3881.24,1,1,1
9408,1295,2,14805.99,1,2,2
3469,1295,2,18683.11,1,2,3
8624,1294,1,6938.19,1,1,1
10935,1294,2,7073.43,1,1,1
5977,1294,2,14987.24,1,2,2
6814,1294,3,18213.05,1,2,3
9839,1293,1,1176.08,1,1,1
8982,1293,1,5265.56,1,1,1
11208,1293,2,8160.8,1,1,1
9117,1293,2,8770.51,1,1,1
6484,1292,2,6416.36,1,1,1
3573,1292,2,9966.0,1,1,2
11775,1292,2,15701.04,1,2,2
6174,1292,3,9561.6,1,2,1
9116,1291,1,2761.68,1,1,1
5357,1291,2,7212.67,1,1,1
2825,1291,2,12460.07,1,1,2
7996,1291,2,33894.26,1,2,5
2198,1291,4,14909.98,1,3,2
2192,1289,1,5110.64,1,1,1
1764,1288,1,7986.49,1,1,1
8375,1288,2,6033.91,1,1,1
586,1288,2,7923.65,1,1,1
1736,1288,3,18068.75,1,2,3
7902,1287,2,5490.4,1,1,1
8261,1287,2,11528.27,1,1,2
1181,1287,3,11177.33,1,2,2
11056,1286,1,1362.33,1,1,1
1245,1286,2,5622.43,1,1,1
3746,1286,2,19184.61,1,2,3
5504,1286,4,21146.05,1,3,3
5545,1286,4,24463.7,1,3,4
2495,1286,5,21092.22,1,4,3
11095,1285,1,7051.98,1,1,1
4975,1285,1,8723.65,1,1,1
7725,1285,1,16291.7,1,1,3
4926,1285,2,7479.69,1,1,1
3798,1285,2,10826.92,1,1,2
10497,1285,2,17626.0,1,2,3
1221,1285,3,23311.87,1,3,4
4997,1284,1,5904.5,1,1,1
11586,1284,1,10329.0,1,1,2
10926,1284,2,6339.52,1,1,1
8974,1284,2,7503.06,1,1,1
8933,1284,2,8054.21,1,1,1
2430,1283,1,348.02,1,1,1
1505,1283,1,1903.95,1,1,1
3808,1283,2,3484.22,1,1,1
7656,1283,2,10601.72,1,1,2
6861,1283,3,16842.42,1,2,3
5873,1282,1,2023.9,1,1,1
7183,1282,1,2602.66,1,1,1
2098,1282,1,6698.81,1,1,1
2450,1282,2,7195.64,1,1,1
2167,1282,2,20731.57,1,2,3
1229,1282,2,27469.21,1,2,4
5569,1282,3,12415.55,1,2,2
3804,1281,1,4699.94,1,1,1
8063,1281,2,4649.22,1,1,1
2376,1281,3,5748.95,1,2,1
4029,1281,4,29705.28,1,4,4
3177,1280,1,13273.64,1,1,2
9363,1280,2,8065.89,1,1,1
2747,1279,1,1311.72,1,1,1
7179,1279,1,5909.46,1,1,1
1276,1279,1,5952.94,1,1,1
7980,1279,1,8871.76,1,1,1
556,1279,3,19097.68,1,2,3
10138,1278,1,7577.43,1,1,1
2390,1278,2,3663.44,1,1,1
4334,1278,2,9131.58,1,1,1
7186,1278,5,35909.42,1,4,5
8400,1277,1,3919.6,1,1,1
892,1277,1,4146.98,1,1,1
10123,1277,1,4600.16,1,1,1
6016,1277,1,10006.31,1,1,2
9095,1277,2,17060.12,1,2,3
2105,1276,1,1490.64,1,1,1
6577,1276,1,1622.89,1,1,1
4800,1276,1,3791.47,1,1,1
10370,1275,1,4249.47,1,1,1
8105,1275,2,5915.93,1,1,1
4830,1275,2,6357.48,1,1,1
6849,1275,2,9722.5,1,1,1
9213,1274,3,22531.61,1,3,3
278,1273,1,5698.77,1,1,1
9424,1273,2,5610.64,1,1,1
8095,1273,2,11706.21,1,1,2
9787,1273,2,25342.4,1,2,4
3578,1272,1,9833.79,1,1,1
5090,1272,5,30762.96,1,4,4
2380,1271,1,2259.42,1,1,1
8997,1271,1,2460.31,1,1,1
7512,1271,1,6026.54,1,1,1
8625,1270,2,17856.25,1,2,3
7514,1270,3,22568.52,1,3,3
11532,1269,1,5066.91,1,1,1
2633,1269,2,22623.2,1,2,3
8494,1269,3,13402.15,1,2,2
3386,1269,3,16916.42,1,2,3
7416,1269,4,20670.81,1,3,3
10178,1268,1,4311.01,1,1,1
7901,1268,2,5091.37,1,1,1
425,1268,2,10605.94,1,1,2
11649,1268,2,12512.27,1,1,2
2381,1268,2,13366.07,1,2,2
6793,1267,1,6368.27,1,1,1
5225,1267,1,14666.06,1,1,2
11956,1266,1,612.1,1,1,1
10918,1266,1,10458.77,1,1,2
11332,1266,2,2971.85,1,1,1
5154,1266,2,9723.22,1,1,1
11660,1266,2,13095.4,1,2,2
6745,1266,2,15049.38,1,2,2
11389,1266,3,9629.49,1,2,1
7754,1266,3,20772.44,1,3,3
4943,1265,1,43.95,1,1,1
5217,1265,2,13339.61,1,2,2
9528,1264,1,5655.05,1,1,1
8408,1264,2,8795.92,1,1,1
3445,1264,2,8936.9,1,1,1
11890,1264,3,19009.83,1,2,3
10430,1264,5,32546.73,1,4,5
10336,1263,1,974.22,1,1,1
11717,1263,1,4218.91,1,1,1
9838,1263,2,5421.56,1,1,1
4307,1263,2,16486.81,1,2,3
4191,1263,3,17228.32,1,2,3
9576,1262,1,581.84,1,1,1
1683,1262,2,3867.58,1,1,1
1768,1262,2,7593.71,1,1,1
8870,1262,2,10875.76,1,1,2
3103,1262,2,11040.54,1,1,2
627,1262,3,6672.39,1,2,1
10635,1261,1,4049.12,1,1,1
10172,1261,2,4497.07,1,1,1
4039,1261,2,4764.64,1,1,1
11348,1261,2,11507.42,1,1,2
9958,1261,3,19992.06,1,3,3
1890,1260,1,682.1,1,1,1
3455,1259,1,3602.31,1,1,1
11019,1259,1,5336.91,1,1,1
2083,1259,1,10061.85,1,1,2
9122,1259,2,18694.07,1,2,3
5849,1259,4,26672.97,1,4,4
403,1258,1,4045.18,1,1,1
5330,1258,2,5607.28,1,1,1
1374,1258,3,19118.53,1,2,3
5156,1258,3,34049.34,1,3,5
7909,1257,1,673.2,1,1,1
2665,1257,1,1333.17,1,1,1
7599,1257,2,3711.17,1,1,1
1225,1257,2,11000.3,1,1,2
9538,1257,3,25399.42,1,3,4
3814,1256,1,2618.79,1,1,1
6553,1256,1,4087.48,1,1,1
9519,1256,2,14718.65,1,2,2
9392,1255,1,3996.6,1,1,1
11366,1255,2,3340.48,1,1,1
10164,1255,2,17746.54,1,2,3
5609,1255,2,18708.09,1,2,3
11350,1254,1,4600.16,1,1,1
10158,1254,1,12254.15,1,1,2
11711,1254,2,8320.66,1,1,1
431,1254,3,27018.11,1,3,4
790,1253,2,5237.06,1,1,1
6721,1253,2,6502.0,1,1,1
5901,1253,2,13478.05,1,2,2
3934,1253,2,16911.0,1,2,3
6383,1253,2,24810.01,1,2,4
5738,1253,3,23057.96,1,3,4
5994,1253,4,17844.13,1,3,3
1908,1252,1,14218.15,1,1,2
8384,1252,2,11153.4,1,1,2
11940,1252,2,19427.77,1,2,3
8244,1252,2,28118.92,1,2,4
10759,1252,3,12754.41,1,2,2
4260,1251,2,5118.34,1,1,1
885,1251,2,9252.8,1,1,1
2670,1251,3,11555.57,1,2,2
888,1251,3,28773.31,1,3,4
8665,1250,1,3608.38,1,1,1
2443,1250,2,5564.61,1,1,1
1365,1250,2,14503.22,1,2,2
11521,1249,1,87.96,1,1,1
10217,1249,1,1470.57,1,1,1
1149,1249,2,21318.18,1,2,3
8075,1249,3,6736.97,1,2,1
9305,1249,3,8043.06,1,2,1
8969,1248,1,1153.92,1,1,1
2538,1248,1,1285.56,1,1,1
1126,1248,1,6213.3,1,1,1
10440,1248,2,8062.01,1,1,1
9027,1248,2,12458.16,1,1,2
7722,1248,4,18548.78,1,3,3
1271,1248,4,25925.61,1,3,4
6374,1247,1,8536.12,1,1,1
6520,1247,2,15608.52,1,2,2
4808,1247,3,19059.09,1,2,3
284,1246,1,12267.87,1,1,2
10280,1246,5,34895.43,1,4,5
8712,1245,1,6658.47,1,1,1
9534,1245,1,6938.18,1,1,1
2700,1245,1,12843.74,1,1,2
2409,1245,2,4486.52,1,1,1
11393,1245,2,9402.36,1,1,1
10547,1245,2,11006.49,1,1,2
11142,1244,1,3995.28,1,1,1
758,1244,2,15915.66,1,2,2
4444,1244,3,7483.75,1,2,1
2689,1244,3,31178.56,1,3,4
5053,1243,1,4974.16,1,1,1
10520,1243,1,5796.0,1,1,1
9108,1243,1,10211.98,1,1,2
1808,1243,2,4278.92,1,1,1
4905,1243,2,10680.95,1,1,2
3890,1242,1,1219.16,1,1,1
9686,1242,1,1539.36,1,1,1
7123,1242,1,6068.96,1,1,1
11924,1242,1,7059.12,1,1,1
5631,1242,2,3651.5,1,1,1
7816,1242,2,4640.46,1,1,1
11163,1242,2,14056.93,1,2,2
1421,1242,2,14771.47,1,2,2
5022,1242,3,14330.95,1,2,2
6193,1241,1,2368.39,1,1,1
10386,1241,1,6018.62,1,1,1
9707,1241,3,13899.55,1,2,2
8449,1241,5,35827.97,1,4,5
10820,1240,2,3993.47,1,1,1
10714,1240,2,9328.29,1,1,1
9681,1240,2,12466.54,1,1,2
9995,1240,6,35799.07,1,5,5
6452,1239,1,1702.12,1,1,1
5398,1239,1,8053.86,1,1,1
8459,1239,2,4093.09,1,1,1
7054,1239,2,10834.51,1,1,2
2881,1239,3,27260.92,1,3,4
10282,1239,4,30795.26,1,4,4
2931,1239,4,32491.25,1,4,5
8567,1238,1,5533.85,1,1,1
5395,1238,2,9416.69,1,1,1
6505,1238,2,12232.03,1,1,2
7977,1237,1,773.61,1,1,1
4856,1237,1,4205.48,1,1,1
4247,1237,1,13089.15,1,1,2
4369,1237,2,6978.94,1,1,1
6902,1237,3,5814.92,1,2,1
8192,1237,3,24129.81,1,3,4
881,1237,4,25223.79,1,3,4
6298,1236,1,6445.98,1,1,1
7887,1236,2,10346.54,1,1,2
11927,1236,5,32933.96,1,4,5
5185,1235,1,247.48,1,1,1
7893,1235,1,4294.14,1,1,1
5124,1235,1,13965.99,1,1,2
3232,1235,2,14350.36,1,2,2
10609,1235,2,16535.89,1,2,3
2966,1235,2,21605.12,1,2,3
2408,1235,3,13955.36,1,2,2
5475,1235,4,20062.06,1,3,3
3321,1234,1,6801.25,1,1,1
1177,1234,1,7658.58,1,1,1
8166,1234,1,9250.92,1,1,1
3008,1234,2,8621.5,1,1,1
1120,1234,2,17102.56,1,2,3
9769,1234,3,28941.27,1,3,4
7289,1234,4,29682.66,1,4,4
1757,1233,1,87.96,1,1,1
3161,1233,1,495.76,1,1,1
8423,1233,1,2269.29,1,1,1
7662,1233,1,6058.41,1,1,1
9493,1233,3,23350.4,1,3,4
9187,1233,3,31948.31,1,3,5
2675,1233,5,34828.06,1,4,5
2210,1232,1,5086.62,1,1,1
2691,1232,1,11376.22,1,1,2
3464,1232,1,14691.37,1,1,2
10080,1232,2,8162.22,1,1,1
10087,1232,2,12670.06,1,1,2
9196,1232,2,15533.72,1,2,2
10862,1232,3,14745.97,1,2,2
6448,1232,4,15971.73,1,3,2
7144,1231,1,7378.52,1,1,1
478,1231,1,7437.16,1,1,1
4769,1230,2,13164.6,1,2,2
9291,1230,3,13645.53,1,2,2
10784,1229,1,3526.62,1,1,1
10791,1228,2,5642.41,1,1,1
488,1228,2,9665.81,1,1,1
1104,1228,5,34148.51,1,4,5
8726,1227,1,247.41,1,1,1
8754,1227,2,13541.77,1,2,2
10024,1227,4,14170.99,1,3,2
11600,1226,1,2688.22,1,1,1
11194,1226,2,7677.01,1,1,1
9979,1226,2,10401.17,1,1,2
5601,1226,2,15231.31,1,2,2
6379,1226,3,9794.83,1,2,1
7403,1225,1,11929.0,1,1,2
470,1225,3,10103.0,1,2,2
9911,1224,1,2793.12,1,1,1
1289,1224,1,4755.42,1,1,1
7360,1224,1,7422.61,1,1,1
8268,1224,2,1757.68,1,1,1
11299,1224,2,5733.98,1,1,1
4378,1224,2,6776.46,1,1,1
10521,1224,3,20639.83,1,3,3
4016,1224,4,15315.9,1,3,2
4324,1224,4,35735.53,1,4,5
2752,1224,5,33218.8,1,4,5
7277,1223,2,4448.46,1,1,1
8597,1223,2,12379.27,1,1,2
6093,1223,2,12854.04,1,1,2
7046,1223,3,6916.56,1,2,1
2588,1223,3,15689.29,1,2,2
9633,1223,3,29115.95,1,3,4
9927,1223,4,21510.43,1,3,3
2749,1223,4,29528.14,1,4,4
7195,1222,1,371.22,1,1,1
5042,1222,1,5739.48,1,1,1
2839,1222,2,11489.93,1,1,2
163,1222,2,15311.89,1,2,2
379,1222,2,20674.99,1,2,3
5480,1221,1,4921.71,1,1,1
10764,1221,2,9078.06,1,1,1
11419,1221,2,19055.92,1,2,3
5760,1220,1,1391.86,1,1,1
9223,1220,2,6153.02,1,1,1
8278,1220,2,7041.78,1,1,1
2510,1220,2,10554.72,1,1,2
4121,1220,2,11191.83,1,1,2
2135,1220,3,10002.59,1,2,2
3294,1220,3,13123.1,1,2,2
2068,1220,3,20605.92,1,3,3
10047,1220,4,20471.79,1,3,3
7404,1219,1,4172.43,1,1,1
8455,1219,4,19537.69,1,3,3
620,1218,1,1668.18,1,1,1
7970,1218,1,5388.76,1,1,1
5692,1218,1,8107.0,1,1,1
911,1218,3,13720.76,1,2,2
5054,1218,3,19231.01,1,2,3
7299,1218,3,30019.99,1,3,4
5687,1218,5,32800.74,1,4,5
7497,1218,5,33677.97,1,4,5
11034,1217,1,4177.22,1,1,1
5966,1217,1,5294.34,1,1,1
4114,1217,1,5604.96,1,1,1
7931,1217,1,10763.1,1,1,2
2396,1217,2,9517.77,1,1,1
3217,1217,2,10710.62,1,1,2
9366,1216,1,1155.36,1,1,1
8796,1216,1,2215.92,1,1,1
2702,1216,1,6878.4,1,1,1
3828,1216,1,9353.35,1,1,1
1776,1216,2,7214.56,1,1,1
9126,1216,2,11188.8,1,1,2
9092,1216,2,14710.4,1,2,2
3738,1216,3,12527.98,1,2,2
2640,1216,3,14910.46,1,2,2
4123,1216,3,16397.4,1,2,3
6499,1216,4,44944.21,1,4,5
2900,1215,1,161.77,1,1,1
7832,1215,1,513.3,1,1,1
2018,1215,1,5123.51,1,1,1
7900,1215,2,293.89,1,1,1
9041,1215,3,20036.49,1,3,3
5179,1214,1,7964.61,1,1,1
10437,1214,2,9670.61,1,1,1
11361,1214,2,12305.18,1,1,2
508,1214,2,13524.85,1,2,2
6040,1214,2,13850.72,1,2,2
5425,1214,2,15194.35,1,2,2
1984,1214,3,7340.75,1,2,1
5101,1213,1,2728.4,1,1,1
11337,1213,2,6776.54,1,1,1
7175,1213,2,20580.67,1,2,3
1615,1213,3,7180.37,1,2,1
3762,1213,3,36451.61,1,3,5
7271,1213,4,26128.34,1,4,4
1399,1212,1,1955.12,1,1,1
1022,1212,2,12049.12,1,1,2
6839,1212,3,9567.72,1,2,1
5414,1212,3,27153.16,1,3,4
6575,1211,2,9163.69,1,1,1
11156,1211,3,34385.42,1,3,5
5040,1210,1,2052.61,1,1,1
5478,1210,1,6492.51,1,1,1
2451,1210,2,2753.74,1,1,1
4763,1210,2,23471.41,1,2,4
1849,1210,4,30840.51,1,4,4
6791,1209,2,2349.53,1,1,1
7212,1209,2,7790.19,1,1,1
7707,1209,2,9846.22,1,1,1
11794,1209,3,7945.79,1,2,1
529,1208,1,1026.6,1,1,1
845,1208,1,5353.8,1,1,1
8395,1208,1,6696.61,1,1,1
5410,1208,1,8257.79,1,1,1
4428,1208,2,2724.29,1,1,1
4792,1208,2,20352.0,1,2,3
7485,1208,3,4519.26,1,2,1
9176,1208,3,10747.2,1,2,2
11115,1208,3,32756.06,1,3,5
7908,1207,1,2711.51,1,1,1
9154,1207,1,18459.08,1,1,3
3851,1207,2,9381.13,1,1,1
4226,1207,3,6039.83,1,2,1
5934,1206,1,1487.23,1,1,1
2923,1206,2,5500.39,1,1,1
10694,1206,2,9548.98,1,1,1
4202,1206,2,10890.14,1,1,2
1672,1206,3,19473.66,1,2,3
3651,1206,3,20274.07,1,3,3
10663,1206,3,21117.95,1,3,3
353,1205,1,14523.56,1,1,2
10729,1205,2,1155.24,1,1,1
10553,1205,2,4534.76,1,1,1
151,1205,3,10696.06,1,2,2
5170,1205,5,40675.69,1,4,5
5862,1204,1,2980.99,1,1,1
1290,1204,2,12073.29,1,1,2
10487,1204,3,13673.76,1,2,2
612,1204,3,21058.68,1,3,3
109,1204,3,22992.98,1,3,4
5069,1203,1,11646.65,1,1,2
9287,1203,2,8026.59,1,1,1
3788,1203,3,12679.89,1,2,2
9389,1202,2,3430.5,1,1,1
11390,1202,2,7902.39,1,1,1
9428,1202,2,8242.91,1,1,1
4951,1202,4,23306.3,1,3,4
6663,1202,5,28961.85,1,4,4
3385,1201,1,6622.19,1,1,1
664,1201,2,5885.55,1,1,1
11247,1201,3,16104.62,1,2,2
4731,1201,4,10477.57,1,3,2
2672,1201,4,33537.9,1,4,5
5848,1201,4,42565.47,1,4,5
9851,1200,2,8507.77,1,1,1
6230,1200,2,9699.01,1,1,1
923,1200,2,16655.58,1,2,3
7868,1200,2,17040.31,1,2,3
5191,1199,1,8773.62,1,1,1
8753,1199,1,9610.87,1,1,1
5619,1199,2,2817.04,1,1,1
11267,1199,2,8974.48,1,1,1
6937,1199,2,13020.4,1,2,2
2947,1199,2,16631.14,1,2,3
10809,1199,3,8424.53,1,2,1
858,1199,4,11380.21,1,3,2
8059,1199,4,23745.18,1,3,4
1096,1199,4,32696.75,1,4,5
6767,1198,1,8823.64,1,1,1
9046,1198,2,4998.15,1,1,1
11117,1198,2,8408.71,1,1,1
6966,1198,2,8794.66,1,1,1
8577,1198,2,19711.25,1,2,3
4910,1198,3,16648.37,1,2,3
1440,1198,4,29882.29,1,4,4
929,1197,2,11012.83,1,1,2
4885,1197,3,21737.57,1,3,3
9567,1197,4,10068.81,1,3,2
11407,1197,4,19944.81,1,3,3
10479,1196,1,2692.8,1,1,1
7920,1196,1,2733.44,1,1,1
3612,1196,2,9159.44,1,1,1
2721,1196,2,9697.76,1,1,1
2306,1196,3,19650.98,1,3,3
10450,1195,1,2942.95,1,1,1
11972,1195,2,14009.48,1,2,2
2845,1195,2,16777.09,1,2,3
8262,1195,3,8683.04,1,2,1
9497,1195,3,8873.13,1,2,1
3176,1195,3,9028.61,1,2,1
361,1195,3,11127.08,1,2,2
5121,1195,3,16655.55,1,2,3
5563,1194,1,2163.82,1,1,1
564,1194,1,10376.38,1,1,2
833,1194,2,7424.4,1,1,1
11769,1194,2,7794.77,1,1,1
1288,1194,3,12016.11,1,2,2
11675,1194,3,17163.42,1,2,3
4635,1194,4,18292.37,1,3,3
4206,1194,5,16508.6,1,4,3
9165,1194,6,29459.61,1,5,4
9820,1193,3,6767.34,1,2,1
11154,1193,3,20159.48,1,3,3
2183,1193,4,18862.89,1,3,3
2328,1192,1,7470.28,1,1,1
514,1192,2,16623.96,1,2,3
9501,1192,3,16271.39,1,2,3
6926,1192,3,18135.7,1,2,3
2524,1191,1,8191.01,1,1,1
4309,1191,1,12431.31,1,1,2
2657,1191,3,21733.41,1,3,3
2571,1191,6,35668.12,1,5,5
5507,1190,1,2887.19,1,1,1
10210,1190,3,27371.5,1,3,4
1754,1189,3,5903.0,1,2,1
2334,1189,3,19796.25,1,3,3
2263,1189,3,21037.13,1,3,3
11381,1188,2,3186.01,1,1,1
6837,1188,2,13888.78,1,2,2
9646,1188,2,14712.5,1,2,2
6020,1187,1,4135.61,1,1,1
1796,1187,2,7899.73,1,1,1
9940,1187,3,12013.74,1,2,2
8366,1187,4,17255.86,1,3,3
5639,1186,2,6951.18,1,1,1
2812,1186,2,18076.4,1,2,3
2854,1186,3,20445.66,1,3,3
11375,1186,4,19715.03,1,3,3
9997,1185,1,5588.51,1,1,1
3187,1185,2,6579.72,1,1,1
10318,1185,2,8067.03,1,1,1
2072,1185,2,9722.35,1,1,1
3648,1185,2,19122.11,1,2,3
8968,1185,2,23108.46,1,2,4
4778,1185,3,6584.66,1,2,1
1005,1185,4,25907.88,1,3,4
7100,1184,1,2149.8,1,1,1
1364,1184,1,4328.66,1,1,1
3969,1184,2,11339.67,1,1,2
4720,1184,2,13430.47,1,2,2
10794,1184,2,14003.25,1,2,2
5547,1184,2,14267.44,1,2,2
2807,1184,3,4524.74,1,2,1
5908,1184,3,8169.91,1,2,1
5555,1184,3,9411.55,1,2,1
10263,1184,3,17324.97,1,2,3
10557,1184,3,17721.72,1,2,3
2903,1184,3,18185.59,1,2,3
4534,1184,4,10496.71,1,3,2
6356,1183,1,9343.84,1,1,1
6088,1183,3,4617.54,1,2,1
5971,1183,3,23504.15,1,3,4
2579,1183,3,31494.34,1,3,4
4451,1183,4,22675.49,1,3,3
10966,1182,2,18212.51,1,2,3
7364,1182,3,27869.08,1,3,4
10713,1182,4,19875.69,1,3,3
4607,1182,4,20317.73,1,3,3
11341,1181,1,1693.52,1,1,1
4927,1181,2,3336.56,1,1,1
2722,1180,2,4463.57,1,1,1
8684,1180,2,11350.96,1,1,2
8326,1180,3,15922.13,1,2,2
7506,1180,3,25170.86,1,3,4
6550,1180,4,25143.01,1,3,4
11515,1180,5,23258.73,1,4,4
7384,1179,2,5024.4,1,1,1
6023,1179,2,9927.95,1,1,2
10723,1179,3,5721.38,1,2,1
11672,1179,3,11720.73,1,2,2
10097,1179,4,25255.5,1,3,4
2649,1179,4,40929.59,1,4,5
7490,1179,5,21794.97,1,4,3
10131,1178,1,6783.83,1,1,1
11590,1178,2,17634.32,1,2,3
9348,1178,3,12424.35,1,2,2
392,1178,3,12975.61,1,2,2
2344,1178,3,13806.31,1,2,2
4799,1178,3,16057.58,1,2,2
3466,1178,4,35176.88,1,4,5
7170,1177,1,581.84,1,1,1
5682,1177,2,11094.76,1,1,2
1363,1177,3,9497.42,1,2,1
584,1177,3,17891.55,1,2,3
7595,1177,4,21051.46,1,3,3
7113,1177,4,29687.83,1,4,4
1952,1177,5,21172.9,1,4,3
5894,1176,2,4053.01,1,1,1
4106,1176,5,31495.12,1,4,4
10438,1175,1,4036.67,1,1,1
5241,1175,1,6919.08,1,1,1
2886,1175,2,5366.82,1,1,1
237,1175,2,7515.74,1,1,1
420,1175,2,12683.99,1,1,2
4906,1175,3,14188.27,1,2,2
5781,1175,3,14301.71,1,2,2
2870,1175,3,18517.78,1,2,3
11413,1175,5,31985.84,1,4,5
10647,1174,1,2728.27,1,1,1
3429,1174,1,3461.76,1,1,1
9816,1174,1,7975.1,1,1,1
9858,1174,1,8595.69,1,1,1
11132,1174,2,5593.36,1,1,1
9457,1174,2,9316.32,1,1,1
1620,1174,3,10907.89,1,2,2
8871,1174,3,11529.94,1,2,2
11976,1174,3,15999.44,1,2,2
909,1174,3,19004.54,1,2,3
10160,1174,3,23063.36,1,3,4
1924,1174,4,21469.71,1,3,3
2184,1174,4,29199.74,1,4,4
2780,1173,2,1795.97,1,1,1
10435,1173,2,4768.2,1,1,1
1621,1173,2,6052.77,1,1,1
8505,1173,3,10544.98,1,2,2
1239,1173,3,12757.39,1,2,2
3700,1173,3,16813.94,1,2,3
5926,1173,4,18377.16,1,3,3
11655,1172,1,3053.85,1,1,1
9461,1172,1,12359.78,1,1,2
8978,1172,1,16020.72,1,1,2
38,1172,2,7719.75,1,1,1
5317,1172,2,14820.43,1,2,2
9767,1172,4,26016.26,1,3,4
1719,1172,4,29424.3,1,4,4
847,1171,1,2164.22,1,1,1
1755,1171,1,3053.85,1,1,1
4684,1171,1,6691.46,1,1,1
7667,1171,1,9267.28,1,1,1
3403,1171,2,25533.83,1,2,4
8354,1171,3,5841.83,1,2,1
1030,1171,3,18455.19,1,2,3
6318,1171,3,18631.8,1,2,3
1450,1171,3,25263.5,1,3,4
11041,1170,1,5677.67,1,1,1
5630,1170,1,7525.11,1,1,1
3790,1170,2,5286.38,1,1,1
259,1170,2,9647.65,1,1,1
7072,1170,2,10146.42,1,1,2
8680,1170,2,14553.12,1,2,2
8681,1170,2,16912.18,1,2,3
11127,1169,1,2053.2,1,1,1
6950,1169,1,8656.88,1,1,1
9794,1169,2,3683.69,1,1,1
1624,1169,2,6765.09,1,1,1
7633,1169,2,7100.55,1,1,1
4430,1169,2,8920.58,1,1,1
2896,1169,3,15730.18,1,2,2
9432,1169,3,23571.79,1,3,4
6206,1169,3,27123.32,1,3,4
2455,1168,1,1638.19,1,1,1
6818,1168,1,3190.38,1,1,1
6675,1168,2,5540.64,1,1,1
6965,1168,3,18625.59,1,2,3
2050,1168,3,25069.5,1,3,4
11912,1168,4,20771.7,1,3,3
472,1168,4,24428.74,1,3,4
9199,1167,1,4322.52,1,1,1
11692,1167,1,9336.41,1,1,1
9608,1167,1,10697.14,1,1,2
11396,1167,2,5345.52,1,1,1
11184,1167,4,15354.06,1,3,2
8202,1167,4,15426.57,1,3,2
4209,1166,2,7766.42,1,1,1
4276,1166,2,12495.24,1,1,2
8251,1166,6,32620.75,1,5,5
5296,1165,2,7299.42,1,1,1
8988,1165,2,11777.16,1,1,2
558,1165,3,11901.03,1,2,2
11742,1165,3,14486.68,1,2,2
4293,1165,4,22303.52,1,3,3
8224,1165,4,24755.06,1,3,4
11744,1164,1,6510.59,1,1,1
3998,1164,2,8872.83,1,1,1
3635,1164,2,11020.94,1,1,2
10561,1164,2,23251.45,1,2,4
11818,1164,3,13106.92,1,2,2
7213,1164,3,13257.16,1,2,2
10259,1164,3,15366.56,1,2,2
9349,1164,3,19072.15,1,2,3
11759,1164,3,27031.59,1,3,4
10997,1164,3,27033.71,1,3,4
536,1163,1,3347.76,1,1,1
7185,1163,1,7920.44,1,1,1
9065,1163,1,9200.32,1,1,1
5734,1163,2,10645.32,1,1,2
9151,1163,2,24631.18,1,2,4
10693,1163,5,33223.51,1,4,5
434,1162,1,5021.97,1,1,1
1244,1162,2,12408.54,1,1,2
4411,1162,2,14107.49,1,2,2
1573,1162,2,14436.11,1,2,2
11505,1162,3,20834.46,1,3,3
207,1162,3,22323.06,1,3,3
298,1162,5,25189.42,1,4,4
4176,1161,1,2169.44,1,1,1
8558,1161,1,3433.8,1,1,1
5598,1161,1,8370.18,1,1,1
5456,1161,3,14964.02,1,2,2
2875,1161,5,20874.68,1,4,3
3917,1161,5,28970.53,1,4,4
11887,1160,3,12911.0,1,2,2
5997,1160,7,41928.18,1,5,5
990,1159,1,5341.97,1,1,1
1116,1159,1,11350.71,1,1,2
7319,1159,1,13109.98,1,1,2
8333,1159,2,6755.81,1,1,1
4560,1159,2,6843.83,1,1,1
5790,1159,2,9428.47,1,1,1
10888,1159,2,12385.42,1,1,2
9310,1159,4,32211.28,1,4,5
11355,1159,5,18533.89,1,4,3
6563,1158,1,3041.56,1,1,1
7740,1158,1,12787.41,1,1,2
9760,1158,3,13814.38,1,2,2
6071,1158,3,15802.17,1,2,2
10492,1158,3,18603.66,1,2,3
11751,1158,4,20796.59,1,3,3
10599,1157,2,4210.49,1,1,1
8311,1157,2,8030.63,1,1,1
7406,1157,2,10000.71,1,1,2
8790,1157,3,6296.07,1,2,1
8031,1157,3,17156.22,1,2,3
6892,1157,4,17056.13,1,3,3
3739,1157,5,15600.95,1,4,2
11863,1156,1,1184.4,1,1,1
11406,1156,1,3435.75,1,1,1
2491,1156,1,9592.91,1,1,1
5018,1156,2,11000.6,1,1,2
9429,1156,2,13331.26,1,2,2
1637,1156,3,13526.99,1,2,2
3556,1156,5,18066.0,1,4,3
9074,1156,5,37393.38,1,4,5
5010,1155,2,11974.79,1,1,2
10426,1155,2,12780.58,1,1,2
11437,1155,4,19750.75,1,3,3
706,1155,5,16109.23,1,4,2
7265,1155,6,29339.08,1,5,4
4552,1154,2,12182.03,1,1,2
2555,1154,2,12653.33,1,1,2
7387,1154,2,20339.75,1,2,3
2525,1154,3,8178.67,1,2,1
4306,1154,3,14202.08,1,2,2
5539,1154,3,16106.61,1,2,2
6670,1154,4,10788.13,1,3,2
1430,1153,3,9611.31,1,2,1
8492,1153,4,19981.0,1,3,3
7233,1153,5,29286.83,1,4,4
6172,1152,1,12399.1,1,1,2
8971,1152,2,17350.96,1,2,3
11170,1152,3,8982.12,1,2,1
6322,1152,3,17447.4,1,2,3
6601,1152,4,18636.41,1,3,3
10499,1152,5,30280.85,1,4,4
5379,1151,1,2157.16,1,1,1
8271,1151,2,11712.95,1,1,2
10182,1151,4,11910.82,1,3,2
3371,1151,4,14664.69,1,3,2
9507,1150,1,5371.12,1,1,1
5842,1150,2,11518.95,1,1,2
9301,1150,2,16592.56,1,2,3
6124,1150,4,26274.95,1,4,4
5266,1150,4,31620.03,1,4,4
11879,1150,6,27867.05,1,5,4
11369,1149,1,581.84,1,1,1
11455,1149,2,4246.54,1,1,1
8940,1149,2,6737.0,1,1,1
5602,1149,2,9382.34,1,1,1
8299,1148,1,6526.8,1,1,1
1028,1148,1,7722.93,1,1,1
1587,1148,1,8142.17,1,1,1
4677,1148,2,8632.51,1,1,1
737,1148,2,19289.19,1,2,3
9059,1148,2,23132.43,1,2,4
11736,1148,5,34005.04,1,4,5
1895,1147,2,2778.82,1,1,1
10780,1147,2,6186.55,1,1,1
1179,1147,2,12264.74,1,1,2
2366,1147,2,16009.12,1,2,2
8491,1147,3,14716.98,1,2,2
1163,1147,3,16319.81,1,2,3
11457,1146,1,3571.37,1,1,1
6404,1146,1,5328.8,1,1,1
1618,1146,1,8656.88,1,1,1
140,1146,2,1188.24,1,1,1
4396,1146,3,16262.55,1,2,3
7846,1146,3,38198.12,1,3,5
4824,1146,4,22903.57,1,3,4
397,1146,4,23212.25,1,3,4
2709,1146,4,35646.83,1,4,5
4568,1146,5,27023.87,1,4,4
8228,1145,2,8565.35,1,1,1
6523,1145,2,9064.65,1,1,1
11371,1145,2,10146.82,1,1,2
9917,1145,2,15194.25,1,2,2
5673,1145,3,4410.7,1,2,1
3939,1145,3,15130.52,1,2,2
444,1145,3,18563.54,1,2,3
10761,1145,4,9277.8,1,3,1
5023,1145,4,15926.72,1,3,2
1979,1145,4,18859.36,1,3,3
6596,1145,4,29386.27,1,4,4
7728,1145,5,34099.73,1,4,5
7039,1145,7,39319.53,1,5,5
3685,1144,2,2798.28,1,1,1
5911,1144,2,8379.29,1,1,1
8556,1144,2,9689.75,1,1,1
2322,1144,2,12056.37,1,1,2
8179,1144,2,14700.58,1,2,2
9242,1144,3,14286.72,1,2,2
730,1144,3,14470.21,1,2,2
9755,1143,2,4589.05,1,1,1
1040,1143,2,12701.79,1,1,2
170,1143,2,14007.31,1,2,2
6527,1142,1,696.26,1,1,1
8303,1142,1,3023.5,1,1,1
1002,1142,1,4896.26,1,1,1
5638,1142,2,6408.48,1,1,1
5530,1142,2,10015.03,1,1,2
3406,1142,3,7193.75,1,2,1
11298,1142,3,14869.38,1,2,2
5540,1142,4,27771.05,1,4,4
304,1142,4,28013.5,1,4,4
6346,1142,5,28313.47,1,4,4
10538,1141,1,7593.22,1,1,1
1382,1141,2,11566.06,1,1,2
2667,1141,2,12584.35,1,1,2
1345,1141,3,13765.64,1,2,2
3415,1141,7,31763.05,1,5,5
2587,1140,1,6550.89,1,1,1
8496,1140,2,11351.48,1,1,2
1613,1140,2,20816.61,1,2,3
2397,1140,3,18857.14,1,2,3
2751,1140,3,30371.53,1,3,4
7753,1140,4,24139.46,1,3,4
4573,1140,4,38910.02,1,4,5
9188,1139,1,8866.71,1,1,1
10415,1139,2,8314.3,1,1,1
3422,1139,2,13031.56,1,2,2
7390,1139,2,15079.18,1,2,2
3335,1139,3,15289.34,1,2,2
7468,1139,3,25068.18,1,3,4
4836,1139,3,25293.97,1,3,4
2626,1139,4,32167.12,1,4,5
4611,1139,5,28022.08,1,4,4
6461,1139,6,47754.27,1,5,5
7777,1138,2,8504.72,1,1,1
7487,1138,2,11803.93,1,1,2
9582,1138,2,14070.08,1,2,2
6748,1138,5,27457.76,1,4,4
1513,1137,1,647.08,1,1,1
2211,1137,1,2312.73,1,1,1
6682,1137,2,2059.96,1,1,1
2361,1137,3,11503.68,1,2,2
9340,1137,3,19415.08,1,2,3
9195,1137,4,13536.05,1,3,2
4730,1137,4,17972.47,1,3,3
4395,1136,1,8823.64,1,1,1
7433,1136,1,14330.24,1,1,2
3206,1136,3,17258.28,1,2,3
9418,1136,3,21147.05,1,3,3
7418,1136,4,18682.45,1,3,3
1041,1136,4,24639.04,1,3,4
1240,1136,5,9827.72,1,4,1
10466,1136,5,24008.23,1,4,4
11391,1136,5,24035.01,1,4,4
6316,1136,6,51840.8,1,5,5
11105,1136,8,50451.11,1,5,5
6061,1135,1,1478.83,1,1,1
8359,1135,1,7248.01,1,1,1
442,1135,1,9255.57,1,1,1
5291,1135,2,5803.76,1,1,1
9235,1135,3,18366.43,1,2,3
10555,1135,4,12482.94,1,3,2
4661,1135,4,19170.26,1,3,3
1761,1134,1,588.04,1,1,1
366,1134,2,4996.08,1,1,1
6486,1134,2,9890.2,1,1,1
7071,1134,2,13443.91,1,2,2
211,1134,2,14771.6,1,2,2
5568,1134,3,10920.22,1,2,2
6930,1134,3,18241.68,1,2,3
9983,1134,3,18667.27,1,2,3
1313,1134,5,38009.73,1,4,5
10852,1133,1,7524.26,1,1,1
3238,1133,3,14697.93,1,2,2
3587,1133,3,14835.05,1,2,2
7133,1133,4,18682.52,1,3,3
5827,1133,5,16247.03,1,4,3
464,1132,1,1835.5,1,1,1
5659,1132,1,9793.48,1,1,1
11444,1132,2,6078.15,1,1,1
7066,1132,2,15749.26,1,2,2
10309,1132,3,8726.41,1,2,1
8478,1132,3,13114.53,1,2,2
934,1132,3,18422.92,1,2,3
2387,1131,1,388.0,1,1,1
4407,1131,1,4087.38,1,1,1
2225,1131,2,2030.33,1,1,1
2554,1131,2,5680.48,1,1,1
1186,1131,2,6522.89,1,1,1
1458,1131,2,19682.17,1,2,3
7422,1131,3,3237.12,1,2,1
5970,1131,4,21033.04,1,3,3
10819,1131,4,30644.42,1,4,4
2741,1131,5,23770.49,1,4,4
448,1131,5,24004.64,1,4,4
11899,1130,1,7575.17,1,1,1
5444,1130,2,16005.02,1,2,2
6043,1130,3,11354.12,1,2,2
1591,1130,5,21526.59,1,4,3
30,1130,5,25735.03,1,4,4
2196,1129,1,3055.5,1,1,1
3720,1129,2,2183.24,1,1,1
9057,1129,2,3077.68,1,1,1
2927,1129,2,7520.13,1,1,1
6079,1129,2,17360.95,1,2,3
1997,1129,3,7284.65,1,2,1
6867,1129,3,12194.57,1,2,2
8964,1129,3,13173.82,1,2,2
3951,1129,3,15343.86,1,2,2
9269,1129,3,23104.69,1,3,4
2760,1129,4,13081.33,1,3,2
11945,1129,5,12546.84,1,4,2
8308,1129,5,31852.14,1,4,5
5070,1128,1,2633.0,1,1,1
7561,1128,1,16960.06,1,1,3
8184,1128,2,4893.96,1,1,1
8046,1128,2,12803.08,1,1,2
8035,1128,2,15108.81,1,2,2
11373,1128,3,13559.59,1,2,2
8535,1128,3,18293.92,1,2,3
6169,1128,5,25620.62,1,4,4
6788,1127,2,4192.92,1,1,1
10324,1127,2,8718.75,1,1,1
437,1127,2,22520.54,1,2,3
3671,1127,3,6574.06,1,2,1
5544,1127,3,15084.72,1,2,2
7111,1127,3,19040.66,1,2,3
806,1127,4,18569.46,1,3,3
1704,1127,4,24761.75,1,3,4
10261,1127,5,15053.35,1,4,2
3807,1126,1,7312.92,1,1,1
5973,1126,2,4184.39,1,1,1
1090,1126,2,6520.76,1,1,1
11288,1126,2,6716.66,1,1,1
9409,1126,3,16186.94,1,2,3
7393,1126,3,24339.47,1,3,4
1552,1126,4,10716.44,1,3,2
7635,1126,4,16727.44,1,3,3
8881,1126,4,20317.41,1,3,3
9577,1126,5,25904.69,1,4,4
8006,1125,2,9968.75,1,1,2
10661,1125,2,12573.04,1,1,2
7674,1125,2,16012.31,1,2,2
5457,1125,2,17074.01,1,2,3
1651,1125,3,3639.03,1,2,1
2816,1125,3,12752.82,1,2,2
5239,1125,4,5976.07,1,3,1
3543,1124,1,3004.65,1,1,1
8048,1124,1,6799.0,1,1,1
11954,1124,2,6812.0,1,1,1
11268,1124,2,8026.19,1,1,1
10227,1124,2,14942.98,1,2,2
9249,1124,3,25785.18,1,3,4
6895,1124,4,18142.5,1,3,3
958,1124,4,34244.37,1,4,5
83,1124,5,33920.53,1,4,5
9140,1123,1,1418.74,1,1,1
3801,1123,1,4825.07,1,1,1
9832,1123,2,884.9,1,1,1
7798,1123,2,7850.39,1,1,1
8691,1123,2,8937.23,1,1,1
3874,1123,2,9052.89,1,1,1
10891,1123,2,14739.94,1,2,2
4691,1123,2,15342.83,1,2,2
11315,1123,3,10641.81,1,2,2
2147,1123,4,28371.41,1,4,4
5231,1123,5,24309.55,1,4,4
9683,1122,2,22000.68,1,2,3
6267,1122,3,9646.27,1,2,1
8958,1122,3,24300.21,1,3,4
4929,1122,3,26333.72,1,3,4
7648,1122,4,26672.03,1,4,4
11503,1122,6,48188.96,1,5,5
4146,1121,1,1707.1,1,1,1
11257,1121,2,5830.65,1,1,1
8074,1121,2,9298.56,1,1,1
6007,1121,2,14404.45,1,2,2
7218,1121,3,15337.61,1,2,2
5314,1121,3,20536.86,1,3,3
1517,1121,3,26931.86,1,3,4
5252,1121,3,29481.4,1,3,4
3905,1121,3,38231.16,1,3,5
3733,1121,4,12805.46,1,3,2
5218,1121,4,28592.37,1,4,4
3586,1121,5,32911.14,1,4,5
10495,1120,3,14417.43,1,2,2
9669,1120,4,20777.77,1,3,3
9113,1119,1,6004.63,1,1,1
4874,1119,1,6072.73,1,1,1
712,1119,2,1075.84,1,1,1
11408,1119,2,7359.36,1,1,1
3731,1119,2,10147.76,1,1,2
8532,1119,2,24172.59,1,2,4
4695,1119,3,11869.8,1,2,2
10850,1119,4,21204.38,1,3,3
1919,1118,2,8675.63,1,1,1
8029,1118,3,4307.79,1,2,1
4384,1118,3,31937.36,1,3,5
4817,1118,4,24251.52,1,3,4
1445,1117,1,3850.89,1,1,1
6348,1117,1,7651.54,1,1,1
11522,1117,2,7101.0,1,1,1
2265,1117,2,11229.33,1,1,2
2586,1117,3,9983.61,1,2,2
2438,1117,3,13762.74,1,2,2
4928,1117,3,25247.28,1,3,4
9200,1117,3,28628.81,1,3,4
15,1117,4,18849.64,1,3,3
3555,1117,4,19144.71,1,3,3
853,1117,4,19447.1,1,3,3
6761,1117,4,25110.86,1,3,4
6798,1117,4,27282.32,1,4,4
1346,1117,4,28648.9,1,4,4
2275,1117,5,10303.15,1,4,2
539,1116,1,6328.53,1,1,1
4302,1116,2,3138.16,1,1,1
10358,1116,2,14048.6,1,2,2
7855,1116,2,19386.17,1,2,3
11347,1116,3,23537.13,1,3,4
9146,1116,6,27943.04,1,5,4
11621,1116,6,42688.14,1,5,5
1742,1115,1,858.45,1,1,1
7945,1115,2,7343.62,1,1,1
2765,1115,2,9595.59,1,1,1
736,1115,3,17252.5,1,2,3
9921,1115,4,23151.33,1,3,4
4287,1115,5,22212.48,1,4,3
6707,1115,7,34194.73,1,5,5
687,1114,1,5839.44,1,1,1
6608,1114,2,9934.98,1,1,2
7760,1114,2,11454.74,1,1,2
4477,1114,2,12337.91,1,1,2
5753,1114,4,18055.44,1,3,3
8257,1113,1,9791.77,1,1,1
10428,1113,2,5182.62,1,1,1
7710,1113,2,7946.46,1,1,1
35,1113,2,10808.72,1,1,2
1940,1113,2,11177.03,1,1,2
5289,1113,3,19724.65,1,3,3
686,1113,3,22268.99,1,3,3
2998,1113,4,14759.5,1,3,2
709,1113,4,23961.09,1,3,4
220,1113,4,26091.22,1,4,4
1497,1113,4,26563.09,1,4,4
1205,1112,1,1469.65,1,1,1
9070,1112,1,2637.96,1,1,1
9805,1112,1,5164.94,1,1,1
875,1112,2,11762.8,1,1,2
7208,1112,3,11680.17,1,2,2
1674,1112,4,27112.91,1,4,4
3489,1111,2,11952.48,1,1,2
7215,1111,2,23153.24,1,2,4
3756,1111,3,16912.04,1,2,3
763,1111,4,16899.49,1,3,3
5942,1111,4,18264.22,1,3,3
11996,1111,6,21333.35,1,5,3
9141,1110,1,8851.75,1,1,1
10150,1110,2,7180.02,1,1,1
5501,1110,2,17285.76,1,2,3
5424,1110,3,11856.96,1,2,2
8036,1110,3,21271.05,1,3,3
4950,1110,4,30294.46,1,4,4
4108,1110,4,31630.65,1,4,4
6614,1109,1,8993.58,1,1,1
6487,1109,2,13697.56,1,2,2
837,1109,3,17943.96,1,2,3
8111,1109,3,22781.13,1,3,3
6741,1109,4,21569.26,1,3,3
1991,1109,4,25778.38,1,3,4
11598,1109,4,26275.51,1,4,4
7553,1109,5,20825.89,1,4,3
5972,1109,5,21431.17,1,4,3
9404,1109,5,36549.87,1,4,5
8747,1108,2,2470.12,1,1,1
430,1108,2,16131.6,1,2,2
8465,1108,3,16563.11,1,2,3
473,1108,3,28561.03,1,3,4
1741,1108,4,21369.68,1,3,3
8821,1108,4,25383.99,1,3,4
5303,1107,1,2456.49,1,1,1
7127,1107,1,2783.98,1,1,1
9009,1107,2,745.73,1,1,1
1161,1107,2,3179.51,1,1,1
1173,1107,2,10727.71,1,1,2
3844,1107,2,15182.5,1,2,2
3163,1107,3,11907.76,1,2,2
4403,1107,3,24762.84,1,3,4
6219,1107,7,53769.98,1,5,5
6086,1106,2,10430.59,1,1,2
9104,1106,3,10466.55,1,2,2
5187,1106,3,12223.55,1,2,2
3983,1106,3,15269.41,1,2,2
2559,1106,3,18615.14,1,2,3
8537,1106,6,19166.63,1,5,3
250,1105,1,4087.41,1,1,1
5954,1105,1,7140.85,1,1,1
7446,1105,2,2694.58,1,1,1
6585,1105,2,4877.13,1,1,1
4107,1105,2,5959.31,1,1,1
11005,1105,2,7219.43,1,1,1
8439,1105,2,14427.27,1,2,2
10848,1105,2,19731.57,1,2,3
2617,1105,2,21064.53,1,2,3
11362,1105,3,12261.07,1,2,2
9216,1105,5,41399.33,1,5,5
9440,1105,6,41496.96,1,5,5
11693,1104,1,497.8,1,1,1
9555,1104,1,2138.12,1,1,1
5801,1104,1,2141.05,1,1,1
4184,1104,1,9191.44,1,1,1
10949,1104,1,11342.03,1,1,2
11566,1104,1,14955.11,1,1,2
11336,1104,2,10988.14,1,1,2
1357,1104,3,10306.39,1,2,2
11188,1104,3,20213.13,1,3,3
4962,1104,4,27001.9,1,4,4
6333,1104,5,26177.75,1,4,4
3938,1103,1,1835.5,1,1,1
1077,1103,1,2231.5,1,1,1
8044,1103,1,9636.93,1,1,1
1822,1103,1,10373.54,1,1,2
722,1103,1,11073.18,1,1,2
5196,1103,2,7085.61,1,1,1
9467,1103,2,7443.7,1,1,1
2063,1103,2,8453.61,1,1,1
3929,1103,2,9003.95,1,1,1
3007,1103,3,3685.14,1,2,1
9131,1103,3,17458.63,1,2,3
489,1103,3,21413.18,1,3,3
11485,1103,4,22163.58,1,3,3
9053,1103,7,43189.33,1,5,5
6274,1103,7,46571.89,1,5,5
1968,1102,1,189.93,1,1,1
1550,1102,2,12633.21,1,1,2
7374,1102,2,16818.67,1,2,3
4780,1102,2,22458.48,1,2,3
8744,1102,3,14846.13,1,2,2
7871,1102,4,26340.47,1,4,4
9247,1102,5,17754.39,1,4,3
684,1102,5,32132.33,1,4,5
4434,1101,2,6878.88,1,1,1
11540,1101,3,15110.61,1,2,2
2297,1101,3,17672.66,1,2,3
7663,1101,3,18399.04,1,2,3
9597,1101,4,21435.91,1,3,3
3784,1100,1,2490.32,1,1,1
6583,1100,1,3023.36,1,1,1
11629,1100,1,3554.96,1,1,1
4060,1100,2,3604.56,1,1,1
5866,1100,2,5995.11,1,1,1
7579,1100,2,6465.86,1,1,1
1418,1100,2,12326.74,1,1,2
6107,1100,2,13250.35,1,2,2
10969,1100,3,15312.65,1,2,2
11815,1100,3,19710.39,1,3,3
10100,1100,4,37517.04,1,4,5
6155,1099,1,10749.87,1,1,2
4234,1099,2,4914.4,1,1,1
5943,1099,2,7075.18,1,1,1
6901,1099,2,7219.66,1,1,1
2552,1099,2,8368.3,1,1,1
10412,1099,2,13527.09,1,2,2
5571,1099,3,9016.28,1,2,1
5476,1099,4,20869.96,1,3,3
5034,1098,1,613.84,1,1,1
7533,1098,1,833.97,1,1,1
7891,1098,2,6484.43,1,1,1
11044,1098,2,13716.76,1,2,2
6693,1098,4,16179.88,1,3,3
8429,1098,5,7960.25,1,4,1
9745,1097,1,204.81,1,1,1
1053,1097,2,10656.96,1,1,2
11728,1097,2,10941.99,1,1,2
1036,1097,3,12129.94,1,2,2
6365,1097,3,21353.42,1,3,3
3657,1097,4,11598.6,1,3,2
6724,1097,4,42874.88,1,4,5
1990,1097,5,19982.7,1,4,3
6962,1096,1,5160.86,1,1,1
4511,1096,2,1293.21,1,1,1
10143,1096,2,10963.75,1,1,2
9433,1096,3,12394.21,1,2,2
4054,1096,4,5644.28,1,3,1
7150,1096,4,37632.4,1,4,5
7483,1096,5,22779.93,1,4,3
6160,1096,5,25232.12,1,4,4
9887,1096,6,31658.27,1,5,4
4945,1095,1,1918.56,1,1,1
5644,1095,1,2663.54,1,1,1
2753,1095,1,5404.59,1,1,1
1133,1095,1,6569.38,1,1,1
10698,1095,1,9752.09,1,1,1
6688,1095,2,8260.03,1,1,1
11433,1095,2,10040.32,1,1,2
4860,1095,4,10723.72,1,3,2
6983,1095,4,21305.71,1,3,3
5886,1094,2,12351.18,1,1,2
10277,1094,3,6325.08,1,2,1
9119,1094,3,13226.98,1,2,2
870,1094,3,19027.17,1,2,3
10279,1094,4,15609.79,1,3,2
4443,1094,4,19862.63,1,3,3
9039,1094,4,20297.09,1,3,3
2151,1094,5,30709.47,1,4,4
8804,1094,5,33768.05,1,4,5
5591,1093,1,3975.83,1,1,1
1856,1093,1,6648.47,1,1,1
2659,1093,2,7303.86,1,1,1
2226,1093,2,11381.63,1,1,2
886,1093,2,13306.01,1,2,2
3200,1093,4,24529.79,1,3,4
4118,1093,7,42959.59,1,5,5
6153,1092,3,10838.63,1,2,2
7023,1092,3,17236.26,1,2,3
6334,1092,3,21071.17,1,3,3
7184,1092,3,21241.28,1,3,3
8966,1092,3,22408.51,1,3,3
10425,1092,4,28189.97,1,4,4
9630,1091,1,9818.62,1,1,1
5065,1091,2,9041.78,1,1,1
7880,1091,3,11697.72,1,2,2
11942,1091,3,12650.87,1,2,2
3374,1091,3,16190.56,1,2,3
9268,1091,3,37428.97,1,3,5
1648,1091,4,14028.89,1,3,2
5987,1090,1,5098.36,1,1,1
6713,1090,2,10944.98,1,1,2
5636,1090,2,19976.46,1,2,3
1165,1090,3,10208.38,1,2,2
8406,1090,3,10758.29,1,2,2
6480,1090,4,15821.69,1,3,2
243,1090,4,25067.0,1,3,4
6504,1090,4,28612.7,1,4,4
5464,1090,4,36804.78,1,4,5
6208,1090,5,15177.54,1,4,2
2942,1090,5,29203.96,1,4,4
8903,1090,6,31093.97,1,5,4
650,1089,1,581.72,1,1,1
2690,1089,1,5507.27,1,1,1
54,1089,2,7880.18,1,1,1
7759,1089,2,9426.92,1,1,1
6690,1089,2,13441.92,1,2,2
1743,1089,3,17224.01,1,2,3
9000,1089,3,25593.13,1,3,4
1875,1089,4,19774.95,1,3,3
7658,1089,5,24126.6,1,4,4
7661,1088,1,13263.51,1,1,2
5248,1088,2,7730.01,1,1,1
5354,1088,2,17958.6,1,2,3
1793,1088,2,18896.58,1,2,3
7669,1088,3,10999.7,1,2,2
7224,1088,3,21260.63,1,3,3
4015,1087,1,5312.4,1,1,1
8094,1087,2,6453.27,1,1,1
9853,1087,2,7412.8,1,1,1
10814,1087,2,9160.36,1,1,1
1954,1087,2,21793.67,1,2,3
6189,1087,3,11578.93,1,2,2
2055,1087,3,14774.3,1,2,2
1194,1087,3,18147.87,1,2,3
8009,1087,3,19327.83,1,2,3
11047,1087,3,23654.84,1,3,4
9971,1087,4,25972.59,1,3,4
7649,1087,5,12349.91,1,4,2
521,1087,5,16141.24,1,4,3
1713,1087,5,25919.85,1,4,4
3797,1086,1,5639.75,1,1,1
1650,1086,2,6895.77,1,1,1
7147,1086,2,13250.97,1,2,2
4094,1086,3,20224.8,1,3,3
5304,1086,3,23518.08,1,3,4
7495,1086,4,8975.72,1,3,1
9909,1086,4,13799.16,1,3,2
4381,1086,4,17591.4,1,3,3
2785,1086,4,17812.74,1,3,3
671,1086,4,21563.35,1,3,3
4161,1086,4,42310.94,1,4,5
7254,1086,5,30636.08,1,4,4
808,1085,1,8917.74,1,1,1
1140,1085,3,8142.43,1,2,1
11252,1085,3,17374.23,1,2,3
11244,1085,4,14072.79,1,3,2
3992,1085,4,22083.11,1,3,3
7340,1085,5,23788.75,1,4,4
657,1084,1,5759.83,1,1,1
2884,1084,2,9764.06,1,1,1
9086,1084,2,10258.79,1,1,2
7818,1084,2,14607.02,1,2,2
2701,1084,3,18946.21,1,2,3
10162,1084,3,25517.44,1,3,4
9733,1084,4,23654.2,1,3,4
6170,1084,4,32222.24,1,4,5
8641,1084,5,27909.38,1,4,4
2679,1084,5,31422.92,1,4,4
4048,1084,6,41501.48,1,5,5
6593,1084,7,48451.32,1,5,5
6925,1083,1,1910.01,1,1,1
3845,1083,2,17754.03,1,2,3
2457,1083,4,13050.8,1,3,2
800,1082,1,17081.34,1,1,3
5148,1082,2,2579.51,1,1,1
2599,1082,2,2865.56,1,1,1
4587,1082,3,13117.29,1,2,2
10065,1082,3,16219.88,1,2,3
1747,1082,3,22119.09,1,3,3
1681,1082,4,10778.77,1,3,2
4304,1082,4,19474.49,1,3,3
9861,1082,4,26571.44,1,4,4
3967,1082,4,44239.9,1,4,5
7112,1082,5,26660.0,1,4,4
3567,1082,5,27730.46,1,4,4
7152,1082,6,34095.79,1,5,5
6857,1081,1,4919.72,1,1,1
7297,1081,1,9637.19,1,1,1
395,1081,2,2481.34,1,1,1
10769,1081,2,4877.05,1,1,1
2628,1081,2,8428.23,1,1,1
1526,1081,2,14948.15,1,2,2
1906,1081,2,20987.54,1,2,3
5394,1081,3,13488.59,1,2,2
9313,1081,3,25458.34,1,3,4
1915,1081,3,29354.14,1,3,4
8930,1081,4,23164.51,1,3,4
2706,1081,5,36078.92,1,4,5
5077,1080,1,43.1,1,1,1
2304,1080,1,2672.5,1,1,1
2822,1080,2,1369.34,1,1,1
5421,1080,3,4554.0,1,2,1
2154,1080,3,19597.95,1,2,3
1073,1080,3,19627.6,1,2,3
4446,1080,4,13730.04,1,3,2
1878,1080,4,25188.68,1,3,4
7886,1080,7,26535.75,1,5,4
9225,1079,1,3896.88,1,1,1
9515,1079,1,4077.81,1,1,1
10989,1079,2,19633.52,1,2,3
9688,1079,3,6145.28,1,2,1
976,1079,3,10673.35,1,2,2
9730,1079,3,19009.84,1,2,3
2250,1079,3,19937.87,1,3,3
7992,1079,3,20570.62,1,3,3
1727,1079,3,23132.39,1,3,4
1827,1079,3,23535.19,1,3,4
4281,1079,3,24582.07,1,3,4
8618,1079,3,25966.11,1,3,4
10531,1079,4,14969.63,1,3,2
10493,1079,4,48108.34,1,4,5
682,1078,2,5319.88,1,1,1
7971,1078,2,5362.72,1,1,1
1537,1078,2,5732.23,1,1,1
11421,1078,2,13641.8,1,2,2
9708,1078,2,22955.92,1,2,4
8622,1078,5,22180.56,1,4,3
7715,1078,6,29495.15,1,5,4
6134,1078,6,32166.77,1,5,5
4067,1077,1,5610.92,1,1,1
3629,1077,1,17059.82,1,1,3
6203,1077,2,4658.34,1,1,1
5043,1077,2,8551.96,1,1,1
6826,1077,2,16902.27,1,2,3
7541,1077,3,14960.72,1,2,2
11882,1077,4,23203.58,1,3,4
7703,1077,4,23658.0,1,3,4
7260,1077,5,23915.66,1,4,4
6736,1077,5,29423.06,1,4,4
4495,1077,5,31619.13,1,4,4
3918,1077,6,39446.41,1,5,5
6101,1077,9,46485.65,1,5,5
5349,1076,3,6331.32,1,2,1
3676,1076,3,10451.62,1,2,2
11762,1076,3,12002.96,1,2,2
5759,1076,3,14299.76,1,2,2
4631,1076,3,24077.72,1,3,4
2326,1076,4,15278.6,1,3,2
2169,1076,4,24828.92,1,3,4
3432,1076,7,47283.9,1,5,5
2650,1075,1,247.48,1,1,1
6216,1075,1,2022.59,1,1,1
7458,1075,1,11302.51,1,1,2
1361,1075,2,5631.91,1,1,1
1535,1075,2,12115.74,1,1,2
4535,1075,2,13088.38,1,2,2
11787,1075,3,13393.28,1,2,2
11774,1075,3,17819.48,1,2,3
8273,1075,4,20483.61,1,3,3
2118,1075,4,20902.16,1,3,3
5301,1075,4,21638.41,1,3,3
7949,1075,4,35584.16,1,4,5
8362,1075,5,17134.25,1,4,3
541,1075,5,22394.65,1,4,3
1590,1074,1,1461.38,1,1,1
8714,1074,1,5036.62,1,1,1
6922,1074,1,8892.03,1,1,1
5522,1074,2,8335.86,1,1,1
5798,1074,2,11232.75,1,1,2
2203,1074,2,11663.95,1,1,2
314,1074,2,16253.28,1,2,3
10102,1074,3,10843.75,1,2,2
11593,1074,3,17592.75,1,2,3
4688,1074,3,18557.47,1,2,3
6884,1074,3,22152.52,1,3,3
9296,1074,3,26959.91,1,3,4
11801,1074,4,6013.66,1,3,1
346,1074,4,31812.58,1,4,5
10874,1074,6,43534.28,1,5,5
2182,1073,1,582.92,1,1,1
11458,1073,2,21923.93,1,2,3
646,1073,3,13365.71,1,2,2
4483,1073,3,13548.48,1,2,2
8998,1073,3,16996.9,1,2,3
8514,1073,3,19661.43,1,3,3
5331,1073,3,27916.42,1,3,4
405,1073,5,22721.95,1,4,3
10598,1073,5,41449.29,1,5,5
9207,1072,1,3962.2,1,1,1
11875,1072,1,7282.48,1,1,1
3370,1072,3,7613.57,1,2,1
7058,1072,3,11468.2,1,2,2
3012,1072,3,14560.65,1,2,2
509,1072,3,17713.83,1,2,3
4154,1072,3,27896.09,1,3,4
6453,1072,3,28486.96,1,3,4
636,1072,4,10238.66,1,3,2
8508,1072,4,23463.24,1,3,4
4394,1072,5,19382.86,1,4,3
793,1072,5,19416.06,1,4,3
4859,1071,1,296.6,1,1,1
2027,1071,1,4710.83,1,1,1
7241,1071,1,8773.56,1,1,1
1444,1071,2,6788.56,1,1,1
4849,1071,2,6871.02,1,1,1
5210,1071,2,10581.41,1,1,2
176,1071,2,12760.78,1,1,2
7124,1071,3,16254.19,1,2,3
2156,1071,4,17890.41,1,3,3
4746,1071,4,21955.37,1,3,3
7554,1071,4,37331.1,1,4,5
4265,1070,2,13224.48,1,2,2
6824,1070,2,14568.45,1,2,2
10188,1070,2,24374.84,1,2,4
11031,1070,3,4955.02,1,2,1
6959,1070,3,7046.39,1,2,1
11102,1070,4,14249.51,1,3,2
2417,1070,4,18820.86,1,3,3
4008,1070,5,39083.45,1,4,5
1067,1070,5,39292.48,1,4,5
8374,1070,6,36956.21,1,5,5
6129,1069,1,5786.19,1,1,1
5260,1069,3,7893.34,1,2,1
11147,1069,3,11059.52,1,2,2
6973,1069,3,17396.45,1,2,3
973,1069,3,18071.02,1,2,3
2110,1069,3,21942.45,1,3,3
300,1069,4,16333.3,1,3,3
6779,1069,4,30962.77,1,4,4
11225,1068,1,592.11,1,1,1
9698,1068,1,10631.24,1,1,2
11266,1068,3,2340.71,1,2,1
8846,1068,3,11149.79,1,2,2
9088,1068,3,17875.55,1,2,3
6506,1068,4,13521.98,1,3,2
3527,1068,4,18222.74,1,3,3
262,1068,4,31703.85,1,4,4
1508,1068,5,18533.47,1,4,3
7174,1067,1,12041.36,1,1,2
3920,1067,2,7042.62,1,1,1
1671,1067,2,22987.16,1,2,4
6691,1067,3,15133.27,1,2,2
8132,1067,3,17495.43,1,2,3
9413,1067,3,18224.33,1,2,3
10255,1067,4,23785.44,1,3,4
1191,1066,1,2205.77,1,1,1
3722,1066,1,4241.64,1,1,1
9190,1066,2,10084.72,1,1,2
3615,1066,2,12005.9,1,1,2
708,1066,2,13466.43,1,2,2
5119,1066,2,17533.69,1,2,3
10836,1066,3,13124.49,1,2,2
10130,1066,3,16778.77,1,2,3
2469,1066,3,18823.2,1,2,3
2142,1066,3,19611.33,1,2,3
11916,1066,4,11466.73,1,3,2
11934,1066,5,15893.16,1,4,2
10590,1066,5,21367.24,1,4,3
5840,1066,6,13358.56,1,5,2
7268,1065,1,8069.3,1,1,1
5605,1065,2,7325.48,1,1,1
4544,1065,2,8809.6,1,1,1
4013,1065,2,9161.66,1,1,1
8511,1065,3,15434.27,1,2,2
1062,1065,4,39914.39,1,4,5
11137,1065,5,34371.95,1,4,5
6722,1064,2,6832.89,1,1,1
9360,1064,2,14764.75,1,2,2
11764,1064,2,16921.64,1,2,3
3600,1064,3,16096.05,1,2,2
3933,1064,5,17865.43,1,4,3
10505,1064,5,22125.2,1,4,3
6041,1064,6,41278.48,1,5,5
5338,1063,1,2909.96,1,1,1
602,1063,1,9339.3,1,1,1
1386,1063,2,3470.84,1,1,1
11732,1063,2,6767.49,1,1,1
2504,1063,2,7026.49,1,1,1
3023,1063,2,12089.29,1,1,2
1782,1063,3,9096.95,1,2,1
5570,1063,3,10605.97,1,2,2
10417,1063,3,15085.36,1,2,2
2509,1063,3,15802.34,1,2,2
10262,1063,4,18961.04,1,3,3
290,1063,5,12583.02,1,4,2
2427,1063,8,46127.11,1,5,5
7146,1062,2,1614.73,1,1,1
1134,1062,2,4451.18,1,1,1
4993,1062,2,9982.26,1,1,2
2086,1062,2,10020.09,1,1,2
3105,1062,2,15444.82,1,2,2
5415,1062,2,16229.3,1,2,3
9257,1062,2,25497.94,1,2,4
11721,1062,3,8444.42,1,2,1
4075,1062,3,14319.06,1,2,2
5607,1062,3,19083.15,1,2,3
8220,1062,3,22066.53,1,3,3
4984,1062,4,26806.89,1,4,4
6192,1061,2,3346.69,1,1,1
9752,1061,2,10437.83,1,1,2
1146,1061,2,10489.17,1,1,2
9290,1061,2,12433.35,1,1,2
3141,1061,3,21071.41,1,3,3
3136,1061,3,25614.8,1,3,4
5899,1061,3,29972.94,1,3,4
11001,1061,4,17945.94,1,3,3
6415,1061,4,19235.99,1,3,3
8418,1061,4,24006.3,1,3,4
11802,1061,5,22016.42,1,4,3
3697,1061,6,29652.73,1,5,4
1039,1060,1,2212.65,1,1,1
9405,1060,1,6353.33,1,1,1
7341,1060,2,8578.97,1,1,1
1503,1060,2,12209.34,1,1,2
8580,1060,2,12485.53,1,1,2
9593,1060,3,9692.42,1,2,1
7810,1060,3,28381.51,1,3,4
10872,1060,4,6425.76,1,3,1
4249,1060,4,7468.39,1,3,1
11358,1060,4,20718.06,1,3,3
4288,1060,4,25141.85,1,3,4
6939,1060,4,25895.74,1,3,4
3216,1060,4,26974.14,1,4,4
1670,1060,4,28455.73,1,4,4
2858,1060,4,36164.63,1,4,5
8368,1060,5,10135.35,1,4,2
6725,1060,6,47538.77,1,5,5
2895,1059,1,2806.89,1,1,1
4919,1059,1,3094.38,1,1,1
10800,1059,2,10862.45,1,1,2
10804,1059,3,9294.16,1,2,1
5427,1059,3,9979.73,1,2,2
4084,1059,3,10894.34,1,2,2
11050,1059,3,13181.56,1,2,2
5928,1059,3,13869.07,1,2,2
8167,1059,4,14271.37,1,3,2
6428,1059,4,19582.87,1,3,3
4601,1059,4,30304.9,1,4,4
10691,1059,4,30917.66,1,4,4
7330,1059,5,38271.23,1,4,5
7255,1059,6,40380.31,1,5,5
10159,1058,2,1813.22,1,1,1
227,1058,2,14843.56,1,2,2
11634,1058,3,6800.01,1,2,1
4679,1058,3,8745.32,1,2,1
3550,1058,3,11881.72,1,2,2
6077,1058,3,16662.3,1,2,3
3944,1058,3,19325.98,1,2,3
2224,1058,4,16930.31,1,3,3
7286,1058,4,24976.24,1,3,4
4678,1058,4,36016.18,1,4,5
1854,1057,1,8328.36,1,1,1
6473,1057,2,9341.78,1,1,1
6005,1057,2,9768.09,1,1,1
3037,1057,2,9827.77,1,1,1
6931,1057,3,10340.5,1,2,2
6445,1057,3,10600.21,1,2,2
6165,1057,3,13607.46,1,2,2
7864,1057,3,17004.38,1,2,3
9099,1057,3,23059.53,1,3,4
9471,1057,4,10657.89,1,3,2
6091,1057,5,21220.9,1,4,3
7843,1056,1,306.05,1,1,1
2490,1056,1,1453.47,1,1,1
10890,1056,1,14565.26,1,1,2
7349,1056,2,7855.84,1,1,1
11830,1056,2,10981.43,1,1,2
9866,1056,2,12313.32,1,1,2
6848,1056,2,24386.67,1,2,4
9048,1056,3,9102.3,1,2,1
3875,1056,3,15222.95,1,2,2
4941,1056,3,23611.82,1,3,4
1185,1056,4,24612.9,1,3,4
2117,1056,5,11265.19,1,4,2
5422,1056,5,29658.19,1,4,4
8795,1055,1,10801.03,1,1,2
1004,1055,2,9553.68,1,1,1
11616,1055,3,8445.58,1,2,1
125,1055,3,10534.27,1,2,2
4103,1055,3,20781.06,1,3,3
6645,1055,4,12307.67,1,3,2
8392,1055,4,25157.89,1,3,4
9793,1055,4,26511.36,1,4,4
11161,1055,5,39493.98,1,4,5
192,1054,1,306.66,1,1,1
2338,1054,3,10880.01,1,2,2
5654,1054,3,24039.46,1,3,4
8908,1054,3,27091.03,1,3,4
435,1054,3,27442.38,1,3,4
2145,1054,4,21571.95,1,3,3
6709,1053,2,6590.24,1,1,1
5311,1053,2,8343.48,1,1,1
6606,1053,2,10329.11,1,1,2
8802,1053,2,10574.1,1,1,2
1010,1053,2,10934.06,1,1,2
7577,1053,2,13234.02,1,2,2
7377,1053,3,11225.51,1,2,2
10022,1053,3,15233.32,1,2,2
10018,1053,3,24810.97,1,3,4
11157,1053,4,16961.96,1,3,3
10256,1053,4,20955.93,1,3,3
4326,1053,4,24944.29,1,3,4
8610,1053,4,30388.54,1,4,4
4167,1053,5,33194.08,1,4,5
1259,1052,1,8938.56,1,1,1
3331,1052,2,6764.11,1,1,1
813,1052,2,12915.35,1,2,2
1223,1052,2,13143.76,1,2,2
5026,1052,3,16890.2,1,2,3
11790,1052,4,13192.78,1,3,2
7930,1052,4,26058.81,1,3,4
1739,1052,4,28820.64,1,4,4
9525,1052,5,14278.15,1,4,2
6030,1051,1,6146.32,1,1,1
4126,1051,1,6451.42,1,1,1
8078,1051,2,10841.6,1,1,2
2758,1051,2,11823.92,1,1,2
10127,1051,3,8800.67,1,2,1
11080,1051,3,19279.35,1,2,3
5232,1051,3,19660.89,1,3,3
855,1051,4,16389.39,1,3,3
1625,1051,4,23894.13,1,3,4
5567,1051,4,30734.22,1,4,4
3016,1051,5,24387.89,1,4,4
6063,1051,5,35573.45,1,4,5
705,1051,8,47402.32,1,5,5
6281,1050,2,2874.06,1,1,1
9439,1050,2,8665.66,1,1,1
1529,1050,2,9050.13,1,1,1
8145,1050,2,12868.94,1,1,2
8373,1050,3,16004.21,1,2,2
4630,1050,3,17254.05,1,2,3
7132,1050,3,18318.14,1,2,3
4765,1050,3,20956.88,1,3,3
10371,1050,4,11887.47,1,3,2
6799,1050,5,24935.47,1,4,4
6121,1049,2,2917.63,1,1,1
894,1049,2,5912.43,1,1,1
5351,1049,2,6685.3,1,1,1
5728,1049,2,8745.35,1,1,1
960,1049,2,8936.58,1,1,1
5603,1049,2,10257.35,1,1,2
8322,1049,2,12149.94,1,1,2
2745,1049,2,16945.26,1,2,3
8677,1049,2,19861.96,1,2,3
2891,1049,3,14250.46,1,2,2
3135,1049,4,27404.7,1,4,4
9871,1049,4,31607.55,1,4,4
8653,1049,5,14940.83,1,4,2
5743,1049,5,28728.4,1,4,4
9799,1049,5,35245.35,1,4,5
7737,1048,1,4385.42,1,1,1
2116,1048,2,1463.69,1,1,1
8323,1048,2,6426.42,1,1,1
2999,1048,2,7496.65,1,1,1
7310,1048,2,8828.52,1,1,1
11877,1048,2,14590.2,1,2,2
10302,1048,2,17779.78,1,2,3
8708,1048,3,9179.97,1,2,1
6642,1048,3,17782.94,1,2,3
10583,1048,4,21090.53,1,3,3
7865,1048,5,21351.54,1,4,3
7092,1047,1,9105.74,1,1,1
1692,1047,2,3028.1,1,1,1
5778,1047,2,8381.46,1,1,1
5608,1047,3,12936.98,1,2,2
1215,1047,4,7451.21,1,3,1
2359,1047,4,7800.91,1,3,1
5067,1047,4,19921.27,1,3,3
10509,1047,4,24068.07,1,3,4
10106,1047,5,19991.74,1,4,3
6375,1047,5,23434.55,1,4,4
9170,1047,5,26165.85,1,4,4
11750,1047,5,26616.55,1,4,4
8481,1047,5,33364.8,1,4,5
9016,1046,2,829.26,1,1,1
7407,1046,2,4234.91,1,1,1
5999,1046,2,11266.74,1,1,2
11452,1046,2,19211.29,1,2,3
11108,1046,3,16404.02,1,2,3
4687,1046,4,8528.45,1,3,1
10042,1046,4,31541.27,1,4,4
3355,1046,5,33174.33,1,4,5
1790,1046,6,31390.53,1,5,4
692,1045,2,8451.31,1,1,1
1183,1045,2,8578.52,1,1,1
4007,1045,2,10958.26,1,1,2
2591,1045,2,21151.45,1,2,3
9156,1045,3,7922.84,1,2,1
891,1045,3,8023.91,1,2,1
4665,1045,3,10259.02,1,2,2
11470,1045,3,11521.57,1,2,2
4864,1045,7,40171.56,1,5,5
1834,1044,2,803.46,1,1,1
6566,1044,2,7170.6,1,1,1
2398,1044,2,12861.25,1,1,2
2023,1044,2,21141.51,1,2,3
3360,1044,3,1589.44,1,2,1
6658,1044,3,10020.34,1,2,2
8987,1044,3,10499.87,1,2,2
2454,1044,3,10707.94,1,2,2
8937,1044,3,24193.24,1,3,4
5513,1044,4,11997.73,1,3,2
1675,1044,4,12448.66,1,3,2
10932,1044,4,14550.65,1,3,2
6387,1044,4,20758.63,1,3,3
9772,1044,5,26232.4,1,4,4
11944,1044,5,27334.6,1,4,4
10155,1043,2,9858.18,1,1,1
4912,1043,2,10741.16,1,1,2
354,1043,2,16028.27,1,2,2
3878,1043,3,9536.32,1,2,1
9164,1043,3,9576.64,1,2,1
8306,1043,3,12264.14,1,2,2
2972,1043,3,24720.39,1,3,4
10365,1043,4,19292.44,1,3,3
1075,1043,4,20677.09,1,3,3
281,1043,4,30940.5,1,4,4
647,1043,4,35126.07,1,4,5
105,1043,5,37331.22,1,4,5
7578,1042,2,12997.25,1,2,2
6321,1042,2,13826.91,1,2,2
4274,1042,3,8209.59,1,2,1
3197,1042,3,10229.03,1,2,2
9891,1042,4,32872.54,1,4,5
1653,1042,5,18422.92,1,4,3
1379,1042,5,26226.01,1,4,4
8000,1042,5,35487.34,1,4,5
3281,1042,5,38636.41,1,4,5
4474,1041,1,2692.73,1,1,1
5257,1041,2,13182.33,1,2,2
10017,1041,3,10987.76,1,2,2
7151,1041,3,25660.15,1,3,4
4782,1041,3,27132.73,1,3,4
6719,1041,4,17353.51,1,3,3
2299,1041,5,18268.27,1,4,3
9459,1041,5,27841.14,1,4,4
856,1041,5,29277.6,1,4,4
10839,1040,1,3285.12,1,1,1
7788,1040,2,1799.48,1,1,1
11400,1040,2,11072.53,1,1,2
3417,1040,3,15209.15,1,2,2
498,1040,3,21187.91,1,3,3
11276,1040,4,9965.55,1,3,2
2337,1040,4,33018.61,1,4,5
3443,1040,4,34373.32,1,4,5
8419,1040,5,14739.53,1,4,2
8693,1040,5,19441.15,1,4,3
5635,1040,5,31411.49,1,4,4
11374,1039,2,11533.17,1,1,2
1008,1039,3,4362.0,1,2,1
1966,1039,3,21476.04,1,3,3
6910,1039,3,26073.11,1,3,4
3898,1039,3,26225.31,1,3,4
10983,1039,3,31971.23,1,3,5
5254,1039,4,13059.19,1,3,2
3228,1039,4,31519.11,1,4,4
12,1039,5,25801.65,1,4,4
8863,1039,5,27793.58,1,4,4
3277,1039,6,48461.32,1,5,5
6911,1038,1,2755.99,1,1,1
9553,1038,1,4346.86,1,1,1
7714,1038,2,5062.12,1,1,1
6456,1038,2,11883.13,1,1,2
6692,1038,2,12595.81,1,1,2
11427,1038,2,16191.18,1,2,3
3643,1038,3,12297.23,1,2,2
10444,1038,3,12661.91,1,2,2
2710,1038,3,14973.49,1,2,2
3215,1038,3,16365.84,1,2,3
9939,1038,3,25857.88,1,3,4
11901,1038,4,19135.82,1,3,3
3927,1038,4,23369.42,1,3,4
3100,1037,1,3336.36,1,1,1
3499,1037,1,4476.27,1,1,1
11496,1037,1,8872.46,1,1,1
7217,1037,2,5848.94,1,1,1
7989,1037,2,7458.7,1,1,1
157,1037,2,9248.15,1,1,1
922,1037,2,13924.7,1,2,2
2968,1037,2,14402.98,1,2,2
10567,1037,3,17147.94,1,2,3
10711,1037,3,22533.96,1,3,3
1941,1037,4,14428.53,1,3,2
11710,1037,4,17842.62,1,3,3
10594,1037,4,20875.32,1,3,3
10876,1037,4,21822.14,1,3,3
1128,1037,4,23565.69,1,3,4
4192,1037,5,34120.89,1,4,5
9852,1037,6,29662.01,1,5,4
7206,1036,3,13546.64,1,2,2
3426,1036,3,19475.31,1,2,3
3280,1036,3,27370.78,1,3,4
7156,1036,3,35671.93,1,3,5
2048,1036,5,28440.15,1,4,4
2486,1036,5,53005.04,1,5,5
11743,1035,1,1878.7,1,1,1
4727,1035,2,6426.9,1,1,1
11179,1035,2,7523.01,1,1,1
10454,1035,2,7555.61,1,1,1
5312,1035,2,12406.45,1,1,2
10247,1035,2,15504.88,1,2,2
9860,1035,3,5723.48,1,2,1
10944,1035,3,15714.99,1,2,2
11290,1035,4,13845.86,1,3,2
11014,1035,4,15258.01,1,3,2
7245,1035,4,26302.22,1,4,4
6545,1035,4,32892.24,1,4,5
1114,1034,1,4379.81,1,1,1
9801,1034,2,4002.7,1,1,1
1398,1034,2,4205.48,1,1,1
7546,1034,2,10429.22,1,1,2
7130,1034,2,10966.77,1,1,2
850,1034,2,10976.56,1,1,2
9093,1034,2,15285.31,1,2,2
7622,1034,3,8830.19,1,2,1
913,1034,3,22261.27,1,3,3
5658,1034,3,31983.89,1,3,5
11588,1034,4,22155.27,1,3,3
6878,1034,5,18716.76,1,4,3
308,1034,6,35829.95,1,5,5
10517,1034,8,33779.01,1,5,5
11510,1033,2,866.95,1,1,1
4422,1033,2,1453.87,1,1,1
5418,1033,2,3702.18,1,1,1
6759,1033,2,3962.67,1,1,1
2755,1033,2,17631.32,1,2,3
7264,1033,3,4310.52,1,2,1
11185,1033,3,9065.44,1,2,1
7034,1033,3,19252.48,1,2,3
2933,1033,3,20641.61,1,3,3
2092,1033,3,31990.17,1,3,5
7690,1033,4,16558.94,1,3,3
503,1033,4,17218.22,1,3,3
11410,1033,5,12714.82,1,4,2
11004,1033,5,28735.81,1,4,4
11151,1033,6,36920.83,1,5,5
5160,1032,1,2023.46,1,1,1
5088,1032,1,4625.46,1,1,1
9844,1032,1,5369.19,1,1,1
3251,1032,1,14628.28,1,1,2
821,1032,2,2817.12,1,1,1
1262,1032,2,3953.89,1,1,1
8233,1032,2,8052.57,1,1,1
5727,1032,2,18951.81,1,2,3
446,1032,3,12579.85,1,2,2
3857,1032,3,14666.03,1,2,2
4570,1032,3,19256.59,1,2,3
524,1032,3,25642.81,1,3,4
549,1032,3,27493.87,1,3,4
11948,1032,4,27078.71,1,4,4
9689,1032,5,25600.44,1,4,4
3392,1032,5,48184.49,1,5,5
10083,1031,1,2692.8,1,1,1
11171,1031,1,5635.96,1,1,1
6678,1031,2,2909.44,1,1,1
4953,1031,2,10121.75,1,1,2
6532,1031,2,12630.21,1,1,2
2656,1031,3,12078.91,1,2,2
3847,1031,3,15839.96,1,2,2
4292,1031,4,15355.71,1,3,2
6032,1031,4,17325.89,1,3,3
5005,1031,5,13735.29,1,4,2
2521,1031,5,18862.77,1,4,3
11183,1031,6,25365.9,1,5,4
4774,1031,7,48433.22,1,5,5
4091,1030,2,3520.28,1,1,1
3743,1030,2,8379.79,1,1,1
4940,1030,2,11337.11,1,1,2
6060,1030,2,11515.57,1,1,2
5318,1030,2,20268.85,1,2,3
10856,1030,2,30488.97,1,2,4
2882,1030,3,5942.99,1,2,1
3342,1030,3,8171.18,1,2,1
6979,1030,3,8798.53,1,2,1
1031,1030,3,13867.49,1,2,2
493,1030,3,15231.29,1,2,2
8786,1030,3,19631.41,1,2,3
5082,1030,3,29285.58,1,3,4
2830,1030,4,31052.57,1,4,4
1311,1030,5,24837.04,1,4,4
10234,1030,5,32495.18,1,4,5
5600,1030,6,25105.42,1,5,4
8838,1030,7,24178.91,1,5,4
229,1029,2,10962.02,1,1,2
6013,1029,3,10775.56,1,2,2
3372,1029,3,11290.18,1,2,2
5143,1029,3,11435.77,1,2,2
9985,1029,3,14813.29,1,2,2
10692,1029,4,20708.03,1,3,3
3054,1029,5,25153.82,1,4,4
2345,1029,5,25603.77,1,4,4
2963,1029,5,30066.01,1,4,4
9885,1029,5,31365.03,1,4,4
11006,1028,1,9743.93,1,1,1
3467,1028,2,2790.66,1,1,1
2053,1028,2,6284.66,1,1,1
8463,1028,2,6290.7,1,1,1
485,1028,2,7951.3,1,1,1
1332,1028,2,8213.03,1,1,1
6406,1028,2,11964.55,1,1,2
1369,1028,3,5403.15,1,2,1
4680,1028,3,14012.22,1,2,2
423,1028,3,14909.62,1,2,2
11583,1028,3,27050.16,1,3,4
7560,1028,4,17775.11,1,3,3
3793,1028,7,43614.26,1,5,5
10502,1027,2,10293.37,1,1,2
8959,1027,2,11736.29,1,1,2
11671,1027,2,19756.48,1,2,3
4839,1027,3,5319.12,1,2,1
11599,1027,3,19778.81,1,3,3
560,1027,3,25566.13,1,3,4
2939,1027,4,9479.77,1,3,1
11722,1027,4,15024.57,1,3,2
7283,1027,5,37228.49,1,4,5
2239,1027,6,23319.24,1,5,4
11250,1027,8,28889.91,1,5,4
3126,1026,1,1139.57,1,1,1
385,1026,1,6800.41,1,1,1
1310,1026,2,8672.54,1,1,1
7508,1026,3,11955.32,1,2,2
7802,1026,3,19959.58,1,3,3
11110,1026,3,28178.04,1,3,4
2095,1026,4,25343.95,1,3,4
7941,1025,1,3973.58,1,1,1
8767,1025,1,6175.4,1,1,1
4006,1025,2,7046.01,1,1,1
1109,1025,2,8069.54,1,1,1
6438,1025,2,9104.22,1,1,1
1700,1025,2,13636.14,1,2,2
11574,1025,2,14917.56,1,2,2
11303,1025,3,9537.25,1,2,1
11351,1025,3,13130.27,1,2,2
1861,1025,3,18592.21,1,2,3
4742,1025,3,30381.12,1,3,4
5742,1025,4,32329.68,1,4,5
7630,1025,4,40785.51,1,4,5
3694,1025,5,47095.18,1,5,5
11860,1025,6,21275.2,1,5,3
3346,1024,1,564.05,1,1,1
10878,1024,1,3529.56,1,1,1
4995,1024,1,11389.6,1,1,2
8012,1024,1,11963.28,1,1,2
3311,1024,2,4509.9,1,1,1
9808,1024,2,5624.48,1,1,1
8931,1024,2,12006.57,1,1,2
11508,1024,2,12065.75,1,1,2
2402,1024,2,25971.52,1,2,4
6657,1024,3,7310.27,1,2,1
7022,1024,3,11781.19,1,2,2
3775,1024,3,12569.85,1,2,2
7655,1024,3,16490.51,1,2,3
11548,1024,4,18675.68,1,3,3
4858,1024,4,20042.29,1,3,3
222,1024,5,25179.54,1,4,4
2544,1024,6,17946.18,1,5,3
7116,1023,1,4682.11,1,1,1
9913,1023,2,6000.14,1,1,1
6993,1023,2,7661.66,1,1,1
8606,1023,2,8254.44,1,1,1
11904,1023,2,8879.19,1,1,1
6355,1023,2,10862.69,1,1,2
10992,1023,2,11359.35,1,1,2
2290,1023,2,11708.03,1,1,2
7332,1023,3,8095.69,1,2,1
9651,1023,3,9722.7,1,2,1
7263,1023,3,18479.03,1,2,3
4955,1023,3,28659.2,1,3,4
11287,1023,4,24376.55,1,3,4
7242,1023,5,22543.35,1,4,3
4783,1023,6,47203.16,1,5,5
3977,1022,1,4054.78,1,1,1
3448,1022,1,9803.04,1,1,1
10706,1022,1,15225.33,2,1,2
11217,1022,2,1916.82,2,1,1
4826,1022,2,4832.7,2,1,1
7334,1022,2,10291.45,2,1,2
8421,1022,2,11262.76,2,1,2
9634,1022,2,11910.46,2,1,2
5712,1022,2,12432.52,2,1,2
5363,1022,2,15644.51,2,2,2
2817,1022,3,6575.4,2,2,1
7758,1022,3,9571.47,2,2,1
10120,1022,3,15262.3,2,2,2
6716,1022,3,20762.78,2,3,3
3155,1022,3,26445.03,2,3,4
6717,1022,3,31183.83,2,3,4
11542,1022,4,20146.98,2,3,3
9990,1022,4,21148.09,2,3,3
11049,1022,4,27100.58,2,4,4
1063,1022,4,34162.81,2,4,5
7099,1022,5,28630.99,2,4,4
2067,1022,5,37242.81,2,4,5
6332,1022,5,53758.18,2,5,5
4,1022,7,43930.93,2,5,5
4719,1021,1,581.84,2,1,1
9069,1021,2,1158.23,2,1,1
6324,1021,2,14990.34,2,2,2
4911,1021,2,15568.66,2,2,2
2909,1021,2,21628.41,2,2,3
9561,1021,3,12824.66,2,2,2
4143,1021,3,14994.34,2,2,2
10608,1021,3,20829.41,2,3,3
8728,1021,3,30642.13,2,3,4
2686,1021,4,17248.5,2,3,3
2876,1021,4,22349.28,2,3,3
5420,1021,4,46910.12,2,4,5
11578,1021,5,25585.57,2,4,4
578,1021,5,43535.38,2,5,5
7935,1021,5,46718.75,2,5,5
6665,1021,6,43339.26,2,5,5
5201,1021,8,24616.26,2,5,4
8833,1021,9,35420.69,2,5,5
4447,1020,1,5952.58,2,1,1
6236,1020,2,6359.32,2,1,1
2727,1020,2,18961.26,2,2,3
5055,1020,3,10653.9,2,2,2
984,1020,3,11065.09,2,2,2
7820,1020,3,20098.2,2,3,3
11854,1020,3,32503.17,2,3,5
6766,1020,4,21683.77,2,3,3
1553,1020,5,21050.95,2,4,3
11339,1020,5,26135.69,2,4,4
9627,1020,5,37612.07,2,4,5
7536,1019,1,5135.1,2,1,1
1236,1019,2,7346.07,2,1,1
8568,1019,2,19365.02,2,2,3
8349,1019,3,19461.25,2,2,3
1092,1019,3,19906.5,2,3,3
11847,1019,4,11152.61,2,3,2
8060,1019,4,21604.73,2,3,3
9149,1019,4,23909.74,2,3,4
7031,1019,5,25294.65,2,4,4
2441,1019,5,32823.73,2,4,5
10177,1018,3,3762.28,2,2,1
4253,1018,3,7076.05,2,2,1
8663,1018,3,12422.5,2,2,2
6737,1018,3,14557.86,2,2,2
333,1018,3,18659.66,2,2,3
6781,1018,4,26025.49,2,3,4
1059,1018,4,34635.6,2,4,5
2176,1018,5,16949.06,2,4,3
527,1018,5,29456.83,2,4,4
8294,1017,2,3198.0,2,1,1
8414,1017,2,5941.56,2,1,1
7573,1017,2,7270.66,2,1,1
1020,1017,2,12563.78,2,1,2
9102,1017,2,12785.03,2,1,2
9947,1017,2,18362.47,2,2,3
5844,1017,3,11700.77,2,2,2
2888,1017,3,11920.91,2,2,2
1942,1017,3,15125.18,2,2,2
7526,1017,3,15690.66,2,2,2
5046,1017,3,22925.91,2,3,4
840,1017,4,29250.67,2,4,4
6581,1017,5,24175.51,2,4,4
11619,1017,5,25517.18,2,4,4
10975,1017,5,31781.09,2,4,5
1220,1017,6,28858.93,2,5,4
11404,1016,1,6971.09,2,1,1
940,1016,2,3989.81,2,1,1
8124,1016,2,10844.49,2,1,2
8942,1016,2,13698.45,2,2,2
7493,1016,3,10666.41,2,2,2
7122,1016,3,21236.53,2,3,3
1144,1016,4,15355.45,2,3,2
2219,1016,4,21294.06,2,3,3
7783,1016,5,39034.6,2,4,5
544,1016,9,47669.55,2,5,5
8729,1015,1,2423.11,2,1,1
3590,1015,1,5838.41,2,1,1
8391,1015,2,5869.77,2,1,1
11811,1015,2,11525.62,2,1,2
9977,1015,2,17933.15,2,2,3
1483,1015,3,9424.82,2,2,1
10240,1015,3,15083.16,2,2,2
842,1015,3,16855.95,2,2,3
11921,1015,3,22064.98,2,3,3
4033,1015,3,27568.98,2,3,4
1280,1015,4,14403.0,2,3,2
341,1015,4,19299.04,2,3,3
1233,1015,4,22418.62,2,3,3
11836,1014,1,4551.58,2,1,1
7525,1014,2,4555.07,2,1,1
6794,1014,2,4910.19,2,1,1
2278,1014,2,6347.02,2,1,1
10564,1014,2,14131.54,2,2,2
5417,1014,2,17897.25,2,2,3
4663,1014,3,12784.59,2,2,2
11669,1014,4,7440.63,2,3,1
4080,1014,4,12620.32,2,3,2
3675,1014,4,14059.44,2,3,2
1885,1014,4,15314.06,2,3,2
7171,1014,4,18588.77,2,3,3
4102,1014,4,19493.86,2,3,3
8552,1014,4,22433.46,2,3,3
1636,1013,2,5448.12,2,1,1
6572,1013,2,8625.05,2,1,1
3363,1013,2,8735.97,2,1,1
5195,1013,2,9350.02,2,1,1
7644,1013,2,14381.4,2,2,2
10433,1013,3,13210.37,2,2,2
3510,1013,3,19555.98,2,2,3
484,1013,3,21454.09,2,3,3
7363,1013,4,19498.46,2,3,3
7180,1013,5,38268.01,2,4,5
11636,1013,6,28119.99,2,5,4
9,1012,2,5509.89,2,1,1
3564,1012,3,14205.92,2,2,2
10459,1012,3,16176.7,2,2,3
7789,1012,3,17652.33,2,2,3
4744,1012,3,24706.94,2,3,4
4261,1012,3,26305.26,2,3,4
2612,1012,4,6253.56,2,3,1
9665,1012,4,12809.78,2,3,2
8174,1012,4,17033.77,2,3,3
4132,1012,4,20527.35,2,3,3
8448,1012,4,27256.5,2,4,4
10458,1012,5,19285.13,2,4,3
6393,1012,5,22221.8,2,4,3
11941,1012,6,32771.92,2,5,5
1927,1012,6,41451.89,2,5,5
1268,1012,7,9592.99,2,5,1
9480,1012,8,61863.16,2,5,5
253,1011,1,760.14,2,1,1
11816,1011,2,4372.33,2,1,1
3748,1011,3,2850.87,2,2,1
1869,1011,3,10639.56,2,2,2
11467,1011,3,20127.34,2,3,3
9469,1011,4,14354.11,2,3,2
1929,1011,4,19115.39,2,3,3
9421,1011,5,27353.71,2,4,4
10005,1011,5,31178.85,2,4,4
977,1011,6,32682.82,2,5,5
11961,1011,7,73282.13,2,5,5
3996,1010,1,8656.88,2,1,1
6226,1010,2,4559.25,2,1,1
9221,1010,2,6281.45,2,1,1
6022,1010,2,7818.74,2,1,1
9083,1010,2,18741.8,2,2,3
4323,1010,3,11495.7,2,2,2
5795,1010,3,12362.94,2,2,2
6703,1010,3,12632.33,2,2,2
1200,1010,3,19725.36,2,3,3
8823,1010,4,15260.16,2,3,2
332,1010,4,15606.68,2,3,2
2268,1010,4,18276.14,2,3,3
6409,1010,4,18689.62,2,3,3
8543,1010,5,21202.88,2,4,3
6957,1010,5,23949.37,2,4,4
2284,1010,5,35550.56,2,4,5
7876,1010,5,40767.91,2,4,5
2433,1009,1,3040.56,2,1,1
11734,1009,1,6099.76,2,1,1
10801,1009,2,6120.74,2,1,1
6474,1009,2,11342.74,2,1,2
1803,1009,3,17487.9,2,2,3
504,1009,3,19568.28,2,2,3
11135,1009,3,22155.86,2,3,3
5060,1009,3,38631.72,2,3,5
6953,1009,4,11249.1,2,3,2
5128,1009,4,17050.66,2,3,3
2041,1009,4,24780.34,2,3,4
7873,1009,5,25670.74,2,4,4
11651,1009,11,70877.08,2,5,5
5399,1008,1,682.1,2,1,1
8905,1008,2,3702.57,2,1,1
6714,1008,2,6300.85,2,1,1
8784,1008,2,9548.46,2,1,1
1907,1008,2,16069.5,2,2,2
5831,1008,3,11470.93,2,2,2
8014,1008,3,19367.09,2,2,3
4012,1008,3,38452.6,2,3,5
9361,1008,5,17894.71,2,4,3
11492,1008,5,20469.36,2,4,3
852,1008,5,33255.88,2,4,5
11018,1008,6,24725.03,2,5,4
714,1007,2,6326.34,2,1,1
6493,1007,3,8394.84,2,2,1
2630,1007,3,15234.74,2,2,2
11804,1007,3,19875.42,2,3,3
11969,1007,3,21500.43,2,3,3
6002,1007,4,18607.66,2,3,3
5152,1007,4,23454.84,2,3,4
4081,1007,5,22593.04,2,4,3
4825,1007,5,23937.53,2,4,4
1488,1007,6,34401.16,2,5,5
1783,1007,7,57857.46,2,5,5
4371,1006,1,13004.78,2,1,2
1777,1006,2,6156.16,2,1,1
1300,1006,2,14135.51,2,2,2
9058,1006,3,7901.17,2,2,1
2669,1006,3,12520.8,2,2,2
11668,1006,3,19077.59,2,2,3
1605,1006,3,19908.63,2,3,3
8344,1006,4,18529.11,2,3,3
1432,1006,4,18971.15,2,3,3
8876,1006,4,19106.72,2,3,3
1227,1006,4,20438.63,2,3,3
8764,1006,4,27043.84,2,4,4
4969,1006,4,33709.26,2,4,5
3020,1006,4,39733.32,2,4,5
10736,1006,5,21893.97,2,4,3
3909,1006,5,28216.48,2,4,4
10724,1006,5,30083.98,2,4,4
1536,1006,5,33228.93,2,4,5
4200,1006,6,23776.81,2,5,4
7551,1006,6,30343.55,2,5,4
10793,1005,1,1983.04,2,1,1
8203,1005,1,12778.13,2,1,2
623,1005,2,1589.41,2,1,1
11780,1005,2,7675.36,2,1,1
947,1005,2,10598.22,2,1,2
8593,1005,2,14928.19,2,2,2
3233,1005,2,16121.48,2,2,2
3153,1005,2,19293.18,2,2,3
1534,1005,3,12262.6,2,2,2
8893,1005,3,12688.23,2,2,2
1384,1005,3,25390.73,2,3,4
10084,1005,4,8989.0,2,3,1
6599,1005,4,11596.12,2,3,2
625,1005,4,20877.94,2,3,3
11480,1005,4,23618.35,2,3,4
6805,1005,4,38778.46,2,4,5
7587,1005,7,34513.42,2,5,5
11745,1004,1,3263.4,2,1,1
1105,1004,1,5294.29,2,1,1
5952,1004,1,8235.32,2,1,1
5371,1004,2,10388.98,2,1,2
2857,1004,2,11875.28,2,1,2
2242,1004,2,13344.97,2,2,2
2024,1004,2,21884.13,2,2,3
7200,1004,3,1931.97,2,2,1
10486,1004,3,15025.05,2,2,2
7716,1004,3,22969.54,2,3,4
3778,1004,4,23666.08,2,3,4
6903,1004,4,26753.67,2,4,4
10586,1004,4,28353.07,2,4,4
5435,1004,6,39461.87,2,5,5
2227,1004,7,30992.5,2,5,4
4257,1004,7,46003.9,2,5,5
6695,1003,1,3913.24,2,1,1
3018,1003,1,5636.64,2,1,1
4751,1003,1,7208.19,2,1,1
1054,1003,1,7348.62,2,1,1
8110,1003,1,9709.86,2,1,1
4004,1003,1,11472.6,2,1,2
9581,1003,2,7046.42,2,1,1
3594,1003,2,8821.68,2,1,1
7726,1003,2,12258.72,2,1,2
4419,1003,2,13733.51,2,2,2
3474,1003,3,16482.23,2,2,3
6126,1003,3,16651.77,2,2,3
6844,1003,3,21980.44,2,3,3
9189,1003,3,23622.27,2,3,4
7118,1003,3,28981.07,2,3,4
3088,1003,4,5059.54,2,3,1
4851,1003,4,18297.86,2,3,3
1582,1003,4,21753.97,2,3,3
8581,1003,4,30681.78,2,4,4
4643,1003,4,40614.08,2,4,5
257,1003,5,25708.69,2,4,4
2155,1003,5,29900.51,2,4,4
260,1003,6,15925.17,2,5,2
6042,1003,6,33626.27,2,5,5
1752,1003,6,36170.74,2,5,5
3604,1003,6,41059.3,2,5,5
7872,1003,7,35668.54,2,5,5
3375,1002,1,1684.85,2,1,1
8139,1002,2,8660.92,2,1,1
1058,1002,2,14710.11,2,2,2
1027,1002,3,7550.42,2,2,1
8658,1002,3,11055.09,2,2,2
10427,1002,3,12007.07,2,2,2
576,1002,3,13976.4,2,2,2
11723,1002,3,14118.67,2,2,2
3165,1002,3,15261.65,2,2,2
6194,1002,3,15437.5,2,2,2
1955,1002,3,22246.14,2,3,3
10254,1002,3,29498.33,2,3,4
3220,1002,4,6588.49,2,3,1
2995,1002,4,19685.34,2,3,3
4169,1002,4,26314.69,2,4,4
1017,1002,4,32043.74,2,4,5
3865,1002,5,12096.2,2,4,2
7030,1002,5,15424.36,2,4,2
10317,1002,5,18620.53,2,4,3
9377,1002,6,38963.68,2,5,5
5741,1002,7,26705.18,2,5,4
8513,1001,1,6745.9,2,1,1
10963,1001,2,8390.0,2,1,1
3745,1001,4,29282.12,2,4,4
3750,1001,5,28895.7,2,4,4
11263,1001,5,37311.25,2,4,5
10128,1001,6,28185.99,2,5,4
3486,1001,7,39175.78,2,5,5
8856,1000,1,5710.23,2,1,1
588,1000,1,7317.61,2,1,1
6882,1000,2,5459.13,2,1,1
7492,1000,2,6179.89,2,1,1
10219,1000,2,12467.57,2,1,2
9551,1000,3,11533.82,2,2,2
4870,1000,3,17094.06,2,2,3
3080,1000,3,22756.25,2,3,3
5846,1000,3,24828.53,2,3,4
11998,1000,4,18726.95,2,3,3
6605,1000,4,32947.74,2,4,5
3913,1000,4,35211.19,2,4,5
10057,1000,5,19902.77,2,4,3
1809,1000,5,34256.16,2,4,5
9148,1000,7,19867.78,2,5,3
11055,999,2,8387.0,2,1,1
2258,999,2,12040.28,2,1,2
618,999,2,12843.71,2,1,2
347,999,2,13333.2,2,2,2
9175,999,2,14127.91,2,2,2
7837,999,3,12162.94,2,2,2
7657,999,3,14180.45,2,2,2
6868,999,3,19336.85,2,2,3
898,999,3,34245.33,2,3,5
616,999,4,14641.55,2,3,2
7934,999,4,26548.27,2,4,4
7746,999,4,34306.73,2,4,5
3706,999,5,14210.62,2,4,2
9395,999,5,24148.44,2,4,4
9718,999,5,28710.74,2,4,4
7848,999,6,30989.99,2,5,4
11039,999,6,33451.09,2,5,5
7115,999,6,39379.21,2,5,5
10965,998,1,2027.39,2,1,1
11990,998,1,4558.73,2,1,1
10744,998,2,2851.17,2,1,1
10081,998,2,12975.99,2,2,2
10491,998,3,29147.2,2,3,4
496,998,4,15028.2,2,3,2
10248,998,4,16657.3,2,3,3
11797,998,4,17182.08,2,3,3
9705,998,5,20190.5,2,4,3
10351,998,5,31766.99,2,4,5
8932,998,5,34319.95,2,4,5
11914,998,6,33103.27,2,5,5
10268,998,7,26753.7,2,5,4
9834,997,1,7810.97,2,1,1
8761,997,1,8266.28,2,1,1
9731,997,2,3231.48,2,1,1
9570,997,2,8752.65,2,1,1
7378,997,2,10351.0,2,1,2
7598,997,2,10817.39,2,1,2
1401,997,2,13090.25,2,2,2
2362,997,3,6907.42,2,2,1
2415,997,3,17453.95,2,2,3
10920,997,3,22021.29,2,3,3
87,997,3,32744.05,2,3,5
4581,997,4,29890.62,2,4,4
8223,997,5,23165.04,2,4,4
7442,997,6,34204.75,2,5,5
11219,996,1,3149.1,2,1,1
4086,996,2,6143.42,2,1,1
9387,996,2,7081.83,2,1,1
8125,996,2,12550.14,2,1,2
4521,996,2,18324.29,2,2,3
4671,996,3,7844.97,2,2,1
5774,996,3,16074.51,2,2,2
3388,996,3,16738.61,2,2,3
1749,996,3,28881.51,2,3,4
11809,996,3,29352.68,2,3,4
9806,996,4,8335.63,2,3,1
3690,996,4,8388.01,2,3,1
7322,996,4,12979.19,2,3,2
9751,996,4,20860.92,2,3,3
3582,996,4,26972.06,2,4,4
7209,996,4,27329.87,2,4,4
5985,996,4,28229.36,2,4,4
10842,996,4,32571.7,2,4,5
7862,996,5,22564.2,2,4,3
6122,996,5,39692.41,2,4,5
1759,996,5,47713.91,2,5,5
3571,996,6,29857.02,2,5,4
8960,995,1,6107.09,2,1,1
7709,995,2,2500.68,2,1,1
1127,995,2,2831.89,2,1,1
8337,995,2,6248.05,2,1,1
11119,995,2,17702.92,2,2,3
6200,995,2,19289.46,2,2,3
7052,995,3,12485.89,2,2,2
6369,995,3,14591.9,2,2,2
4111,995,3,17598.44,2,2,3
1810,995,4,10530.88,2,3,2
200,995,4,36489.61,2,4,5
10346,995,5,35122.68,2,4,5
6076,995,6,19319.4,2,5,3
6674,995,6,42039.48,2,5,5
1852,994,2,6592.77,2,1,1
419,994,2,12016.34,2,1,2
8325,994,3,6543.15,2,2,1
7460,994,3,13600.91,2,2,2
10215,994,3,26945.78,2,3,4
2723,994,4,8596.64,2,3,1
11807,994,4,15882.82,2,3,2
11852,994,4,17137.97,2,3,3
8497,994,4,18537.18,2,3,3
5271,994,4,20753.66,2,3,3
838,994,4,31050.18,2,4,4
7692,994,7,50551.05,2,5,5
9218,993,2,5411.66,2,1,1
6671,993,3,9387.77,2,2,1
5870,993,3,12611.28,2,2,2
1718,993,3,18584.1,2,2,3
381,993,3,25646.69,2,3,4
5719,993,4,17052.62,2,3,3
517,993,4,27015.11,2,4,4
8062,993,4,29907.9,2,4,4
10169,993,5,26016.37,2,4,4
9383,993,6,26707.36,2,5,4
7248,993,6,29392.01,2,5,4
9434,993,6,33499.74,2,5,5
1982,993,7,38015.22,2,5,5
10108,993,7,42136.23,2,5,5
212,993,8,62851.49,2,5,5
3737,992,1,3173.34,2,1,1
10968,992,1,5330.15,2,1,1
2079,992,1,9094.15,2,1,1
1388,992,2,10806.63,2,1,2
2312,992,2,14693.55,2,2,2
2678,992,2,26193.55,2,2,4
330,992,3,12086.45,2,2,2
5251,992,3,12139.4,2,2,2
7808,992,3,19522.29,2,2,3
2168,992,3,22935.82,2,3,4
11072,992,4,15091.38,2,3,2
8696,992,4,18087.24,2,3,3
2001,992,4,31247.7,2,4,4
10203,992,5,22722.44,2,4,3
4964,992,5,25460.06,2,4,4
6293,992,6,21104.46,2,5,3
7586,992,7,42996.05,2,5,5
9335,991,1,8571.52,2,1,1
1207,991,1,8895.29,2,1,1
9804,991,2,7959.77,2,1,1
6300,991,2,12760.65,2,1,2
203,991,3,7794.82,2,2,1
5391,991,3,9162.2,2,2,1
10129,991,3,21237.47,2,3,3
10272,991,3,23942.63,2,3,4
5525,991,4,15246.96,2,3,2
9160,991,4,20701.47,2,3,3
11704,991,4,35466.63,2,4,5
5975,991,6,40223.77,2,5,5
432,991,6,41512.9,2,5,5
477,990,2,3876.27,2,1,1
1323,990,2,4193.0,2,1,1
11698,990,2,4779.42,2,1,1
10416,990,2,15102.27,2,2,2
9052,990,2,15923.78,2,2,2
10861,990,3,13075.23,2,2,2
10078,990,3,15000.94,2,2,2
11083,990,3,32009.69,2,3,5
292,990,4,9234.72,2,3,1
2754,990,4,12899.44,2,3,2
2904,990,4,21108.22,2,3,3
3128,990,4,22921.18,2,3,4
6357,990,5,18142.84,2,4,3
5541,990,5,18265.01,2,4,3
7615,990,5,20124.91,2,4,3
8640,990,5,30979.31,2,4,4
8341,990,9,42126.34,2,5,5
10650,989,1,773.61,2,1,1
5590,989,1,7542.4,2,1,1
6742,989,2,4092.92,2,1,1
10408,989,2,4765.4,2,1,1
5313,989,2,7835.65,2,1,1
5151,989,2,8455.56,2,1,1
9442,989,2,8737.2,2,1,1
3156,989,2,9662.13,2,1,1
3061,989,2,20950.41,2,2,3
6673,989,2,30105.9,2,2,4
5144,989,3,9220.27,2,2,1
2778,989,3,10136.07,2,2,2
4504,989,3,11064.15,2,2,2
6476,989,3,15311.21,2,2,2
11662,989,4,14849.36,2,3,2
3638,989,4,19482.67,2,3,3
1540,989,4,24203.38,2,3,4
10630,989,4,27795.04,2,4,4
11160,989,4,27927.87,2,4,4
6786,989,5,10304.24,2,4,2
1813,989,5,19196.1,2,4,3
325,989,5,32171.57,2,4,5
9643,989,5,33419.55,2,4,5
9549,989,5,37369.09,2,4,5
9168,989,6,27359.65,2,5,4
9134,989,7,30098.4,2,5,4
7216,988,1,1791.0,2,1,1
3945,988,1,1804.15,2,1,1
8453,988,2,2897.74,2,1,1
84,988,2,9309.72,2,1,1
7375,988,3,14547.67,2,2,2
3087,988,3,21525.94,2,3,3
10595,988,4,16611.81,2,3,3
10233,988,4,19602.57,2,3,3
8685,988,5,21383.92,2,4,3
9486,988,5,31734.41,2,4,5
1698,987,2,2309.52,2,1,1
6371,987,2,3294.56,2,1,1
9862,987,2,5745.12,2,1,1
9082,987,2,8420.18,2,1,1
100,987,2,9692.98,2,1,1
10994,987,3,5459.73,2,2,1
5027,987,3,13794.15,2,2,2
1069,987,3,31654.21,2,3,4
11846,987,4,11538.15,2,3,2
8749,987,4,18302.82,2,3,3
11063,987,6,21349.79,2,5,3
6178,987,6,36511.91,2,5,5
2277,987,6,46255.31,2,5,5
1530,986,1,3034.48,2,1,1
3549,986,1,8784.64,2,1,1
5871,986,2,3185.1,2,1,1
1151,986,2,8756.38,2,1,1
5332,986,2,11081.29,2,1,2
11826,986,2,11483.55,2,1,2
1502,986,3,5050.69,2,2,1
5833,986,3,8733.05,2,2,1
11856,986,3,22628.84,2,3,3
8916,986,3,23588.38,2,3,4
7029,986,4,12909.79,2,3,2
3559,986,4,23743.07,2,3,4
10772,986,4,33819.34,2,4,5
7531,986,5,22412.08,2,4,3
11342,986,6,25666.27,2,5,4
2449,986,6,41541.28,2,5,5
10943,986,6,46917.64,2,5,5
2983,986,6,49907.73,2,5,5
2040,985,1,977.78,2,1,1
11679,985,1,1673.99,2,1,1
6396,985,1,9651.15,2,1,1
5462,985,2,6073.78,2,1,1
1106,985,2,6854.79,2,1,1
4550,985,2,12814.03,2,1,2
11543,985,3,10584.82,2,2,2
1427,985,3,16050.04,2,2,2
3972,985,3,22654.55,2,3,3
10173,985,4,13174.48,2,3,2
1469,985,4,20441.2,2,3,3
8707,985,4,23711.68,2,3,4
6806,985,4,23798.61,2,3,4
2020,985,4,26333.34,2,4,4
2788,985,4,29288.28,2,4,4
619,985,5,22793.75,2,4,3
11382,985,5,24950.88,2,4,4
4647,985,6,23595.75,2,5,4
6634,985,6,55798.38,2,5,5
9539,985,7,31644.83,2,5,4
601,984,1,2532.72,2,1,1
643,984,1,5941.2,2,1,1
9482,984,2,5383.28,2,1,1
654,984,2,9749.61,2,1,1
6073,984,3,14045.65,2,2,2
7244,984,3,15950.09,2,2,2
2447,984,3,16666.23,2,2,3
5625,984,3,20641.18,2,3,3
656,984,3,27476.36,2,3,4
4985,984,4,19009.38,2,3,3
9485,984,4,22923.35,2,3,4
10206,984,4,26820.86,2,4,4
6978,984,4,28398.55,2,4,4
8291,984,4,44145.0,2,4,5
7613,984,5,32401.88,2,4,5
10643,984,6,36146.9,2,5,5
5775,983,1,773.46,2,1,1
8993,983,1,1431.38,2,1,1
3942,983,2,5408.12,2,1,1
10524,983,2,7537.64,2,1,1
394,983,2,7652.8,2,1,1
4662,983,2,22356.04,2,2,3
11994,983,3,17835.72,2,2,3
9036,983,3,23248.39,2,3,4
7699,983,3,24563.81,2,3,4
6708,983,3,24689.59,2,3,4
10811,983,3,29752.36,2,3,4
8385,983,4,26333.7,2,4,4
4649,983,4,29606.83,2,4,4
9129,983,4,30642.4,2,4,4
4085,983,5,15336.26,2,4,2
10216,983,5,25935.79,2,4,4
8710,983,6,31539.3,2,5,4
2759,982,1,1346.35,2,1,1
10699,982,1,9837.6,2,1,1
2577,982,2,1764.12,2,1,1
396,982,2,8750.13,2,1,1
2899,982,2,10950.21,2,1,2
11118,982,2,11061.09,2,1,2
11296,982,2,16351.99,2,2,3
6698,982,2,17222.02,2,2,3
3297,982,3,9870.02,2,2,1
11295,982,3,11168.8,2,2,2
10718,982,3,15351.6,2,2,2
6494,982,3,16506.02,2,2,3
5832,982,3,19922.94,2,3,3
2994,982,3,22450.1,2,3,3
1935,982,3,27080.61,2,3,4
3159,982,3,29615.94,2,3,4
11238,982,4,6336.67,2,3,1
8230,982,4,13513.94,2,3,2
11379,982,4,18693.54,2,3,3
7231,982,4,24838.15,2,3,4
5031,982,4,28911.9,2,4,4
3911,982,5,18960.26,2,4,3
9674,982,5,32043.72,2,4,5
8585,982,6,31638.63,2,5,4
4041,981,1,3467.99,2,1,1
10645,981,2,4808.53,2,1,1
6578,981,2,6719.3,2,1,1
4283,981,2,7716.28,2,1,1
1828,981,2,9238.54,2,1,1
1298,981,2,12484.59,2,1,2
6924,981,3,15122.94,2,2,2
2488,981,3,17016.83,2,2,3
4458,981,3,18035.19,2,2,3
11951,981,3,19910.82,2,3,3
2738,981,4,14195.93,2,3,2
4034,981,4,17209.46,2,3,3
8389,981,4,22626.35,2,3,3
11272,981,4,26830.13,2,4,4
4486,981,5,25731.61,2,4,4
604,981,5,26927.71,2,4,4
8935,981,6,31357.17,2,5,4
1102,980,1,4962.84,2,1,1
5219,980,1,5099.25,2,1,1
1074,980,2,9229.52,2,1,1
10549,980,3,8890.5,2,2,1
3145,980,3,9133.63,2,2,1
1873,980,3,10137.31,2,2,2
195,980,3,10702.35,2,2,2
7735,980,3,12599.5,2,2,2
1542,980,3,14293.35,2,2,2
5145,980,3,14754.08,2,2,2
289,980,3,18354.15,2,2,3
7359,980,3,21326.76,2,3,3
9512,980,4,25013.54,2,3,4
331,980,4,33757.43,2,4,5
10603,980,5,27553.42,2,4,4
1547,980,5,44509.9,2,5,5
11546,980,6,22457.73,2,5,3
6135,980,7,38718.44,2,5,5
10385,979,1,1391.99,2,1,1
8659,979,1,3608.38,2,1,1
418,979,1,4957.54,2,1,1
1887,979,2,7164.21,2,1,1
5936,979,2,12941.84,2,2,2
3621,979,2,15019.75,2,2,2
8441,979,2,23325.7,2,2,4
6414,979,3,10145.33,2,2,2
5599,979,3,13005.83,2,2,2
4558,979,3,13242.22,2,2,2
581,979,3,13622.44,2,2,2
2766,979,3,14498.84,2,2,2
4789,979,3,17693.04,2,2,3
6970,979,3,21737.97,2,3,3
3923,979,3,22896.02,2,3,4
8376,979,3,27761.39,2,3,4
9636,979,4,12318.4,2,3,2
161,979,4,19716.61,2,3,3
6413,979,5,24692.55,2,4,4
1461,979,5,30488.12,2,4,4
11278,979,8,40362.99,2,5,5
9994,978,1,248.83,2,1,1
2173,978,1,2386.66,2,1,1
8811,978,2,7080.56,2,1,1
5419,978,2,11410.97,2,1,2
4884,978,2,12107.12,2,1,2
1224,978,2,18142.44,2,2,3
9926,978,3,15580.35,2,2,2
6074,978,3,18965.83,2,2,3
8193,978,3,21536.99,2,3,3
2000,978,3,27243.46,2,3,4
6964,978,4,11238.69,2,3,2
10817,978,4,17325.1,2,3,3
3291,978,4,20181.13,2,3,3
10299,978,4,24666.89,2,3,4
4328,978,4,26695.76,2,4,4
8137,978,4,35985.58,2,4,5
9012,978,5,30570.69,2,4,4
9644,977,1,2141.19,2,1,1
7698,977,1,2571.12,2,1,1
2439,977,1,2630.23,2,1,1
7701,977,1,2751.46,2,1,1
2970,977,2,3776.76,2,1,1
7780,977,2,5133.86,2,1,1
8518,977,2,10033.98,2,1,2
10508,977,2,11151.17,2,1,2
9358,977,2,12452.27,2,1,2
2335,977,2,15148.62,2,2,2
5693,977,2,21395.53,2,2,3
8506,977,3,8240.8,2,2,1
6512,977,3,9864.46,2,2,1
10796,977,3,9991.46,2,2,2
9678,977,3,16176.79,2,2,3
2556,977,4,20452.27,2,3,3
4172,977,4,23118.84,2,3,4
1500,977,4,23483.08,2,3,4
10119,977,4,34347.45,2,4,5
2113,977,5,34655.5,2,4,5
9967,977,5,35720.83,2,4,5
1763,976,2,6245.97,2,1,1
5223,976,2,13013.93,2,2,2
502,976,2,13033.17,2,2,2
6751,976,3,9911.3,2,2,2
7962,976,3,15613.03,2,2,2
5249,976,3,19082.93,2,2,3
2190,976,3,19255.55,2,2,3
10978,976,3,29050.39,2,3,4
8058,976,4,9922.57,2,3,2
1048,976,4,13874.09,2,3,2
8416,976,4,16663.86,2,3,3
3237,976,4,19577.55,2,3,3
8885,976,4,21140.41,2,3,3
8629,976,4,32648.0,2,4,5
2369,976,5,14836.62,2,4,2
3302,976,5,23673.81,2,4,4
10431,975,1,4520.8,2,1,1
5880,975,1,8252.46,2,1,1
9789,975,2,1976.62,2,1,1
1774,975,2,6114.99,2,1,1
2367,975,2,6800.99,2,1,1
3718,975,2,10066.15,2,1,2
299,975,2,19888.03,2,2,3
5699,975,3,9165.95,2,2,1
1548,975,3,9362.07,2,2,1
7897,975,3,12009.66,2,2,2
4715,975,3,12490.69,2,2,2
400,975,3,14574.93,2,2,2
471,975,3,16058.86,2,2,2
3381,975,3,17446.43,2,2,3
7211,975,4,13690.42,2,3,2
10581,975,4,19465.17,2,3,3
7617,975,4,21700.55,2,3,3
6243,975,4,26531.27,2,4,4
7566,975,4,34512.92,2,4,5
6250,975,5,17516.74,2,4,3
8768,975,5,20940.37,2,4,3
603,975,5,31339.2,2,4,4
9064,975,6,22420.0,2,5,3
8814,975,6,41678.72,2,5,5
213,974,1,86.2,2,1,1
6280,974,1,3258.9,2,1,1
6313,974,3,9033.19,2,2,1
7797,974,3,11262.92,2,2,2
7316,974,3,13539.0,2,2,2
5079,974,3,14501.59,2,2,2
8318,974,4,9348.94,2,3,1
10020,974,4,20537.69,2,3,3
10548,974,5,15592.89,2,4,2
4145,974,5,24740.95,2,4,4
4965,974,5,26919.59,2,4,4
6451,974,5,29089.62,2,4,4
9841,974,5,32788.61,2,4,5
2061,974,6,24489.51,2,5,4
3317,974,7,52045.85,2,5,5
3574,973,2,6552.22,2,1,1
4922,973,2,7865.94,2,1,1
11602,973,2,9726.23,2,1,1
2532,973,2,12241.7,2,1,2
1751,973,2,12389.87,2,1,2
1525,973,2,13486.19,2,2,2
10121,973,2,14143.01,2,2,2
10816,973,3,10203.82,2,2,2
1285,973,3,14535.06,2,2,2
7539,973,3,17658.0,2,2,3
8286,973,3,18163.55,2,2,3
1506,973,3,19868.49,2,3,3
9152,973,3,23416.49,2,3,4
6045,973,3,25312.95,2,3,4
2810,973,3,26791.37,2,3,4
1273,973,3,32745.53,2,3,5
11527,973,4,26117.22,2,4,4
8574,973,4,29405.85,2,4,4
971,973,4,32956.35,2,4,5
3786,973,6,36703.49,2,5,5
5976,972,1,1950.99,2,1,1
6029,972,1,11072.5,2,1,2
9382,972,2,3363.39,2,1,1
10046,972,2,9504.44,2,1,1
9316,972,2,10406.54,2,1,2
2914,972,2,12507.55,2,1,2
10051,972,2,17321.98,2,2,3
9331,972,3,8116.78,2,2,1
745,972,3,11231.04,2,2,2
6317,972,3,12146.65,2,2,2
1967,972,3,12304.75,2,2,2
6273,972,3,12320.11,2,2,2
1744,972,3,15734.42,2,2,2
10712,972,3,19040.6,2,2,3
294,972,3,23599.58,2,3,4
8698,972,3,27398.53,2,3,4
4576,972,4,10759.65,2,3,2
5466,972,4,11103.31,2,3,2
11580,972,4,11437.71,2,3,2
10690,972,4,12187.78,2,3,2
7337,972,4,13566.96,2,3,2
11519,972,4,15065.68,2,3,2
2448,972,4,23702.53,2,3,4
10069,972,4,29912.65,2,4,4
11667,972,4,31540.03,2,4,4
4098,972,5,21255.45,2,4,3
9098,972,6,18440.7,2,5,3
5660,972,7,33360.56,2,5,5
10342,972,7,40047.53,2,5,5
5056,971,1,1119.64,2,1,1
760,971,1,6028.59,2,1,1
9015,971,2,10282.3,2,1,2
3811,971,3,19984.19,2,3,3
1933,971,3,22052.09,2,3,3
4553,971,3,24456.92,2,3,4
919,971,3,24922.57,2,3,4
5857,971,3,28208.4,2,3,4
11582,971,3,28354.23,2,3,4
8483,971,5,10340.11,2,4,2
6509,971,5,20376.65,2,4,3
2428,971,5,28889.16,2,4,4
11643,971,5,29494.9,2,4,4
1786,971,6,28532.04,2,5,4
4622,971,6,30040.09,2,5,4
3349,970,1,6798.9,2,1,1
10013,970,2,2277.66,2,1,1
2075,970,2,7624.33,2,1,1
2844,970,3,5622.0,2,2,1
5098,970,3,12351.17,2,2,2
139,970,3,13524.47,2,2,2
11486,970,3,17349.1,2,2,3
8762,970,3,18663.56,2,2,3
2697,970,3,19165.68,2,2,3
2370,970,3,20431.75,2,3,3
5897,970,3,22352.31,2,3,3
3518,970,4,16594.74,2,3,3
5234,970,4,17105.41,2,3,3
9101,970,4,26031.02,2,3,4
6616,970,4,26407.9,2,4,4
5345,970,5,14313.38,2,4,2
11218,970,5,20411.88,2,4,3
9369,970,5,32202.88,2,4,5
8664,970,6,39890.63,2,5,5
1147,969,1,2448.85,2,1,1
9006,969,2,6522.15,2,1,1
998,969,2,11574.73,2,1,2
9390,969,2,11704.43,2,1,2
8709,969,2,12985.2,2,2,2
2978,969,3,10869.73,2,2,2
5094,969,5,32863.38,2,4,5
9472,969,6,22499.55,2,5,3
5532,969,6,34890.03,2,5,5
6784,969,7,33237.58,2,5,5
1627,969,8,40044.71,2,5,5
11886,968,1,12366.54,2,1,2
10722,968,2,6715.44,2,1,1
5937,968,2,15962.32,2,2,2
4398,968,3,15333.34,2,2,2
615,968,3,19030.63,2,2,3
10907,968,3,30171.34,2,3,4
10021,968,4,12886.6,2,3,2
6412,968,4,15281.92,2,3,2
9343,968,4,17449.09,2,3,3
4044,968,4,18020.8,2,3,3
1448,968,4,18286.99,2,3,3
8660,968,5,20790.46,2,4,3
10347,968,5,40328.76,2,4,5
6586,968,6,30083.51,2,5,4
11062,968,6,34049.47,2,5,5
10628,968,7,35646.14,2,5,5
4741,967,1,7772.06,2,1,1
5167,967,2,5537.89,2,1,1
204,967,2,15014.76,2,2,2
4273,967,2,16328.7,2,2,3
10447,967,3,4468.73,2,2,1
6335,967,3,4759.42,2,2,1
2795,967,3,10534.94,2,2,2
11092,967,3,14122.12,2,2,2
9672,967,3,16376.62,2,2,3
7567,967,3,32391.75,2,3,5
3897,967,4,14811.18,2,3,2
412,967,4,15985.9,2,3,2
11216,967,4,18187.01,2,3,3
6912,967,4,20421.74,2,3,3
3017,967,5,14050.21,2,4,2
9023,966,1,2084.47,2,1,1
8089,966,2,7090.76,2,1,1
8147,966,2,7292.0,2,1,1
6223,966,2,9686.96,2,1,1
6340,966,2,9868.74,2,1,1
1545,966,2,15639.76,2,2,2
9145,966,2,28222.65,2,2,4
6851,966,3,9835.41,2,2,1
9856,966,3,20139.1,2,3,3
3287,966,3,21979.21,2,3,3
980,966,4,6702.02,2,3,1
2613,966,4,11821.83,2,3,2
9085,966,4,13207.37,2,3,2
1231,966,4,14952.17,2,3,2
5705,966,4,16130.53,2,3,2
6197,966,4,18683.94,2,3,3
7005,966,4,27865.64,2,4,4
4078,966,6,42888.1,2,5,5
5704,966,8,54633.54,2,5,5
575,965,1,5594.24,2,1,1
9558,965,1,6165.78,2,1,1
7368,965,1,9765.07,2,1,1
2578,965,2,5740.34,2,1,1
5405,965,2,8441.77,2,1,1
5125,965,2,9353.58,2,1,1
1868,965,2,10308.13,2,1,2
7543,965,2,10750.12,2,1,2
10489,965,3,10682.9,2,2,2
329,965,3,13366.2,2,2,2
17,965,3,16533.76,2,2,3
5381,965,4,17881.05,2,3,3
1628,965,4,24747.23,2,3,4
3013,965,5,17927.52,2,4,3
1157,965,5,31720.1,2,4,4
10476,965,5,40913.86,2,4,5
10602,965,5,53832.41,2,5,5
3359,965,6,28144.73,2,5,4
3072,965,7,32915.96,2,5,5
1728,964,1,7653.14,2,1,1
4980,964,1,7713.21,2,1,1
11526,964,1,7944.81,2,1,1
225,964,2,7555.24,2,1,1
2171,964,3,6928.57,2,2,1
10859,964,3,10293.46,2,2,2
11291,964,3,13660.01,2,2,2
421,964,3,16622.85,2,2,3
11682,964,3,16965.99,2,2,3
5147,964,3,17422.91,2,2,3
1138,964,3,19798.86,2,3,3
7757,964,3,22847.91,2,3,4
1734,964,4,8710.71,2,3,1
6237,964,4,15783.69,2,3,2
4733,964,4,22677.16,2,3,3
9781,964,4,35356.48,2,4,5
147,964,5,20422.17,2,4,3
1898,964,5,27601.83,2,4,4
10541,963,1,861.67,2,1,1
6142,963,1,7746.4,2,1,1
2929,963,1,9182.88,2,1,1
3520,963,2,3228.36,2,1,1
6113,963,2,4395.86,2,1,1
1297,963,2,22540.18,2,2,3
7819,963,3,9739.48,2,2,1
6207,963,3,10629.3,2,2,2
1794,963,3,16600.89,2,2,3
882,963,3,18549.06,2,2,3
4346,963,3,21578.78,2,3,3
7729,963,4,17893.16,2,3,3
10463,963,4,27703.4,2,4,4
8673,963,4,38195.73,2,4,5
8037,963,5,16917.67,2,4,3
10970,963,5,28256.82,2,4,4
2733,963,6,25497.49,2,5,4
6628,963,6,26088.35,2,5,4
2470,963,6,27694.88,2,5,4
1926,963,6,28004.76,2,5,4
6819,963,6,31764.39,2,5,5
3205,962,2,6025.46,2,1,1
3916,962,2,6312.36,2,1,1
10316,962,2,8708.89,2,1,1
5733,962,2,11342.54,2,1,2
2094,962,2,20196.5,2,2,3
467,962,3,13460.41,2,2,2
3460,962,3,22705.59,2,3,3
1559,962,4,13706.17,2,3,2
936,962,4,25227.59,2,3,4
6739,962,5,18134.18,2,4,3
10747,962,5,21163.73,2,4,3
6769,962,5,27240.59,2,4,4
10506,962,6,25899.54,2,5,4
11093,962,6,36549.51,2,5,5
1498,962,6,39475.88,2,5,5
8113,962,6,40889.61,2,5,5
681,962,8,41191.46,2,5,5
3829,962,8,55983.01,2,5,5
7131,961,2,5548.34,2,1,1
1327,961,2,7329.21,2,1,1
6815,961,2,9384.79,2,1,1
11221,961,3,3803.77,2,2,1
6610,961,3,7309.44,2,2,1
7411,961,3,11294.92,2,2,2
7634,961,3,11448.98,2,2,2
3655,961,3,11652.94,2,2,2
3554,961,3,13751.82,2,2,2
11060,961,3,21604.48,2,3,3
3227,961,3,21777.59,2,3,3
10270,961,4,25936.93,2,3,4
10300,961,4,27364.3,2,4,4
8845,961,5,19855.67,2,4,3
9568,961,5,22354.08,2,4,3
1539,961,5,33269.17,2,4,5
4761,961,6,16197.4,2,5,3
10442,961,6,34345.26,2,5,5
11493,961,7,37545.14,2,5,5
9466,960,1,3419.07,2,1,1
6497,960,2,3892.73,2,1,1
7688,960,2,16356.66,2,2,3
8471,960,3,10688.9,2,2,2
2407,960,4,16321.19,2,3,3
7498,960,4,18843.85,2,3,3
2088,960,5,14479.8,2,4,2
8254,960,5,22097.39,2,4,3
11088,960,5,30548.82,2,4,4
3693,960,5,34294.18,2,4,5
6003,960,6,28128.72,2,5,4
8162,960,7,33583.43,2,5,5
9478,959,1,2732.7,2,1,1
924,959,1,11155.41,2,1,2
1579,959,2,1310.9,2,1,1
6919,959,2,11503.5,2,1,2
1947,959,2,16993.33,2,2,3
92,959,3,9727.8,2,2,1
5306,959,3,15505.81,2,2,2
267,959,3,16249.37,2,2,3
4088,959,3,17882.91,2,2,3
6859,959,3,18385.8,2,2,3
9580,959,3,22699.82,2,3,3
8114,959,3,26239.09,2,3,4
8363,959,4,12173.17,2,3,2
373,959,4,25662.37,2,3,4
9978,959,5,16739.79,2,4,3
3399,959,5,21156.65,2,4,3
1903,959,5,57745.09,2,5,5
9385,959,6,15203.55,2,5,2
11798,959,8,38878.31,2,5,5
98,958,1,1490.57,2,1,1
4572,958,1,5128.46,2,1,1
957,958,1,5487.48,2,1,1
1257,958,2,4328.18,2,1,1
3783,958,2,4959.65,2,1,1
8086,958,2,6414.17,2,1,1
7917,958,2,6528.34,2,1,1
9234,958,2,10385.61,2,1,2
7767,958,2,11691.88,2,1,2
5078,958,3,15239.5,2,2,2
1439,958,3,15274.05,2,2,2
1187,958,3,19238.19,2,2,3
6048,958,3,21084.81,2,3,3
629,958,3,23758.29,2,3,4
6889,958,4,13213.51,2,3,2
4099,958,4,27877.33,2,4,4
10849,958,4,30892.42,2,4,4
8378,958,5,22541.72,2,4,3
6720,958,5,29010.55,2,4,4
6326,958,5,33899.55,2,4,5
10200,958,5,49766.49,2,5,5
8073,957,2,8607.99,2,1,1
2047,957,2,10010.09,2,1,2
2724,957,2,10268.88,2,1,2
7593,957,2,11041.73,2,1,2
7515,957,3,16129.29,2,2,2
3553,957,3,21126.38,2,3,3
8571,957,5,26088.48,2,4,4
5002,957,6,36645.52,2,5,5
6162,957,6,41151.97,2,5,5
6790,957,6,48699.66,2,5,5
6426,956,2,7334.65,2,1,1
5192,956,2,10028.55,2,1,2
279,956,2,17833.51,2,2,3
8534,956,3,8532.26,2,2,1
2718,956,3,8586.56,2,2,1
3656,956,3,26696.41,2,3,4
2632,956,4,7924.31,2,3,1
7588,956,4,10999.78,2,3,2
4833,956,4,11027.2,2,3,2
4386,956,4,15566.59,2,3,2
9215,956,4,17475.71,2,3,3
644,956,4,19320.11,2,3,3
11173,956,4,26156.99,2,4,4
3290,956,5,16445.78,2,4,3
10133,956,5,19187.49,2,4,3
399,956,5,53216.95,2,5,5
5768,956,7,35551.93,2,5,5
7811,955,1,630.49,2,1,1
5294,955,1,9603.96,2,1,1
4244,955,2,5346.39,2,1,1
9286,955,2,11444.41,2,1,2
11806,955,2,12914.88,2,2,2
10877,955,2,14954.77,2,2,2
10709,955,3,6657.66,2,2,1
9944,955,3,9801.88,2,2,1
7621,955,3,15260.12,2,2,2
137,955,3,15506.2,2,2,2
55,955,3,22809.78,2,3,4
7491,955,4,12568.81,2,3,2
5221,955,4,13257.03,2,3,2
5413,955,4,20956.77,2,3,3
6266,955,4,32683.73,2,4,5
5228,955,4,37387.29,2,4,5
411,955,5,14031.87,2,4,2
8884,955,5,17483.38,2,4,3
10867,955,5,20283.06,2,4,3
10860,955,5,22701.29,2,4,3
2564,955,5,29569.37,2,4,4
590,955,5,31505.7,2,4,4
3207,955,5,41357.13,2,5,5
2456,955,5,53995.82,2,5,5
9637,954,1,9606.5,2,1,1
11279,954,2,2617.82,2,1,1
2943,954,2,5960.23,2,1,1
9043,954,2,9030.53,2,1,1
4754,954,2,9774.28,2,1,1
9872,954,2,12178.26,2,1,2
707,954,3,10046.49,2,2,2
2029,954,3,11032.59,2,2,2
441,954,3,12852.12,2,2,2
5509,954,3,13727.83,2,2,2
835,954,3,13924.7,2,2,2
7625,954,3,14480.15,2,2,2
9728,954,3,21196.45,2,3,3
8312,954,3,22023.46,2,3,3
1409,954,3,27161.38,2,3,4
2782,954,4,12720.89,2,3,2
4812,954,4,15409.99,2,3,2
1657,954,4,22850.77,2,3,4
6683,954,4,25599.79,2,3,4
11489,954,4,28586.88,2,4,4
8066,954,5,18304.44,2,4,3
9742,954,5,23917.9,2,4,4
1198,954,5,36118.79,2,4,5
7564,954,6,35062.75,2,5,5
4277,954,6,36948.58,2,5,5
3440,953,1,1001.55,2,1,1
6588,953,1,5327.08,2,1,1
59,953,2,8952.61,2,1,1
11260,953,3,5583.37,2,2,1
7885,953,3,10451.14,2,2,2
11209,953,3,11183.21,2,2,2
6647,953,3,20156.45,2,3,3
3840,953,3,23401.33,2,3,4
1477,953,3,24437.71,2,3,4
3199,953,3,28341.48,2,3,4
4469,953,4,18997.49,2,3,3
2813,953,4,19595.5,2,3,3
4668,953,4,22634.11,2,3,3
3468,953,4,24019.99,2,3,4
4129,953,5,9870.74,2,4,1
6221,953,5,22447.71,2,4,3
9776,953,5,29725.07,2,4,4
3306,953,5,36308.25,2,4,5
9846,953,5,39040.92,2,4,5
5526,953,6,48115.07,2,5,5
5387,952,1,423.34,2,1,1
4449,952,1,7324.31,2,1,1
3749,952,1,10179.35,2,1,2
6517,952,1,11345.17,2,1,2
4498,952,2,12244.15,2,1,2
7298,952,3,10997.08,2,2,2
2953,952,3,13074.07,2,2,2
6259,952,3,14428.47,2,2,2
2022,952,3,14749.28,2,2,2
3168,952,3,21733.02,2,3,3
8926,952,3,25427.92,2,3,4
6811,952,3,27914.14,2,3,4
1337,952,4,14477.8,2,3,2
6516,952,4,27664.52,2,4,4
1260,952,4,28602.35,2,4,4
7338,952,4,37010.15,2,4,5
3895,952,5,15838.05,2,4,2
5233,952,5,32191.73,2,4,5
2274,952,5,32316.7,2,4,5
8840,952,5,37325.63,2,4,5
5953,952,8,56402.12,2,5,5
8503,951,1,1651.7,2,1,1
343,951,1,5531.66,2,1,1
8669,951,2,3253.08,2,1,1
11828,951,2,6932.64,2,1,1
11476,951,2,9688.75,2,1,1
6069,951,2,18914.9,2,2,3
6858,951,3,12456.57,2,2,2
8002,951,3,12846.92,2,2,2
876,951,3,15569.09,2,2,2
5235,951,3,20826.12,2,3,3
3408,951,3,27067.91,2,3,4
8858,951,4,28280.0,2,4,4
8654,951,4,29804.64,2,4,4
7227,951,4,31891.12,2,4,5
127,951,5,18370.14,2,4,3
317,951,5,19476.44,2,4,3
10889,951,5,27862.53,2,4,4
7589,951,5,34898.59,2,4,5
6053,951,6,34261.43,2,5,5
193,950,1,2046.41,2,1,1
7513,950,1,8038.16,2,1,1
11131,950,2,1573.86,2,1,1
5117,950,2,9647.13,2,1,1
6342,950,2,12062.77,2,1,2
4925,950,3,7394.77,2,2,1
1267,950,3,12312.9,2,2,2
824,950,3,13373.32,2,2,2
5534,950,3,15940.25,2,2,2
10056,950,3,21707.33,2,3,3
11066,950,3,23206.75,2,3,4
9952,950,3,30267.17,2,3,4
1750,950,4,20834.52,2,3,3
2920,950,5,20140.82,2,4,3
6096,950,5,25654.43,2,4,4
3853,950,6,29048.86,2,5,4
3034,950,6,30151.62,2,5,4
5890,950,6,39190.43,2,5,5
1155,950,7,64828.26,2,5,5
10399,949,1,3053.85,2,1,1
2261,949,2,2254.2,2,1,1
2887,949,2,7075.11,2,1,1
10855,949,2,8419.26,2,1,1
6248,949,2,8516.45,2,1,1
839,949,2,12886.18,2,2,2
7784,949,2,16959.88,2,2,3
9300,949,2,20092.71,2,2,3
11206,949,2,21341.62,2,2,3
8976,949,3,10880.89,2,2,2
2286,949,3,14948.0,2,2,2
9186,949,3,17002.51,2,2,3
6166,949,3,17604.3,2,2,3
2229,949,4,20442.36,2,3,3
3819,949,5,32554.12,2,4,5
2773,949,6,18870.75,2,5,3
10948,949,6,36897.93,2,5,5
2818,949,6,40742.57,2,5,5
4473,949,7,30984.37,2,5,4
6929,949,11,73800.13,2,5,5
1426,948,1,8047.75,2,1,1
3098,948,2,5019.69,2,1,1
9988,948,2,6107.56,2,1,1
293,948,2,7936.94,2,1,1
11894,948,2,9963.33,2,1,2
9384,948,2,10575.7,2,1,2
3225,948,2,16309.39,2,2,3
5483,948,3,9240.13,2,2,1
5265,948,3,16813.54,2,2,3
2834,948,3,20285.23,2,3,3
10917,948,3,22972.45,2,3,4
5269,948,4,11336.73,2,3,2
3441,948,5,27850.2,2,4,4
3834,948,5,37526.65,2,4,5
1009,948,6,47508.5,2,5,5
7686,948,9,42809.81,2,5,5
1938,947,1,4716.82,2,1,1
8013,947,2,5323.69,2,1,1
3602,947,2,11877.06,2,1,2
8221,947,3,9115.32,2,2,1
5072,947,3,13157.4,2,2,2
2130,947,3,13170.7,2,2,2
9854,947,3,13499.21,2,2,2
10787,947,3,14121.07,2,2,2
4599,947,3,23946.95,2,3,4
9273,947,3,24447.81,2,3,4
9662,947,3,24580.61,2,3,4
2357,947,3,25497.37,2,3,4
3362,947,3,26962.69,2,3,4
9411,947,4,10881.06,2,3,2
8929,947,4,14922.61,2,3,2
5959,947,4,18026.42,2,3,3
3516,947,4,28563.87,2,4,4
9963,947,5,36266.09,2,4,5
5685,947,5,36397.77,2,4,5
4718,947,5,46530.74,2,5,5
5003,947,5,51260.44,2,5,5
4694,947,6,40907.84,2,5,5
10201,946,2,7311.57,2,1,1
8028,946,2,10127.66,2,1,2
8283,946,2,11278.08,2,1,2
10401,946,3,13300.84,2,2,2
10060,946,3,14131.86,2,2,2
6968,946,3,14136.41,2,2,2
3759,946,3,14259.52,2,2,2
9588,946,3,14496.79,2,2,2
1446,946,3,15648.37,2,2,2
2180,946,3,25967.29,2,3,4
5690,946,4,17715.03,2,3,3
7762,946,4,22575.68,2,3,3
11703,946,4,26109.02,2,4,4
6770,946,4,27811.63,2,4,4
7415,946,5,22390.21,2,4,3
4181,946,5,22913.95,2,4,4
11086,946,5,23343.24,2,4,4
7413,946,5,27585.16,2,4,4
5008,946,6,36421.27,2,5,5
9591,946,6,42934.1,2,5,5
10064,946,9,57148.25,2,5,5
799,945,2,21324.97,2,2,3
10098,945,3,8674.98,2,2,1
5724,945,3,22686.09,2,3,3
10418,945,3,30698.93,2,3,4
365,945,4,13788.44,2,3,2
8489,945,4,20392.11,2,3,3
8032,945,4,27529.28,2,4,4
2529,945,4,32233.43,2,4,5
8090,945,5,13865.19,2,4,2
9564,945,5,22409.11,2,4,3
4295,945,5,23243.21,2,4,4
8596,945,5,26190.96,2,4,4
1209,945,5,30702.08,2,4,4
10086,945,5,30759.36,2,4,4
1309,945,6,21519.08,2,5,3
5364,945,6,26417.39,2,5,4
798,944,1,4262.54,2,1,1
9276,944,1,5602.27,2,1,1
4484,944,1,7633.42,2,1,1
6055,944,2,7914.77,2,1,1
131,944,2,8066.12,2,1,1
11968,944,2,19048.52,2,2,3
9078,944,3,10308.16,2,2,2
6686,944,3,23494.46,2,3,4
3485,944,3,29136.31,2,3,4
9766,944,4,4388.16,2,3,1
10348,944,4,5454.4,2,3,1
7025,944,4,9228.6,2,3,1
2784,944,4,14555.82,2,3,2
5902,944,4,23883.72,2,3,4
2594,944,4,29059.15,2,4,4
1912,944,4,29350.05,2,4,4
7981,944,5,15362.76,2,4,2
6442,944,5,18271.46,2,4,3
1050,944,5,18470.58,2,4,3
6119,944,5,26417.77,2,4,4
2750,944,5,28520.5,2,4,4
7253,944,5,49653.67,2,5,5
8713,944,6,32672.5,2,5,5
8181,944,6,34313.1,2,5,5
823,944,8,53684.81,2,5,5
5572,943,2,2661.19,2,1,1
8142,943,2,3650.21,2,1,1
2332,943,2,17467.48,2,2,3
4699,943,3,8471.34,2,2,1
4367,943,3,13171.45,2,2,2
11107,943,3,16446.74,2,2,3
268,943,3,22464.02,2,3,3
7503,943,3,25488.97,2,3,4
1703,943,4,5055.07,2,3,1
6360,943,4,8984.28,2,3,1
9167,943,4,21289.01,2,3,3
134,943,4,28078.95,2,4,4
9840,943,4,38743.2,2,4,5
4723,943,5,21564.84,2,4,3
5047,943,5,24886.04,2,4,4
9873,943,5,28198.43,2,4,4
9865,943,5,30530.99,2,4,4
3742,943,5,40156.63,2,4,5
8985,943,5,49708.32,2,5,5
8771,943,7,28013.23,2,5,4
9723,943,7,31277.87,2,5,4
4342,943,8,51797.59,2,5,5
573,942,1,258.68,2,1,1
5300,942,1,3821.98,2,1,1
10343,942,2,7070.45,2,1,1
2608,942,2,8834.0,2,1,1
6942,942,2,10682.32,2,1,2
11449,942,2,14301.85,2,2,2
1210,942,3,9883.63,2,2,1
8213,942,3,12925.01,2,2,2
10434,942,3,15078.59,2,2,2
6607,942,3,15102.43,2,2,2
9836,942,3,16136.76,2,2,2
6918,942,3,25413.82,2,3,4
1437,942,4,12636.75,2,3,2
3380,942,4,13987.39,2,3,2
6760,942,4,14503.54,2,3,2
9897,942,4,14550.31,2,3,2
2243,942,4,20680.18,2,3,3
741,942,4,21753.01,2,3,3
2452,942,4,24993.0,2,3,4
9667,942,5,34662.0,2,4,5
999,942,6,34393.89,2,5,5
8198,942,7,43141.76,2,5,5
2317,942,8,40923.67,2,5,5
2518,941,2,3826.76,2,1,1
10498,941,2,6300.02,2,1,1
5996,941,2,8790.52,2,1,1
9342,941,2,10114.83,2,1,2
4189,941,2,15034.91,2,2,2
11215,941,2,19071.09,2,2,3
404,941,3,5986.58,2,2,1
6727,941,3,11309.93,2,2,2
2621,941,3,15381.25,2,2,2
4147,941,3,19565.49,2,2,3
9003,941,3,22024.83,2,3,3
5209,941,3,23879.12,2,3,4
2990,941,3,32240.93,2,3,5
8890,941,4,11252.52,2,3,2
10315,941,4,13813.03,2,3,2
128,941,4,17225.47,2,3,3
2809,941,4,17984.7,2,3,3
3000,941,4,24756.22,2,3,4
6038,941,4,31456.11,2,4,4
8208,941,6,16645.63,2,5,3
8440,941,6,34629.6,2,5,5
9903,941,7,32452.68,2,5,5
9308,941,8,23144.39,2,5,4
398,940,1,3850.89,2,1,1
8472,940,2,8925.94,2,1,1
9464,940,2,11073.65,2,1,2
2199,940,2,13675.52,2,2,2
2467,940,2,15460.67,2,2,2
2549,940,2,18279.86,2,2,3
3108,940,3,9107.65,2,2,1
7325,940,3,9380.17,2,2,1
5439,940,3,24810.7,2,3,4
6908,940,4,9108.22,2,3,1
11697,940,4,15670.0,2,3,2
10972,940,4,16483.23,2,3,3
10015,940,4,27042.15,2,4,4
1860,940,4,27927.76,2,4,4
9882,940,5,27744.74,2,4,4
10533,940,5,31354.57,2,4,4
2177,940,5,38272.51,2,4,5
11657,940,5,43285.24,2,5,5
2386,940,6,49300.92,2,5,5
764,940,7,35998.41,2,5,5
10126,939,1,9271.04,2,1,1
4339,939,1,11515.18,2,1,2
5343,939,2,4096.97,2,1,1
834,939,2,11113.78,2,1,2
866,939,2,12675.63,2,1,2
6027,939,3,15065.33,2,2,2
937,939,3,19026.28,2,2,3
1532,939,3,19615.99,2,2,3
649,939,4,17885.2,2,3,3
9790,939,4,20049.87,2,3,3
3352,939,4,22158.97,2,3,3
3568,939,4,42288.96,2,4,5
7637,939,5,16288.34,2,4,3
2890,939,5,26222.89,2,4,4
6845,939,5,31253.18,2,4,4
703,939,5,36868.54,2,4,5
8499,939,5,38011.85,2,4,5
3614,939,6,21495.93,2,5,3
9191,939,6,28615.18,2,5,4
10449,939,6,30459.01,2,5,4
5283,939,6,34695.17,2,5,5
9157,938,1,2027.61,2,1,1
4455,938,1,5555.04,2,1,1
841,938,2,8929.96,2,1,1
787,938,3,6662.49,2,2,1
235,938,3,7210.42,2,2,1
9797,938,3,10278.45,2,2,2
7421,938,3,11654.1,2,2,2
10551,938,3,13355.65,2,2,2
6376,938,3,16393.29,2,2,3
5285,938,3,20765.98,2,3,3
1882,938,3,21920.98,2,3,3
1631,938,3,24029.26,2,3,4
5222,938,4,10518.81,2,3,2
4082,938,4,20884.01,2,3,3
8388,938,4,23846.09,2,3,4
4491,938,4,25229.87,2,3,4
8892,938,4,27982.7,2,4,4
9562,938,4,28590.67,2,4,4
4753,938,4,38159.95,2,4,5
5818,938,5,15402.68,2,4,2
4855,938,5,15783.24,2,4,2
598,938,5,23795.69,2,4,4
9936,938,5,25840.96,2,4,4
4868,938,10,42908.71,2,5,5
6339,937,1,2558.08,2,1,1
3529,937,1,4874.55,2,1,1
4879,937,1,19641.05,2,1,3
4240,937,2,1693.88,2,1,1
7831,937,2,5470.25,2,1,1
5689,937,2,5835.39,2,1,1
1949,937,2,8906.46,2,1,1
2981,937,2,16991.94,2,2,3
11284,937,3,6317.68,2,2,1
5473,937,3,9760.23,2,2,1
4606,937,3,14953.18,2,2,2
11297,937,3,17757.01,2,2,3
3774,937,3,18396.64,2,2,3
8848,937,3,26216.53,2,3,4
11982,937,4,16929.05,2,3,3
3652,937,4,18441.96,2,3,3
10649,937,4,19536.17,2,3,3
10337,937,4,21685.17,2,3,3
6035,937,4,24624.16,2,3,4
3618,937,4,33968.11,2,4,5
4565,937,5,18345.26,2,4,3
1024,937,5,20569.83,2,4,3
5110,937,5,24561.93,2,4,4
4024,937,5,37117.91,2,4,5
9063,937,6,23564.48,2,5,4
2770,937,6,33748.95,2,5,5
8661,937,6,35283.37,2,5,5
6112,936,1,12363.87,2,1,2
6218,936,2,3455.59,2,1,1
11575,936,2,6513.99,2,1,1
9556,936,2,7045.58,2,1,1
6481,936,2,9732.73,2,1,1
6855,936,2,13146.75,2,2,2
1218,936,2,16994.58,2,2,3
1673,936,2,25753.87,2,2,4
2216,936,3,11047.8,2,2,2
1567,936,3,13067.15,2,2,2
7685,936,3,16618.64,2,2,3
1859,936,3,16823.29,2,2,3
8560,936,3,17885.55,2,2,3
7119,936,3,18354.31,2,2,3
3373,936,3,19809.62,2,3,3
11289,936,4,18261.17,2,3,3
9080,936,5,23873.12,2,4,4
2566,936,5,42857.16,2,5,5
5016,936,6,28711.39,2,5,4
3885,936,7,33453.7,2,5,5
11111,935,1,2869.08,2,1,1
4546,935,2,3794.84,2,1,1
8434,935,2,4927.98,2,1,1
552,935,2,5536.47,2,1,1
4520,935,2,6838.91,2,1,1
710,935,2,7801.96,2,1,1
10404,935,2,10766.0,2,1,2
9541,935,2,11994.92,2,1,2
71,935,2,13294.06,2,2,2
123,935,2,21761.25,2,2,3
10914,935,3,8728.72,2,2,1
11730,935,3,27096.12,2,3,4
2624,935,4,16393.52,2,3,3
10105,935,4,16733.48,2,3,3
6684,935,4,17638.52,2,3,3
2329,935,4,23926.97,2,3,4
6459,935,5,14464.2,2,4,2
6330,935,5,17235.0,2,4,3
6100,935,5,18030.16,2,4,3
3146,935,5,38097.51,2,4,5
9470,935,5,40086.62,2,4,5
5089,935,6,21462.0,2,5,3
3973,935,6,37753.04,2,5,5
8196,935,7,39156.37,2,5,5
7787,934,1,5839.44,2,1,1
5711,934,1,7558.68,2,1,1
4238,934,1,10980.72,2,1,2
5470,934,2,4147.65,2,1,1
8450,934,2,4512.9,2,1,1
8365,934,2,12142.65,2,1,2
965,934,2,12330.29,2,1,2
11012,934,3,4827.83,2,2,1
9280,934,3,10667.85,2,2,2
2776,934,3,13416.47,2,2,2
5589,934,3,16335.83,2,2,3
11435,934,4,18037.77,2,3,3
1396,934,4,28069.88,2,4,4
7571,934,5,19689.9,2,4,3
6051,934,5,28907.69,2,4,4
749,934,6,42982.14,2,5,5
3074,934,7,48796.24,2,5,5
2399,934,7,56281.71,2,5,5
6401,934,9,49921.24,2,5,5
7592,934,10,49022.83,2,5,5
5642,933,1,10233.0,2,1,2
6062,933,2,804.72,2,1,1
8240,933,2,10244.32,2,1,2
9736,933,2,10565.09,2,1,2
11805,933,2,11906.23,2,1,2
11923,933,2,14333.5,2,2,2
10884,933,3,12023.17,2,2,2
186,933,3,12075.33,2,2,2
5497,933,3,12935.32,2,2,2
6472,933,3,14396.75,2,2,2
11758,933,3,14565.28,2,2,2
9682,933,3,15507.22,2,2,2
2217,933,4,16615.65,2,3,3
5436,933,4,17139.19,2,3,3
8544,933,4,17577.1,2,3,3
2597,933,4,17994.94,2,3,3
1931,933,4,19342.54,2,3,3
4516,933,4,21978.46,2,3,3
2071,933,4,22044.03,2,3,3
5543,933,4,26397.56,2,4,4
5921,933,5,33590.92,2,4,5
1666,933,6,51503.5,2,5,5
2480,932,1,1359.14,2,1,1
634,932,1,2934.12,2,1,1
7986,932,2,2269.51,2,1,1
11300,932,2,12337.49,2,1,2
1476,932,2,12641.66,2,1,2
9492,932,2,15723.73,2,2,2
11233,932,3,5943.76,2,2,1
4690,932,3,6019.97,2,2,1
352,932,3,8848.93,2,2,1
3825,932,3,8888.75,2,2,1
4480,932,3,12418.13,2,2,2
2070,932,3,17982.86,2,2,3
4245,932,3,19189.46,2,2,3
3304,932,3,20301.32,2,3,3
3442,932,4,13090.52,2,3,2
5437,932,4,15256.47,2,3,2
1428,932,4,18050.7,2,3,3
5616,932,4,22812.68,2,3,4
6980,932,5,17247.42,2,4,3
2354,932,5,21004.96,2,4,3
3328,932,5,23895.03,2,4,4
7795,932,6,35716.2,2,5,5
10981,931,2,3496.18,2,1,1
7967,931,2,8527.86,2,1,1
9546,931,3,9416.46,2,2,1
9174,931,3,15364.27,2,2,2
6292,931,3,17704.7,2,2,3
8741,931,3,22230.09,2,3,3
5162,931,4,14522.79,2,3,2
274,931,4,16131.83,2,3,2
1156,931,4,21280.45,2,3,3
5895,931,4,22813.3,2,3,4
11920,931,4,34937.93,2,4,5
1093,931,4,36995.34,2,4,5
77,931,5,14797.77,2,4,2
4785,931,5,21658.2,2,4,3
11791,931,5,31573.86,2,4,4
8180,931,6,31527.0,2,5,4
7574,931,6,46110.24,2,5,5
1295,931,7,43177.87,2,5,5
5681,931,7,43392.85,2,5,5
1973,931,7,43472.2,2,5,5
6934,930,1,1783.13,2,1,1
5799,930,1,1948.44,2,1,1
2011,930,2,2929.11,2,1,1
7552,930,2,4269.84,2,1,1
2425,930,2,4809.83,2,1,1
8509,930,2,7975.39,2,1,1
2310,930,2,9322.24,2,1,1
2129,930,2,17154.24,2,2,3
10798,930,3,5284.2,2,2,1
8083,930,3,14820.37,2,2,2
4508,930,3,15771.68,2,2,2
9416,930,3,16570.28,2,2,3
7608,930,3,19644.02,2,2,3
4654,930,3,24778.76,2,3,4
10025,930,4,13901.36,2,3,2
10185,930,4,15937.79,2,3,2
2082,930,4,17075.48,2,3,3
2513,930,4,22687.14,2,3,3
2833,930,5,13282.24,2,4,2
7365,930,5,17119.21,2,4,3
5805,930,5,17682.83,2,4,3
11777,930,5,23737.79,2,4,4
3670,930,5,34795.35,2,4,5
8402,930,6,21814.52,2,5,3
1510,930,6,23295.93,2,5,4
9089,930,6,29000.76,2,5,4
9314,930,7,21157.7,2,5,3
6620,930,7,37895.93,2,5,5
4341,929,1,446.64,2,1,1
11689,929,2,2646.96,2,1,1
2756,929,2,7137.15,2,1,1
5904,929,2,12803.47,2,1,2
185,929,3,7437.18,2,2,1
10198,929,3,9849.66,2,2,1
4933,929,3,16112.38,2,2,2
8284,929,3,24104.41,2,3,4
450,929,4,7515.68,2,3,1
11855,929,4,14682.33,2,3,2
3884,929,4,27799.07,2,4,4
1315,929,5,25781.76,2,4,4
4577,929,5,36639.56,2,4,5
8464,929,5,36892.12,2,4,5
8550,929,6,23351.91,2,5,4
10751,929,6,40887.65,2,5,5
7947,929,7,39369.57,2,5,5
5369,928,1,858.38,2,1,1
8510,928,2,3810.97,2,1,1
6897,928,2,14064.12,2,2,2
3437,928,3,7989.42,2,2,1
10921,928,3,8378.61,2,2,1
8239,928,3,9707.53,2,2,1
2137,928,4,19159.99,2,3,3
2893,928,4,19205.27,2,3,3
3090,928,4,23264.84,2,3,4
8199,928,4,32699.9,2,4,5
11016,928,5,19679.73,2,4,3
1043,928,5,28423.91,2,4,4
10055,928,5,39380.77,2,4,5
611,928,6,37688.34,2,5,5
11845,928,6,44414.36,2,5,5
5472,928,7,42782.95,2,5,5
7143,928,7,45425.93,2,5,5
11402,927,2,8358.42,2,1,1
4923,927,2,8502.46,2,1,1
11933,927,2,9470.41,2,1,1
7591,927,2,11217.13,2,1,2
11841,927,2,12822.36,2,1,2
10777,927,3,4296.18,2,2,1
3305,927,3,11187.89,2,2,2
10211,927,3,11870.89,2,2,2
10396,927,3,15192.07,2,2,2
3637,927,3,19645.1,2,3,3
4739,927,4,13820.75,2,3,2
9498,927,4,17621.54,2,3,3
9451,927,4,20812.33,2,3,3
2658,927,4,25156.6,2,3,4
10843,927,4,25385.17,2,3,4
2654,927,4,27800.44,2,4,4
8613,927,5,23414.47,2,4,4
1863,927,5,26015.6,2,4,4
378,927,5,32788.35,2,4,5
9419,927,5,38290.63,2,4,5
814,927,6,44697.63,2,5,5
2269,927,7,41994.65,2,5,5
1164,926,1,8206.2,2,1,1
2728,926,2,6656.74,2,1,1
6933,926,2,9856.8,2,1,1
8061,926,3,13240.23,2,2,2
3754,926,3,14288.37,2,2,2
4597,926,3,18313.98,2,2,3
4230,926,3,20404.2,2,3,3
4917,926,3,26418.23,2,3,4
6783,926,3,37143.96,2,3,5
3170,926,4,10044.36,2,3,2
11200,926,4,19270.47,2,3,3
4294,926,4,42089.95,2,4,5
2028,926,5,18592.89,2,4,3
7076,926,5,18954.82,2,4,3
6522,926,5,20626.76,2,4,3
6537,926,5,20878.15,2,4,3
1851,926,5,32121.73,2,4,5
11702,926,6,18661.1,2,5,3
462,926,6,35842.56,2,5,5
11277,926,7,34546.18,2,5,5
1756,926,8,40659.07,2,5,5
7279,925,1,1764.78,2,1,1
1143,925,2,7120.45,2,1,1
6263,925,2,10819.84,2,1,2
4935,925,3,17173.01,2,2,3
8099,925,3,19222.24,2,2,3
11075,925,4,8213.33,2,3,1
1972,925,4,17685.75,2,3,3
3802,925,4,30557.9,2,4,4
7164,925,5,22425.61,2,4,3
1473,925,5,27627.77,2,4,4
8946,925,5,38384.69,2,4,5
10099,925,6,23932.25,2,5,4
9574,925,6,26928.53,2,5,4
11328,925,6,33835.15,2,5,5
10656,925,6,46541.67,2,5,5
4153,925,10,72951.48,2,5,5
7590,924,1,3920.0,2,1,1
11992,924,2,4804.1,2,1,1
8155,924,2,6292.79,2,1,1
2902,924,2,7412.09,2,1,1
1465,924,2,13074.69,2,2,2
2209,924,2,25960.05,2,2,4
2985,924,3,11948.09,2,2,2
3316,924,3,13120.41,2,2,2
10887,924,3,14848.24,2,2,2
7602,924,3,20066.33,2,3,3
6564,924,3,26578.86,2,3,4
7730,924,4,12314.96,2,3,2
11026,924,4,15031.01,2,3,2
11939,924,4,19229.1,2,3,3
6308,924,4,21000.21,2,3,3
9703,924,4,30540.03,2,4,4
2762,924,5,18187.34,2,4,3
873,924,5,34498.94,2,4,5
1836,924,6,23892.15,2,5,4
987,924,6,26492.08,2,5,4
23,924,7,47094.12,2,5,5
583,924,7,54280.25,2,5,5
10338,923,1,2215.92,2,1,1
5341,923,1,5466.25,2,1,1
11420,923,2,3450.18,2,1,1
8820,923,2,4814.4,2,1,1
8972,923,2,8520.93,2,1,1
10707,923,2,9608.13,2,1,1
2946,923,2,10695.96,2,1,2
1287,923,2,12217.55,2,1,2
7976,923,3,14702.39,2,2,2
11558,923,3,15045.16,2,2,2
3937,923,3,15381.49,2,2,2
4834,923,3,17325.86,2,2,3
11269,923,3,36473.46,2,3,5
10467,923,4,21105.57,2,3,3
4865,923,4,21137.06,2,3,3
8426,923,4,22417.71,2,3,3
4883,923,4,24293.13,2,3,4
6768,923,4,25192.89,2,3,4
4971,923,5,22538.41,2,4,3
3024,923,5,27267.5,2,4,4
7006,923,6,30324.92,2,5,4
10615,923,6,48896.83,2,5,5
11411,923,9,45902.16,2,5,5
11463,922,2,2113.36,2,1,1
5490,922,2,2900.48,2,1,1
816,922,2,8578.5,2,1,1
9084,922,2,9891.35,2,1,1
11625,922,2,11378.09,2,1,2
9692,922,2,12326.07,2,1,2
6977,922,2,25719.13,2,2,4
11610,922,3,7446.42,2,2,1
7982,922,3,10073.67,2,2,2
5009,922,3,11964.67,2,2,2
5620,922,3,15868.52,2,2,2
848,922,3,16709.39,2,2,3
6212,922,3,18718.48,2,2,3
6894,922,3,19351.01,2,2,3
11149,922,3,19791.32,2,3,3
7027,922,4,16428.27,2,3,3
8801,922,4,20295.22,2,3,3
7549,922,4,23015.39,2,3,4
11564,922,5,24592.95,2,4,4
9828,922,5,25502.89,2,4,4
10513,922,5,28367.22,2,4,4
148,922,5,28932.41,2,4,4
1420,922,5,32554.75,2,4,5
7454,922,5,32843.54,2,4,5
1858,922,5,41111.89,2,5,5
5708,922,5,42097.71,2,5,5
10048,922,6,54890.04,2,5,5
11087,921,1,7058.24,2,1,1
1524,921,1,7189.83,2,1,1
4786,921,1,7378.5,2,1,1
668,921,2,3768.26,2,1,1
801,921,2,6678.3,2,1,1
3211,921,2,15471.29,2,2,2
4059,921,3,5249.5,2,2,1
3038,921,3,7329.4,2,2,1
3491,921,3,9544.93,2,2,1
9680,921,3,12618.59,2,2,2
10354,921,3,15170.4,2,2,2
261,921,3,19537.24,2,2,3
1644,921,3,29113.44,2,3,4
8422,921,3,32250.43,2,3,5
8782,921,4,17377.85,2,3,3
9376,921,4,18398.92,2,3,3
2122,921,4,29447.99,2,4,4
7465,921,5,17859.89,2,4,3
3953,921,5,38276.0,2,4,5
1199,920,1,5543.54,2,1,1
1454,920,1,10482.94,2,1,2
1492,920,2,5520.17,2,1,1
2212,920,2,6599.0,2,1,1
6087,920,2,7832.69,2,1,1
3477,920,2,11286.85,2,1,2
5614,920,2,12355.82,2,1,2
8716,920,3,10255.8,2,2,2
7120,920,3,10389.33,2,2,2
5898,920,3,12976.08,2,2,2
559,920,3,13644.82,2,2,2
950,920,3,14509.0,2,2,2
1918,920,3,17997.41,2,2,3
9130,920,3,25381.48,2,3,4
2716,920,4,13231.63,2,3,2
8238,920,4,15243.0,2,3,2
4957,920,5,16461.7,2,4,3
231,920,5,19165.57,2,4,3
5668,920,5,21117.41,2,4,3
9814,920,5,25625.56,2,4,4
9503,920,5,25757.9,2,4,4
4454,920,5,33726.42,2,4,5
8097,920,5,34258.4,2,4,5
10572,920,6,36600.32,2,5,5
2516,919,1,5156.97,2,1,1
3224,919,2,10899.52,2,1,2
5488,919,2,11000.42,2,1,2
4657,919,2,12748.8,2,1,2
6597,919,2,16655.49,2,2,3
8248,919,3,3338.8,2,2,1
9966,919,3,7719.89,2,2,1
7481,919,3,9239.38,2,2,1
1844,919,3,18664.89,2,2,3
8320,919,3,26379.79,2,3,4
2019,919,3,30080.46,2,3,4
8516,919,4,15203.3,2,3,2
3581,919,4,17556.41,2,3,3
6012,919,4,18446.93,2,3,3
6996,919,4,22956.01,2,3,4
10619,919,5,22645.79,2,4,3
11571,919,5,41330.15,2,5,5
3330,919,7,19947.86,2,5,3
8360,919,7,53453.3,2,5,5
1562,919,9,28509.88,2,5,4
491,918,1,2348.58,2,1,1
8690,918,1,3624.25,2,1,1
2567,918,2,10491.66,2,1,2
6067,918,2,11924.4,2,1,2
10732,918,2,15162.83,2,2,2
9435,918,3,5665.7,2,2,1
1965,918,3,9001.89,2,2,1
4284,918,3,9695.48,2,2,1
6773,918,3,10781.26,2,2,2
1817,918,3,12524.14,2,2,2
9491,918,3,15589.37,2,2,2
70,918,3,16342.29,2,2,3
9795,918,3,20312.83,2,3,3
9991,918,3,21833.44,2,3,3
1610,918,4,20258.55,2,3,3
10125,918,4,28883.02,2,4,4
6984,918,4,29382.92,2,4,4
901,918,5,16532.36,2,4,3
10361,918,5,19247.25,2,4,3
76,918,5,22006.48,2,4,3
359,918,5,29844.11,2,4,4
10840,918,5,33033.84,2,4,5
1258,918,5,48290.91,2,5,5
2574,918,6,33688.68,2,5,5
5875,918,6,36852.56,2,5,5
10669,918,6,36914.94,2,5,5
6856,918,6,37952.57,2,5,5
5538,918,7,26495.36,2,5,4
1219,917,3,2851.15,2,2,1
5237,917,3,7469.63,2,2,1
3241,917,3,17664.95,2,2,3
726,917,3,18266.0,2,2,3
11302,917,3,19572.73,2,2,3
1335,917,3,20373.81,2,3,3
928,917,4,13914.82,2,3,2
10297,917,4,19221.19,2,3,3
1662,917,4,19424.86,2,3,3
10688,917,4,21314.17,2,3,3
7548,917,4,23436.55,2,3,4
9888,917,5,18167.71,2,4,3
141,917,5,22739.73,2,4,3
9892,917,5,26556.75,2,4,4
6981,917,5,30664.68,2,4,4
907,917,6,33568.96,2,5,5
11534,917,7,32472.33,2,5,5
11453,916,2,8373.84,2,1,1
1493,916,3,13873.53,2,2,2
2472,916,3,14506.17,2,2,2
8030,916,3,15194.05,2,2,2
8280,916,3,16834.77,2,2,3
11024,916,3,18596.29,2,2,3
6436,916,4,13824.83,2,3,2
2065,916,4,25194.2,2,3,4
295,916,4,25716.51,2,3,4
8813,916,4,32929.83,2,4,5
830,916,5,22538.04,2,4,3
3271,916,5,22661.46,2,4,3
2434,916,5,32893.76,2,4,5
10704,916,5,37746.77,2,4,5
11091,916,6,21662.24,2,5,3
2025,916,6,22342.92,2,5,3
4584,916,6,23536.17,2,5,4
3771,916,8,51576.41,2,5,5
9226,915,1,5121.3,2,1,1
5189,915,1,8125.72,2,1,1
3003,915,2,5013.78,2,1,1
9595,915,2,5860.94,2,1,1
10995,915,2,8877.79,2,1,1
2843,915,2,12004.68,2,1,2
8482,915,2,16113.88,2,2,2
6646,915,2,18629.69,2,2,3
10767,915,3,7161.33,2,2,1
224,915,3,7308.22,2,2,1
10037,915,3,10553.06,2,2,2
9863,915,3,11033.9,2,2,2
2108,915,3,11308.61,2,2,2
7055,915,3,15206.15,2,2,2
11011,915,3,15276.72,2,2,2
9774,915,3,16476.14,2,2,3
2593,915,4,14135.4,2,3,2
6661,915,4,19589.2,2,3,3
7504,915,4,21761.89,2,3,3
3377,915,4,27012.16,2,4,4
10795,915,4,27260.47,2,4,4
4895,915,4,27422.05,2,4,4
4116,915,5,16942.35,2,4,3
5514,915,6,26335.95,2,5,4
3365,915,9,42446.85,2,5,5
5032,914,1,2164.33,2,1,1
10897,914,2,3614.16,2,1,1
674,914,2,10291.65,2,1,2
3608,914,2,10617.83,2,1,2
5017,914,2,11571.11,2,1,2
8611,914,2,14677.64,2,2,2
8379,914,2,15378.42,2,2,2
8722,914,3,6954.48,2,2,1
6765,914,3,9683.48,2,2,1
2302,914,4,19293.23,2,3,3
10289,914,4,22239.59,2,3,3
8880,914,4,25588.33,2,3,4
11134,914,4,26614.36,2,4,4
11984,914,4,27667.81,2,4,4
9021,914,4,28463.91,2,4,4
4578,914,5,22920.33,2,4,4
3873,914,5,23894.36,2,4,4
8486,914,5,26768.54,2,4,4
4097,914,5,28139.48,2,4,4
511,914,5,37346.44,2,4,5
11440,914,6,33202.28,2,5,5
3767,914,6,38123.89,2,5,5
522,914,7,33279.27,2,5,5
5819,914,9,46718.18,2,5,5
3824,913,2,9805.64,2,1,1
795,913,2,10356.42,2,1,2
9773,913,2,12455.25,2,1,2
3682,913,2,15806.92,2,2,2
9619,913,2,15825.65,2,2,2
10999,913,2,19790.24,2,2,3
6551,913,3,10028.39,2,2,2
9336,913,3,19010.9,2,2,3
5706,913,3,19659.86,2,3,3
11230,913,3,22424.88,2,3,3
3303,913,3,25860.73,2,3,4
10640,913,4,9207.82,2,3,1
6870,913,4,10709.29,2,3,2
592,913,4,15166.52,2,3,2
7036,913,4,15937.54,2,3,2
22,913,4,22944.65,2,3,4
2473,913,4,25244.14,2,3,4
11286,913,4,29508.34,2,4,4
9209,913,4,29752.22,2,4,4
11177,913,4,39520.26,2,4,5
5465,913,5,15557.64,2,4,2
2641,913,5,22030.82,2,4,3
10112,913,5,26239.21,2,4,4
5461,913,5,31351.35,2,4,4
4772,913,6,23089.9,2,5,4
7093,913,6,28180.85,2,5,4
1699,913,6,37261.99,2,5,5
8401,913,7,27512.31,2,5,4
1000,913,7,56154.8,2,5,5
3869,912,1,2387.86,2,1,1
1518,912,1,4319.0,2,1,1
9051,912,2,7482.52,2,1,1
4052,912,2,10710.18,2,1,2
8630,912,2,21893.43,2,2,3
7081,912,3,11851.56,2,2,2
1459,912,3,12347.21,2,2,2
4801,912,3,14669.87,2,2,2
10008,912,3,15428.9,2,2,2
10519,912,3,16101.09,2,2,2
5329,912,4,13023.72,2,3,2
2251,912,4,13170.76,2,3,2
6419,912,4,17340.17,2,3,3
5302,912,4,22002.96,2,3,3
6283,912,4,22048.4,2,3,3
5126,912,4,22306.39,2,3,3
7287,912,4,24457.72,2,3,4
811,912,4,25224.37,2,3,4
545,912,4,37003.25,2,4,5
6664,912,5,22750.05,2,4,3
2259,912,5,23978.2,2,4,4
700,912,5,25407.83,2,4,4
4426,912,6,19841.3,2,5,3
5697,912,6,28310.07,2,5,4
2869,912,6,29228.17,2,5,4
8522,912,7,36984.19,2,5,5
3122,912,7,37914.59,2,5,5
2330,912,7,38272.73,2,5,5
10671,912,8,37403.52,2,5,5
8760,912,8,45619.25,2,5,5
7053,911,1,7294.44,2,1,1
9826,911,2,4883.1,2,1,1
797,911,2,6705.5,2,1,1
1661,911,2,7703.32,2,1,1
9352,911,2,12671.08,2,1,2
9277,911,2,18677.13,2,2,3
8772,911,3,10203.79,2,2,2
1326,911,3,14817.1,2,2,2
3446,911,3,14868.3,2,2,2
8817,911,3,15551.73,2,2,2
4880,911,3,18922.96,2,2,3
9476,911,3,33264.35,2,3,5
3337,911,4,8803.61,2,3,1
3131,911,4,22905.57,2,3,4
4889,911,4,26199.79,2,4,4
305,911,4,31737.87,2,4,5
7065,911,5,23822.08,2,4,4
5853,911,5,25533.61,2,4,4
6576,911,5,27802.23,2,4,4
4876,911,6,25183.08,2,5,4
4166,911,6,34368.67,2,5,5
238,911,7,21764.92,2,5,3
7258,911,7,69134.3,2,5,5
5766,910,1,6392.32,2,1,1
4841,910,1,11511.92,2,1,2
4612,910,1,13617.74,2,1,2
11422,910,2,4849.37,2,1,1
577,910,2,8415.08,2,1,1
8867,910,2,12256.03,2,1,2
9906,910,2,24409.75,2,2,4
11310,910,3,12505.62,2,2,2
7097,910,3,19717.74,2,3,3
9746,910,3,33311.07,2,3,5
8458,910,4,15473.42,2,3,2
9875,910,4,17925.93,2,3,3
10818,910,4,18192.35,2,3,3
851,910,4,25970.88,2,3,4
5177,910,4,26974.75,2,4,4
3876,910,4,28168.13,2,4,4
5879,910,4,32141.14,2,4,5
2005,910,5,15020.2,2,4,2
635,910,5,24367.3,2,4,4
2561,910,5,47593.5,2,5,5
364,910,6,16711.14,2,5,3
4220,910,6,29371.78,2,5,4
9077,910,6,30583.66,2,5,4
6120,910,6,35353.85,2,5,5
4938,909,2,6863.2,2,1,1
3610,909,2,7353.84,2,1,1
5674,909,2,10129.58,2,1,2
8826,909,2,11485.01,2,1,2
10002,909,3,4304.38,2,2,1
4538,909,3,5748.49,2,2,1
11027,909,3,14357.57,2,2,2
9693,909,3,23291.66,2,3,4
6667,909,3,39534.85,2,3,5
10813,909,4,5736.83,2,3,1
3221,909,4,8815.74,2,3,1
5960,909,4,17791.83,2,3,3
10410,909,4,24194.2,2,3,4
7950,909,5,19195.81,2,4,3
5679,909,5,20694.5,2,4,3
2468,909,5,29595.02,2,4,4
10110,909,5,42114.42,2,5,5
4614,909,6,26371.57,2,5,4
7047,909,7,38270.88,2,5,5
2293,908,1,11595.2,2,1,2
1766,908,2,5364.35,2,1,1
5450,908,2,6738.62,2,1,1
2316,908,2,10886.04,2,1,2
75,908,2,10932.77,2,1,2
1091,908,2,11259.07,2,1,2
162,908,2,23952.3,2,2,4
409,908,3,6256.87,2,2,1
7376,908,3,8460.56,2,2,1
10838,908,3,11400.27,2,2,2
4213,908,3,12052.98,2,2,2
1228,908,3,16077.41,2,2,2
2501,908,3,23255.24,2,3,4
3419,908,4,17608.59,2,3,3
975,908,4,27253.87,2,4,4
10937,908,4,33537.61,2,4,5
2910,908,6,14966.78,2,5,2
3580,908,6,29521.53,2,5,4
1471,908,6,36009.93,2,5,5
8755,908,6,39142.32,2,5,5
8108,908,6,40200.27,2,5,5
11895,908,7,14401.31,2,5,2
9848,908,8,34434.82,2,5,5
6420,907,1,2220.86,2,1,1
7600,907,1,10454.9,2,1,2
9364,907,2,6775.99,2,1,1
2958,907,2,7970.96,2,1,1
11140,907,2,10760.6,2,1,2
1391,907,2,17418.56,2,2,3
5850,907,3,6771.58,2,2,1
1431,907,3,7848.53,2,2,1
3343,907,3,9177.26,2,2,1
6403,907,3,9880.37,2,2,1
3576,907,3,12051.51,2,2,2
3414,907,3,15894.52,2,2,2
10618,907,3,22174.77,2,3,3
9566,907,3,22459.75,2,3,3
8258,907,3,23748.46,2,3,4
8860,907,3,25095.1,2,3,4
5824,907,4,10694.09,2,3,2
2840,907,4,12397.08,2,3,2
8702,907,4,13630.43,2,3,2
2631,907,4,13898.96,2,3,2
2531,907,4,16970.67,2,3,3
2188,907,4,18591.9,2,3,3
9035,907,4,21245.17,2,3,3
8205,907,4,21793.71,2,3,3
10892,907,4,23702.93,2,3,4
11236,907,4,24038.16,2,3,4
57,907,4,24444.0,2,3,4
8957,907,4,27080.14,2,4,4
7101,907,4,27169.87,2,4,4
7772,907,5,20651.31,2,4,3
711,907,5,25015.88,2,4,4
9761,907,5,26379.59,2,4,4
3222,907,5,32661.55,2,4,5
11475,907,6,33961.4,2,5,5
7048,907,6,35778.49,2,5,5
9536,907,6,45811.01,2,5,5
6917,907,7,37025.61,2,5,5
1888,906,2,11995.02,2,1,2
2829,906,2,17250.05,2,2,3
2996,906,3,11058.54,2,2,2
5106,906,3,14110.22,2,2,2
2257,906,3,14961.55,2,2,2
11077,906,3,18037.46,2,2,3
1499,906,3,22716.04,2,3,3
9520,906,3,27144.42,2,3,4
7417,906,3,30284.02,2,3,4
959,906,4,16781.57,2,3,3
2231,906,4,17300.92,2,3,3
5751,906,4,18128.59,2,3,3
8336,906,4,23307.54,2,3,4
8638,906,4,23987.44,2,3,4
5546,906,4,24486.62,2,3,4
4479,906,4,25264.61,2,3,4
10906,906,4,39623.64,2,4,5
4499,906,5,29410.0,2,4,4
5707,906,6,27968.71,2,5,4
628,906,7,43442.18,2,5,5
9091,906,8,42298.95,2,5,5
11334,906,8,60990.97,2,5,5
1352,906,9,59622.4,2,5,5
5118,905,1,10833.09,2,1,2
9756,905,2,2907.55,2,1,1
1512,905,2,6728.62,2,1,1
2368,905,2,10479.53,2,1,2
206,905,2,10603.21,2,1,2
9333,905,3,10323.55,2,2,2
4005,905,3,10814.02,2,2,2
307,905,3,11144.05,2,2,2
2651,905,4,12025.59,2,3,2
9937,905,4,12118.61,2,3,2
8210,905,4,15246.94,2,3,2
4710,905,4,16073.51,2,3,2
4001,905,4,17355.44,2,3,3
10786,905,4,17598.88,2,3,3
4151,905,4,20121.8,2,3,3
5695,905,4,21792.34,2,3,3
11688,905,4,29854.73,2,4,4
7008,905,4,32439.97,2,4,5
9859,905,4,33934.15,2,4,5
10068,905,4,40434.23,2,4,5
67,905,5,10520.11,2,4,2
1359,905,5,23665.01,2,4,4
1018,905,5,29969.91,2,4,4
11345,905,6,24598.11,2,5,4
5297,905,6,29966.01,2,5,4
7313,905,6,34677.24,2,5,5
1985,905,9,58690.03,2,5,5
5344,905,9,60076.37,2,5,5
9028,904,1,11398.92,2,1,2
2585,904,2,7496.42,2,1,1
6591,904,2,7969.61,2,1,1
1316,904,2,8281.36,2,1,1
5575,904,2,14574.81,2,2,2
8457,904,3,7520.5,2,2,1
1691,904,3,11570.76,2,2,2
11888,904,3,13065.06,2,2,2
4185,904,3,19143.32,2,2,3
2603,904,3,19892.46,2,3,3
4702,904,3,23241.54,2,3,4
2800,904,3,25586.19,2,3,4
8751,904,3,31615.18,2,3,4
11,904,3,38077.75,2,3,5
8500,904,4,8510.4,2,3,1
11666,904,4,15513.73,2,3,2
3867,904,4,41286.79,2,4,5
5746,904,5,22705.53,2,4,3
1554,904,5,25911.52,2,4,4
8783,904,5,29657.61,2,4,4
11003,904,5,44377.92,2,5,5
8724,904,6,25236.72,2,5,4
8700,904,7,20796.98,2,5,3
4345,903,1,3729.92,2,1,1
8380,903,1,7681.31,2,1,1
10388,903,2,7681.57,2,1,1
4232,903,2,14645.44,2,2,2
3989,903,2,20216.47,2,2,3
7933,903,3,4105.36,2,2,1
3423,903,3,9561.24,2,2,1
8546,903,3,22019.86,2,3,3
7919,903,3,22823.25,2,3,4
1135,903,4,24020.84,2,3,4
11628,903,4,26194.59,2,4,4
11224,903,5,22727.74,2,4,3
7396,903,5,23363.6,2,4,4
3531,903,5,29236.52,2,4,4
11724,903,5,36692.99,2,4,5
1798,903,6,21797.38,2,5,3
4476,903,6,25397.64,2,5,4
3151,902,1,9380.91,2,1,1
11989,902,2,2304.3,2,1,1
8799,902,2,5257.97,2,1,1
4158,902,2,8889.25,2,1,1
6999,902,2,12048.65,2,1,2
2712,902,2,14824.86,2,2,2
8456,902,2,16640.05,2,2,3
3854,902,3,9395.85,2,2,1
661,902,3,13571.75,2,2,2
6496,902,4,11475.53,2,3,2
10641,902,4,22000.43,2,3,3
1795,902,4,27442.04,2,4,4
4893,902,4,30146.4,2,4,4
7556,902,5,18543.88,2,4,3
8479,902,5,27674.16,2,4,4
7948,902,5,27773.43,2,4,4
3623,902,5,38732.76,2,4,5
8053,902,6,32331.57,2,5,5
8619,902,8,53103.83,2,5,5
5103,901,1,3928.2,2,1,1
11537,901,1,7208.19,2,1,1
3796,901,1,8734.52,2,1,1
1819,901,2,4261.19,2,1,1
11231,901,2,6467.97,2,1,1
1378,901,2,10334.23,2,1,2
3497,901,2,25174.0,2,2,4
3312,901,3,8877.44,2,2,1
9375,901,3,17404.64,2,2,3
3902,901,3,17721.16,2,2,3
8045,901,3,20358.37,2,3,3
500,901,3,20725.94,2,3,3
10530,901,3,25826.49,2,3,4
9210,901,4,20422.23,2,3,3
5238,901,4,21528.17,2,3,3
11222,901,4,23738.68,2,3,4
168,901,4,28026.94,2,4,4
4711,901,4,30452.32,2,4,4
8587,901,4,41531.21,2,4,5
5212,901,5,16264.27,2,4,3
10253,901,5,21463.27,2,4,3
10014,901,5,29246.15,2,4,4
8355,901,5,33187.95,2,4,5
3070,901,5,34005.93,2,4,5
10194,901,6,20229.91,2,5,3
4271,901,7,40843.25,2,5,5
2907,900,2,3567.22,2,1,1
5340,900,2,3870.23,2,1,1
358,900,2,10953.83,2,1,2
961,900,2,14402.03,2,2,2
5035,900,2,15315.48,2,2,2
10113,900,2,22374.75,2,2,3
3457,900,2,23292.76,2,2,4
2841,900,3,2999.64,2,2,1
8818,900,3,5149.47,2,2,1
9238,900,3,7558.39,2,2,1
7272,900,3,10505.94,2,2,2
7247,900,3,11901.6,2,2,2
5438,900,3,12249.71,2,2,2
10901,900,3,20810.72,2,3,3
9248,900,3,27038.51,2,3,4
3175,900,3,30124.65,2,3,4
190,900,4,8149.27,2,3,1
7398,900,4,13866.93,2,3,2
10774,900,4,20981.88,2,3,3
5290,900,4,21193.5,2,3,3
530,900,4,24283.76,2,3,4
8432,900,5,15184.58,3,4,2
9062,900,5,19088.88,3,4,3
9508,900,5,20826.08,3,4,3
10664,900,5,23973.61,3,4,4
516,900,5,37169.54,3,4,5
8098,900,5,41480.32,3,5,5
2737,900,5,43821.93,3,5,5
10758,900,6,42447.08,3,5,5
7499,900,7,16637.18,3,5,3
8981,899,1,1878.7,3,1,1
9231,899,1,3996.6,3,1,1
11262,899,1,11833.13,3,1,2
5136,899,3,8101.28,3,2,1
4877,899,3,17223.94,3,2,3
6307,899,3,22518.44,3,3,3
1443,899,4,12036.79,3,3,2
2866,899,4,22447.58,3,3,3
2846,899,4,26548.18,3,4,4
8839,899,5,20124.57,3,4,3
569,899,5,21315.06,3,4,3
10061,899,5,24541.48,3,4,4
9026,899,5,28467.94,3,4,4
1072,899,5,46924.77,3,5,5
11481,899,6,20664.52,3,5,3
9013,899,6,28692.96,3,5,4
3389,899,6,48222.78,3,5,5
3901,899,7,41130.39,3,5,5
11450,899,8,33535.79,3,5,5
5452,898,1,9264.72,3,1,1
9857,898,1,12768.72,3,1,2
8828,898,2,5233.05,3,1,1
1212,898,2,9847.39,3,1,1
7896,898,2,13501.8,3,2,2
1686,898,2,17618.94,3,2,3
4380,898,2,20651.74,3,2,3
4296,898,2,20863.24,3,2,3
2623,898,3,10682.21,3,2,2
10448,898,3,13481.59,3,2,2
3764,898,3,15393.78,3,2,2
6526,898,3,39604.93,3,3,5
4438,898,4,8845.25,3,3,1
11712,898,4,18634.75,3,3,3
6276,898,4,27404.53,3,4,4
10012,898,4,32763.05,3,4,5
3470,898,4,34464.65,3,4,5
2726,898,4,38599.61,3,4,5
6150,898,5,19369.17,3,4,3
7020,898,5,22809.65,3,4,4
6696,898,5,26077.35,3,4,4
2779,898,5,33449.79,3,4,5
2162,898,5,38200.46,3,4,5
8087,898,5,43380.06,3,5,5
11857,898,6,30922.64,3,5,4
6592,898,7,30554.62,3,5,4
3213,898,8,39019.46,3,5,5
11891,898,9,37969.5,3,5,5
10453,898,10,69096.72,3,5,5
9265,897,1,1102.95,3,1,1
9771,897,1,2757.88,3,1,1
5694,897,1,3308.51,3,1,1
118,897,2,4577.08,3,1,1
5968,897,2,7872.72,3,1,1
8991,897,2,8934.27,3,1,1
1884,897,3,8261.26,3,2,1
475,897,3,14163.65,3,2,2
172,897,3,16489.14,3,2,3
6235,897,3,19892.48,3,3,3
288,897,3,23362.38,3,3,4
328,897,3,27718.05,3,3,4
10728,897,4,22689.84,3,3,3
5095,897,4,23022.31,3,3,4
6559,897,4,23212.39,3,3,4
4861,897,4,28415.88,3,4,4
10655,897,5,20427.21,3,4,3
11988,897,5,20805.26,3,4,3
7806,897,5,24807.54,3,4,4
3279,897,5,33705.61,3,4,5
10071,897,6,29410.73,3,5,4
3157,897,6,35234.36,3,5,5
7672,897,6,35338.54,3,5,5
286,897,7,32622.92,3,5,5
5597,897,7,40256.2,3,5,5
3841,897,8,35268.49,3,5,5
112,897,10,50786.62,3,5,5
11007,896,1,2555.84,3,1,1
8616,896,2,5425.52,3,1,1
11335,896,2,6185.21,3,1,1
4072,896,2,10827.08,3,1,2
5892,896,2,13586.22,3,2,2
1015,896,2,14569.9,3,2,2
2475,896,2,17078.05,3,2,3
2032,896,2,17555.62,3,2,3
6733,896,3,5848.64,3,2,1
5064,896,3,10161.75,3,2,2
5365,896,3,11248.97,3,2,2
6349,896,3,15297.09,3,2,2
11760,896,3,15800.77,3,2,2
3871,896,3,18215.63,3,2,3
11191,896,3,29720.73,3,3,4
10828,896,4,13165.44,3,3,2
2103,896,4,15366.29,3,3,2
8093,896,4,23228.69,3,3,4
5155,896,4,30634.28,3,4,4
4604,896,4,31381.06,3,4,4
3547,896,4,31992.56,3,4,5
4399,896,4,35459.36,3,4,5
4767,896,5,24951.76,3,4,4
11069,896,5,31268.06,3,4,4
951,896,6,30285.16,3,5,4
4160,896,7,29922.06,3,5,4
199,896,7,47242.9,3,5,5
2314,896,9,31820.92,3,5,5
7135,895,2,3442.93,3,1,1
701,895,2,9122.52,3,1,1
7708,895,2,19106.8,3,2,3
5342,895,3,5254.33,3,2,1
9655,895,3,8212.91,3,2,1
11354,895,3,12852.53,3,2,2
1639,895,3,13008.98,3,2,2
3666,895,3,14041.83,3,2,2
4343,895,3,28572.26,3,3,4
2287,895,4,16538.07,3,3,3
3709,895,4,17879.7,3,3,3
903,895,4,19004.12,3,3,3
2038,895,4,19322.26,3,3,3
804,895,4,22345.69,3,3,3
4709,895,4,22913.71,3,3,4
11403,895,4,24839.46,3,3,4
11316,895,4,28268.74,3,4,4
2714,895,4,29106.53,3,4,4
2327,895,4,44134.16,3,4,5
8160,895,5,23335.37,3,4,4
8242,895,5,25316.4,3,4,4
639,895,5,29688.02,3,4,4
5220,895,5,31021.85,3,4,4
1464,895,5,31836.36,3,4,5
7889,895,5,36344.63,3,4,5
10527,895,6,31695.09,3,5,4
4168,895,7,29411.27,3,5,4
5310,895,7,43524.1,3,5,5
7581,894,1,197.08,3,1,1
2676,894,1,3322.88,3,1,1
8718,894,1,8167.55,3,1,1
4073,894,1,8651.93,3,1,1
11333,894,1,14719.03,3,1,2
1580,894,2,6961.19,3,1,1
8156,894,2,9131.36,3,1,1
1588,894,2,9905.25,3,1,2
4243,894,2,10543.13,3,1,2
11907,894,2,13311.2,3,2,2
9785,894,2,16298.75,3,2,3
5346,894,2,24283.86,3,2,4
10207,894,3,10460.5,3,2,2
10107,894,3,11832.88,3,2,2
10727,894,3,11960.19,3,2,2
7766,894,3,14293.37,3,2,2
11169,894,3,14316.42,3,2,2
9992,894,3,21579.54,3,3,3
8327,894,3,26856.64,3,3,4
7742,894,4,14830.35,3,3,2
2497,894,4,16439.13,3,3,3
7445,894,4,18931.64,3,3,3
11162,894,5,13331.69,3,4,2
7159,894,5,39914.04,3,4,5
7326,894,6,67036.11,3,5,5
6780,894,7,29007.93,3,5,4
954,894,8,35907.11,3,5,5
7014,893,1,4019.08,3,1,1
2476,893,1,6683.48,3,1,1
9490,893,2,3674.2,3,1,1
4722,893,2,6893.53,3,1,1
2421,893,2,13927.53,3,2,2
3167,893,3,5296.03,3,2,1
287,893,3,8657.66,3,2,1
5998,893,3,8701.35,3,2,1
11670,893,3,11148.11,3,2,2
7813,893,3,15510.13,3,2,2
7991,893,3,22235.27,3,3,3
1375,893,3,25181.43,3,3,4
989,893,3,26707.97,3,3,4
4215,893,3,27984.66,3,3,4
510,893,4,12353.01,3,3,2
5408,893,4,14790.23,3,3,2
9883,893,4,16149.64,3,3,3
11468,893,4,17787.58,3,3,3
7412,893,4,22537.37,3,3,3
6991,893,4,25659.05,3,3,4
979,893,4,26055.07,3,3,4
10539,893,5,11715.11,3,4,2
6869,893,5,14700.29,3,4,2
1171,893,5,16991.23,3,4,3
11009,893,5,25275.66,3,4,4
10685,893,5,31575.47,3,4,4
1646,893,6,23040.45,3,5,4
659,893,6,27869.42,3,5,4
5913,893,6,28752.54,3,5,4
6182,893,6,30749.17,3,5,4
9690,892,1,1303.37,3,1,1
11639,892,1,5670.75,3,1,1
8195,892,1,5932.0,3,1,1
6828,892,1,10944.16,3,1,2
3921,892,2,747.44,3,1,1
4967,892,2,5956.22,3,1,1
9706,892,2,7488.05,3,1,1
1557,892,2,8632.95,3,1,1
4887,892,2,16472.87,3,2,3
1193,892,3,14061.36,3,2,2
5653,892,3,18004.72,3,2,3
918,892,3,19198.2,3,2,3
5448,892,3,25123.25,3,3,4
11479,892,4,13042.17,3,3,2
2838,892,4,13388.81,3,3,2
1914,892,4,14698.41,3,3,2
6750,892,4,16631.19,3,3,3
948,892,4,21840.81,3,3,3
1343,892,4,23181.84,3,3,4
11630,892,4,23652.74,3,3,4
11949,892,4,24903.23,3,3,4
7106,892,4,36229.63,3,4,5
5378,892,5,15204.88,3,4,2
2831,892,5,15512.23,3,4,2
9251,892,5,18912.06,3,4,3
11784,892,5,27103.96,3,4,4
1685,892,5,29177.38,3,4,4
10329,892,6,20136.44,3,5,3
6704,892,6,25250.58,3,5,4
1632,892,6,44537.18,3,5,5
10696,892,7,47598.43,3,5,5
7779,892,8,37653.65,3,5,5
2324,892,10,49401.09,3,5,5
11482,891,1,5109.12,3,1,1
5940,891,2,6400.5,3,1,1
8519,891,2,12161.03,3,1,2
3447,891,3,7693.69,3,2,1
11646,891,3,22414.59,3,3,3
461,891,4,15631.03,3,3,2
3526,891,4,16877.14,3,3,3
7790,891,4,17313.83,3,3,3
1071,891,4,23263.86,3,3,4
4022,891,4,25742.27,3,3,4
11254,891,4,29076.23,3,4,4
3661,891,5,14786.1,3,4,2
10392,891,5,19762.22,3,4,3
4216,891,5,23140.81,3,4,4
4714,891,6,23674.09,3,5,4
729,891,6,31269.28,3,5,4
5500,891,6,31289.71,3,5,4
6116,891,6,39035.74,3,5,5
5134,891,6,41233.09,3,5,5
4724,891,6,45995.73,3,5,5
6954,890,1,5739.83,3,1,1
7430,890,2,7419.24,3,1,1
4222,890,2,8704.94,3,1,1
9870,890,2,9473.84,3,1,1
2164,890,3,11506.23,3,2,2
505,890,3,12003.1,3,2,2
4439,890,3,12699.46,3,2,2
11581,890,3,16505.91,3,2,3
4061,890,3,18590.05,3,2,3
248,890,3,18631.95,3,2,3
2707,890,3,30473.22,3,3,4
10301,890,5,15814.47,3,4,2
1689,890,5,21488.67,3,4,3
6446,890,5,24530.2,3,4,4
2074,890,5,35395.92,3,4,5
11030,890,5,40537.61,3,4,5
5188,890,6,30515.69,3,5,4
8950,890,6,36266.89,3,5,5
7680,890,7,36144.84,3,5,5
6880,889,1,4936.14,3,1,1
1544,889,1,13580.08,3,1,2
4095,889,2,5927.22,3,1,1
2424,889,2,9656.2,3,1,1
750,889,2,10092.19,3,1,2
2172,889,2,10867.22,3,1,2
5637,889,2,12164.98,3,1,2
7062,889,2,21866.46,3,2,3
1745,889,3,13540.39,3,2,2
1107,889,3,13702.67,3,2,2
5564,889,3,17546.85,3,2,3
9984,889,3,19463.45,3,2,3
7691,889,3,22320.95,3,3,3
2254,889,4,15152.74,3,3,2
11539,889,4,17469.51,3,3,3
2606,889,4,18861.76,3,3,3
8104,889,4,20245.35,3,3,3
7346,889,4,22941.46,3,3,4
7565,889,4,24940.35,3,3,4
688,889,4,26455.23,3,4,4
11292,889,4,28511.13,3,4,4
8424,889,5,23083.9,3,4,4
4459,889,5,34285.55,3,4,5
6246,889,5,40965.9,3,5,5
4286,889,6,32919.32,3,5,5
7723,889,6,53033.32,3,5,5
2889,889,7,40353.94,3,5,5
2091,889,7,46588.96,3,5,5
8212,889,8,39534.65,3,5,5
10939,889,8,45557.91,3,5,5
9626,888,1,4577.7,3,1,1
6904,888,1,9346.31,3,1,1
2853,888,2,3871.47,3,1,1
3707,888,2,3988.2,3,1,1
2580,888,2,7617.6,3,1,1
6103,888,2,12973.28,3,2,2
2991,888,2,17713.0,3,2,3
11561,888,2,23789.62,3,2,4
2400,888,3,6526.29,3,2,1
5240,888,3,11388.1,3,2,2
24,888,3,11684.87,3,2,2
777,888,3,13176.92,3,2,2
4540,888,3,14865.8,3,2,2
28,888,3,17246.78,3,2,3
2952,888,3,18730.69,3,2,3
3662,888,3,22514.8,3,3,3
3598,888,3,22656.6,3,3,3
6579,888,3,24450.38,3,3,4
7604,888,3,24912.53,3,3,4
8526,888,3,31548.66,3,3,4
3459,888,4,18206.53,3,3,3
1201,888,4,19667.61,3,3,3
9399,888,4,23286.5,3,3,4
11851,888,4,24089.08,3,3,4
5382,888,4,25970.11,3,3,4
1012,888,5,14174.72,3,4,2
10632,888,5,16066.42,3,4,2
10730,888,5,19110.86,3,4,3
232,888,5,25702.98,3,4,4
2635,888,5,27918.46,3,4,4
10231,888,5,31751.79,3,4,5
11874,888,5,32609.09,3,4,5
11812,888,5,38061.12,3,4,5
2986,888,5,47228.1,3,5,5
7061,888,6,29183.66,3,5,4
4946,887,1,3083.66,3,1,1
5780,887,1,11795.76,3,1,2
11591,887,3,12079.06,3,2,2
825,887,3,12206.55,3,2,2
4966,887,3,13044.84,3,2,2
10614,887,3,13835.81,3,2,2
6668,887,3,15023.79,3,2,2
2179,887,3,15880.04,3,2,2
5255,887,3,22317.28,3,3,3
1068,887,3,42277.16,3,3,5
4813,887,4,7286.46,3,3,1
9452,887,4,14745.58,3,3,2
11383,887,4,14828.27,3,3,2
1799,887,4,17321.05,3,3,3
3552,887,4,19299.83,3,3,3
9925,887,4,20071.36,3,3,3
11229,887,4,21946.22,3,3,3
11241,887,4,24118.39,3,3,4
8850,887,4,28957.03,3,4,4
3912,887,5,19060.54,3,4,3
3404,887,5,27062.33,3,4,4
5957,887,5,37961.09,3,4,5
10151,887,6,17336.4,3,5,3
1801,887,6,22623.46,3,5,3
11843,887,6,47239.3,3,5,5
388,887,7,38588.69,3,5,5
10494,887,8,43682.43,3,5,5
9749,887,9,53003.92,3,5,5
11776,886,1,2204.44,3,1,1
6388,886,1,7183.29,3,1,1
6732,886,1,8169.21,3,1,1
9307,886,2,5037.61,3,1,1
8096,886,2,9173.98,3,1,1
8157,886,2,15029.67,3,2,2
10765,886,2,22365.93,3,2,3
10739,886,3,8179.18,3,2,1
5149,886,3,9590.22,3,2,1
6864,886,3,9948.97,3,2,2
3946,886,3,11563.62,3,2,2
460,886,3,12082.3,3,2,2
5280,886,3,12480.08,3,2,2
8827,886,3,12770.23,3,2,2
9285,886,3,14754.54,3,2,2
6434,886,3,21303.92,3,3,3
10402,886,3,21519.43,3,3,3
8733,886,4,9249.59,3,3,1
11652,886,4,14245.3,3,3,2
4633,886,4,15350.35,3,3,2
4583,886,4,16620.39,3,3,3
6840,886,4,18171.41,3,3,3
4310,886,4,19816.08,3,3,3
5519,886,4,21823.99,3,3,3
3479,886,4,22627.62,3,3,3
1278,886,4,23005.65,3,3,4
7466,886,4,25076.84,3,3,4
7391,886,4,25353.85,3,3,4
90,886,4,30516.78,3,4,4
8831,886,4,32642.1,3,4,5
4487,886,5,20476.3,3,4,3
5516,886,5,23402.51,3,4,4
1804,886,5,28458.02,3,4,4
4418,886,5,29035.92,3,4,4
486,886,5,30005.76,3,4,4
6018,886,5,31383.14,3,4,4
8227,886,5,33324.95,3,4,5
3779,886,5,42879.15,3,5,5
4379,886,6,32519.75,3,5,5
5396,886,6,41110.76,3,5,5
5955,886,6,43953.26,3,5,5
5374,886,7,50531.73,3,5,5
6749,886,8,41130.56,3,5,5
2115,885,1,6573.52,3,1,1
19,885,1,7576.66,3,1,1
3050,885,2,6382.89,3,1,1
7727,885,2,9552.61,3,1,1
1599,885,2,17063.84,3,2,3
6039,885,2,21459.47,3,2,3
2420,885,3,4785.28,3,2,1
53,885,3,6647.98,3,2,1
301,885,3,7013.65,3,2,1
10625,885,3,13458.21,3,2,2
5663,885,3,15918.81,3,2,2
3565,885,3,16677.93,3,2,3
6118,885,3,16897.98,3,2,3
5426,885,3,17936.93,3,2,3
7370,885,3,25382.19,3,3,4
1879,885,4,5265.19,3,3,1
7720,885,4,10643.63,3,3,2
7408,885,4,11491.81,3,3,2
2333,885,4,13119.11,3,3,2
3298,885,4,19173.14,3,3,3
5372,885,4,27976.17,3,4,4
1830,885,4,28742.26,3,4,4
1242,885,5,20620.61,3,4,3
10052,885,5,25535.2,3,4,4
44,885,5,26363.52,3,4,4
5275,885,5,28845.24,3,4,4
9837,885,5,30404.68,3,4,4
8356,885,7,41330.15,3,5,5
10040,885,8,60278.48,3,5,5
126,884,1,2036.88,3,1,1
2582,884,1,4393.74,3,1,1
3713,884,2,11621.22,3,1,2
4588,884,2,12793.96,3,1,2
8631,884,3,7093.82,3,2,1
10464,884,3,7782.35,3,2,1
4838,884,3,11037.32,3,2,2
3687,884,3,13561.94,3,2,2
9673,884,3,14736.72,3,2,2
9033,884,3,14919.96,3,2,2
4262,884,3,15648.66,3,2,2
2045,884,3,18589.2,3,2,3
322,884,3,22707.23,3,3,3
10004,884,3,23709.93,3,3,4
7235,884,4,8240.33,3,3,1
2348,884,4,9093.36,3,3,1
1652,884,4,9147.89,3,3,1
2372,884,4,15219.02,3,3,2
2096,884,4,19272.86,3,3,3
566,884,4,21497.96,3,3,3
7356,884,4,23758.8,3,3,4
6090,884,4,24231.63,3,3,4
3434,884,4,27402.78,3,4,4
8305,884,5,19846.81,3,4,3
807,884,5,20475.5,3,4,3
7538,884,5,25397.19,3,4,4
10695,884,5,26234.31,3,4,4
1129,884,5,28559.52,3,4,4
9743,884,5,28865.28,3,4,4
7527,884,5,30340.97,3,4,4
6571,884,5,47746.03,3,5,5
4268,884,6,22005.81,3,5,3
9388,884,6,22723.89,3,5,3
8191,884,6,23822.92,3,5,4
6548,884,6,23895.46,3,5,4
178,884,6,25379.78,3,5,4
1715,884,6,25428.24,3,5,4
11792,884,6,32546.23,3,5,5
1696,884,6,35484.95,3,5,5
8883,884,6,36619.92,3,5,5
8865,884,7,19952.0,3,5,3
8572,884,7,44055.0,3,5,5
335,884,7,45205.07,3,5,5
8736,884,7,45948.9,3,5,5
3698,884,8,29286.11,3,5,4
3991,884,8,46622.84,3,5,5
7563,883,2,12861.5,3,1,2
2781,883,2,13988.43,3,2,2
6570,883,2,16101.99,3,2,2
2980,883,3,11751.43,3,2,2
3776,883,3,13904.89,3,2,2
7379,883,3,14922.57,3,2,2
4492,883,3,17052.95,3,2,3
3955,883,3,17272.67,3,2,3
1247,883,3,17439.66,3,2,3
10927,883,3,18779.98,3,2,3
3607,883,3,21712.23,3,3,3
10873,883,4,11911.38,3,3,2
10461,883,4,17128.94,3,3,3
4159,883,4,30581.18,3,4,4
5431,883,4,31012.07,3,4,4
4031,883,5,24752.62,3,4,4
10473,883,5,28980.01,3,4,4
2401,883,5,56822.72,3,5,5
6131,883,6,18485.3,3,5,3
11658,883,6,25091.02,3,5,4
7542,883,7,39865.33,3,5,5
4866,883,8,46573.05,3,5,5
3075,883,8,49056.35,3,5,5
9397,882,1,2942.1,3,1,1
5748,882,2,4324.24,3,1,1
8043,882,2,6127.19,3,1,1
3575,882,2,8009.23,3,1,1
3799,882,2,9670.68,3,1,1
9810,882,2,12845.67,3,1,2
2543,882,2,13477.1,3,2,2
4621,882,2,13966.47,3,2,2
8553,882,2,14805.32,3,2,2
593,882,2,15616.47,3,2,2
11472,882,3,5423.28,3,2,1
6701,882,3,6962.26,3,2,1
6795,882,3,8319.5,3,2,1
874,882,3,13205.57,3,2,2
11523,882,3,17147.58,3,2,3
1800,882,3,20288.05,3,3,3
3525,882,3,21196.72,3,3,3
8358,882,3,32379.97,3,3,5
10403,882,4,7907.38,3,3,1
5352,882,4,19448.67,3,3,3
11905,882,4,22233.23,3,3,3
11837,882,4,22573.24,3,3,3
2540,882,4,23280.46,3,3,4
9717,882,4,23832.94,3,3,4
1523,882,5,15786.59,3,4,2
7441,882,5,16711.46,3,4,3
483,882,5,19138.24,3,4,3
8857,882,5,19525.62,3,4,3
10275,882,5,31439.71,3,4,4
4056,882,5,35532.94,3,4,5
9889,882,6,33284.15,3,5,5
1452,882,6,41936.88,3,5,5
9741,882,8,45951.95,3,5,5
2404,881,1,394.16,3,1,1
11059,881,1,15449.98,3,1,2
1356,881,2,1434.37,3,1,1
8626,881,2,8911.17,3,1,1
2320,881,2,9698.67,3,1,1
9716,881,2,11664.72,3,1,2
6754,881,2,16165.72,3,2,3
5950,881,2,20979.63,3,2,3
5841,881,3,12315.9,3,2,2
5122,881,3,17956.35,3,2,3
9252,881,3,21042.81,3,3,3
8413,881,4,16468.67,3,3,3
691,881,4,17774.13,3,3,3
3669,881,4,25098.72,3,3,4
1370,881,4,25804.91,3,3,4
8620,881,5,13947.01,3,4,2
10922,881,5,18133.48,3,4,3
8399,881,5,24471.12,3,4,4
5521,881,5,32681.42,3,4,5
6373,881,5,34067.12,3,4,5
6975,881,5,34894.98,3,4,5
5138,881,5,35879.18,3,4,5
3603,881,5,49363.73,3,5,5
9056,881,6,16005.64,3,5,2
9224,881,6,29704.5,3,5,4
6108,881,6,29744.69,3,5,4
7836,881,6,38714.78,3,5,5
3843,881,7,35643.78,3,5,5
4563,881,9,30791.29,3,5,4
5282,881,10,43220.19,3,5,5
7906,881,12,42723.33,3,5,5
1255,880,1,788.32,3,1,1
6729,880,1,4057.74,3,1,1
6272,880,1,4846.22,3,1,1
5066,880,2,1636.63,3,1,1
7769,880,2,7958.39,3,1,1
7750,880,3,6651.53,3,2,1
871,880,3,7076.94,3,2,1
2222,880,3,8005.04,3,2,1
9246,880,3,10254.54,3,2,2
3116,880,3,11406.82,3,2,2
9930,880,3,13075.47,3,2,2
8474,880,3,14331.21,3,2,2
10439,880,3,14946.88,3,2,2
9724,880,3,19486.85,3,2,3
9198,880,3,21265.04,3,3,3
5981,880,3,24041.2,3,3,4
4571,880,3,30814.68,3,3,4
3137,880,3,31477.93,3,3,4
4042,880,4,9206.8,3,3,1
11528,880,4,17816.35,3,3,3
6064,880,4,18145.85,3,3,3
2100,880,4,28261.01,3,4,4
2874,880,4,30276.36,3,4,4
3097,880,4,31590.14,3,4,4
3286,880,4,34105.45,3,4,5
10528,880,5,10344.19,3,4,2
3234,880,5,18635.54,3,4,3
1372,880,5,20972.64,3,4,3
11232,880,5,25963.2,3,4,4
4816,880,5,30605.97,3,4,4
8589,880,5,30976.06,3,4,4
8386,880,5,43016.67,3,5,5
9658,880,6,24868.21,3,5,4
3708,880,6,32441.01,3,5,5
1622,880,6,43421.64,3,5,5
2281,880,7,37372.87,3,5,5
3512,880,7,39320.74,3,5,5
10066,880,8,53441.25,3,5,5
8225,880,9,40613.73,3,5,5
7149,879,1,7359.75,3,1,1
6518,879,1,7865.98,3,1,1
860,879,2,5918.46,3,1,1
4525,879,2,13739.89,3,2,2
3805,879,3,6365.17,3,2,1
11311,879,3,11149.37,3,2,2
3605,879,3,13133.24,3,2,2
11577,879,3,13642.12,3,2,2
31,879,3,21760.16,3,3,3
8878,879,3,23191.24,3,3,4
11148,879,3,24946.75,3,3,4
9162,879,3,28965.93,3,3,4
3962,879,3,30712.15,3,3,4
10135,879,4,14266.85,3,3,2
3665,879,4,15077.47,3,3,2
2355,879,4,23079.53,3,3,4
8605,879,4,31158.95,3,4,4
5836,879,5,9474.11,3,4,1
8745,879,5,21954.41,3,4,3
113,879,5,22519.86,3,4,3
6961,879,5,36161.49,3,4,5
8088,879,5,42631.39,3,5,5
8847,879,6,27458.04,3,5,4
10239,879,6,27935.73,3,5,4
1035,879,7,35530.58,3,5,5
5123,879,7,37603.23,3,5,5
1767,879,7,44002.71,3,5,5
1629,879,7,57704.0,3,5,5
6244,878,2,7026.31,3,1,1
337,878,2,11145.13,3,1,2
6463,878,3,6921.97,3,2,1
5326,878,3,9759.23,3,2,1
2961,878,3,13462.99,3,2,2
236,878,3,17278.58,3,2,3
7882,878,3,18386.75,3,2,3
10096,878,3,21692.31,3,3,3
6994,878,3,21773.77,3,3,3
1188,878,4,12891.89,3,3,2
1870,878,4,15135.58,3,3,2
5205,878,4,16748.6,3,3,3
6181,878,4,18604.56,3,3,3
7983,878,4,18606.36,3,3,3
8398,878,4,21091.9,3,3,3
8949,878,4,21720.93,3,3,3
8281,878,4,22154.92,3,3,3
3127,878,4,25699.48,3,3,4
7665,878,4,26847.41,3,4,4
3198,878,4,32467.23,3,4,5
9047,878,4,34331.51,3,4,5
9579,878,5,21238.51,3,4,3
4093,878,5,27951.6,3,4,4
11471,878,5,31015.14,3,4,4
7486,878,5,39597.85,3,4,5
3112,878,6,22193.19,3,5,3
8480,878,6,26504.02,3,5,4
1633,878,6,28654.84,3,5,4
4931,878,6,40281.96,3,5,5
11753,878,6,40740.26,3,5,5
7059,878,7,50029.48,3,5,5
4197,878,8,25366.44,3,5,4
6643,877,1,161.68,3,1,1
2233,877,2,2114.32,3,1,1
6341,877,2,2325.37,3,1,1
7899,877,2,4081.44,3,1,1
8895,877,2,8023.02,3,1,1
3115,877,2,10050.01,3,1,2
452,877,2,18640.33,3,2,3
1596,877,2,24363.93,3,2,4
283,877,3,10790.51,3,2,2
9155,877,3,16397.09,3,2,3
1821,877,3,18026.23,3,2,3
8759,877,3,18506.19,3,2,3
2954,877,4,17588.29,3,3,3
264,877,4,19894.77,3,3,3
10104,877,4,21179.74,3,3,3
1910,877,4,28343.81,3,4,4
9298,877,5,18839.18,3,4,3
11293,877,5,27811.24,3,4,4
4365,877,5,34327.61,3,4,5
2548,877,6,28411.95,3,5,4
5036,877,6,29010.18,3,5,4
8779,877,7,47485.54,3,5,5
11686,876,1,8656.88,3,1,1
10079,876,2,1736.71,3,1,1
6222,876,2,5841.67,3,1,1
6623,876,2,6132.54,3,1,1
8069,876,2,9007.05,3,1,1
767,876,2,15010.97,3,2,2
9753,876,3,5354.52,3,2,1
10480,876,3,6348.68,3,2,1
10563,876,3,13197.19,3,2,2
3019,876,3,18026.77,3,2,3
4195,876,3,23721.89,3,3,4
8183,876,3,26308.28,3,3,4
9076,876,3,30001.5,3,3,4
6114,876,4,16655.37,3,3,3
5995,876,4,17351.36,3,3,3
10610,876,4,18483.27,3,3,3
11796,876,4,20253.79,3,3,3
9612,876,4,21734.1,3,3,3
4569,876,4,22303.29,3,3,3
5793,876,4,22924.22,3,3,4
10264,876,4,25664.1,3,3,4
7494,876,5,15564.04,3,4,2
3236,876,5,23978.98,3,4,4
5628,876,6,45872.37,3,5,5
8872,876,8,62117.38,3,5,5
5588,876,9,39019.89,3,5,5
11116,875,1,1948.44,3,1,1
217,875,1,2029.78,3,1,1
3740,875,2,4489.99,3,1,1
8609,875,2,7641.36,3,1,1
10832,875,2,8387.47,3,1,1
879,875,2,9105.13,3,1,1
7456,875,2,12305.08,3,1,2
11058,875,3,7454.74,3,2,1
5322,875,3,13238.33,3,2,2
487,875,3,13734.12,3,2,2
1680,875,3,29696.1,3,3,4
1317,875,4,13017.87,3,3,2
9625,875,4,15370.72,3,3,2
7627,875,4,24060.6,3,3,4
6241,875,4,28555.56,3,4,4
480,875,4,36757.06,3,4,5
6809,875,5,11836.91,3,4,2
2655,875,5,20864.52,3,4,3
6847,875,5,31108.99,3,4,4
6260,875,5,35188.38,3,4,5
5807,875,5,42819.13,3,5,5
5592,875,6,23360.94,3,5,4
8656,875,6,28928.14,3,5,4
4141,875,6,32209.14,3,5,5
10088,875,7,33625.66,3,5,5
4992,875,8,38313.82,3,5,5
5670,875,9,80359.13,3,5,5
9172,874,2,1628.44,3,1,1
285,874,2,17855.28,3,2,3
4595,874,3,8226.28,3,2,1
8138,874,3,9134.03,3,2,1
7474,874,3,9282.93,3,2,1
3766,874,3,12083.75,3,2,2
11755,874,3,14492.78,3,2,2
7045,874,3,17007.44,3,2,3
6034,874,3,17935.26,3,2,3
8279,874,3,26843.13,3,3,4
1457,874,4,6807.58,3,3,1
5843,874,4,26037.07,3,3,4
5432,874,5,19250.75,3,4,3
3724,874,5,20496.3,3,4,3
9585,874,5,26406.44,3,4,4
3681,874,5,27227.58,3,4,4
2852,874,5,45768.18,3,5,5
8332,874,6,16217.95,3,5,3
7626,874,7,41718.67,3,5,5
3079,874,7,53902.7,3,5,5
9250,874,8,51802.1,3,5,5
3148,873,2,6514.42,3,1,1
8265,873,2,10911.44,3,1,2
1373,873,2,17909.37,3,2,3
7712,873,2,20053.6,3,2,3
2744,873,3,8076.19,3,2,1
932,873,3,12107.65,3,2,2
4585,873,3,21496.36,3,3,3
7290,873,4,12119.61,3,3,2
669,873,4,12366.73,3,3,2
10605,873,4,20533.83,3,3,3
2437,873,4,21620.19,3,3,3
10176,873,4,27729.48,3,4,4
3705,873,4,31267.22,3,4,4
9624,873,4,32717.53,3,4,5
3848,873,4,34903.17,3,4,5
4178,873,5,23745.64,3,4,4
3041,873,5,26048.69,3,4,4
2285,873,5,30329.22,3,4,4
6886,873,5,32418.82,3,4,5
10841,873,5,32659.73,3,4,5
5837,873,5,37383.07,3,4,5
11772,873,5,47665.12,3,5,5
1569,873,6,40537.22,3,5,5
9647,873,7,51039.94,3,5,5
476,873,8,60027.01,3,5,5
11726,872,1,2123.08,3,1,1
4557,872,1,2279.38,3,1,1
3263,872,2,2799.92,3,1,1
11054,872,2,10059.15,3,1,2
8158,872,2,17533.54,3,2,3
1543,872,2,18455.99,3,2,3
3958,872,2,18519.66,3,2,3
2937,872,3,11877.56,3,2,2
2674,872,3,14923.2,3,2,2
9427,872,3,16811.15,3,2,3
4317,872,3,17982.93,3,2,3
5295,872,3,25143.76,3,3,4
6807,872,4,17497.64,3,3,3
11870,872,4,19820.21,3,3,3
5804,872,4,23998.59,3,3,4
5736,872,4,31466.13,3,4,4
4193,872,5,14765.46,3,4,2
3947,872,5,29196.6,3,4,4
9338,872,5,34332.9,3,4,5
8056,872,5,35939.59,3,4,5
408,872,5,44540.63,3,5,5
10500,872,5,48210.8,3,5,5
3633,872,6,13915.77,3,5,2
7478,872,6,25740.0,3,5,4
3109,872,6,42950.33,3,5,5
7849,872,6,54076.96,3,5,5
4423,872,7,22846.56,3,5,4
6685,872,7,38330.29,3,5,5
9403,872,8,43531.81,3,5,5
8390,872,8,45828.95,3,5,5
11259,872,11,61648.76,3,5,5
8175,871,1,6638.89,3,1,1
10154,871,2,3781.05,3,1,1
8290,871,2,6685.68,3,1,1
3533,871,3,6966.57,3,2,1
6215,871,3,9292.57,3,2,1
1642,871,3,10279.18,3,2,2
8151,871,3,14734.85,3,2,2
3001,871,4,16809.42,3,3,3
11466,871,4,20650.73,3,3,3
6204,871,4,26985.0,3,4,4
7785,871,4,28644.28,3,4,4
9279,871,4,32245.29,3,4,5
11656,871,5,16463.01,3,4,3
2152,871,5,16997.7,3,4,3
4248,871,5,28960.94,3,4,4
8986,871,6,27474.44,3,5,4
5174,871,6,37721.49,3,5,5
7380,871,7,38895.81,3,5,5
2550,870,2,12741.73,3,1,2
3773,870,3,10223.97,3,2,2
7324,870,3,17814.63,3,2,3
11249,870,3,21311.6,3,3,3
1509,870,3,21830.93,3,3,3
1095,870,4,12954.33,3,3,2
2174,870,4,18480.76,3,3,3
1668,870,4,18486.2,3,3,3
908,870,4,24226.89,3,3,4
459,870,4,25640.13,3,3,4
11529,870,4,37691.71,3,4,5
9135,870,4,38484.94,3,4,5
6464,870,5,12392.58,3,4,2
4913,870,5,28195.88,3,4,4
3166,870,5,31252.56,3,4,4
2363,870,5,38578.7,3,4,5
2136,870,5,51941.0,3,5,5
11205,870,6,26564.89,3,5,4
2560,870,6,31249.44,3,5,4
7601,870,6,47120.05,3,5,5
11461,870,7,40643.5,3,5,5
7738,870,7,42838.55,3,5,5
5485,870,7,50094.85,3,5,5
11042,870,10,55393.97,3,5,5
9264,869,1,4225.6,3,1,1
1305,869,1,4785.86,3,1,1
3619,869,2,6117.34,3,1,1
794,869,2,6299.6,3,1,1
5279,869,2,12871.53,3,2,2
3261,869,2,15222.95,3,2,2
7114,869,3,6621.04,3,2,1
5927,869,3,9420.28,3,2,1
4315,869,3,13072.21,3,2,2
6513,869,3,16288.94,3,2,3
6411,869,3,18898.71,3,2,3
214,869,3,20481.78,3,3,3
5651,869,3,22267.9,3,3,3
1176,869,3,28108.68,3,3,4
11929,869,4,8672.37,3,3,1
11563,869,4,17791.28,3,3,3
9867,869,4,20480.34,3,3,3
4133,869,4,21863.11,3,3,3
10295,869,4,21901.96,3,3,3
8371,869,4,24047.44,3,3,4
5178,869,5,20013.78,3,4,3
7103,869,5,25661.21,3,4,4
9379,869,5,34624.04,3,4,5
10196,869,5,41705.28,3,5,5
8040,869,6,23704.08,3,5,4
9845,869,6,35922.23,3,5,5
1099,869,6,36256.58,3,5,5
3313,869,6,44537.07,3,5,5
3673,869,7,35836.61,3,5,5
9934,869,7,42184.03,3,5,5
3209,868,1,5596.94,3,1,1
5858,868,2,1917.54,3,1,1
2698,868,2,6756.11,3,1,1
849,868,2,7236.01,3,1,1
2511,868,2,8912.15,3,1,1
9521,868,2,9540.44,3,1,1
2185,868,2,13575.24,3,2,2
11237,868,2,13726.71,3,2,2
7744,868,2,14992.51,3,2,2
9045,868,3,8019.44,3,2,1
5503,868,3,11520.91,3,2,2
8130,868,3,18031.62,3,2,3
8288,868,3,29584.31,3,3,4
10344,868,4,14373.64,3,3,2
9890,868,4,17044.08,3,3,3
7381,868,4,17926.18,3,3,3
9054,868,4,18665.46,3,3,3
8901,868,4,20095.81,3,3,3
11153,868,4,25324.12,3,3,4
5175,868,5,10381.34,3,4,2
9106,868,5,21791.44,3,4,3
9535,868,5,25154.82,3,4,4
3354,868,5,37093.17,3,4,5
10287,868,5,39884.14,3,4,5
5146,868,5,48810.21,3,5,5
10170,868,5,52756.91,3,5,5
8469,868,6,24277.41,3,5,4
3062,868,6,32576.21,3,5,5
5980,868,6,34904.81,3,5,5
716,868,6,35886.98,3,5,5
6059,868,6,43604.0,3,5,5
5725,868,7,29312.52,3,5,4
3045,868,7,29577.26,3,5,4
3560,868,7,35030.87,3,5,5
7305,868,7,35325.29,3,5,5
8798,868,7,49194.85,3,5,5
3813,868,8,40252.29,3,5,5
8285,867,1,1910.01,3,1,1
880,867,2,5135.99,3,1,1
2493,867,2,7393.52,3,1,1
10806,867,2,7422.56,3,1,1
8498,867,2,10936.51,3,1,2
6997,867,2,12138.7,3,1,2
5643,867,2,12776.33,3,1,2
2464,867,2,15342.9,3,2,2
8232,867,3,6823.87,3,2,1
11159,867,3,8892.93,3,2,1
156,867,3,12349.01,3,2,2
10589,867,3,13236.25,3,2,2
3383,867,3,15734.82,3,2,2
2461,867,3,16672.43,3,2,3
2688,867,4,11512.9,3,3,2
753,867,4,13095.97,3,3,2
11203,867,4,15171.26,3,3,2
2576,867,4,18478.48,3,3,3
1474,867,4,19724.43,3,3,3
4991,867,4,20288.32,3,3,3
10242,867,4,21561.64,3,3,3
8633,867,4,21575.26,3,3,3
972,867,4,24911.17,3,3,4
2112,867,4,26808.73,3,4,4
1122,867,5,16581.96,3,4,3
1880,867,5,19102.43,3,4,3
9161,867,5,23945.47,3,4,4
1930,867,6,20116.18,3,5,3
3846,867,6,24939.64,3,5,4
5754,867,6,37638.38,3,5,5
4063,867,6,39343.74,3,5,5
8670,867,6,42602.48,3,5,5
9477,867,7,32696.03,3,5,5
5650,867,7,34885.75,3,5,5
10979,867,9,31786.57,3,5,5
5024,866,2,6584.52,3,1,1
7202,866,2,8521.06,3,1,1
9824,866,2,10073.41,3,1,2
11644,866,3,6044.55,3,2,1
10933,866,3,8066.34,3,2,1
5990,866,3,8537.9,3,2,1
11356,866,3,11794.23,3,2,2
9864,866,3,12723.72,3,2,2
4974,866,3,13789.86,3,2,2
6763,866,3,19050.09,3,2,3
1329,866,3,28932.16,3,3,4
9575,866,3,35208.45,3,3,5
1900,866,4,10179.84,3,3,2
10936,866,4,16214.57,3,3,3
607,866,4,17280.17,3,3,3
463,866,4,28014.12,3,4,4
8989,866,4,28249.93,3,4,4
10731,866,5,12595.89,3,4,2
3583,866,5,17573.61,3,4,3
1463,866,5,25335.95,3,4,4
6390,866,5,28493.13,3,4,4
1995,866,5,33941.72,3,4,5
533,866,5,35865.89,3,4,5
9734,866,5,37020.85,3,4,5
11048,866,6,31609.7,3,5,4
6969,866,6,32792.66,3,5,5
9609,866,7,29692.5,3,5,4
7168,866,7,42357.14,3,5,5
5645,866,7,45412.01,3,5,5
9590,866,7,49435.39,3,5,5
5755,865,1,5533.77,3,1,1
10821,865,1,10840.03,3,1,2
877,865,2,6363.51,3,1,1
1697,865,2,9096.07,3,1,1
4252,865,3,6190.82,3,2,1
5453,865,3,7209.13,3,2,1
10955,865,3,7906.55,3,2,1
5745,865,3,8878.82,3,2,1
10958,865,3,10305.66,3,2,2
11401,865,3,10981.48,3,2,2
8639,865,3,12024.24,3,2,2
2391,865,3,16070.13,3,2,2
4412,865,3,17975.47,3,2,3
5093,865,3,18695.65,3,2,3
4978,865,3,22310.52,3,3,3
4290,865,4,19108.04,3,3,3
1840,865,4,23411.9,3,3,4
3368,865,4,23444.07,3,3,4
9729,865,4,26265.83,3,4,4
10335,865,4,27204.26,3,4,4
11966,865,4,28687.84,3,4,4
479,865,4,36862.07,3,4,5
3838,865,5,18252.32,3,4,3
8243,865,5,24636.44,3,4,4
7095,865,5,28730.78,3,4,4
367,865,5,37317.11,3,4,5
3047,865,5,37498.26,3,4,5
4150,865,5,46393.24,3,5,5
5430,865,6,21298.16,3,5,3
1735,865,6,37654.18,3,5,5
6232,865,7,30529.19,3,5,4
1663,864,1,4625.46,3,1,1
10488,864,1,7269.33,3,1,1
9372,864,2,7289.37,3,1,1
3411,864,2,10690.63,3,1,2
10805,864,2,11415.65,3,1,2
6485,864,2,14974.71,3,2,2
3686,864,2,17733.14,3,2,3
10701,864,2,17753.37,3,2,3
3952,864,2,21937.7,3,2,3
7191,864,3,9608.24,3,2,1
2872,864,3,16148.51,3,2,3
6948,864,3,16516.67,3,2,3
2133,864,3,18564.08,3,2,3
3579,864,3,23541.66,3,3,4
297,864,4,9444.46,3,3,1
241,864,4,12323.55,3,3,2
11073,864,4,18148.65,3,3,3
690,864,4,22107.83,3,3,3
6611,864,4,27132.6,3,4,4
6568,864,4,27568.74,3,4,4
8688,864,4,27991.24,3,4,4
10218,864,4,32121.86,3,4,5
7042,864,5,19610.81,3,4,3
9738,864,5,24899.42,3,4,4
7082,864,5,27284.77,3,4,4
11331,864,5,36518.42,3,4,5
2081,864,6,24493.31,3,5,4
1070,864,6,37382.3,3,5,5
2685,864,7,29590.05,3,5,4
2388,864,9,46581.26,3,5,5
2371,863,2,11707.63,3,1,2
8442,863,3,10133.01,3,2,2
11824,863,3,10941.81,3,2,2
6271,863,3,11319.01,3,2,2
4125,863,3,11725.83,3,2,2
8925,863,3,14855.23,3,2,2
2085,863,3,20682.94,3,3,3
5085,863,4,13373.69,3,3,2
6144,863,4,19628.29,3,3,3
5511,863,4,27015.7,3,4,4
3931,863,4,27785.63,3,4,4
2422,863,4,28263.84,3,4,4
5627,863,5,14509.79,3,4,2
5617,863,5,16709.43,3,4,3
10141,863,5,21455.12,3,4,3
7193,863,5,22884.9,3,4,4
8101,863,5,26145.22,3,4,4
11974,863,6,15792.36,3,5,2
4852,863,7,25673.57,3,5,4
2323,863,7,31976.45,3,5,5
3519,863,7,65405.76,3,5,5
1108,863,8,67674.67,3,5,5
2500,862,1,3504.25,3,1,1
2033,862,2,5789.75,3,1,1
11808,862,2,9034.1,3,1,1
10432,862,3,5519.25,3,2,1
3997,862,3,10730.7,3,2,2
8222,862,3,10962.91,3,2,2
5933,862,3,12573.06,3,2,2
10192,862,3,16086.41,3,2,2
4409,862,3,16524.56,3,2,3
3680,862,3,20081.35,3,3,3
7138,862,3,22813.48,3,3,4
6679,862,4,9480.91,3,3,1
6539,862,4,14463.46,3,3,2
7453,862,4,17890.75,3,3,3
6613,862,4,19970.18,3,3,3
5750,862,4,25575.23,3,3,4
2625,862,4,26616.8,3,4,4
751,862,4,27211.42,3,4,4
10041,862,4,35335.05,3,4,5
4445,862,4,44500.02,3,4,5
10070,862,5,20164.17,3,4,3
2534,862,5,38041.33,3,4,5
11900,862,6,24841.15,3,5,4
11264,862,6,28511.24,3,5,4
7172,862,7,52877.12,3,5,5
8134,861,1,681.68,3,1,1
9737,861,1,10935.33,3,1,2
9750,861,2,7808.93,3,1,1
4401,861,2,9073.09,3,1,1
240,861,2,11680.53,3,1,2
9606,861,2,12237.4,3,1,2
11993,861,2,13765.56,3,2,2
3505,861,2,17235.67,3,2,3
5083,861,2,17318.63,3,2,3
11937,861,3,11656.01,3,2,2
9499,861,3,15715.62,3,2,2
8187,861,3,16292.27,3,2,3
5907,861,3,18253.37,3,2,3
9118,861,3,20774.15,3,3,3
10749,861,4,15504.94,3,3,2
4148,861,4,17859.05,3,3,3
8517,861,4,23221.3,3,3,4
5182,861,4,27275.49,3,4,4
5337,861,4,28526.11,3,4,4
697,861,4,33772.11,3,4,5
5648,861,5,15943.93,3,4,2
4820,861,5,27262.08,3,4,4
5965,861,5,28918.47,3,4,4
2099,861,5,29320.33,3,4,4
1765,861,5,32472.94,3,4,5
1694,861,6,21145.25,3,5,3
2563,861,6,27270.48,3,5,4
4842,861,6,29048.7,3,5,4
10076,861,6,32215.65,3,5,5
8864,861,6,33696.99,3,5,5
1101,861,6,39691.2,3,5,5
7540,861,8,59638.33,3,5,5
3076,861,10,43399.37,3,5,5
10682,861,10,46484.99,3,5,5
1831,861,10,60748.03,3,5,5
3274,860,1,13016.7,3,1,2
1119,860,2,4451.34,3,1,1
10740,860,2,5823.55,3,1,1
6000,860,2,7149.63,3,1,1
3658,860,2,8585.6,3,1,1
10166,860,2,12912.13,3,2,2
5623,860,3,7157.73,3,2,1
5278,860,3,9659.79,3,2,1
11609,860,3,14203.37,3,2,2
11720,860,3,18057.0,3,2,3
10049,860,3,18338.09,3,2,3
739,860,3,20592.98,3,3,3
4360,860,3,24733.97,3,3,4
7756,860,3,26633.12,3,3,4
10773,860,4,17071.39,3,3,3
8687,860,4,19595.53,3,3,3
3400,860,4,31222.14,3,4,4
10236,860,4,32945.42,3,4,5
8126,860,5,16816.16,3,4,3
2692,860,5,24694.9,3,4,4
10680,860,5,24929.89,3,4,4
2300,860,5,26573.76,3,4,4
8082,860,5,31901.49,3,4,5
7347,860,5,45777.79,3,5,5
2241,860,5,50158.3,3,5,5
8805,860,6,48767.8,3,5,5
3032,860,7,27639.43,3,5,4
11448,859,2,5830.08,3,1,1
5339,859,2,15701.48,3,2,2
1522,859,2,16377.7,3,2,3
11318,859,2,17872.3,3,2,3
8245,859,2,24550.58,3,2,4
6092,859,3,6256.49,3,2,1
6689,859,3,13513.85,3,2,2
7285,859,3,16311.77,3,2,3
4768,859,3,17853.12,3,2,3
11015,859,4,7958.48,3,3,1
3684,859,4,8481.73,3,3,1
7828,859,4,12893.24,3,3,2
9339,859,4,12996.88,3,3,2
45,859,4,16286.21,3,3,3
768,859,4,16713.14,3,3,3
11511,859,4,24189.02,3,3,4
6364,859,4,25304.06,3,3,4
7516,859,4,27366.55,3,4,4
5797,859,4,27553.07,3,4,4
992,859,4,28062.71,3,4,4
3027,859,4,29788.58,3,4,4
3735,859,4,41079.84,3,4,5
6240,859,5,19823.04,3,4,3
4507,859,5,23110.35,3,4,4
8476,859,5,28283.53,3,4,4
4376,859,5,29583.3,3,4,4
3463,859,5,31102.69,3,4,4
8697,859,5,42938.21,3,5,5
8451,859,6,30526.33,3,5,4
2892,859,8,44178.73,3,5,5
1667,858,1,6900.24,3,1,1
2138,858,2,4392.37,3,1,1
8928,858,2,7388.25,3,1,1
1645,858,2,8618.0,3,1,1
2824,858,2,13561.52,3,2,2
9523,858,2,14721.58,3,2,2
4603,858,3,9899.65,3,2,2
2271,858,3,13643.21,3,2,2
5334,858,3,14692.08,3,2,2
10587,858,3,36601.24,3,3,5
1687,858,3,44878.67,3,3,5
10928,858,4,13101.1,3,3,2
11642,858,4,15449.78,3,3,2
6008,858,4,17711.37,3,3,3
2195,858,4,17799.89,3,3,3
3502,858,4,17858.13,3,3,3
7842,858,4,18912.21,3,3,3
5245,858,4,29129.98,3,4,4
10398,858,5,11788.49,3,4,2
5211,858,5,13724.66,3,4,2
8910,858,5,20542.66,3,4,3
5825,858,5,20996.46,3,4,3
6752,858,5,23878.09,3,4,4
74,858,5,26529.35,3,4,4
9261,858,5,27853.15,3,4,4
9815,858,5,35361.77,3,4,5
5556,858,7,25565.42,3,5,4
6350,858,7,33656.36,3,5,5
2126,858,11,80054.16,3,5,5
9324,857,3,4405.91,3,2,1
6424,857,3,12915.75,3,2,2
7572,857,3,15184.07,3,2,2
7451,857,3,19733.9,3,3,3
8678,857,3,19779.05,3,3,3
10802,857,3,20186.3,3,3,3
6500,857,3,23333.3,3,3,4
10938,857,4,7476.54,3,3,1
6595,857,4,11349.31,3,3,2
2007,857,4,15045.91,3,3,2
10597,857,4,17050.52,3,3,3
3936,857,4,17058.39,3,3,3
5524,857,4,20716.06,3,3,3
779,857,4,23755.46,3,3,4
6914,857,4,33625.02,3,4,5
3424,857,4,42878.28,3,4,5
6644,857,5,8926.07,3,4,1
6723,857,5,16542.1,3,4,3
9650,857,5,20842.0,3,4,3
4366,857,5,22860.19,3,4,4
7883,857,5,25538.16,3,4,4
3435,857,5,27171.36,3,4,4
5887,857,5,29419.45,3,4,4
9611,857,6,19309.14,3,5,3
10175,857,6,22176.39,3,5,3
7888,857,6,27419.0,3,5,4
6772,857,6,39900.59,3,5,5
10406,857,6,42669.04,3,5,5
1334,857,6,49709.97,3,5,5
4981,856,1,112.14,3,1,1
1788,856,1,1346.4,3,1,1
6971,856,1,2180.17,3,1,1
7946,856,2,2763.06,3,1,1
3887,856,2,7708.18,3,1,1
5315,856,2,8745.7,3,1,1
11562,856,3,5924.36,3,2,1
8530,856,3,10892.63,3,2,2
7999,856,3,11866.77,3,2,2
10378,856,3,13012.66,3,2,2
7140,856,3,14949.82,3,2,2
3014,856,3,18324.15,3,2,3
4219,856,3,18933.46,3,2,3
11360,856,3,20266.19,3,3,3
4555,856,3,29189.01,3,3,4
247,856,4,4944.53,3,3,1
6466,856,4,6402.13,3,3,1
9973,856,4,9887.71,3,3,1
4109,856,4,13202.15,3,3,2
2643,856,4,17612.29,3,3,3
3960,856,4,21156.74,3,3,3
9547,856,4,22273.03,3,3,3
8394,856,4,24073.93,3,3,4
4338,856,4,24558.2,3,3,4
4425,856,5,9921.85,3,4,2
916,856,5,21257.16,3,4,3
5883,856,5,38131.6,3,4,5
7303,856,6,24837.16,3,5,4
9827,856,6,26677.57,3,5,4
2507,856,6,45501.18,3,5,5
6004,856,7,41338.11,3,5,5
10986,856,8,48048.51,3,5,5
7373,856,10,76432.32,3,5,5
9166,855,1,3910.7,3,1,1
11985,855,2,4342.3,3,1,1
782,855,2,8397.89,3,1,1
2220,855,2,9128.73,3,1,1
7817,855,2,13960.47,3,2,2
6995,855,2,16007.28,3,2,2
10639,855,3,10127.64,3,2,2
7697,855,3,13201.17,3,2,2
10180,855,3,14131.36,3,2,2
7518,855,3,14652.04,3,2,2
3859,855,3,16342.85,3,2,3
4256,855,3,16691.39,3,2,3
1950,855,3,17659.3,3,2,3
9425,855,3,17731.52,3,2,3
4096,855,3,25210.21,3,3,4
897,855,3,30106.64,3,3,4
11716,855,4,17464.79,3,3,3
10593,855,4,18672.7,3,3,3
10863,855,4,21019.95,3,3,3
7405,855,4,21191.99,3,3,3
3282,855,4,21697.21,3,3,3
10407,855,5,19452.85,3,4,3
3994,855,5,24258.14,3,4,4
563,855,5,31279.05,3,4,4
4779,855,6,42385.29,3,5,5
4689,855,6,51029.25,3,5,5
8655,855,6,56031.9,3,5,5
8039,855,7,32084.52,3,5,5
10163,855,7,39965.03,3,5,5
8068,855,7,45082.69,3,5,5
5845,855,7,66112.38,3,5,5
2682,855,8,37074.38,3,5,5
1472,855,8,67761.75,3,5,5
6305,854,1,6742.16,3,1,1
9239,854,1,12072.63,3,1,2
173,854,2,3215.8,3,1,1
6510,854,2,6146.8,3,1,1
2191,854,2,6163.14,3,1,1
3025,854,2,6229.59,3,1,1
8791,854,2,6641.22,3,1,1
4514,854,2,6709.72,3,1,1
2993,854,2,8199.55,3,1,1
8909,854,2,11199.12,3,1,2
11739,854,2,11636.49,3,1,2
99,854,2,14385.49,3,2,2
11963,854,3,11018.58,3,2,2
2557,854,3,11615.09,3,2,2
6261,854,3,11833.69,3,2,2
2308,854,3,12680.0,3,2,2
4619,854,3,14177.39,3,2,2
3907,854,3,15267.44,3,2,2
10895,854,3,15793.8,3,2,2
8785,854,3,18141.63,3,2,3
3009,854,3,18477.82,3,2,3
8272,854,4,13377.82,3,3,2
316,854,4,15010.0,3,3,2
9522,854,4,16297.07,3,3,3
3891,854,4,20502.63,3,3,3
1347,854,4,22648.06,3,3,3
7603,854,4,24683.18,3,3,4
5703,854,4,24715.52,3,3,4
4803,854,4,26922.05,3,4,4
6874,854,4,27348.72,3,4,4
10501,854,4,30055.74,3,4,4
6128,854,4,30435.1,3,4,4
6171,854,5,14241.7,3,4,2
4541,854,5,15917.29,3,4,2
8803,854,5,17302.11,3,4,3
8148,854,5,21741.1,3,4,3
10658,854,5,23515.87,3,4,4
7428,854,5,23988.94,3,4,4
11036,854,5,26807.14,3,4,4
42,854,5,30925.45,3,4,4
6654,854,5,34335.89,3,4,5
8635,854,5,37874.18,3,4,5
5776,854,5,38316.08,3,4,5
6277,854,6,18770.71,3,5,3
1963,854,6,20786.54,3,5,3
8584,854,6,33695.9,3,5,5
11938,854,6,35035.05,3,5,5
7070,854,6,40974.78,3,5,5
8521,854,7,30904.44,3,5,4
6660,854,8,29579.03,3,5,4
7510,854,8,47568.53,3,5,5
7230,854,8,48004.11,3,5,5
5789,853,1,1680.8,3,1,1
7824,853,1,1791.0,3,1,1
11862,853,1,8028.16,3,1,1
11800,853,2,3046.53,3,1,1
8289,853,2,11436.96,3,1,2
8575,853,2,15103.83,3,2,2
8956,853,3,10556.31,3,2,2
9184,853,3,12087.31,3,2,2
5113,853,3,13586.03,3,2,2
953,853,3,16773.14,3,2,3
10366,853,3,18362.32,3,2,3
546,853,3,24640.42,3,3,4
2223,853,3,25286.04,3,3,4
8765,853,3,32616.72,3,3,5
5861,853,4,13504.37,3,3,2
6302,853,4,14657.93,3,3,2
2865,853,4,16072.89,3,3,2
11235,853,4,16183.8,3,3,3
2378,853,4,21602.83,3,3,3
550,853,4,22351.08,3,3,3
6850,853,4,26263.28,3,4,4
5004,853,4,28470.17,3,4,4
4821,853,5,17780.51,3,4,3
6211,853,5,24389.91,3,4,4
4921,853,5,24839.54,3,4,4
11579,853,5,25100.33,3,4,4
6502,853,5,29777.01,3,4,4
11926,853,5,30074.09,3,4,4
2280,853,6,20053.38,3,5,3
1515,853,6,27331.02,3,5,4
7348,853,7,30870.98,3,5,4
561,853,8,32310.13,3,5,5
9420,852,1,893.28,3,1,1
6602,852,1,5607.89,3,1,1
7221,852,2,5438.02,3,1,1
11274,852,2,7536.27,3,1,1
3083,852,2,7831.22,3,1,1
1760,852,2,9968.4,3,1,2
8115,852,2,14000.8,3,2,2
7796,852,3,10372.19,3,2,2
11604,852,3,11413.27,3,2,2
3319,852,3,13977.6,3,2,2
1818,852,3,15610.5,3,2,2
4457,852,3,15614.32,3,2,2
7003,852,3,16330.1,3,2,3
7936,852,3,18883.26,3,2,3
3943,852,3,25647.18,3,3,4
7117,852,4,21872.76,3,3,3
1011,852,4,26983.28,3,4,4
9001,852,4,29945.96,3,4,4
5347,852,5,11509.9,3,4,2
10032,852,5,16970.67,3,4,3
10000,852,5,24214.07,3,4,4
6555,852,5,28272.28,3,4,4
138,852,5,37663.42,3,4,5
2607,852,5,40369.98,3,4,5
6025,852,7,31089.14,3,5,4
2042,852,7,32820.25,3,5,5
11380,852,7,40421.43,3,5,5
10167,851,2,5431.07,3,1,1
3534,851,2,7395.21,3,1,1
3150,851,3,13379.36,3,2,2
4204,851,3,16100.22,3,2,2
9881,851,3,19962.75,3,3,3
8555,851,3,19970.88,3,3,3
11168,851,3,23472.93,3,3,4
5030,851,3,29664.66,3,3,4
4529,851,3,40205.17,3,3,5
10115,851,4,11579.67,3,3,2
8887,851,4,12945.07,3,3,2
7632,851,4,15984.34,3,3,2
1355,851,4,18223.89,3,3,3
6065,851,4,18473.38,3,3,3
1960,851,4,19698.4,3,3,3
7966,851,4,22686.54,3,3,3
3719,851,4,25540.93,3,3,4
318,851,4,29034.2,3,4,4
4988,851,4,37388.55,3,4,5
2294,851,5,22276.17,3,4,3
2228,851,5,25629.04,3,4,4
3327,851,6,21970.7,3,5,3
6525,851,6,30629.53,3,5,4
6789,851,6,30688.33,3,5,4
5355,851,6,50165.49,3,5,5
1789,851,7,26472.55,3,5,4
5613,851,7,41611.59,3,5,5
191,851,7,54224.65,3,5,5
10062,851,8,33904.77,3,5,5
3367,851,8,36634.46,3,5,5
3714,851,8,43215.87,3,5,5
10050,851,9,47034.21,3,5,5
9328,851,9,51085.73,3,5,5
4522,851,9,74955.38,3,5,5
11773,850,1,3323.01,3,1,1
9893,850,2,7422.06,3,1,1
9258,850,2,10965.31,3,1,2
7670,850,2,11661.01,3,1,2
7344,850,2,15005.87,3,2,2
9849,850,2,15520.49,3,2,2
11099,850,2,19440.21,3,2,3
2444,850,3,3091.6,3,2,1
11592,850,3,16726.73,3,2,3
2056,850,3,17137.66,3,2,3
3015,850,3,19597.31,3,2,3
10330,850,3,22226.14,3,3,3
338,850,3,22681.07,3,3,3
466,850,4,35413.06,3,4,5
9332,850,4,36310.01,3,4,5
2352,850,5,21250.85,3,4,3
1807,850,5,24790.41,3,4,4
5542,850,5,25597.08,3,4,4
11319,850,5,26906.07,3,4,4
1609,850,5,35019.69,3,4,5
8367,850,5,37036.13,3,4,5
6245,850,6,25376.0,3,5,4
3822,850,6,27442.71,3,5,4
7496,850,7,20152.86,3,5,3
10405,850,7,38779.71,3,5,5
10847,850,7,49946.53,3,5,5
9293,850,8,48231.57,3,5,5
8161,850,9,62237.37,3,5,5
1325,849,2,2532.07,3,1,1
1655,849,2,7243.45,3,1,1
5585,849,2,14036.6,3,2,2
9796,849,3,7394.23,3,2,1
869,849,3,12203.72,3,2,2
11100,849,3,13810.12,3,2,2
4793,849,3,15849.5,3,2,2
1467,849,3,18685.14,3,2,3
1921,849,3,21007.55,3,3,3
9468,849,4,7800.5,3,3,1
8023,849,4,13842.89,3,3,2
85,849,4,14528.16,3,3,2
3117,849,4,18257.37,3,3,3
10390,849,4,18718.88,3,3,3
1846,849,4,19220.32,3,3,3
6398,849,4,20511.17,3,3,3
4509,849,4,23514.0,3,3,4
2049,849,4,26412.28,3,4,4
8467,849,4,26938.28,3,4,4
9842,849,4,38789.62,3,4,5
8849,849,5,15194.28,3,4,2
6050,849,5,20702.72,3,4,3
8583,849,5,23464.74,3,4,4
9714,849,5,29229.94,3,4,4
8298,849,5,37652.89,3,4,5
10452,849,6,30649.66,3,5,4
7550,849,6,31694.07,3,5,4
7610,849,6,35995.84,3,5,5
6631,849,6,45582.9,3,5,5
4414,849,6,53958.23,3,5,5
11788,849,7,27641.19,3,5,4
7998,849,7,33937.87,3,5,5
10591,849,7,36516.67,3,5,5
8420,849,7,44995.3,3,5,5
8565,848,1,6633.12,3,1,1
4644,848,2,6669.59,3,1,1
5988,848,2,8219.2,3,1,1
88,848,2,14788.58,3,2,2
10134,848,2,18283.58,3,2,3
7307,848,3,7198.3,3,2,1
7424,848,3,18710.18,3,2,3
4475,848,3,19585.08,3,2,3
766,848,3,19791.39,3,3,3
11653,848,4,7471.71,3,3,1
4638,848,4,16062.18,3,3,2
68,848,4,16726.08,3,3,3
4732,848,4,17510.0,3,3,3
4939,848,4,33931.22,3,4,5
1408,848,4,41347.73,3,4,5
5037,848,5,29314.43,3,4,4
2295,848,5,36816.55,3,4,5
6157,848,5,36993.2,3,4,5
1308,848,5,38443.85,3,4,5
6945,848,6,31615.59,3,5,4
4037,848,6,34284.06,3,5,5
1511,848,6,36494.8,3,5,5
11283,848,6,38992.73,3,5,5
5015,848,7,31177.51,3,5,4
34,848,7,41707.09,3,5,5
8310,848,7,48392.11,3,5,5
3692,847,1,68.3,3,1,1
4045,847,2,1502.12,3,1,1
831,847,2,5867.46,3,1,1
2043,847,2,6151.94,3,1,1
5097,847,2,11371.17,3,1,2
40,847,2,17789.8,3,2,3
10634,847,2,18188.53,3,2,3
10208,847,3,12136.9,3,2,2
1441,847,3,12587.98,3,2,2
51,847,3,18217.15,3,2,3
11909,847,3,18326.94,3,2,3
11192,847,3,18443.04,3,2,3
2073,847,3,18602.88,3,2,3
9671,847,4,5095.01,3,3,1
10684,847,4,12145.45,3,3,2
8906,847,4,13290.47,3,3,2
2039,847,4,15667.0,3,3,2
846,847,5,24007.88,3,4,4
1250,847,5,24697.52,3,4,4
4389,847,5,25934.17,3,4,4
3893,847,5,32351.15,3,4,5
3099,847,5,36170.92,3,4,5
4050,847,6,26481.76,3,5,4
2340,847,6,29311.94,3,5,4
10376,847,6,34730.5,3,5,5
1491,847,6,35069.64,3,5,5
7765,847,6,53266.69,3,5,5
11632,847,7,31740.19,3,5,5
5350,847,7,39350.35,3,5,5
3753,846,1,9054.42,3,1,1
73,846,2,11117.53,3,1,2
4497,846,3,21052.11,3,3,3
7905,846,3,26444.5,3,3,4
7711,846,3,30380.47,3,3,4
7812,846,4,18992.98,3,3,3
4002,846,4,19048.81,3,3,3
167,846,4,30542.26,3,4,4
7323,846,4,31482.54,3,4,4
5956,846,4,35129.69,3,4,5
7021,846,5,18260.14,3,4,3
8551,846,5,24192.07,3,4,4
11199,846,5,26435.46,3,4,4
10996,846,5,30130.83,3,4,4
2288,846,5,33792.56,3,4,5
1098,846,5,35519.69,3,4,5
11876,846,5,37895.57,3,4,5
4064,846,5,42811.38,3,5,5
104,846,5,47045.56,3,5,5
4392,846,6,20644.18,3,5,3
2523,846,6,25679.96,3,5,4
11490,846,6,25878.64,3,5,4
339,846,6,27996.12,3,5,4
386,846,6,30367.06,3,5,4
4270,846,6,34033.2,3,5,5
10807,846,6,36782.35,3,5,5
1992,846,6,49474.84,3,5,5
11833,846,7,37880.1,3,5,5
6353,846,7,41714.45,3,5,5
3449,846,8,35555.23,3,5,5
3639,846,8,41372.63,3,5,5
11246,846,12,67330.28,3,5,5
1602,845,1,7296.0,3,1,1
6492,845,2,5404.34,3,1,1
3595,845,2,21554.1,3,2,3
859,845,3,9332.97,3,2,1
8122,845,3,9871.04,3,2,1
645,845,3,13754.45,3,2,2
3451,845,3,22592.13,3,3,3
2487,845,3,30105.42,3,3,4
8952,845,4,7815.79,3,3,1
2989,845,4,10634.63,3,3,2
1872,845,4,12564.02,3,3,2
4979,845,4,14946.36,3,3,2
10904,845,4,15162.06,3,3,2
9825,845,4,17447.51,3,3,3
5531,845,4,18124.04,3,3,3
2832,845,4,18195.85,3,3,3
11456,845,4,23198.0,3,3,4
9236,845,4,23327.96,3,3,4
4549,845,4,27070.96,3,4,4
1405,845,4,30284.05,3,4,4
11497,845,5,14416.57,3,4,2
1516,845,5,18123.14,3,4,3
1083,845,5,20400.55,3,4,3
10293,845,5,24930.03,3,4,4
9487,845,5,28033.56,3,4,4
6183,845,5,29485.96,3,4,4
1959,845,5,36480.58,3,4,5
10089,845,6,27150.94,3,5,4
945,845,6,27257.02,3,5,4
9712,845,6,27612.73,3,5,4
2808,845,6,42063.53,3,5,5
8800,845,6,60833.26,3,5,5
5292,845,7,23939.79,3,5,4
9367,845,7,37144.36,3,5,5
1475,845,7,43071.97,3,5,5
752,845,7,64095.43,3,5,5
8924,845,9,23762.51,3,5,4
2786,845,9,59304.09,3,5,5
3522,844,2,5213.65,3,1,1
7190,844,2,5641.34,3,1,1
9982,844,2,7016.24,3,1,1
5384,844,2,7544.65,3,1,1
11109,844,2,9804.04,3,1,1
4083,844,2,11120.37,3,1,2
890,844,3,17303.5,3,2,3
255,844,3,19311.77,3,2,3
8739,844,4,14535.43,3,3,2
2012,844,4,15151.15,3,3,2
4079,844,4,15818.4,3,3,2
3864,844,4,17346.98,3,3,3
5199,844,4,23635.99,3,3,4
7922,844,4,26591.51,3,4,4
3752,844,4,26674.02,3,4,4
2644,844,4,41598.72,3,4,5
11866,844,5,9122.08,3,4,1
9524,844,5,18176.12,3,4,3
11617,844,5,22337.36,3,4,3
1983,844,5,24695.46,3,4,4
2984,844,5,31597.26,3,4,4
8836,844,5,33814.61,3,4,5
7293,844,6,31328.74,3,5,4
9545,844,6,36506.73,3,5,5
119,844,6,45909.19,3,5,5
9353,844,7,40462.62,3,5,5
1422,844,7,41362.44,3,5,5
10093,844,7,45765.05,3,5,5
60,844,8,41300.79,3,5,5
1970,844,8,51586.9,3,5,5
5772,843,1,5301.18,3,1,1
10241,843,2,5019.8,3,1,1
2496,843,2,10650.45,3,1,2
3926,843,2,17692.69,3,2,3
10946,843,2,19178.57,3,2,3
3226,843,3,5715.61,3,2,1
4390,843,3,8647.6,3,2,1
10702,843,3,13802.94,3,2,2
8319,843,3,15417.94,3,2,2
11079,843,3,17897.03,3,2,3
8808,843,3,19973.58,3,3,3
8866,843,3,22363.47,3,3,3
5446,843,3,23695.15,3,3,4
4372,843,3,26459.81,3,3,4
2215,843,4,5908.06,3,3,1
5172,843,4,6976.25,3,3,1
5783,843,4,15996.64,3,3,2
7834,843,4,19282.55,3,3,3
10184,843,4,20713.2,3,3,3
8315,843,4,21419.6,3,3,3
6952,843,4,21505.38,3,3,3
6285,843,4,23238.19,3,3,4
8020,843,4,26078.63,3,3,4
10483,843,4,34005.68,3,4,5
553,843,5,19522.68,3,4,3
5640,843,5,24820.44,3,4,4
9018,843,5,26484.77,3,4,4
5633,843,5,32065.48,3,4,5
5246,843,5,33054.24,3,4,5
6813,843,5,33182.17,3,4,5
7537,843,5,35250.92,3,4,5
4881,843,6,24420.79,3,5,4
2614,843,6,29910.7,3,5,4
7009,843,6,33110.04,3,5,5
18,843,6,41353.4,3,5,5
4502,843,6,43941.69,3,5,5
8590,843,7,37144.82,3,5,5
11032,843,10,31170.02,3,5,4
6159,842,1,5286.76,3,1,1
3139,842,1,5515.91,3,1,1
4506,842,2,4893.74,3,1,1
5073,842,2,7652.43,3,1,1
4040,842,2,8434.78,3,1,1
10964,842,2,12869.1,3,1,2
9320,842,3,12927.11,3,2,2
10507,842,3,14221.25,3,2,2
8287,842,3,18552.54,3,2,3
7612,842,4,10627.6,3,3,2
9263,842,4,15735.22,3,3,2
3572,842,4,17731.66,3,3,3
3562,842,4,20495.92,3,3,3
4667,842,4,20967.68,3,3,3
3941,842,4,21778.65,3,3,3
4811,842,4,23443.08,3,3,4
6774,842,4,26097.49,3,4,4
9589,842,4,26289.91,3,4,4
4173,842,4,26449.81,3,4,4
7309,842,4,32680.47,3,4,5
10763,842,4,33187.09,3,4,5
4998,842,4,33307.34,3,4,5
5044,842,4,35820.71,3,4,5
10357,842,4,42104.9,3,4,5
320,842,5,24541.74,3,4,4
3358,842,5,25856.78,3,4,4
4246,842,5,27302.34,3,4,4
2365,842,5,27988.63,3,4,4
10789,842,5,33641.52,3,4,5
5536,842,5,47012.1,3,5,5
3611,842,7,22307.62,3,5,3
11849,841,1,1170.66,3,1,1
11614,841,2,23941.6,3,2,4
8679,841,2,28440.43,3,2,4
2790,841,3,13178.61,3,2,2
4090,841,3,14793.77,3,2,2
11613,841,3,15647.17,3,2,2
5549,841,3,19622.9,3,2,3
8592,841,4,10067.88,3,3,2
1999,841,4,12447.8,3,3,2
5515,841,4,12815.38,3,3,2
6873,841,4,14211.62,3,3,2
11831,841,4,16875.69,3,3,3
9185,841,4,17410.9,3,3,3
10601,841,4,17549.68,3,3,3
1358,841,4,26371.13,3,4,4
8920,841,4,30459.03,3,4,4
1564,841,5,20611.55,3,4,3
8748,841,5,22382.95,3,4,3
5800,841,5,25080.96,3,4,4
7314,841,5,29092.22,3,4,4
11465,841,5,33788.36,3,4,5
3521,841,6,33419.99,3,5,5
9904,841,6,34935.08,3,5,5
6081,841,6,35477.0,3,5,5
6201,841,7,35731.26,3,5,5
9270,841,7,46406.63,3,5,5
3732,841,7,53226.68,3,5,5
415,841,9,37715.41,3,5,5
1241,840,1,9525.42,3,1,1
8694,840,2,2946.96,3,1,1
5368,840,2,5688.44,3,1,1
9232,840,2,6408.85,3,1,1
8501,840,2,10074.28,3,1,2
955,840,2,14832.99,3,2,2
416,840,3,10567.96,3,2,2
1993,840,3,18197.77,3,2,3
8411,840,3,24603.1,3,3,4
6808,840,3,24935.2,3,3,4
4207,840,3,29187.83,3,3,4
5835,840,3,32088.33,3,3,5
6626,840,4,7244.23,3,3,1
10421,840,4,16497.14,3,3,3
324,840,4,20346.11,3,3,3
2916,840,4,25445.57,3,3,4
2060,840,4,25716.09,3,3,4
1563,840,4,27034.33,3,4,4
8515,840,5,19886.03,3,4,3
7354,840,5,23717.23,3,4,4
1007,840,5,29018.46,3,4,4
4586,840,5,31005.8,3,4,4
864,840,5,32103.66,3,4,5
6871,840,5,33569.5,3,4,5
10353,840,5,35035.61,3,4,5
9945,840,5,38160.46,3,4,5
696,840,6,35311.33,3,5,5
4165,840,6,36274.16,3,5,5
4431,840,6,44023.21,3,5,5
8789,840,7,62041.77,3,5,5
900,840,8,42940.55,3,5,5
5262,840,12,62923.56,3,5,5
9079,839,1,7430.98,3,1,1
3641,839,1,8387.14,3,1,1
2979,839,1,12545.56,3,1,2
8409,839,2,2612.74,3,1,1
5370,839,2,8034.93,3,1,1
7942,839,2,19022.39,3,2,3
5709,839,3,4544.09,3,2,1
10899,839,3,12522.06,3,2,2
11275,839,3,13678.28,3,2,2
4038,839,3,17326.34,3,2,3
10186,839,3,18645.29,3,2,3
3701,839,3,19297.58,3,2,3
4901,839,3,20390.11,3,3,3
5100,839,3,20646.39,3,3,3
3768,839,3,21636.04,3,3,3
9306,839,3,27005.49,3,3,4
10006,839,4,18873.07,3,3,3
5622,839,4,19302.38,3,3,3
5284,839,4,23673.53,3,3,4
7607,839,4,24762.54,3,3,4
5388,839,4,26489.84,3,4,4
1977,839,5,20094.09,3,4,3
9133,839,5,21476.61,3,4,3
5091,839,5,26859.11,3,4,4
3229,839,5,28725.56,3,4,4
5583,839,5,29448.61,3,4,4
11565,839,5,31296.95,3,4,4
8816,839,5,33406.08,3,4,5
6359,839,5,41327.23,3,5,5
802,839,6,26391.54,3,5,4
8016,839,6,27583.78,3,5,4
8601,839,6,33707.19,3,5,5
4493,839,6,40156.15,3,5,5
11306,839,6,63662.53,3,5,5
9500,839,7,31685.97,3,5,4
8531,839,7,39042.86,3,5,5
5204,839,7,55270.14,3,5,5
10940,839,9,70895.56,3,5,5
9807,838,1,8388.03,3,1,1
10672,838,1,9560.73,3,1,1
2693,838,2,7521.97,3,1,1
6836,838,2,7743.11,3,1,1
4918,838,2,9151.97,3,1,1
761,838,3,7576.34,3,2,1
3324,838,3,11521.17,3,2,2
7642,838,3,11857.73,3,2,2
4579,838,3,14726.8,3,2,2
91,838,3,16426.86,3,2,3
606,838,3,25716.09,3,3,4
1130,838,4,12994.98,3,3,2
3820,838,4,15264.57,3,3,2
2956,838,4,16302.1,3,3,3
10753,838,4,20818.76,3,3,3
3035,838,4,25336.73,3,3,4
1154,838,4,29303.97,3,4,4
6982,838,4,30614.59,3,4,4
1723,838,4,37861.52,3,4,5
7511,838,5,17765.4,3,4,3
5099,838,5,21201.51,3,4,3
4897,838,5,24300.68,3,4,4
3307,838,5,24721.74,3,4,4
2735,838,5,28442.36,3,4,4
4539,838,5,30988.85,3,4,4
2264,838,6,22170.99,3,5,3
1989,838,6,28455.74,3,5,4
6503,838,7,30734.93,3,5,4
152,838,7,32841.59,3,5,5
862,838,7,49835.45,3,5,5
917,838,8,37081.04,3,5,5
9125,838,8,46619.12,3,5,5
2514,838,8,48866.58,3,5,5
4983,838,10,41510.64,3,5,5
3240,837,1,715.73,3,1,1
7280,837,1,7141.94,3,1,1
3833,837,2,727.3,3,1,1
9495,837,2,13027.14,3,2,2
9915,837,2,13506.53,3,2,2
7524,837,2,14545.46,3,2,2
11053,837,2,15217.5,3,2,2
7829,837,2,17710.51,3,2,3
9623,837,3,9886.11,3,2,1
8766,837,3,21588.03,3,3,3
10314,837,3,22777.25,3,3,3
10243,837,3,25956.8,3,3,4
1649,837,3,27725.14,3,3,4
1282,837,4,21568.88,3,3,3
6863,837,4,23878.49,3,3,4
9350,837,4,24093.81,3,3,4
7409,837,4,27243.71,3,4,4
11415,837,4,27594.27,3,4,4
2616,837,4,28911.24,3,4,4
1237,837,4,35695.87,3,4,5
4797,837,5,15549.56,3,4,2
8999,837,5,17905.17,3,4,3
107,837,5,26932.3,3,4,4
5771,837,5,27082.83,3,4,4
3763,837,5,42782.3,3,5,5
2235,837,6,15047.59,3,5,2
9666,837,6,19811.04,3,5,3
8992,837,6,33637.84,3,5,5
5624,837,6,36569.12,3,5,5
9473,837,6,36725.87,3,5,5
4930,837,6,37565.33,3,5,5
3111,837,6,46380.86,3,5,5
4377,837,7,36964.2,3,5,5
4460,837,8,61168.38,3,5,5
6080,837,9,45053.74,3,5,5
1835,837,10,34508.44,3,5,5
5486,836,1,10896.73,3,1,2
11057,836,2,3138.28,3,1,1
994,836,2,6054.18,3,1,1
11313,836,2,8332.68,3,1,1
4618,836,2,11168.19,3,1,2
5565,836,2,11941.28,3,1,2
11076,836,2,12466.08,3,1,2
7582,836,2,14836.76,3,2,2
9695,836,3,10394.67,3,2,2
6397,836,3,16963.02,3,2,3
9229,836,3,33231.83,3,3,5
6852,836,3,33402.17,3,3,5
7614,836,4,13565.45,3,3,2
4156,836,4,16563.9,3,3,3
551,836,4,19862.77,3,3,3
6569,836,4,22821.67,3,3,4
4382,836,4,27988.14,3,4,4
10307,836,5,16999.62,3,4,3
6323,836,5,22846.62,3,4,4
10534,836,5,24053.46,3,4,4
10465,836,5,27937.88,3,4,4
6905,836,5,28388.6,3,4,4
5242,836,5,29045.35,3,4,4
8642,836,5,31474.83,3,4,4
7963,836,5,38236.63,3,4,5
8128,836,6,20038.51,3,5,3
5961,836,6,22861.91,3,5,4
2764,836,6,24472.87,3,5,4
2661,836,6,54480.91,3,5,5
7476,836,7,25743.64,3,5,4
3472,835,1,1764.09,3,1,1
1248,835,2,3301.71,3,1,1
4664,835,2,4922.08,3,1,1
10570,835,2,7166.02,3,1,1
11164,835,2,9088.17,3,1,1
8275,835,2,9278.96,3,1,1
9518,835,3,11421.92,3,2,2
609,835,3,11721.8,3,2,2
5463,835,3,17385.71,3,2,3
7994,835,3,22976.63,3,3,4
3093,835,4,11805.39,3,3,2
663,835,4,14466.6,3,3,2
4802,835,4,22995.73,3,3,4
10260,835,4,23923.97,3,3,4
1546,835,4,24111.74,3,3,4
6366,835,4,24126.93,3,3,4
2283,835,4,29946.57,3,4,4
7733,835,4,32825.92,3,4,5
11865,835,4,33936.73,3,4,5
6251,835,4,36476.51,3,4,5
11202,835,5,16832.87,3,4,3
6680,835,5,16894.64,3,4,3
717,835,5,20946.1,3,4,3
8520,835,5,23079.07,3,4,4
7975,835,5,39928.51,3,4,5
11687,835,5,42899.2,3,5,5
5493,835,5,48985.57,3,5,5
8627,835,6,31724.72,3,5,4
11451,835,7,33869.77,3,5,5
363,835,7,43125.12,3,5,5
11082,835,7,47432.89,3,5,5
7827,835,7,50932.22,3,5,5
9347,834,1,10203.33,3,1,2
5062,834,1,11078.62,3,1,2
8107,834,1,12960.68,3,1,2
11715,834,2,5069.74,3,1,1
11359,834,2,8722.57,3,1,1
6083,834,2,10653.27,3,1,2
5434,834,2,19904.05,3,2,3
6960,834,2,23748.59,3,2,4
7154,834,3,9439.34,3,2,1
10540,834,3,10566.67,3,2,2
2573,834,3,13069.09,3,2,2
10,834,3,13359.33,3,2,2
11850,834,3,14550.39,3,2,2
4325,834,3,15371.37,3,2,2
10815,834,3,17412.78,3,2,3
3541,834,3,19226.34,3,2,3
1034,834,3,23151.62,3,3,4
7343,834,3,33373.57,3,3,5
5723,834,4,10738.7,3,3,2
5214,834,4,11693.95,3,3,2
4735,834,4,12336.72,3,3,2
2272,834,4,15740.01,3,3,2
7890,834,4,17480.04,3,3,3
8255,834,4,20605.77,3,3,3
9711,834,4,28920.14,3,4,4
10743,834,4,28992.25,3,4,4
1411,834,4,30464.54,3,4,4
9128,834,4,32004.75,3,4,5
1842,834,4,36176.99,3,4,5
4218,834,5,14823.49,3,4,2
8877,834,5,15472.35,3,4,2
2905,834,5,21236.55,3,4,3
6210,834,5,31423.07,3,4,4
7673,834,5,33777.93,3,4,5
7226,834,5,36185.16,3,4,5
6633,834,5,36711.8,3,4,5
10267,834,6,27527.62,3,5,4
970,834,6,28085.65,3,5,4
3861,834,6,28201.07,3,5,4
3101,834,6,32672.52,3,5,5
2732,834,6,33276.87,3,5,5
7791,834,6,34427.91,3,5,5
7638,834,6,38183.6,3,5,5
1213,834,6,38526.28,3,5,5
9244,834,6,46044.32,3,5,5
10788,834,6,59174.72,3,5,5
4963,834,7,24880.55,3,5,4
4692,834,7,27240.04,3,5,4
2255,834,7,36719.54,3,5,5
4404,834,8,36554.04,3,5,5
9103,834,8,45089.67,3,5,5
7505,834,8,56342.92,3,5,5
8102,833,1,2249.33,3,1,1
8466,833,1,2678.9,3,1,1
223,833,1,9416.5,3,1,1
11144,833,2,9115.78,3,1,1
11085,833,2,10349.37,3,1,2
6782,833,2,14569.69,3,2,2
5579,833,2,14996.74,3,2,2
7822,833,2,19228.14,3,2,3
9489,833,3,6501.4,3,2,1
2976,833,3,11373.57,3,2,2
2426,833,3,11809.31,3,2,2
4055,833,3,12081.18,3,2,2
4875,833,3,13628.42,3,2,2
6289,833,3,13863.84,3,2,2
4353,833,3,13905.68,3,2,2
9876,833,3,14075.43,3,2,2
6785,833,3,14714.07,3,2,2
120,833,3,18654.11,3,2,3
6560,833,3,22938.68,3,3,4
769,833,3,25763.66,3,3,4
10043,833,4,12257.88,3,3,2
9739,833,4,14433.16,3,3,2
5574,833,4,19092.25,3,3,3
10822,833,4,20221.4,3,3,3
2729,833,4,22158.27,3,3,3
1820,833,4,23686.98,3,3,4
2325,833,5,15026.29,3,4,2
9032,833,5,16147.31,3,4,3
10384,833,5,19860.58,3,4,3
9007,833,5,20922.27,3,4,3
1720,833,5,20970.48,3,4,3
5701,833,5,22719.43,3,4,3
8955,833,5,31963.54,3,4,5
4337,833,5,35476.38,3,4,5
6239,833,5,36379.76,3,4,5
2187,833,6,17818.77,3,5,3
11694,833,6,21445.63,3,5,3
7616,833,6,24199.28,3,5,4
622,833,6,26392.18,3,5,4
4609,833,6,31769.95,3,5,5
3523,833,6,33359.42,3,5,5
6531,833,6,40376.48,3,5,5
7569,833,6,48427.16,3,5,5
10038,833,7,31335.44,3,5,4
1570,833,7,39399.88,3,5,5
7870,833,8,58371.64,3,5,5
1857,832,1,8420.88,3,1,1
5247,832,2,11337.83,3,1,2
321,832,2,14827.67,3,2,2
8263,832,3,2325.62,3,2,1
4857,832,3,8063.76,3,2,1
6712,832,3,11086.53,3,2,2
11714,832,3,14894.53,3,2,2
6956,832,3,17965.14,3,2,3
5048,832,4,6031.1,3,3,1
9653,832,4,14772.11,3,3,2
905,832,4,16550.53,3,3,3
1561,832,4,18029.09,3,3,3
2200,832,4,19162.44,3,3,3
5132,832,4,19622.02,3,3,3
3511,832,4,21060.13,3,3,3
2221,832,4,22422.98,3,3,3
3809,832,5,34936.86,3,4,5
10962,832,5,35455.57,3,4,5
7914,832,5,37482.87,3,4,5
9107,832,5,48614.36,3,5,5
2089,832,6,23137.61,3,5,4
6490,832,6,31203.18,3,5,4
3517,832,6,31555.15,3,5,4
7086,832,6,34214.24,3,5,5
9008,832,6,37355.88,3,5,5
3915,832,6,43708.07,3,5,5
1722,832,7,27314.43,3,5,4
3597,832,7,39034.29,3,5,5
177,832,7,41639.48,3,5,5
26,832,7,57483.96,3,5,5
2463,832,8,41845.92,3,5,5
8600,832,8,64122.55,3,5,5
4902,831,1,14974.55,3,1,2
3535,831,1,15982.43,3,1,2
7414,831,2,9437.82,3,1,1
5847,831,2,14214.25,3,2,2
4610,831,2,28528.07,3,2,4
11314,831,3,3884.97,3,2,1
11767,831,3,12241.04,3,2,2
11735,831,3,14101.03,3,2,2
1712,831,3,14299.22,3,2,2
1159,831,3,21892.84,3,3,3
2799,831,3,24898.12,3,3,4
4515,831,3,25997.55,3,3,4
9204,831,3,26037.9,3,3,4
6909,831,3,28376.4,3,3,4
2951,831,3,34384.1,3,3,5
4551,831,4,10896.68,3,3,2
10522,831,4,15561.97,3,3,2
9329,831,4,19146.7,3,3,3
296,831,4,29717.31,3,4,4
3856,831,4,34870.86,3,4,5
6988,831,5,14436.42,3,4,2
4199,831,5,18350.88,3,4,3
4605,831,5,23543.53,3,4,4
9639,831,5,27269.25,3,4,4
4513,831,5,32513.97,3,4,5
4440,831,5,50813.95,3,5,5
4049,831,5,50848.54,3,5,5
9758,831,6,22696.52,3,5,3
7096,831,6,22910.13,3,5,4
10864,831,6,31651.34,3,5,4
9629,831,6,35761.5,3,5,5
596,831,6,36820.28,3,5,5
9989,831,6,38456.9,3,5,5
3506,831,6,54593.97,3,5,5
10035,831,7,30793.65,3,5,4
771,831,7,41233.52,3,5,5
4142,831,8,29909.55,3,5,4
10009,831,8,44741.82,3,5,5
2537,831,8,59206.72,3,5,5
8057,831,11,59862.68,3,5,5
4421,830,1,3241.91,3,1,1
443,830,2,3462.81,3,1,1
10991,830,2,7887.72,3,1,1
6803,830,2,8629.54,3,1,1
6804,830,2,13262.63,3,2,2
469,830,2,23190.33,3,2,4
8387,830,3,7634.12,3,2,1
8578,830,3,8027.28,3,2,1
8207,830,3,12466.47,3,2,2
7188,830,3,12657.93,3,2,2
5377,830,3,12895.57,3,2,2
8540,830,3,15161.64,3,2,2
8468,830,3,15339.05,3,2,2
4683,830,3,15771.37,3,2,2
3401,830,3,15955.33,3,2,2
1410,830,3,17336.35,3,2,3
7273,830,3,18147.66,3,2,3
8331,830,3,19154.65,3,2,3
9068,830,3,19712.75,3,3,3
1263,830,3,22906.63,3,3,4
2699,830,4,14286.54,3,3,2
5518,830,4,15344.69,3,3,2
8598,830,4,17088.27,3,3,3
5203,830,4,20664.63,3,3,3
10750,830,4,21098.75,3,3,3
11228,830,4,22701.69,3,3,3
1222,830,4,26658.82,3,4,4
239,830,4,32637.42,3,4,5
11434,830,4,34533.95,3,4,5
11783,830,4,43651.54,3,4,5
9685,830,4,46482.27,3,4,5
9886,830,5,13091.62,3,4,2
9919,830,5,19489.02,3,4,3
8443,830,5,42139.9,3,5,5
1841,830,6,15468.54,3,5,2
11258,830,6,28497.36,3,5,4
11700,830,6,34565.29,3,5,5
9272,830,6,38414.05,3,5,5
6821,830,6,39948.95,3,5,5
4131,830,7,16543.34,3,5,3
3235,830,7,23606.71,3,5,4
5578,830,7,31362.61,3,5,4
5584,830,7,34173.22,3,5,5
4806,830,7,37762.6,3,5,5
9642,830,7,38136.08,3,5,5
2377,829,1,591.24,3,1,1
10957,829,2,10867.7,3,1,2
6833,829,2,16281.5,3,2,3
8652,829,2,18053.4,3,2,3
10810,829,3,6060.8,3,2,1
942,829,3,10500.32,3,2,2
9356,829,3,11503.32,3,2,2
10951,829,3,12151.46,3,2,2
1576,829,3,15453.05,3,2,2
198,829,3,16569.28,3,2,3
6629,829,3,17036.34,3,2,3
4112,829,3,17420.86,3,2,3
49,829,3,24733.26,3,3,4
2620,829,4,9917.29,3,3,2
3940,829,4,13110.5,3,3,2
6829,829,4,14172.32,3,3,2
10145,829,4,14920.35,3,3,2
9951,829,4,16380.32,3,3,3
3498,829,4,21728.6,3,3,3
8100,829,4,22033.79,3,3,3
10576,829,4,28680.46,3,4,4
9275,829,4,33118.36,3,4,5
5747,829,5,17128.14,3,4,3
8898,829,5,23014.47,3,4,4
4250,829,5,23992.6,3,4,4
4068,829,5,26686.43,3,4,4
427,829,5,34065.43,3,4,5
7259,829,5,34758.24,3,4,5
4105,829,5,35262.62,3,4,5
8049,829,5,39035.19,3,4,5
9920,829,5,39645.89,3,4,5
11340,829,5,50389.29,3,5,5
9924,829,6,20413.47,3,5,3
7207,829,6,21253.54,3,5,3
8269,829,6,26365.24,3,5,4
2949,829,6,28970.34,3,5,4
1964,829,6,36992.39,3,5,5
10866,829,6,37749.74,3,5,5
10550,829,6,42600.24,3,5,5
11439,829,7,49044.06,3,5,5
10189,828,1,888.3,3,1,1
78,828,1,3671.0,3,1,1
413,828,1,7132.71,3,1,1
8381,828,2,3573.87,3,1,1
6312,828,2,6839.02,3,1,1
828,828,2,9773.43,3,1,1
3110,828,2,11005.74,3,1,2
6800,828,2,12413.07,3,1,2
9526,828,2,12830.96,3,1,2
7366,828,2,21580.77,3,2,3
8150,828,3,3749.25,3,2,1
5190,828,3,10065.99,3,2,2
6638,828,3,10433.68,3,2,2
6309,828,3,12651.37,3,2,2
3881,828,3,15090.14,3,2,2
8047,828,3,21564.05,3,3,3
3626,828,3,23300.33,3,3,4
2393,828,3,39322.64,3,3,5
7881,828,4,13311.83,3,3,2
3450,828,4,13833.84,3,3,2
3646,828,4,15686.31,3,3,2
5770,828,4,21835.77,3,3,3
8267,828,4,34230.32,3,4,5
4242,828,4,37666.74,3,4,5
8004,828,5,13748.42,3,4,2
8109,828,5,16960.87,3,4,3
6615,828,5,23344.31,3,4,4
10987,828,5,28480.71,3,4,4
788,828,5,28543.13,3,4,4
4000,828,5,33449.95,3,4,5
3821,828,5,43731.13,3,5,5
1235,828,6,36446.42,3,5,5
1064,828,7,41120.43,3,5,5
10091,827,2,5281.91,3,1,1
7532,827,2,10527.55,3,1,2
216,827,2,10661.71,3,1,2
7063,827,2,13400.94,3,2,2
2066,827,2,17614.59,3,2,3
11677,827,3,7843.05,3,2,1
5963,827,3,9882.05,3,2,1
10266,827,3,12898.82,3,2,2
10642,827,3,12931.93,3,2,2
11357,827,3,15476.71,3,2,2
8830,827,3,16213.77,3,2,3
10245,827,3,18289.43,3,2,3
11733,827,3,19162.91,3,2,3
2253,827,3,20756.43,3,3,3
7676,827,3,22350.0,3,3,3
8668,827,3,23821.87,3,3,4
10629,827,3,28458.27,3,3,4
3515,827,4,13331.37,3,3,2
2150,827,4,14713.53,3,3,2
1254,827,4,15166.03,3,3,2
7288,827,4,21176.24,3,3,3
2114,827,4,24690.06,3,3,4
11576,827,4,31283.62,3,4,4
7913,827,4,33203.97,3,4,5
11394,827,5,13095.52,3,4,2
7139,827,5,17624.74,3,4,3
9735,827,5,21510.81,3,4,3
8015,827,5,21804.16,3,4,3
4624,827,5,28797.25,3,4,4
10381,827,5,29634.3,3,4,4
4701,827,5,35898.2,3,4,5
7500,827,6,39433.36,3,5,5
899,827,7,32476.39,3,5,5
11220,827,7,48052.31,3,5,5
3073,827,10,41095.99,3,5,5
2739,826,2,6322.1,3,1,1
433,826,2,7601.44,3,1,1
445,826,2,9413.03,3,1,1
1292,826,2,10103.3,3,1,2
8235,826,2,11027.89,3,1,2
8067,826,2,11651.41,3,1,2
7351,826,2,14956.04,3,2,2
7345,826,3,15314.96,3,2,2
10913,826,3,19269.72,3,2,3
3262,826,3,21120.13,3,3,3
7958,826,3,22598.91,3,3,3
5851,826,4,17941.1,3,3,3
5863,826,4,21150.96,3,3,3
4229,826,4,22389.05,3,3,3
3245,826,4,27173.77,3,4,4
3988,826,5,13435.02,3,4,2
1560,826,5,18231.57,3,4,3
401,826,5,22393.38,3,4,3
6310,826,5,26045.84,3,4,4
5075,826,5,37067.39,3,4,5
3860,826,6,20186.22,3,5,3
8444,826,6,20621.81,3,5,3
3678,826,6,20673.26,3,5,3
10554,826,6,42147.37,3,5,5
863,826,7,38613.07,3,5,5
4435,826,7,69827.69,3,5,5
8231,826,9,63939.01,3,5,5
2517,825,1,7168.18,3,1,1
9560,825,1,7329.22,3,1,1
4809,825,2,2862.52,3,1,1
10560,825,2,7718.04,3,1,1
2410,825,2,11911.28,3,1,2
96,825,2,14653.05,3,2,2
10604,825,3,5962.28,3,2,1
3361,825,3,9507.85,3,2,1
10923,825,3,14104.87,3,2,2
3031,825,3,18774.21,3,2,3
8072,825,3,19856.26,3,3,3
727,825,3,21264.8,3,3,3
2478,825,3,21706.63,3,3,3
725,825,3,24203.84,3,3,4
9237,825,4,7666.83,3,3,1
4117,825,4,16288.36,3,3,3
10303,825,4,25792.02,3,3,4
3494,825,4,34358.21,3,4,5
8352,825,5,19266.29,3,4,3
4791,825,5,20808.12,3,4,3
11329,825,5,25526.4,3,4,4
9178,825,5,25648.26,3,4,4
11484,825,5,28306.31,3,4,4
7080,825,5,32419.92,4,4,5
4848,825,5,36344.05,4,4,5
9777,825,5,36719.24,4,4,5
3357,825,5,43218.14,4,5,5
2170,825,6,26685.86,4,5,4
11431,825,6,26857.14,4,5,4
2828,825,6,37610.32,4,5,5
8776,825,6,45537.43,4,5,5
3340,825,7,43181.91,4,5,5
3631,825,7,45102.66,4,5,5
1360,825,8,30463.5,4,5,4
2123,825,8,68372.67,4,5,5
507,825,9,51128.65,4,5,5
6435,825,9,53025.48,4,5,5
1616,824,2,288.12,4,1,1
2664,824,2,2684.28,4,1,1
1738,824,2,6373.82,4,1,1
2935,824,2,10942.27,4,1,2
2232,824,2,15077.69,4,2,2
36,824,3,4091.37,4,2,1
7695,824,3,4782.93,4,2,1
4758,824,3,12841.02,4,2,2
5731,824,3,13058.6,4,2,2
6247,824,3,13587.02,4,2,2
11827,824,3,14073.66,4,2,2
1486,824,3,17738.62,4,2,3
10924,824,3,18000.69,4,2,3
5662,824,3,21175.1,4,3,3
11786,824,3,21798.94,4,3,3
8720,824,3,24473.65,4,3,4
2871,824,4,15998.01,4,3,2
2134,824,4,20150.63,4,3,3
1855,824,4,24707.49,4,3,4
4909,824,4,30666.28,4,4,4
5929,824,4,33358.98,4,4,5
1113,824,4,34677.14,4,4,5
7269,824,4,45409.39,4,4,5
5385,824,5,16927.29,4,4,3
6457,824,5,17688.86,4,4,3
1932,824,5,17963.84,4,4,3
116,824,5,19999.29,4,4,3
2982,824,5,23853.38,4,4,4
9601,824,5,25799.07,4,4,4
11155,824,5,26855.61,4,4,4
7158,824,5,27903.54,4,4,4
2551,824,5,35168.14,4,4,5
6743,824,5,41780.07,4,5,5
8743,824,5,43026.62,4,5,5
1303,824,6,22379.42,4,5,3
10825,824,6,29145.62,4,5,4
7050,824,6,33563.43,4,5,5
2772,824,6,45473.67,4,5,5
9105,824,6,50520.0,4,5,5
6946,824,7,48356.77,4,5,5
520,824,7,50446.71,4,5,5
1702,823,1,1157.95,4,1,1
11423,823,1,4661.69,4,1,1
6106,823,1,4975.7,4,1,1
3508,823,1,6968.74,4,1,1
7618,823,2,16808.67,4,2,3
4333,823,2,18455.17,4,2,3
11738,823,3,8737.09,4,2,1
11910,823,3,11916.55,4,2,2
10971,823,3,12700.68,4,2,2
7357,823,3,14889.7,4,2,2
11906,823,3,15559.39,4,2,2
80,823,3,22175.6,4,3,3
10331,823,3,23470.47,4,3,4
5626,823,3,24776.78,4,3,4
1049,823,4,10111.68,4,3,2
7187,823,4,16835.87,4,3,3
7423,823,4,17524.79,4,3,3
3345,823,4,20247.53,4,3,3
6188,823,4,20478.0,4,3,3
746,823,4,23237.81,4,3,4
9496,823,4,23271.58,4,3,4
6542,823,4,25743.58,4,3,4
5621,823,4,26183.19,4,4,4
11624,823,4,29191.53,4,4,4
9664,823,5,20339.16,4,4,3
5049,823,5,25452.71,4,4,4
9661,823,5,25757.42,4,4,4
3999,823,5,26612.63,4,4,4
81,823,5,27875.72,4,4,4
10140,823,5,35568.45,4,4,5
11883,823,5,43635.27,4,5,5
3036,823,6,29543.7,4,5,4
1294,823,6,34078.29,4,5,5
9049,823,6,42000.68,4,5,5
3194,823,8,31235.31,4,5,4
11825,823,8,59646.58,4,5,5
10931,823,9,43908.1,4,5,5
3420,822,1,2282.07,4,1,1
10204,822,1,2953.06,4,1,1
8165,822,2,15393.61,4,2,2
10372,822,3,7276.73,4,2,1
7731,822,3,13182.59,4,2,2
11952,822,3,13205.83,4,2,2
3006,822,3,14976.43,4,2,2
7037,822,3,15979.38,4,2,2
7939,822,3,18514.28,4,2,3
145,822,3,28623.72,4,3,4
11436,822,3,33022.95,4,3,5
2459,822,4,20588.1,4,3,3
1321,822,4,21542.91,4,3,3
8897,822,4,23707.02,4,3,4
2873,822,4,24372.03,4,3,4
3487,822,4,28319.65,4,4,4
7575,822,4,28354.41,4,4,4
637,822,5,22381.94,4,4,3
7057,822,5,22620.67,4,4,3
7781,822,5,23265.38,4,4,4
8209,822,5,23896.07,4,4,4
11898,822,5,29119.35,4,4,4
5802,822,5,34658.41,4,4,5
6458,822,5,40623.61,4,4,5
1771,822,6,29157.21,4,5,4
2201,822,6,31354.27,4,5,4
5829,822,6,32452.49,4,5,5
6220,822,6,32469.55,4,5,5
6099,822,7,29133.97,4,5,4
6876,822,7,30736.13,4,5,4
1482,822,7,37161.41,4,5,5
3068,822,7,49843.31,4,5,5
6262,822,7,49863.56,4,5,5
738,822,8,38779.08,4,5,5
9569,822,9,52195.14,4,5,5
2731,821,1,4963.28,4,1,1
3160,821,1,8746.53,4,1,1
2101,821,2,4840.39,4,1,1
10393,821,2,7648.89,4,1,1
3617,821,2,9463.88,4,1,1
10799,821,2,12765.87,4,1,2
10868,821,2,20567.24,4,2,3
9319,821,2,21950.98,4,2,3
1141,821,3,8927.48,4,2,1
10568,821,3,14345.04,4,2,2
5050,821,3,15570.51,4,2,2
10902,821,3,16998.27,4,2,3
7521,821,3,20221.4,4,3,3
10313,821,3,20800.64,4,3,3
2204,821,3,23952.64,4,3,4
20,821,3,26563.53,4,3,4
571,821,4,11655.46,4,3,2
5604,821,4,18658.9,4,3,3
5629,821,4,20259.25,4,3,3
6255,821,4,25732.77,4,3,4
8793,821,5,17779.7,4,4,3
3810,821,5,23128.34,4,4,4
836,821,5,26405.86,4,4,4
10027,821,5,31935.74,4,4,5
10529,821,5,34364.76,4,4,5
2090,821,6,22970.41,4,5,4
2601,821,6,37659.28,4,5,5
7570,821,7,20802.33,4,5,3
4120,821,7,27227.26,4,5,4
732,821,7,30944.81,4,5,4
6621,821,7,39560.7,4,5,5
5856,821,8,34055.37,4,5,5
11370,821,9,50684.45,4,5,5
6554,821,9,58845.4,4,5,5
1479,820,2,1656.25,4,1,1
7969,820,2,7248.3,4,1,1
5552,820,2,11198.44,4,1,2
9896,820,2,11330.8,4,1,2
3308,820,2,11621.58,4,1,2
9788,820,2,25168.7,4,2,4
64,820,3,5932.97,4,2,1
11979,820,3,6891.56,4,2,1
748,820,3,8743.85,4,2,1
208,820,3,12635.13,4,2,2
7809,820,3,15894.19,4,2,2
3971,820,4,14198.17,4,3,2
7300,820,4,14212.93,4,3,2
3781,820,4,14625.56,4,3,2
2533,820,4,15211.71,4,3,2
1415,820,4,18130.21,4,3,3
10190,820,4,19273.98,4,3,3
8270,820,4,19636.59,4,3,3
11255,820,4,19867.17,4,3,3
3387,820,4,22293.23,4,3,3
8237,820,4,27297.48,4,4,4
2805,820,4,28830.76,4,4,4
9933,820,4,29318.91,4,4,4
8962,820,4,39755.07,4,4,5
11172,820,4,42453.18,4,4,5
10858,820,5,7217.99,4,4,1
11174,820,5,13426.22,4,4,2
2165,820,5,20271.1,4,4,3
10380,820,5,21220.56,4,4,3
6370,820,5,22141.22,4,4,3
11416,820,5,28856.56,4,4,4
4255,820,5,35351.21,4,4,5
11622,820,5,38868.08,4,4,5
4704,820,6,30294.99,4,5,4
10146,820,6,35213.37,4,5,5
4907,820,6,40910.07,4,5,5
5553,820,6,41919.29,4,5,5
3265,820,6,43192.07,4,5,5
9055,820,6,44659.64,4,5,5
10988,820,6,45189.04,4,5,5
10737,820,7,27484.16,4,5,4
8007,820,7,47071.95,4,5,5
1251,819,2,5901.42,4,1,1
2140,819,2,7155.69,4,1,1
4567,819,2,8547.91,4,1,1
2296,819,2,12269.18,4,1,2
10375,819,2,13040.78,4,2,2
6143,819,2,14013.67,4,2,2
6958,819,2,15547.76,4,2,2
3654,819,2,16663.07,4,2,3
9604,819,2,19661.32,4,2,3
11152,819,3,5124.61,4,2,1
8249,819,3,7513.76,4,2,1
8666,819,3,8796.68,4,2,1
9550,819,3,14706.09,4,2,2
2705,819,3,24086.23,4,3,4
3395,819,4,16783.39,4,3,3
4759,819,4,17041.42,4,3,3
4010,819,4,19715.64,4,3,3
2127,819,4,21498.98,4,3,3
3144,819,4,31708.57,4,4,4
4490,819,5,18830.3,4,4,3
5618,819,5,19291.43,4,4,3
11936,819,5,22526.72,4,4,3
11253,819,5,23932.17,4,4,4
10269,819,5,24229.63,4,4,4
4871,819,5,24635.26,4,4,4
1281,819,5,25140.83,4,4,4
7194,819,5,28117.05,4,4,4
2878,819,5,31345.25,4,4,4
110,819,6,23612.21,4,5,4
11189,819,6,34192.87,4,5,5
7894,819,6,37673.57,4,5,5
11193,819,6,49543.76,4,5,5
10031,819,7,24194.82,4,5,4
7469,819,7,31950.15,4,5,5
6562,819,7,34223.94,4,5,5
9374,819,7,39968.46,4,5,5
6755,819,7,46616.69,4,5,5
9587,819,7,53179.54,4,5,5
9747,819,8,59242.52,4,5,5
9042,819,12,60265.92,4,5,5
10369,818,1,2388.0,4,1,1
872,818,2,10611.86,4,1,2
3094,818,2,12183.13,4,1,2
8874,818,2,19811.76,4,2,3
8357,818,3,10559.24,4,2,2
3043,818,3,13662.68,4,2,2
11659,818,3,14340.31,4,2,2
6603,818,3,17628.86,4,2,3
6935,818,3,20022.85,4,3,3
5496,818,3,22940.3,4,3,4
3185,818,3,25931.92,4,3,4
8667,818,3,27955.97,4,3,4
10304,818,4,13316.03,4,3,2
8027,818,4,13670.93,4,3,2
456,818,4,18244.02,4,3,3
9699,818,4,18401.38,4,3,3
2166,818,4,19879.75,4,3,3
369,818,4,22362.32,4,3,3
9222,818,4,23697.45,4,3,4
1125,818,5,31571.56,4,4,4
210,818,6,30091.6,4,5,4
7198,818,6,31895.24,4,5,5
5535,818,6,47051.79,4,5,5
2653,818,7,30286.5,4,5,4
10144,818,7,39678.82,4,5,5
10735,818,7,49872.06,4,5,5
265,818,7,52586.44,4,5,5
6865,818,8,56962.28,4,5,5
5740,817,2,7612.63,4,1,1
6046,817,2,9659.86,4,1,1
11567,817,2,11626.35,4,1,2
3976,817,2,13332.92,4,2,2
10666,817,3,4645.49,4,2,1
7312,817,3,5871.31,4,2,1
9443,817,3,14105.35,4,2,2
1029,817,3,14407.03,4,2,2
3816,817,3,16355.94,4,2,3
1640,817,3,16711.72,4,2,3
5129,817,3,17154.34,4,2,3
2652,817,3,17282.14,4,2,3
11207,817,3,17384.94,4,2,3
4517,817,3,18242.02,4,2,3
6967,817,3,22350.0,4,3,3
1975,817,4,14407.2,4,3,2
11573,817,4,16923.43,4,3,3
2864,817,4,20297.64,4,3,3
5508,817,4,20811.35,4,3,3
1583,817,4,24293.96,4,3,4
8990,817,4,25131.89,4,3,4
2885,817,5,13679.11,4,4,2
7869,817,5,14599.59,4,4,2
10559,817,5,20236.51,4,4,3
10225,817,5,21440.87,4,4,3
175,817,5,26099.87,4,4,4
3514,817,5,26197.2,4,4,4
2350,817,5,32991.61,4,4,5
11943,817,5,33599.17,4,4,5
11842,817,5,41126.59,4,5,5
1980,817,6,20940.57,4,5,3
5360,817,6,30098.36,4,5,4
11346,817,6,32321.59,4,5,5
10413,817,6,37209.86,4,5,5
9811,817,6,41342.23,4,5,5
6710,817,7,38378.31,4,5,5
7051,817,7,43017.48,4,5,5
2975,817,7,45013.79,4,5,5
6443,817,7,56228.01,4,5,5
3728,817,7,65787.66,4,5,5
2928,817,8,25151.01,4,5,4
11834,817,8,41841.02,4,5,5
935,816,1,6071.7,4,1,1
1341,816,1,9129.8,4,1,1
4670,816,2,9514.25,4,1,1
9299,816,2,9770.75,4,1,1
2442,816,2,12007.95,4,1,2
7301,816,2,12184.12,4,1,2
4676,816,2,12316.54,4,1,2
5433,816,2,13351.15,4,2,2
9955,816,2,14070.29,4,2,2
9462,816,2,17733.27,4,2,3
10651,816,2,20402.25,4,2,3
2506,816,3,12126.08,4,2,2
1814,816,3,13927.52,4,2,2
7929,816,3,16058.81,4,2,2
11443,816,3,16739.41,4,2,3
7166,816,3,17482.9,4,2,3
3044,816,3,18529.83,4,2,3
8588,816,3,19647.7,4,3,3
10973,816,3,22875.63,4,3,4
3056,816,4,8719.36,4,3,1
7083,816,4,14687.05,4,3,2
10600,816,4,16050.92,4,3,2
1322,816,4,16611.81,4,3,3
9659,816,4,17574.99,4,3,3
3727,816,4,18455.98,4,3,3
10678,816,4,19617.46,4,3,3
9914,816,4,19910.76,4,3,3
1701,816,4,20637.66,4,3,3
11128,816,4,26377.43,4,4,4
7938,816,4,34262.27,4,4,5
11326,816,5,17386.63,4,4,3
5946,816,5,20449.45,4,4,3
9136,816,5,32910.36,4,4,5
7352,816,5,36428.85,4,4,5
7706,816,6,22492.61,4,5,3
2379,816,6,37213.27,4,5,5
5944,816,7,31064.19,4,5,4
1688,816,7,45225.46,4,5,5
3391,815,1,8012.9,4,1,1
2419,815,2,1413.96,4,1,1
5105,815,2,5006.31,4,1,1
1660,815,2,7822.52,4,1,1
9158,815,2,8812.79,4,1,1
3729,815,2,9492.4,4,1,1
5528,815,2,12417.39,4,1,2
10364,815,2,14460.81,4,2,2
1976,815,2,18332.71,4,2,3
7650,815,2,19382.75,4,2,3
2924,815,2,27026.43,4,2,4
4482,815,3,9166.66,4,2,1
10546,815,3,10104.74,4,2,2
7162,815,3,12370.68,4,2,2
10977,815,3,12508.01,4,2,2
1726,815,3,14525.37,4,2,2
3366,815,3,16912.9,4,2,3
7467,815,3,17613.51,4,2,3
3257,815,3,18340.6,4,2,3
8051,815,3,21275.94,4,3,3
10213,815,3,21335.7,4,3,3
8812,815,3,25880.04,4,3,4
8569,815,4,6498.59,4,3,1
537,815,4,11359.41,4,3,2
3378,815,4,13572.37,4,3,2
9823,815,4,19260.2,4,3,3
9509,815,4,19864.38,4,3,3
4914,815,4,22322.5,4,3,3
7137,815,4,23621.57,4,3,4
6320,815,4,23766.56,4,3,4
652,815,4,25307.18,4,3,4
7440,815,5,12204.25,4,4,2
4036,815,5,19173.78,4,4,3
4673,815,5,27123.55,4,4,4
7863,815,5,28211.9,4,4,4
9271,815,5,28386.35,4,4,4
2240,815,5,36994.84,4,4,5
10757,815,5,39458.41,4,4,5
9786,815,5,41067.09,4,5,5
565,815,5,44134.63,4,5,5
1874,815,6,22742.36,4,5,3
7951,815,6,23844.01,4,5,4
11509,815,6,31281.47,4,5,4
3826,815,6,32359.93,4,5,5
11915,815,6,36397.42,4,5,5
7292,815,6,40521.87,4,5,5
11607,815,6,54493.57,4,5,5
6380,815,7,42007.17,4,5,5
10903,815,7,52592.89,4,5,5
1013,815,9,46281.79,4,5,5
6753,814,1,2691.85,4,1,1
11597,814,1,6893.58,4,1,1
3668,814,2,3198.1,4,1,1
7306,814,2,4001.35,4,1,1
2026,814,2,6208.14,4,1,1
8346,814,2,6266.59,4,1,1
11022,814,2,8390.22,4,1,1
11321,814,2,13061.29,4,2,2
5286,814,2,16343.07,4,2,3
313,814,2,16394.66,4,2,3
4547,814,2,17324.08,4,2,3
6147,814,3,9274.64,4,2,1
350,814,3,13435.29,4,2,2
3184,814,3,13498.52,4,2,2
4092,814,3,21213.48,4,3,3
10191,814,3,26414.7,4,3,4
7256,814,3,26614.41,4,3,4
10284,814,4,13742.79,4,3,2
1124,814,4,15528.87,4,3,2
2950,814,4,16042.38,4,3,2
10168,814,4,19181.47,4,3,3
5577,814,4,21168.55,4,3,3
1167,814,4,21592.74,4,3,3
10710,814,4,26554.22,4,4,4
1366,814,4,35645.5,4,4,5
10441,814,5,12567.65,4,4,2
4681,814,5,26256.67,4,4,4
10149,814,5,26262.15,4,4,4
5595,814,5,33973.3,4,4,5
8965,814,5,38318.54,4,4,5
9552,814,6,23064.55,4,5,4
5467,814,6,29817.58,4,5,4
7004,814,6,31470.58,4,5,4
9727,814,6,32330.92,4,5,5
11446,814,6,46875.44,4,5,5
6057,814,7,25033.55,4,5,4
1424,814,7,45351.46,4,5,5
3751,814,7,46273.62,4,5,5
3390,814,7,52561.04,4,5,5
7719,814,8,35898.67,4,5,5
10667,814,8,54173.67,4,5,5
523,814,8,69794.64,4,5,5
963,813,2,3060.26,4,1,1
1485,813,2,8436.94,4,1,1
8662,813,2,9895.72,4,1,1
2934,813,2,10824.75,4,1,2
1056,813,2,11909.07,4,1,2
11122,813,2,12769.19,4,1,2
1716,813,3,9070.5,4,2,1
132,813,3,13014.08,4,2,2
8241,813,3,13450.35,4,2,2
5130,813,3,13934.23,4,2,2
6227,813,3,15066.41,4,2,2
5612,813,3,15543.97,4,2,2
9183,813,3,22134.58,4,3,3
6284,813,3,24400.41,4,3,4
775,813,3,26666.33,4,3,4
10026,813,4,10836.55,4,3,2
6336,813,4,11583.49,4,3,2
2003,813,4,36416.95,4,4,5
10137,813,4,39170.07,4,4,5
7502,813,5,15492.43,4,4,2
7219,813,5,18325.55,4,4,3
11248,813,5,24034.57,4,4,4
5412,813,5,25985.47,4,4,4
3085,813,5,27261.98,4,4,4
9981,813,5,27945.28,4,4,4
9621,813,5,29319.07,4,4,4
4400,813,5,31875.5,4,4,5
3113,813,5,32471.2,4,4,5
6168,813,5,33576.18,4,4,5
5661,813,5,34782.98,4,4,5
7997,813,5,39980.59,4,4,5
4370,813,6,21835.4,4,5,3
9721,813,6,33298.54,4,5,5
995,813,6,34809.98,4,5,5
10356,813,6,37748.01,4,5,5
1172,813,6,44855.36,4,5,5
910,813,6,53414.74,4,5,5
7432,813,7,25765.49,4,5,4
9923,813,7,35077.49,4,5,5
8215,813,8,31777.14,4,5,5
1081,813,8,40789.68,4,5,5
5197,812,1,639.5,4,1,1
10340,812,1,1661.44,4,1,1
6337,812,1,17002.44,4,1,3
11858,812,2,3927.76,4,1,1
5112,812,2,4890.56,4,1,1
1304,812,2,5960.47,4,1,1
202,812,2,7920.18,4,1,1
7450,812,2,8669.25,4,1,1
6209,812,3,16080.08,4,2,2
10363,812,3,18187.43,4,2,3
1371,812,3,18718.58,4,2,3
7436,812,3,19125.25,4,2,3
3040,812,3,20451.17,4,3,3
5596,812,3,20830.82,4,3,3
7631,812,3,26114.62,4,3,4
11197,812,4,9075.75,4,3,1
5587,812,4,12568.44,4,3,2
11959,812,4,15825.55,4,3,2
1758,812,4,18991.87,4,3,3
10276,812,4,19835.7,4,3,3
878,812,4,22147.74,4,3,3
6530,812,4,25240.27,4,3,4
8632,812,4,26392.64,4,4,4
11823,812,4,30351.43,4,4,4
5815,812,4,33356.05,4,4,5
5882,812,4,36901.2,4,4,5
6154,812,5,17915.32,4,4,3
7679,812,5,24510.67,4,4,4
7624,812,5,29429.39,4,4,4
9436,812,5,30869.73,4,4,4
9260,812,5,33173.76,4,4,5
11555,812,5,41130.99,4,5,5
10419,812,5,49247.47,4,5,5
9460,812,5,53554.25,4,5,5
1603,812,6,18055.94,4,5,3
5730,812,6,18440.26,4,5,3
6345,812,6,33056.31,4,5,5
4796,812,6,35415.35,4,5,5
2120,812,6,51296.4,4,5,5
10950,812,7,27984.61,4,5,4
1111,812,7,34463.19,4,5,5
11441,812,7,50902.63,4,5,5
2645,812,8,32831.37,4,5,5
9656,812,8,35404.27,4,5,5
10967,812,8,63738.02,4,5,5
9905,812,9,48066.23,4,5,5
4019,811,1,2422.97,4,1,1
5951,811,2,6305.52,4,1,1
4144,811,2,8408.94,4,1,1
2530,811,2,9825.31,4,1,1
812,811,2,14897.27,4,2,2
6923,811,2,16222.91,4,2,3
2512,811,2,18792.02,4,2,3
8810,811,3,6676.8,4,2,1
6381,811,3,10883.11,4,2,2
6117,811,3,12781.44,4,2,2
3292,811,3,13783.06,4,2,2
2862,811,3,16713.6,4,2,3
10853,811,3,18210.45,4,2,3
5878,811,3,20732.35,4,3,3
9974,811,3,21439.36,4,3,3
8994,811,3,23221.73,4,3,4
1682,811,3,24003.42,4,3,4
6936,811,3,33244.9,4,3,5
8832,811,4,8404.81,4,3,1
10726,811,4,19004.96,4,3,3
5348,811,4,25466.82,4,3,4
3259,811,4,27348.69,4,4,4
7717,811,4,27827.4,4,4,4
8120,811,4,29719.7,4,4,4
348,811,5,14341.43,4,4,2
2602,811,5,19574.03,4,4,3
8861,811,5,23478.64,4,4,4
10823,811,5,30821.77,4,4,4
920,811,5,35031.0,4,4,5
11145,811,5,37766.8,4,4,5
3029,811,5,56789.31,4,5,5
10030,811,6,14756.19,4,5,2
3770,811,6,19930.42,4,5,3
10953,811,6,29901.32,4,5,4
9960,811,6,32029.44,4,5,5
1581,811,6,46622.72,4,5,5
4319,811,7,20068.46,4,5,3
10942,811,7,37166.44,4,5,5
11536,811,9,49691.63,4,5,5
2798,811,10,47370.12,4,5,5
6731,810,1,7420.97,4,1,1
5107,810,2,17370.88,4,2,3
3975,810,3,7678.73,4,2,1
1442,810,3,19340.24,4,2,3
7961,810,3,19953.1,4,3,3
6056,810,3,20282.57,4,3,3
1301,810,3,24474.43,4,3,4
5171,810,3,24563.66,4,3,4
10738,810,3,24974.1,4,3,4
7017,810,3,28482.27,4,3,4
2418,810,3,29550.93,4,3,4
6508,810,3,32299.37,4,3,5
5281,810,4,6331.0,4,3,1
4393,810,4,9159.26,4,3,1
667,810,4,10268.06,4,3,2
6574,810,4,10296.03,4,3,2
9201,810,4,16514.58,4,3,3
1196,810,4,16991.99,4,3,3
9993,810,4,17406.23,4,3,3
1773,810,4,22964.99,4,3,4
11368,810,4,25794.18,4,3,4
3022,810,4,27166.89,4,4,4
5817,810,4,28151.2,4,4,4
6444,810,4,33744.99,4,4,5
3267,810,4,36612.34,4,4,5
5756,810,4,44325.59,4,4,5
10226,810,5,23669.53,4,4,4
6304,810,5,32573.24,4,4,5
9803,810,5,32702.23,4,4,5
4026,810,5,37115.35,4,4,5
11560,810,5,41244.64,4,5,5
7196,810,5,51384.86,4,5,5
997,810,6,36001.82,4,5,5
2901,810,6,36238.65,4,5,5
9256,810,7,39288.29,4,5,5
258,809,1,2027.64,4,1,1
585,809,1,8773.56,4,1,1
4009,809,1,9217.61,4,1,1
10485,809,1,9752.47,4,1,1
3439,809,2,9129.96,4,1,1
6916,809,2,11931.18,4,1,2
8757,809,3,4122.41,4,2,1
2638,809,3,4224.34,4,2,1
8701,809,3,5699.44,4,2,1
1132,809,3,6324.75,4,2,1
1850,809,3,10449.98,4,2,2
11746,809,3,13811.36,4,2,2
4528,809,3,13834.26,4,2,2
11928,809,3,13887.24,4,2,2
6928,809,3,19088.8,4,2,3
6677,809,4,7265.77,4,3,1
10875,809,4,11529.76,4,3,2
2305,809,4,11737.89,4,3,2
2356,809,4,14049.86,4,3,2
8778,809,4,16651.05,4,3,3
5931,809,4,17102.28,4,3,3
3795,809,4,19899.51,4,3,3
9020,809,4,21334.71,4,3,3
5373,809,4,27189.16,4,4,4
5714,809,4,36192.93,4,4,5
9505,809,4,37725.61,4,4,5
3123,809,5,28669.53,4,4,4
912,809,5,29103.25,4,4,4
303,809,5,35842.33,4,4,5
8706,809,5,37130.01,4,4,5
8377,809,5,38853.99,4,4,5
6399,809,5,40084.92,4,4,5
4355,809,5,43028.09,4,5,5
21,809,6,19069.42,4,5,3
2526,809,6,22412.4,4,5,3
9819,809,6,22837.56,4,5,4
3985,809,6,25384.46,4,5,4
4442,809,6,26818.96,4,5,4
5820,809,6,37822.4,4,5,5
2197,809,6,50908.35,4,5,5
8446,809,7,42587.37,4,5,5
10445,809,7,52028.31,4,5,5
5,809,10,51107.1,4,5,5
2821,808,1,6368.37,4,1,1
3338,808,1,7801.11,4,1,1
3028,808,2,4612.09,4,1,1
4280,808,2,8660.18,4,1,1
3935,808,2,10230.42,4,1,2
9019,808,2,11594.83,4,1,2
3323,808,3,9014.96,4,2,1
6224,808,3,10004.9,4,2,2
7262,808,3,12436.86,4,2,2
2080,808,3,12486.22,4,2,2
5267,808,3,13098.91,4,2,2
10700,808,3,13537.62,4,2,2
2044,808,3,13594.65,4,2,2
3409,808,3,20123.18,4,3,3
5416,808,3,21332.21,4,3,3
580,808,3,21804.22,4,3,3
4899,808,3,22806.62,4,3,3
10136,808,4,11779.59,4,3,2
8911,808,4,18752.14,4,3,3
6125,808,4,19134.88,4,3,3
4456,808,4,19232.15,4,3,3
8919,808,4,19507.19,4,3,3
2634,808,4,21209.47,4,3,3
1261,808,4,21423.81,4,3,3
10258,808,4,25307.24,4,3,4
8050,808,4,25667.66,4,3,4
2178,808,4,26097.0,4,4,4
3563,808,4,28217.06,4,4,4
10607,808,4,29266.49,4,4,4
10535,808,4,34068.31,4,4,5
822,808,4,35758.4,4,4,5
9179,808,5,15794.77,4,4,2
2596,808,5,26000.35,4,4,4
6173,808,5,26448.91,4,4,4
2860,808,5,27189.08,4,4,4
11052,808,5,32758.59,4,4,5
10174,808,5,39162.96,4,4,5
5323,808,5,43449.75,4,5,5
7157,808,5,44580.03,4,5,5
11186,808,5,48231.94,4,5,5
11706,808,6,15005.79,4,5,2
8428,808,6,27334.19,4,5,4
5698,808,6,33088.77,4,5,5
11265,808,6,40047.44,4,5,5
10675,808,6,45123.08,4,5,5
7774,808,6,45656.91,4,5,5
5702,808,7,22010.42,4,5,3
194,808,7,29667.57,4,5,4
8647,808,7,32442.63,4,5,5
1568,808,7,39775.87,4,5,5
6468,807,1,436.38,4,1,1
136,807,1,2037.0,4,1,1
5393,807,1,10205.17,4,1,2
7302,807,2,13764.58,4,2,2
2189,807,3,6723.08,4,2,1
1594,807,3,8609.09,4,2,1
7683,807,3,10145.04,4,2,2
747,807,3,10239.76,4,2,2
8010,807,3,17328.75,4,2,3
4152,807,3,17609.64,4,2,3
5253,807,3,21605.27,4,3,3
4269,807,4,14031.38,4,3,2
11178,807,4,14946.87,4,3,2
1306,807,4,16035.24,4,3,2
8900,807,4,16372.72,4,3,3
218,807,4,21207.41,4,3,3
11701,807,4,22287.58,4,3,3
1460,807,4,23593.42,4,3,4
10606,807,4,25694.07,4,3,4
1195,807,4,27150.61,4,4,4
6070,807,4,27166.26,4,4,4
6097,807,4,27331.34,4,4,4
805,807,4,28346.72,4,4,4
1383,807,4,30411.87,4,4,4
1577,807,5,14744.33,4,4,2
6528,807,5,16029.98,4,4,2
7177,807,5,22776.01,4,4,3
4728,807,5,23364.34,4,4,4
8723,807,5,28401.42,4,4,4
5839,807,5,31140.86,4,4,4
11908,807,5,35120.96,4,4,5
4658,807,5,44450.21,4,5,5
10846,807,6,27503.88,4,5,4
11868,807,6,31167.43,4,5,4
660,807,6,39063.55,4,5,5
7647,807,7,42471.42,4,5,5
4424,807,7,43806.28,4,5,5
9596,807,8,32691.83,4,5,5
7576,807,8,39524.66,4,5,5
6352,807,8,42514.24,4,5,5
9182,807,9,50525.93,4,5,5
2076,806,1,5943.8,4,1,1
7126,806,2,2505.31,4,1,1
4359,806,2,9272.85,4,1,1
7369,806,2,10621.23,4,1,2
6875,806,2,14638.07,4,2,2
3026,806,2,26534.65,4,2,4
1634,806,3,5064.41,4,2,1
8734,806,3,9493.79,4,2,1
9430,806,3,10096.17,4,2,2
9696,806,3,12152.3,4,2,2
11397,806,3,12228.08,4,2,2
3492,806,3,14509.5,4,2,2
6534,806,3,17075.85,4,2,3
5206,806,3,25387.45,4,3,4
3473,806,4,11263.37,4,3,2
8495,806,4,15572.25,4,3,2
11793,806,4,20227.07,4,3,3
3310,806,4,21504.09,4,3,3
8792,806,4,23672.78,4,3,4
6651,806,4,28613.18,4,4,4
3042,806,4,30030.44,4,4,4
1706,806,4,36021.89,4,4,5
991,806,5,13683.12,4,4,2
8071,806,5,15743.71,4,4,2
3171,806,5,16438.02,4,4,3
11635,806,5,17240.66,4,4,3
4634,806,5,29222.48,4,4,4
2453,806,5,31325.83,4,4,4
2383,806,5,31734.56,4,4,5
8725,806,5,40547.03,4,4,5
9354,806,6,32486.36,4,5,5
9831,806,6,38522.41,4,5,5
1080,806,7,20764.55,4,5,3
8296,806,7,39991.11,4,5,5
3558,806,7,42132.16,4,5,5
1001,806,7,48258.08,4,5,5
6529,806,8,28242.23,4,5,4
9281,806,8,36890.33,4,5,5
2804,806,9,53287.32,4,5,5
10771,805,1,4409.06,4,1,1
9908,805,2,9153.76,4,1,1
144,805,2,9840.03,4,1,1
187,805,2,10392.17,4,1,2
5459,805,2,16571.86,4,2,3
9094,805,2,19816.98,4,2,3
4211,805,2,23365.43,4,2,4
1656,805,3,8196.56,4,2,1
11556,805,3,8823.23,4,2,1
6735,805,3,14547.85,4,2,2
5505,805,3,16186.73,4,2,3
4682,805,3,20022.32,4,3,3
11737,805,3,26257.45,4,3,4
1917,805,3,29447.56,4,3,4
4561,805,4,8541.33,4,3,1
11409,805,4,10087.33,4,3,2
9687,805,4,12571.32,4,3,2
6659,805,4,15131.78,4,3,2
5991,805,4,15436.53,4,3,2
5744,805,4,17857.42,4,3,3
5872,805,4,24458.24,4,3,4
6392,805,4,24653.72,4,3,4
9599,805,5,23959.66,4,4,4
7018,805,5,24446.62,4,4,4
4332,805,5,26107.49,4,4,4
5581,805,5,28948.07,4,4,4
5606,805,5,35678.76,4,4,5
9757,805,5,37908.57,4,4,5
7449,805,5,44557.56,4,5,5
7814,805,6,16824.39,4,5,3
2502,805,6,18688.46,4,5,3
10885,805,6,25131.78,4,5,4
4582,805,6,30660.89,4,5,4
6242,805,6,38318.8,4,5,5
9071,805,6,41808.1,4,5,5
11544,805,7,35287.12,4,5,5
1277,805,8,51202.28,4,5,5
693,805,8,53251.19,4,5,5
4198,804,1,1973.22,4,1,1
10584,804,1,2663.45,4,1,1
2405,804,2,3441.11,4,1,1
9957,804,2,4069.53,4,1,1
9262,804,2,9129.45,4,1,1
8229,804,2,13001.6,4,2,2
9517,804,2,13450.67,4,2,2
9368,804,2,13536.06,4,2,2
2819,804,2,17370.29,4,2,3
2351,804,3,10964.25,4,2,2
4285,804,3,15103.33,4,2,2
1731,804,3,15612.69,4,2,2
11112,804,3,17419.79,4,2,3
5586,804,3,18394.79,4,2,3
7529,804,3,19236.41,4,2,3
4130,804,4,11243.85,4,3,2
8077,804,4,17882.07,4,3,3
7161,804,4,19871.09,4,3,3
1299,804,4,26180.77,4,4,4
4888,804,4,28092.01,4,4,4
11307,804,4,29593.88,4,4,4
4878,804,5,11456.92,4,4,2
252,804,5,12482.3,4,4,2
5000,804,5,22158.74,4,4,3
1407,804,5,23646.01,4,4,4
11445,804,5,23711.27,4,4,4
10244,804,5,25884.33,4,4,4
1495,804,5,29122.73,4,4,4
1945,804,5,29374.25,4,4,4
5116,804,5,30171.13,4,4,4
8204,804,5,31828.78,4,4,5
4402,804,6,22395.1,4,5,3
33,804,6,22502.3,4,5,3
5758,804,6,29764.61,4,5,4
10779,804,6,30032.4,4,5,4
8149,804,6,35666.54,4,5,5
7060,804,6,44382.73,4,5,5
8302,804,7,36094.5,4,5,5
8525,804,8,38569.69,4,5,5
4891,804,8,40620.44,4,5,5
3058,804,8,44499.15,4,5,5
8787,804,9,64553.97,4,5,5
9120,803,1,1987.45,4,1,1
1894,803,1,6067.77,4,1,1
9676,803,2,3499.1,4,1,1
3836,803,2,4882.62,4,1,1
9843,803,2,11562.53,4,1,2
8182,803,2,14537.21,4,2,2
6853,803,3,8898.38,4,2,1
2406,803,3,9136.29,4,2,1
1528,803,3,11012.16,4,2,2
1047,803,3,20326.16,4,3,3
11033,803,3,26399.47,4,3,4
3465,803,3,28848.38,4,3,4
6202,803,4,12810.76,4,3,2
11551,803,4,13440.63,4,3,2
2687,803,4,21474.63,4,3,3
4835,803,4,21487.84,4,3,3
11960,803,4,23380.51,4,3,4
4999,803,4,24142.72,4,3,4
9900,803,4,25347.94,4,3,4
6437,803,4,26870.09,4,4,4
6776,803,5,15429.28,4,4,2
2945,803,5,19962.65,4,4,3
1162,803,5,23234.66,4,4,4
7794,803,5,23685.02,4,4,4
11330,803,5,24416.77,4,4,4
11531,803,5,26894.22,4,4,4
10824,803,6,10789.88,4,5,2
11502,803,6,28315.97,4,5,4
10332,803,6,29857.69,4,5,4
7471,803,6,31095.85,4,5,4
4122,803,6,34996.89,4,5,5
2303,803,6,37038.05,4,5,5
5803,803,6,37042.43,4,5,5
7459,803,6,37566.38,4,5,5
4348,803,7,29647.12,4,5,4
9139,803,7,30237.0,4,5,4
10232,803,7,41659.54,4,5,5
11125,803,8,47990.28,4,5,5
3154,803,9,47958.52,4,5,5
9941,803,10,48431.01,4,5,5
8774,802,1,1937.4,4,1,1
7205,802,2,2224.66,4,1,1
6152,802,2,4364.52,4,1,1
7749,802,2,5089.13,4,1,1
6138,802,2,5302.06,4,1,1
9704,802,2,9558.4,4,1,1
1571,802,2,9778.12,4,1,1
5215,802,2,18658.68,4,2,3
4069,802,3,12521.63,4,2,2
4523,802,3,16998.34,4,2,3
11748,802,3,17505.36,4,2,3
3039,802,3,19321.39,4,2,3
1612,802,3,20787.57,4,3,3
8163,802,3,20816.99,4,3,3
11367,802,4,11272.2,4,3,2
1737,802,4,13965.79,4,3,2
5499,802,4,15012.46,4,3,2
8295,802,4,16465.49,4,3,3
4934,802,4,16490.35,4,3,3
2301,802,4,17199.45,4,3,3
6327,802,4,17393.58,4,3,3
10720,802,4,23123.01,4,3,4
6325,802,4,27540.99,4,4,4
8345,802,4,33032.02,4,4,5
11585,802,4,41290.34,4,4,5
10373,802,5,16431.28,4,4,3
6498,802,5,18504.54,4,4,3
3149,802,5,21372.03,4,4,3
3674,802,5,24970.06,4,4,4
10036,802,5,25726.75,4,4,4
3625,802,5,30889.32,4,4,4
540,802,5,37248.48,4,4,5
2109,802,5,40729.61,4,4,5
7523,802,6,21456.68,4,5,3
9355,802,6,26243.87,4,5,4
594,802,6,30894.51,4,5,4
4227,802,6,32585.71,4,5,5
6778,802,6,41221.34,4,5,5
10652,802,7,29470.18,4,5,4
4101,802,7,31637.61,4,5,4
3632,802,7,37464.19,4,5,5
7463,802,7,46538.81,4,5,5
7974,802,7,58696.29,4,5,5
6111,802,8,24215.23,4,5,4
9240,802,9,33132.79,4,5,5
2445,802,9,62536.26,4,5,5
1423,801,2,1782.74,4,1,1
10708,801,2,2978.1,4,1,1
3250,801,2,5986.52,4,1,1
6175,801,2,11775.82,4,1,2
8135,801,2,13915.89,4,2,2
11196,801,2,30527.29,4,2,4
7470,801,3,6075.9,4,2,1
11165,801,3,7281.51,4,2,1
2016,801,3,10330.77,4,2,2
8436,801,3,14241.39,4,2,2
4872,801,3,15952.65,4,2,2
5787,801,3,17001.14,4,2,3
5208,801,3,25137.54,4,3,4
10362,801,3,25560.24,4,3,4
4846,801,4,12710.41,4,3,2
9602,801,4,17087.75,4,3,3
4617,801,4,19151.45,4,3,3
8206,801,4,26594.87,4,4,4
7204,801,5,10330.21,4,4,2
8699,801,5,16034.79,4,4,2
7839,801,5,23623.55,4,4,4
5071,801,5,26086.14,4,4,4
8675,801,5,26184.69,4,4,4
7073,801,5,27861.06,4,4,4
4231,801,5,31492.27,4,4,4
9783,801,5,35954.33,4,4,5
11595,801,5,36670.99,4,4,5
5403,801,5,37076.0,4,4,5
10829,801,5,38052.4,4,4,5
7866,801,5,38830.15,4,4,5
5891,801,5,39079.92,4,4,5
1021,801,6,30811.01,4,5,4
3143,801,6,33230.69,4,5,5
6944,801,6,36043.94,4,5,5
5277,801,7,30046.17,4,5,4
4416,801,7,46360.13,4,5,5
3711,801,8,77609.75,4,5,5
1115,801,9,35263.25,4,5,5
2547,801,9,52185.1,4,5,5
962,800,1,508.65,4,1,1
8859,800,1,6458.46,4,1,1
2572,800,2,4081.81,4,1,1
2149,800,2,9437.97,4,1,1
9616,800,2,9971.56,4,1,2
10662,800,3,12075.99,4,2,2
277,800,3,12189.69,4,2,2
5324,800,3,13102.74,4,2,2
9822,800,3,20112.82,4,3,3
3569,800,4,11629.72,4,3,2
3948,800,4,16182.34,4,3,3
829,800,4,18167.0,4,3,3
10679,800,4,21778.53,4,3,3
9764,800,4,27209.89,4,4,4
1601,800,4,28118.98,4,4,4
4949,800,4,42621.97,4,4,5
4388,800,5,19053.24,4,4,3
11028,800,5,23684.48,4,4,4
4944,800,5,23738.38,4,4,4
6907,800,5,23821.0,4,4,4
8470,800,5,25996.69,4,4,4
2646,800,5,29164.44,4,4,4
11785,800,6,24241.26,4,5,4
1046,800,6,26251.33,4,5,4
6104,800,7,20040.47,4,5,3
8307,800,7,31267.5,4,5,4
310,800,7,38920.25,4,5,5
7056,800,7,40411.29,4,5,5
501,800,7,68173.68,4,5,5
6656,800,8,35556.82,4,5,5
4536,800,8,49170.58,4,5,5
9965,800,10,35123.55,4,5,5
3982,799,1,2545.37,4,1,1
5159,799,1,2898.0,4,1,1
3402,799,2,5601.56,4,1,1
11553,799,2,13816.52,4,2,2
781,799,3,7062.79,4,2,1
11242,799,3,11707.39,4,2,2
7671,799,3,11935.81,4,2,2
9022,799,3,14429.47,4,2,2
2017,799,3,16755.2,4,2,3
11872,799,3,16908.62,4,2,3
889,799,3,18254.43,4,2,3
9123,799,3,19436.68,4,2,3
1762,799,4,14391.14,4,3,2
455,799,4,16190.23,4,3,3
7693,799,4,16574.11,4,3,3
2392,799,4,21737.87,4,3,3
11520,799,4,22583.46,4,3,3
6011,799,5,11706.57,4,4,2
3585,799,5,18404.67,4,4,3
4628,799,5,19725.09,4,4,3
11524,799,5,22965.55,4,4,4
4171,799,5,23758.63,4,4,4
5527,799,5,25217.74,4,4,4
6191,799,5,26293.07,4,4,4
48,799,5,29132.66,4,4,4
7776,799,5,35835.23,4,4,5
1184,799,5,44371.4,4,5,5
5974,799,6,20167.31,4,5,3
5389,799,6,28691.18,4,5,4
884,799,6,40346.26,4,5,5
10411,799,7,38410.51,4,5,5
1877,799,7,42590.3,4,5,5
2266,799,7,45247.99,4,5,5
5449,799,8,30798.38,4,5,4
4221,799,8,46101.79,4,5,5
4575,799,8,48459.97,4,5,5
9830,799,9,53410.51,4,5,5
3438,799,10,40703.46,4,5,5
5561,799,10,46789.97,4,5,5
8118,798,1,2287.38,4,1,1
548,798,1,4347.0,4,1,1
8951,798,1,5520.45,4,1,1
8433,798,2,2029.26,4,1,1
7479,798,2,6211.47,4,1,1
1787,798,2,11976.37,4,1,2
10472,798,3,11501.51,4,2,2
3183,798,3,16728.54,4,2,3
11530,798,3,17759.43,4,2,3
11023,798,3,18981.95,4,2,3
9400,798,3,21048.39,4,3,3
5361,798,3,21558.49,4,3,3
7475,798,4,12584.13,4,3,2
4155,798,4,13112.92,4,3,2
10870,798,4,13581.91,4,3,2
2897,798,4,13849.43,4,3,2
1833,798,4,19354.15,4,3,3
4818,798,4,37221.92,4,4,5
3242,798,5,5676.47,4,4,1
8961,798,5,20180.17,4,4,3
6115,798,5,21448.8,4,4,3
5268,798,5,25053.65,4,4,4
1238,798,5,25462.2,4,4,4
7743,798,5,27655.97,4,4,4
6641,798,5,33743.27,4,4,5
8617,798,5,36964.31,4,4,5
9029,798,5,37024.59,4,4,5
1994,798,5,47858.24,4,5,5
3336,798,5,49275.18,4,5,5
11878,798,6,20907.18,4,5,3
8576,798,6,27578.83,4,5,4
5932,798,6,29709.44,4,5,4
8637,798,6,33829.41,4,5,5
2205,798,6,34384.17,4,5,5
1087,798,6,36212.78,4,5,5
11045,798,6,41018.21,4,5,5
2575,798,7,38762.89,4,5,5
5688,798,7,47076.58,4,5,5
1617,798,7,66491.35,4,5,5
11718,798,8,52821.58,4,5,5
1893,797,2,6457.76,4,1,1
9169,797,2,11978.92,4,1,2
9677,797,2,25512.61,4,2,4
6557,797,3,6686.23,4,2,1
10725,797,3,8046.09,4,2,1
7041,797,3,8992.12,4,2,1
11323,797,3,9019.88,4,2,1
3396,797,3,10680.24,4,2,2
9241,797,3,12938.95,4,2,2
9219,797,3,13136.08,4,2,2
11498,797,3,13728.1,4,2,2
810,797,3,14704.4,4,2,2
3957,797,3,14812.04,4,2,2
11754,797,3,15131.02,4,2,2
7129,797,3,15996.49,4,2,2
4747,797,3,16376.31,4,2,3
11081,797,3,19141.19,4,2,3
6146,797,3,25332.36,4,3,4
3888,797,3,25469.03,4,3,4
10212,797,3,27760.13,4,3,4
9744,797,3,30731.01,4,3,4
7084,797,4,12198.31,4,3,2
7358,797,4,14531.95,4,3,2
4420,797,4,15789.89,4,3,2
6454,797,4,17149.67,4,3,3
1045,797,4,17813.69,4,3,3
6141,797,4,18435.43,4,3,3
3758,797,4,20296.76,4,3,3
10481,797,4,23839.35,4,3,4
1710,797,4,26194.91,4,4,4
5309,797,4,27311.17,4,4,4
7087,797,4,29574.42,4,4,4
6315,797,4,36896.41,4,4,5
1142,797,4,40906.48,4,4,5
9322,797,5,16648.9,4,4,3
3540,797,5,21659.21,4,4,3
7353,797,5,22744.34,4,4,3
6249,797,5,25706.7,4,4,4
2466,797,5,29445.05,4,4,4
9294,797,5,30675.32,4,4,4
8869,797,5,38225.72,4,4,5
5445,797,5,42336.39,4,5,5
2673,797,6,26959.71,4,5,4
1367,797,6,29565.85,4,5,4
946,797,6,31144.83,4,5,4
4481,797,6,34680.11,4,5,5
6075,797,6,38302.25,4,5,5
1709,797,6,38484.35,4,5,5
10094,797,6,40245.04,4,5,5
3453,797,6,42423.3,4,5,5
10668,797,6,42469.35,4,5,5
10305,797,10,56161.9,4,5,5
4740,796,1,1449.0,4,1,1
4028,796,1,2041.71,4,1,1
7804,796,1,3466.73,4,1,1
4729,796,1,3579.26,4,1,1
11819,796,2,5845.78,4,1,1
11504,796,2,12092.55,4,1,2
9782,796,2,12387.91,4,1,2
9938,796,2,13616.9,4,2,2
10790,796,3,12176.35,4,2,2
10613,796,3,17747.71,4,2,3
2930,796,3,22979.92,4,3,4
9066,796,3,28429.54,4,3,4
10837,796,4,4286.38,4,3,1
9702,796,4,14887.2,4,3,2
974,796,4,16259.46,4,3,3
3334,796,4,18222.73,4,3,3
3057,796,4,22554.68,4,3,3
11103,796,4,22619.47,4,3,3
4397,796,4,28673.83,4,4,4
6421,796,4,28895.99,4,4,4
3427,796,4,29378.62,4,4,4
6590,796,4,29743.36,4,4,4
2791,796,4,32502.71,4,4,5
5938,796,4,37397.56,4,4,5
7249,796,5,17434.17,4,4,3
9327,796,5,21383.93,4,4,3
4698,796,5,24017.29,4,4,4
11896,796,5,27622.59,4,4,4
4344,796,5,29870.72,4,4,4
5691,796,5,30090.61,4,4,4
1019,796,5,31601.65,4,4,4
3,796,5,35880.4,4,4,5
10181,796,5,46368.22,4,5,5
3877,796,6,20678.17,4,5,3
985,796,6,23964.85,4,5,4
3696,796,6,29823.96,4,5,4
3325,796,6,33863.63,4,5,5
8080,796,6,38990.79,4,5,5
10523,796,6,52063.49,4,5,5
8070,796,7,23372.03,4,5,4
9583,796,7,27113.1,4,5,4
10745,796,7,45345.24,4,5,5
2837,796,9,23053.58,4,5,4
11789,795,1,1788.56,4,1,1
10881,795,2,4035.44,4,1,1
7953,795,2,5209.22,4,1,1
5557,795,2,14011.86,4,2,2
2973,795,2,17153.23,4,2,3
2139,795,3,9278.22,4,2,1
10905,795,3,11755.99,4,2,2
9759,795,3,13164.22,4,2,2
4051,795,3,15467.68,4,2,2
10542,795,3,15951.06,4,2,2
2522,795,3,17627.68,4,2,3
4175,795,3,17980.0,4,2,3
3065,795,3,18820.17,4,2,3
9412,795,3,19039.71,4,2,3
5491,795,3,24094.79,4,3,4
9302,795,3,24980.27,4,3,4
1484,795,4,11838.25,4,3,2
8091,795,4,13276.09,4,3,2
8475,795,4,18165.0,4,3,3
8586,795,4,19191.32,4,3,3
249,795,4,19487.53,4,3,3
276,795,4,23255.55,4,3,4
10451,795,4,24291.09,4,3,4
11766,795,4,25448.03,4,3,4
762,795,4,35813.17,4,4,5
7163,795,5,17760.56,4,4,3
4672,795,5,18942.12,4,4,3
8330,795,5,19811.11,4,4,3
4018,795,5,22967.6,4,4,4
6299,795,5,24469.48,4,4,4
8777,795,5,26970.56,4,4,4
2093,795,5,27075.58,4,4,4
7734,795,5,27153.02,4,4,4
1679,795,5,27416.39,4,4,4
50,795,5,27824.05,4,4,4
7654,795,5,32091.39,4,4,5
11473,795,6,11994.85,4,5,2
2132,795,6,20545.94,4,5,3
7214,795,6,23982.36,4,5,4
4279,795,6,27313.86,4,5,4
458,795,6,27371.46,4,5,4
1397,795,6,27777.75,4,5,4
1160,795,6,30284.93,4,5,4
5860,795,6,33005.16,4,5,5
3295,795,6,38100.01,4,5,5
655,795,6,38776.58,4,5,5
10703,795,6,60133.93,4,5,5
5502,795,7,25297.06,4,5,4
7793,795,7,33735.42,4,5,5
10705,795,7,33891.28,4,5,5
10569,795,7,35254.46,4,5,5
11663,795,7,43267.32,4,5,5
10831,795,7,48153.6,4,5,5
11950,795,7,52425.72,4,5,5
5649,795,8,33072.72,4,5,5
3537,795,8,47925.75,4,5,5
10291,795,9,62076.45,4,5,5
2234,795,10,54658.67,4,5,5
1434,795,10,58670.43,4,5,5
4077,795,10,64415.87,4,5,5
234,794,1,9858.14,4,1,1
7926,794,2,3540.5,4,1,1
1413,794,2,4271.54,4,1,1
9061,794,2,7624.05,4,1,1
4973,794,2,8494.67,4,1,1
10257,794,2,18305.45,4,2,3
3800,794,2,28876.68,4,2,4
6256,794,3,8826.53,4,2,1
4375,794,3,9369.25,4,2,1
5494,794,3,15104.38,4,2,2
11975,794,3,17648.98,4,2,3
718,794,3,25448.09,4,3,4
11037,794,3,27024.91,4,3,4
6031,794,3,28501.19,4,3,4
2715,794,4,6511.15,4,3,1
3695,794,4,9588.71,4,3,1
4640,794,4,12244.68,4,3,2
10687,794,4,13332.72,4,3,2
6229,794,4,13534.59,4,3,2
440,794,4,14485.71,4,3,2
4831,794,4,17021.09,4,3,3
5194,794,4,19294.27,4,3,3
5912,794,4,19420.92,4,3,3
10808,794,4,20562.84,4,3,3
10179,794,4,20725.53,4,3,3
2010,794,4,25243.26,4,3,4
7015,794,4,26997.94,4,4,4
7410,794,5,11388.69,4,4,2
1572,794,5,12116.38,4,4,2
2803,794,5,16557.84,4,4,3
7107,794,5,17051.02,4,4,3
4472,794,5,17680.56,4,4,3
5392,794,5,20201.75,4,4,3
9998,794,5,23900.25,4,4,4
3634,794,5,24851.01,4,4,4
2768,794,5,25630.07,4,4,4
10857,794,5,31242.24,4,4,4
8176,794,5,32087.51,4,4,5
9483,794,5,33371.66,4,4,5
5308,794,5,36987.76,4,4,5
11507,794,5,37066.25,4,4,5
5001,794,5,37894.57,4,4,5
7420,794,5,39489.32,4,4,5
2919,794,5,44564.86,4,5,5
6329,794,6,30532.62,4,5,4
11932,794,6,33284.89,4,5,5
8732,794,6,34349.46,4,5,5
8944,794,6,35049.0,4,5,5
11549,794,6,38615.36,4,5,5
9393,794,6,40865.26,4,5,5
6028,794,6,42703.85,4,5,5
11778,794,6,45403.12,4,5,5
3376,794,7,30584.88,4,5,4
4335,794,7,46330.74,4,5,5
6580,794,7,46520.84,4,5,5
8557,794,7,47931.18,4,5,5
7489,794,7,56911.18,4,5,5
6860,794,9,40186.03,4,5,5
1883,793,1,4047.8,4,1,1
6460,793,1,7722.07,4,1,1
4760,793,2,10487.91,4,1,2
10360,793,2,19229.12,4,2,3
7426,793,3,10986.11,4,2,2
9640,793,3,13000.33,4,2,2
10851,793,3,14069.13,4,2,2
10558,793,3,15978.59,4,2,2
357,793,3,32173.1,4,3,5
9709,793,4,10191.21,4,3,2
9378,793,4,15915.73,4,3,2
4278,793,4,18609.92,4,3,3
1829,793,4,21045.31,4,3,3
8247,793,4,22478.87,4,3,3
6702,793,4,27986.78,4,4,4
3172,793,4,30755.31,4,4,4
4003,793,4,31867.74,4,4,5
9780,793,4,37596.37,4,4,5
7721,793,5,19383.94,4,4,3
7068,793,5,25625.47,4,4,4
6234,793,5,25810.92,4,4,4
6297,793,5,32633.15,4,4,5
7702,793,5,45902.52,4,5,5
4748,793,6,28539.06,4,5,4
5566,793,6,30640.21,4,5,4
5477,793,6,31340.2,4,5,4
1643,793,6,32913.03,4,5,5
1784,793,6,34945.3,4,5,5
7125,793,6,35729.56,4,5,5
3152,793,6,72876.63,4,5,5
1865,793,7,32870.49,4,5,5
4406,793,7,36991.26,4,5,5
1664,793,7,37280.73,4,5,5
626,793,7,38226.78,4,5,5
3496,793,7,39917.33,4,5,5
4330,793,7,46570.5,4,5,5
5769,793,10,45003.86,4,5,5
1390,792,1,4740.13,4,1,1
7437,792,2,11854.27,4,1,2
3129,792,2,15135.24,4,2,2
7825,792,3,11197.96,4,2,2
5982,792,3,12546.1,4,2,2
11372,792,3,12797.37,4,2,2
10379,792,3,13745.32,4,2,2
8975,792,3,15511.58,4,2,2
11425,792,3,21839.61,4,3,3
605,792,3,23730.46,4,3,4
6253,792,4,6750.84,4,3,1
5773,792,4,9788.87,4,3,1
4410,792,4,12078.5,4,3,2
7807,792,4,12156.01,4,3,2
1638,792,4,14647.04,4,3,2
11958,792,4,15524.2,4,3,2
3134,792,4,16712.86,4,3,3
6812,792,4,18515.73,4,3,3
10090,792,4,23149.22,4,3,4
3640,792,4,24062.33,4,3,4
5184,792,4,24995.01,4,3,4
4468,792,4,25008.0,4,3,4
2589,792,4,25950.5,4,3,4
9916,792,4,26983.14,4,4,4
6887,792,4,30243.52,4,4,4
10214,792,4,34875.63,4,4,5
5409,792,4,38918.56,4,4,5
309,792,5,10550.71,4,4,2
10536,792,5,16333.65,4,4,3
9964,792,5,17291.45,4,4,3
6430,792,5,18067.66,4,4,3
8806,792,5,18877.48,4,4,3
8216,792,5,19741.62,4,4,3
966,792,5,23981.2,4,4,4
1659,792,5,28896.81,4,4,4
6190,792,5,31564.22,4,4,4
1110,792,5,32545.53,4,4,5
7611,792,5,33223.85,4,4,5
4956,792,5,33296.97,4,4,5
5949,792,5,35725.18,4,4,5
9565,792,6,27862.42,4,5,4
5038,792,6,30429.77,4,5,4
10281,792,6,33712.34,4,5,5
9768,792,7,33068.12,4,5,5
11517,792,7,42454.73,4,5,5
8146,792,7,46784.04,4,5,5
9697,792,8,25814.99,4,5,4
10457,792,8,37763.59,4,5,5
9245,792,8,41137.0,4,5,5
8819,792,8,45323.54,4,5,5
4655,792,8,48294.44,4,5,5
6213,792,8,49731.19,4,5,5
4450,792,8,66233.54,4,5,5
2836,792,9,63551.13,4,5,5
1956,792,12,39606.54,4,5,5
2342,791,2,6609.52,4,1,1
10644,791,2,7248.39,4,1,1
4526,791,3,6916.48,4,2,1
3164,791,3,7798.64,4,2,1
5893,791,3,8673.39,4,2,1
610,791,3,9031.01,4,2,1
6319,791,3,16446.68,4,2,3
4916,791,3,27474.54,4,3,4
2922,791,4,6993.53,4,3,1
562,791,4,14469.27,4,3,2
10228,791,4,19453.44,4,3,3
3968,791,4,21858.48,4,3,3
6049,791,4,24864.64,4,3,4
37,791,4,30228.79,4,4,4
9303,791,4,30788.76,4,4,4
5165,791,4,36627.61,4,4,5
11535,791,4,37003.76,4,4,5
8781,791,4,38506.1,4,4,5
32,791,4,65865.1,4,4,5
10670,791,5,7622.57,4,4,1
11647,791,5,10938.98,4,4,2
5721,791,5,15883.21,4,4,2
11429,791,5,18629.98,4,4,3
2481,791,5,20055.04,4,4,3
197,791,5,22701.33,4,4,3
3147,791,5,23393.99,4,4,4
7660,791,5,29201.77,4,4,4
3162,791,5,29293.73,4,4,4
5512,791,5,32546.76,4,4,5
39,791,5,35462.22,4,4,5
9679,791,5,36374.9,4,4,5
10893,791,5,39071.0,4,4,5
9295,791,6,18062.92,4,5,3
8657,791,6,24332.5,4,5,4
2898,791,6,24459.75,4,5,4
3863,791,6,29375.19,4,5,4
9481,791,6,29476.68,4,5,4
8033,791,6,39179.65,4,5,5
8650,791,6,40037.04,4,5,5
4593,791,6,40789.8,4,5,5
4140,791,7,25560.47,4,5,4
8003,791,7,29194.79,4,5,4
6483,791,7,34456.23,4,5,5
11344,791,7,44272.7,4,5,5
555,791,8,42398.07,4,5,5
4524,791,10,73598.96,4,5,5
9949,790,1,1627.08,4,1,1
3071,790,1,13620.64,4,1,2
3273,790,2,6752.72,4,1,1
2528,790,2,8288.4,4,1,1
3780,790,2,9904.84,4,1,2
6347,790,2,21381.65,4,2,3
2084,790,3,5043.94,4,2,1
11611,790,3,7045.09,4,2,1
9962,790,3,9020.76,4,2,1
11499,790,3,12706.82,4,2,2
8923,790,3,12762.86,4,2,2
1825,790,3,12833.93,4,2,2
2037,790,3,14840.55,4,2,2
4982,790,3,18025.37,4,2,3
9874,790,3,18561.57,4,2,3
7000,790,3,18967.46,4,2,3
3201,790,3,21162.1,4,3,3
1414,790,3,21643.91,4,3,3
1406,790,4,8647.17,4,3,1
2279,790,4,16939.63,4,3,3
9359,790,4,18974.23,4,3,3
3892,790,4,19029.13,4,3,3
6422,790,4,19071.78,4,3,3
9044,790,4,19424.82,4,3,3
7854,790,4,26253.81,4,4,4
1496,790,4,26303.5,4,4,4
7169,790,4,33945.89,4,4,5
1770,790,5,14194.97,4,4,2
11962,790,5,18514.91,4,4,3
9150,790,5,23555.29,4,4,4
3096,790,5,25724.14,4,4,4
7109,790,5,30119.25,4,4,4
1246,790,5,30698.84,4,4,4
5375,790,5,33725.25,4,4,5
4708,790,5,39968.83,4,4,5
2064,790,6,20195.64,4,5,3
651,790,6,24398.21,4,5,4
868,790,6,28949.14,4,5,4
9202,790,6,29008.02,4,5,4
2358,790,6,31839.85,4,5,5
8721,790,6,43626.91,4,5,5
5328,790,6,59402.07,4,5,5
8948,790,7,48591.72,4,5,5
1988,790,8,37647.15,4,5,5
8234,789,1,9822.89,4,1,1
7923,789,2,8662.83,4,1,1
5550,789,2,11120.92,4,1,2
5169,789,2,13557.71,4,2,2
7519,789,2,19435.68,4,2,3
5763,789,3,8574.3,4,2,1
2835,789,3,8968.0,4,2,1
376,789,3,11190.57,4,2,2
5700,789,3,12457.15,4,2,2
319,789,3,14469.31,4,2,2
4461,789,3,15889.8,4,2,2
11271,789,3,17178.51,4,2,3
1094,789,3,21769.15,4,3,3
2031,789,3,23794.44,4,3,4
6920,789,3,26568.3,4,3,4
1033,789,4,16056.74,4,3,2
7501,789,4,18162.48,4,3,3
9060,789,4,20498.25,4,3,3
2569,789,4,20879.33,4,3,3
11709,789,4,21506.74,4,3,3
10854,789,4,22071.37,4,3,3
7425,789,4,23586.12,4,3,4
7136,789,4,28294.01,4,4,4
8780,789,4,30620.62,4,4,4
9879,789,5,21661.5,4,4,3
4194,789,5,22900.93,4,4,4
5442,789,5,23148.28,4,4,4
1312,789,5,28984.9,4,4,4
11512,789,5,38094.3,4,4,5
2021,789,5,38992.61,4,4,5
5611,789,5,46547.45,4,5,5
372,789,5,57015.74,4,5,5
2941,789,6,14039.32,4,5,2
921,789,6,25903.28,4,5,4
1168,789,6,29676.95,4,5,4
3299,789,6,31030.8,4,5,4
9504,789,6,40995.84,4,5,5
10952,789,6,42402.5,4,5,5
10197,789,8,59282.09,4,5,5
10118,789,9,40974.65,4,5,5
10733,789,9,51699.03,4,5,5
7956,788,1,2535.81,4,1,1
3033,788,2,3714.82,4,1,1
4805,788,2,3745.61,4,1,1
3369,788,2,3830.92,4,1,1
11771,788,2,8226.95,4,1,1
10766,788,2,9625.47,4,1,1
1826,788,2,11036.69,4,1,2
1897,788,2,16205.08,4,2,3
9668,788,3,5660.57,4,2,1
8983,788,3,12573.34,4,2,2
4659,788,3,19268.48,4,2,3
554,788,3,20367.72,4,3,3
1340,788,3,20691.87,4,3,3
3219,788,3,21497.8,4,3,3
4592,788,3,21670.87,4,3,3
733,788,3,29800.67,4,3,4
3981,788,3,30256.43,4,3,4
2558,788,4,8084.79,4,3,1
5915,788,4,13530.14,4,3,2
638,788,4,14262.21,4,3,2
9444,788,4,15109.0,4,3,2
11986,788,4,15224.41,4,3,2
9228,788,4,15562.4,4,3,2
8055,788,4,17778.5,4,3,3
6827,788,4,21727.77,4,3,3
10319,788,4,24330.85,4,3,4
72,788,4,25443.99,4,3,4
5916,788,4,29918.67,4,4,4
7237,788,4,34399.61,4,4,5
3882,788,5,10084.89,4,4,2
9532,788,5,17232.36,4,4,3
7457,788,5,17768.76,4,4,3
857,788,5,19363.89,4,4,3
8403,788,5,20669.39,4,4,3
3794,788,5,30571.98,4,4,4
7434,788,5,33793.58,4,4,5
4100,788,5,38571.09,4,4,5
4471,788,5,39325.94,4,4,5
1318,788,5,39493.71,4,4,5
11101,788,5,44125.52,4,5,5
3791,788,5,47729.16,4,5,5
4726,788,6,16847.45,4,5,3
1197,788,6,25805.07,4,5,4
10573,788,6,26083.15,4,5,4
9784,788,6,33408.86,4,5,5
6652,788,6,34643.77,4,5,5
11955,788,6,35039.47,4,5,5
1025,788,6,46819.45,4,5,5
4862,788,7,30498.91,4,5,4
9112,788,7,32554.3,4,5,5
3272,788,7,36061.71,4,5,5
3954,788,7,41175.71,4,5,5
5140,788,7,42730.0,4,5,5
8643,788,8,31436.53,4,5,4
2590,788,8,47887.47,4,5,5
8822,788,8,54904.99,4,5,5
5989,788,8,62310.11,4,5,5
7291,788,9,30263.61,4,5,4
9657,788,11,59346.46,4,5,5
6467,787,1,6598.87,4,1,1
6382,787,2,10166.61,4,1,2
4554,787,2,10336.31,4,1,2
10058,787,2,10736.6,4,1,2
10250,787,2,12137.73,4,1,2
756,787,2,12366.43,4,1,2
4066,787,2,12508.47,4,1,2
273,787,2,12741.29,4,1,2
2341,787,2,14729.42,4,2,2
1748,787,3,4741.82,4,2,1
7559,787,3,10491.91,4,2,2
2414,787,3,12730.22,4,2,2
11068,787,3,15943.54,4,2,2
3480,787,3,25472.6,4,3,4
6728,787,4,6937.14,4,3,1
7094,787,4,10542.73,4,3,2
11113,787,4,15858.28,4,3,2
4113,787,4,17707.49,4,3,3
9818,787,4,18662.96,4,3,3
4070,787,4,20546.19,4,3,3
10063,787,4,20871.14,4,3,3
5400,787,4,24718.85,4,3,4
2059,787,4,26516.34,4,4,4
10187,787,4,26700.53,4,4,4
567,787,4,35178.03,4,4,5
1182,787,4,37117.65,4,4,5
355,787,5,11680.88,4,4,2
9177,787,5,16612.71,4,4,3
8309,787,5,21350.26,4,4,3
6024,787,5,26061.83,4,4,4
3350,787,5,27422.13,4,4,4
3398,787,5,30262.34,4,4,4
5852,787,5,39737.01,4,4,5
2938,787,6,21679.19,4,5,3
9584,787,6,34585.58,4,5,5
8913,787,6,57731.88,4,5,5
7165,787,7,43235.6,4,5,5
8117,787,8,53239.53,4,5,5
1623,786,1,10987.78,4,1,2
1052,786,2,4461.22,4,1,1
7562,786,2,8953.66,4,1,1
11725,786,2,14486.69,4,2,2
3293,786,2,15628.66,4,2,2
6395,786,3,6252.0,4,2,1
2850,786,3,6300.0,4,2,1
4942,786,3,7150.77,4,2,1
11398,786,3,9425.05,4,2,1
867,786,3,9593.11,4,2,1
7884,786,3,10007.04,4,2,2
8912,786,3,11025.74,4,2,2
2014,786,3,12327.15,4,2,2
180,786,3,12676.92,4,2,2
7664,786,3,13560.4,4,2,2
7852,786,3,13871.37,4,2,2
1026,786,3,15966.77,4,2,2
8672,786,3,17420.28,4,2,3
5305,786,3,22266.98,4,3,3
3421,786,3,24445.83,4,3,4
9475,786,3,26701.49,4,3,4
2104,786,4,6308.22,4,3,1
6214,786,4,15564.98,4,3,2
3178,786,4,21002.38,4,3,3
3862,786,4,25929.89,4,3,4
3837,786,4,27499.65,4,4,4
1974,786,4,28979.07,4,4,4
1275,786,4,32234.19,4,4,5
6195,786,5,12002.19,4,4,2
2553,786,5,13201.91,4,4,2
3566,786,5,22460.01,4,4,3
6156,786,5,22675.21,4,4,3
1103,786,5,27667.28,4,4,4
2955,786,5,28826.08,4,4,4
10783,786,5,29825.89,4,4,4
4915,786,5,30915.8,4,4,4
66,786,5,31654.71,4,4,4
723,786,5,34054.85,4,4,5
9931,786,5,35025.54,4,4,5
7916,786,6,16547.56,4,5,3
10132,786,6,18982.9,4,5,3
10624,786,6,33032.11,4,5,5
9143,786,6,36103.06,4,5,5
8297,786,6,44732.37,4,5,5
5183,786,7,36753.03,4,5,5
10577,786,8,37064.55,4,5,5
1217,786,8,46110.1,4,5,5
4136,786,9,61555.15,4,5,5
6254,785,1,1309.38,4,1,1
9317,785,2,4263.76,4,1,1
8154,785,2,8603.39,4,1,1
5383,785,2,8961.38,4,1,1
3979,785,2,9277.16,4,1,1
10205,785,2,10114.79,4,1,2
5737,785,2,10194.93,4,1,2
5293,785,2,11154.28,4,1,2
4104,785,3,6572.29,4,2,1
7028,785,3,10040.51,4,2,2
8927,785,3,12210.43,4,2,2
8843,785,3,16428.25,4,2,3
5481,785,3,16596.75,4,2,3
10359,785,3,24468.76,4,3,4
6976,785,3,27304.2,4,3,4
4505,785,4,13154.68,4,3,2
1867,785,4,19715.54,4,3,3
3883,785,4,21906.63,4,3,3
5958,785,4,22020.4,4,3,3
11130,785,4,22265.98,4,3,3
7960,785,4,23755.65,4,3,4
9877,785,4,24026.92,4,3,4
7392,785,4,26053.64,4,3,4
6145,785,4,31609.59,4,4,4
5243,785,4,31809.91,4,4,5
9531,785,5,10653.79,4,4,2
5111,785,5,13667.95,4,4,2
5406,785,5,20964.54,4,4,3
678,785,5,21121.72,4,4,3
7641,785,5,29373.1,4,4,4
3049,785,5,31531.23,4,4,4
8939,785,5,31710.47,4,4,4
3886,785,5,41934.65,4,5,5
5918,785,5,45638.94,4,5,5
5551,785,6,13936.67,4,5,2
10865,785,6,22727.81,4,5,3
4970,785,6,31252.18,4,5,4
1451,785,6,41463.04,4,5,5
3244,785,6,45116.44,4,5,5
6705,785,6,50738.32,4,5,5
3089,785,7,38773.75,4,5,5
11584,785,7,42419.57,4,5,5
4464,785,7,43433.76,4,5,5
5615,785,7,51093.57,4,5,5
6627,785,8,33536.64,4,5,5
5782,785,8,44336.24,4,5,5
3482,785,8,53019.67,4,5,5
374,785,9,36948.82,4,5,5
4886,785,9,43413.62,4,5,5
490,785,9,55102.42,4,5,5
1521,784,1,496.83,4,1,1
4743,784,1,1421.24,4,1,1
5993,784,1,3995.96,4,1,1
8947,784,1,4702.38,4,1,1
8488,784,1,5849.28,4,1,1
10754,784,2,6400.09,4,1,1
9144,784,2,16072.25,4,2,2
1604,784,3,10092.92,4,2,2
3193,784,3,12141.05,4,2,2
6697,784,3,13277.85,4,2,2
2637,784,3,15614.99,4,2,2
10830,784,3,18146.01,4,2,3
8405,784,3,18827.47,4,2,3
3965,784,3,23964.46,4,3,4
6439,784,3,30757.94,4,3,4
1944,784,4,13124.8,4,3,2
5013,784,4,13878.04,4,3,2
9910,784,4,14433.39,4,3,2
5876,784,4,17908.33,4,3,3
9220,784,4,21095.98,4,3,3
10350,784,4,24048.41,4,3,4
8703,784,4,27415.01,4,4,4
8218,784,5,12593.69,4,4,2
11803,784,5,16021.87,4,4,2
5657,784,5,16711.12,4,4,3
5397,784,5,18203.08,4,4,3
843,784,5,22067.38,4,4,3
4596,784,5,26801.99,4,4,4
7799,784,5,28783.74,4,4,4
8189,784,5,32776.31,4,4,5
4762,784,5,37739.23,4,4,5
5811,784,6,23571.72,4,5,4
7687,784,6,27511.72,4,5,4
10202,784,6,37518.25,4,5,5
11491,784,6,46390.97,4,5,5
9578,784,6,51815.38,4,5,5
3659,784,7,24471.62,4,5,4
10073,784,8,52960.48,4,5,5
7266,784,9,41340.09,4,5,5
10993,784,9,50493.67,4,5,5
7782,783,2,258.12,4,1,1
4251,783,2,5931.86,4,1,1
1086,783,2,6737.76,4,1,1
11038,783,3,5121.85,4,2,1
1531,783,3,13097.73,4,2,2
4462,783,3,15576.95,4,2,2
11608,783,3,21032.67,4,3,3
3715,783,3,22199.06,4,3,3
7276,783,3,22794.05,4,3,3
8348,783,3,23970.96,4,3,4
6019,783,3,29277.9,4,3,4
8844,783,4,10636.59,4,3,2
969,783,4,13971.61,4,3,2
927,783,4,15220.4,4,3,2
7382,783,4,20539.77,4,3,3
8219,783,4,35121.45,4,4,5
4254,783,4,35697.11,4,4,5
6879,783,5,15932.27,4,4,2
8886,783,5,19919.17,4,4,3
2581,783,5,19925.34,4,4,3
2482,783,5,41188.93,4,5,5
1575,783,6,26089.24,4,5,4
5594,783,6,26418.19,4,5,4
8314,783,6,30403.02,4,5,4
5810,783,6,30412.73,4,5,4
130,783,6,39389.11,4,5,5
6465,783,6,49970.66,4,5,5
4977,783,7,24973.43,4,5,4
5813,783,7,34051.65,4,5,5
8815,783,8,26666.68,4,5,4
10422,783,8,31490.57,4,5,4
5923,782,1,4007.38,4,1,1
6744,782,1,5182.96,4,1,1
9312,782,1,11858.72,4,1,2
3433,782,2,6941.98,4,1,1
4174,782,2,8368.2,4,1,1
938,782,2,10227.84,4,1,2
1169,782,3,8009.14,4,2,1
3132,782,3,8514.87,4,2,1
11213,782,3,12631.05,4,2,2
10742,782,3,13197.18,4,2,2
7944,782,3,15374.89,4,2,2
1838,782,3,18253.74,4,2,3
1626,782,3,26394.54,4,3,4
166,782,3,28511.29,4,3,4
6132,782,4,11952.47,4,3,2
10894,782,4,16699.42,4,3,3
9345,782,4,18508.56,4,3,3
5127,782,4,19760.42,4,3,3
8008,782,4,23374.8,4,3,4
2144,782,4,24291.32,4,3,4
10545,782,4,29715.3,4,4,4
9868,782,5,22958.66,4,4,4
4954,782,5,25147.04,4,4,4
4119,782,5,33593.21,4,4,5
665,782,5,39977.06,4,4,5
6541,782,6,36846.24,4,5,5
10290,782,6,40221.7,4,5,5
10251,782,6,46980.39,4,5,5
6158,782,6,49973.8,4,5,5
3052,782,6,56790.35,4,5,5
4071,782,7,29510.35,4,5,4
2494,782,7,37287.04,4,5,5
11970,782,9,40192.32,4,5,5
1097,781,2,4816.21,4,1,1
8317,781,2,8105.64,4,1,1
8152,781,2,8214.81,4,1,1
8026,781,2,12261.67,4,1,2
2252,781,3,8987.53,4,2,1
2077,781,3,9843.26,4,2,1
8170,781,3,11635.39,4,2,2
7400,781,3,13263.7,4,2,2
568,781,3,14608.58,4,2,2
7274,781,3,15060.83,4,2,2
1234,781,3,15073.53,4,2,2
11991,781,3,16828.63,4,2,3
10101,781,3,17357.19,4,2,3
3910,781,3,20267.51,4,3,3
2267,781,3,22182.57,4,3,3
3978,781,4,16609.71,4,3,3
10446,781,4,17213.53,4,3,3
10278,781,4,17438.54,4,3,3
282,781,4,19774.23,4,3,3
8460,781,4,23409.42,4,3,4
4961,781,4,32973.39,4,4,5
4062,781,5,12059.78,4,4,2
10016,781,5,18140.28,4,4,3
6594,781,5,18911.01,4,4,3
5520,781,5,19061.74,4,4,3
7597,781,5,19280.57,4,4,3
715,781,5,20786.2,4,4,3
4340,781,5,21682.82,4,4,3
7401,781,5,21941.58,4,4,3
9194,781,5,30883.84,4,4,4
2720,781,5,32211.89,4,4,5
6521,781,5,39892.51,4,4,5
7395,781,6,16680.06,4,5,3
3011,781,6,30370.69,4,5,4
4639,781,6,31343.96,4,5,4
9948,781,6,41614.86,4,5,5
1753,781,6,52682.68,4,5,5
2321,781,7,31533.88,4,5,4
3138,781,7,36767.94,4,5,5
10869,781,7,41294.73,4,5,5
414,781,7,49208.62,4,5,5
10919,781,9,25649.57,4,5,4
9618,781,9,42063.85,4,5,5
6184,781,9,58269.99,4,5,5
642,780,1,1066.37,4,1,1
8621,780,1,1479.33,4,1,1
7294,780,1,4857.6,4,1,1
6666,780,1,6900.24,4,1,1
155,780,2,2122.55,4,1,1
6105,780,2,5798.21,4,1,1
7402,780,2,19239.21,4,2,3
9474,780,3,6601.72,4,2,1
11074,780,3,15835.78,4,2,2
719,780,3,21661.58,4,3,3
1170,780,3,23674.95,4,3,4
2054,780,3,25933.67,4,3,4
1089,780,4,5656.95,4,3,1
11387,780,4,9484.25,4,3,1
2967,780,4,13140.45,4,3,2
10959,780,4,13364.64,4,3,2
5632,780,4,17694.2,4,3,3
6054,780,4,19735.05,4,3,3
4527,780,4,24921.59,4,3,4
6394,780,4,26747.04,4,4,4
9445,780,4,27123.24,4,4,4
7012,780,4,29398.51,4,4,4
617,780,4,32803.0,4,4,5
10792,780,5,15817.14,4,4,2
8566,780,5,15958.09,4,4,2
4162,780,5,19516.59,4,4,3
2974,780,5,20654.23,4,4,3
1630,780,5,25600.3,4,4,4
7596,780,5,27198.62,4,4,4
9817,780,5,30905.82,4,4,4
4989,780,5,32742.77,4,4,5
11770,780,5,38950.4,4,4,5
5672,780,5,39307.62,4,4,5
1362,780,6,17717.89,4,5,3
10915,780,6,30768.61,4,5,4
4301,780,6,35201.52,4,5,5
9722,780,6,35846.21,4,5,5
4512,780,6,59041.01,4,5,5
9394,780,7,32947.95,4,5,5
8604,780,7,36782.95,4,5,5
6301,780,7,55971.93,4,5,5
525,780,8,22666.12,4,5,3
1711,780,8,38885.28,4,5,5
3256,780,8,40125.76,4,5,5
1514,780,8,41915.41,4,5,5
518,780,8,48543.01,4,5,5
11040,780,8,62043.34,4,5,5
10716,779,1,161.77,4,1,1
6151,779,1,10178.88,4,1,2
10333,779,2,8055.83,4,1,1
6797,779,2,8257.35,4,1,1
2078,779,2,10646.18,4,1,2
10382,779,2,11312.34,4,1,2
9040,779,2,12785.92,4,1,2
8328,779,2,13193.0,4,2,2
1705,779,2,13230.23,4,2,2
6625,779,2,14457.15,4,2,2
8169,779,2,18779.57,4,2,3
2160,779,3,8768.36,4,2,1
5320,779,3,9626.45,4,2,1
1905,779,3,11422.04,4,2,2
1792,779,3,12045.77,4,2,2
3649,779,3,18371.41,4,2,3
7251,779,3,21476.02,4,3,3
3627,779,4,15459.79,4,3,2
8188,779,4,15861.34,4,3,2
8851,779,4,16133.73,4,3,2
10770,779,4,17762.69,4,3,3
796,779,4,23981.67,4,3,4
10622,779,4,24175.03,4,3,4
174,779,4,25532.84,4,3,4
6567,779,4,26913.36,4,4,4
2051,779,4,29395.26,4,4,4
6265,779,4,31712.38,4,4,4
5554,779,4,32529.88,4,4,5
9407,779,4,35737.67,4,4,5
6843,779,5,19073.77,4,4,3
11661,779,5,21137.58,4,4,3
6640,779,5,23073.48,4,4,4
11106,779,5,28750.1,4,4,4
189,779,5,29079.14,4,4,4
4320,779,5,30553.39,4,4,4
5081,779,5,32166.09,4,4,5
8758,779,5,50061.74,4,5,5
2615,779,6,16878.2,4,5,3
9255,779,6,20539.34,4,5,3
4651,779,6,25251.55,4,5,4
7645,779,6,28756.18,4,5,4
2519,779,6,29684.8,4,5,4
10776,779,6,35511.49,4,5,5
11129,779,6,38572.96,4,5,5
230,779,6,43989.53,4,5,5
11596,779,7,35188.58,4,5,5
572,779,7,49716.85,4,5,5
10246,779,8,34795.7,4,5,5
11690,779,9,38417.91,4,5,5
883,779,10,53623.78,4,5,5
4598,778,1,5849.95,4,1,1
3351,778,2,3970.2,4,1,1
6540,778,2,7330.09,4,1,1
3970,778,2,8677.26,4,1,1
11570,778,2,10156.43,4,1,2
2696,778,2,14737.77,4,2,2
640,778,2,15418.12,4,2,2
861,778,2,15643.91,4,2,2
10044,778,3,4843.71,4,2,1
8917,778,3,11066.69,4,2,2
10504,778,3,12888.34,4,2,2
6771,778,3,14086.24,4,2,2
8021,778,3,14487.61,4,2,2
11978,778,3,15887.78,4,2,2
5720,778,3,16207.28,4,2,3
6775,778,3,16591.6,4,2,3
9330,778,3,17887.23,4,2,3
5667,778,3,18177.6,4,2,3
10552,778,3,21460.65,4,3,3
7361,778,3,22633.66,4,3,3
10294,778,4,9921.75,4,3,2
2618,778,4,13223.84,4,3,2
8092,778,4,15175.81,4,3,2
4924,778,4,17928.26,4,3,3
2746,778,4,20181.39,4,3,3
2527,778,4,22604.63,4,3,3
7912,778,4,23296.14,4,3,4
8065,778,4,26338.25,4,4,4
9173,778,5,15920.14,4,4,2
101,778,5,19147.78,4,4,3
4032,778,5,22746.25,4,4,3
11919,778,5,26544.99,4,4,4
1837,778,5,27642.8,4,4,4
5664,778,5,28246.32,4,4,4
5028,778,5,29462.37,4,4,4
9309,778,5,34706.67,4,4,5
9479,778,5,37477.82,4,4,5
6734,778,5,41390.76,4,5,5
5881,778,6,20763.99,4,5,3
4436,778,6,23890.51,4,5,4
3082,778,6,24706.7,4,5,4
5045,778,6,27029.81,4,5,4
9800,778,6,36117.25,4,5,5
5173,778,6,36599.87,4,5,5
785,778,6,39761.21,4,5,5
2663,778,6,40406.27,4,5,5
6972,778,6,43980.51,4,5,5
8425,778,7,20029.53,4,5,3
1328,778,7,44252.71,4,5,5
5186,778,7,45193.56,4,5,5
2823,778,7,51103.25,4,5,5
3124,778,10,47163.57,4,5,5
2545,778,11,44624.11,4,5,5
4787,777,1,3620.49,4,1,1
3456,777,2,5463.08,4,1,1
5917,777,2,7227.97,4,1,1
8171,777,2,11374.12,4,1,2
7639,777,2,12470.09,4,1,2
7771,777,3,8771.99,4,2,1
8979,777,3,10972.1,4,2,2
7040,777,3,13930.24,4,2,2
10982,777,3,16885.75,4,2,3
7069,777,3,17421.55,4,2,3
5250,777,3,18555.88,4,2,3
135,777,3,18576.58,4,2,3
1597,777,3,21627.15,4,3,3
1901,777,3,26768.99,4,3,4
7874,777,4,4867.74,4,3,1
10741,777,4,10980.51,4,3,2
704,777,4,11300.03,4,3,2
941,777,4,13574.36,4,3,2
9024,777,4,16075.42,4,3,2
2273,777,4,16102.43,4,3,2
8891,777,4,19236.0,4,3,3
2842,777,4,24746.79,4,3,4
9127,777,4,25332.33,4,3,4
7927,777,4,28749.67,4,4,4
3904,777,4,29182.22,4,4,4
8042,777,4,31078.81,4,4,4
11211,777,4,32625.86,4,4,5
3320,777,4,33280.37,4,4,5
1211,777,4,34075.49,4,4,5
8353,777,4,37349.28,4,4,5
4827,777,5,15967.14,4,4,2
7952,777,5,19549.51,4,4,3
10103,777,5,25487.51,4,4,4
6949,777,5,26264.86,4,4,4
10195,777,5,30716.58,4,4,4
10220,777,5,33955.3,4,4,5
10111,777,5,34953.75,4,4,5
6511,777,5,40629.0,4,4,5
2604,777,6,24868.87,4,5,4
7011,777,6,38642.88,4,5,5
4819,777,6,43008.88,4,5,5
4968,777,6,43987.04,4,5,5
2485,777,7,19719.68,4,5,3
2771,777,8,57575.22,4,5,5
6148,777,8,75362.19,4,5,5
4128,777,9,53059.37,4,5,5
3672,776,2,3506.17,4,1,1
689,776,2,6431.91,4,1,1
6891,776,2,10719.15,4,1,2
9641,776,2,24231.76,4,2,4
5074,776,3,13606.21,4,2,2
8112,776,3,14246.48,4,2,2
6823,776,3,18536.15,4,2,3
8882,776,3,23565.14,4,3,4
11676,776,3,26439.4,4,3,4
11867,776,4,10900.32,4,3,2
6196,776,4,20063.95,4,3,3
6538,776,4,21690.73,4,3,3
3214,776,4,25432.48,4,3,4
1302,776,4,25902.49,4,3,4
993,776,4,31138.63,4,4,4
630,776,4,40468.66,4,4,5
5558,776,5,9025.17,4,4,1
7805,776,5,19512.39,4,4,3
8852,776,5,31291.19,4,4,4
7850,776,5,38229.43,4,4,5
6987,776,6,27273.48,4,5,4
9972,776,6,27847.97,4,5,4
826,776,6,27903.87,4,5,4
426,776,6,28689.44,4,5,4
9346,776,6,29249.28,4,5,4
3868,776,6,33220.5,4,5,5
11981,776,6,33666.55,4,5,5
256,776,6,35246.6,4,5,5
2346,776,7,32889.83,4,5,5
8614,776,7,33929.93,4,5,5
5909,776,7,42794.41,4,5,5
11312,776,7,52796.36,4,5,5
10617,776,8,25990.44,4,5,4
7747,776,8,47214.4,4,5,5
7304,776,8,67009.06,4,5,5
4580,775,1,7672.13,4,1,1
1038,775,1,8691.22,4,1,1
9715,775,2,3021.18,4,1,1
653,775,2,4072.48,4,1,1
9880,775,2,4435.35,4,1,1
494,775,2,7290.35,4,1,1
10252,775,2,9771.1,4,1,1
11848,775,2,14172.0,4,2,2
3186,775,2,16438.26,4,2,3
2153,775,2,16505.17,4,2,3
10929,775,2,19289.66,4,2,3
10717,775,2,20945.9,4,2,3
10976,775,3,5133.24,4,2,1
4187,775,3,8782.13,4,2,1
7452,775,3,8871.25,4,2,1
9365,775,3,10176.86,4,2,2
5767,775,3,11823.78,4,2,2
4135,775,3,11889.01,4,2,2
3379,775,3,13191.0,4,2,2
122,775,3,16114.53,4,2,2
695,775,3,17836.8,4,2,3
6940,775,4,12723.07,4,3,2
5696,775,4,21645.86,4,3,3
827,775,4,24880.68,4,3,4
10503,775,4,25732.91,4,3,4
10323,775,5,12500.77,4,4,2
3832,775,5,13677.28,4,4,2
7755,775,5,16164.24,4,4,3
4641,775,5,18988.81,4,4,3
2796,775,5,20579.65,4,4,3
6351,775,5,29843.07,4,4,4
6764,775,6,21446.61,4,5,3
7296,775,6,27062.89,4,5,4
1324,775,6,27640.49,4,5,4
7477,775,6,33865.7,4,5,5
9563,775,6,39688.4,4,5,5
621,775,6,40130.99,4,5,5
8,775,6,43833.67,4,5,5
10221,775,6,43961.95,4,5,5
9928,775,6,47610.54,4,5,5
121,775,7,34308.33,4,5,5
896,775,7,45573.77,4,5,5
1565,775,8,53116.84,4,5,5
165,775,9,69522.16,4,5,5
4810,774,1,1668.07,4,1,1
2315,774,1,2123.96,4,1,1
1780,774,2,10022.35,4,1,2
5576,774,2,13528.31,4,2,2
1023,774,3,9437.72,4,2,1
7954,774,3,13318.31,4,2,2
2683,774,3,13702.57,4,2,2
5460,774,3,15553.59,4,2,2
6650,774,3,16377.28,4,2,3
11957,774,3,20138.58,4,3,3
11071,774,3,21897.0,4,3,3
1214,774,3,26314.95,4,3,4
1600,774,4,14987.74,4,3,2
1339,774,4,18073.12,4,3,3
10325,774,4,19240.33,4,3,3
3239,774,4,19746.8,4,3,3
8064,774,4,19761.4,4,3,3
9694,774,4,20525.7,4,3,3
10152,774,4,21875.93,4,3,3
2880,774,4,24660.27,4,3,4
5808,774,5,19630.54,4,4,3
9798,774,5,22813.57,4,4,4
8431,774,5,22889.17,4,4,4
11618,774,5,24911.8,4,4,4
11601,774,5,29657.83,4,4,4
95,774,5,30376.4,4,4,4
8005,774,5,32260.08,4,4,5
9557,774,5,37658.8,4,4,5
6066,774,5,46283.11,4,5,5
6231,774,6,21793.14,4,5,3
10636,774,6,22470.67,4,5,3
1494,774,6,30235.38,4,5,4
5402,774,6,33274.72,4,5,5
11999,774,6,35359.88,4,5,5
5910,774,6,35584.59,4,5,5
3266,774,7,36518.54,4,5,5
11810,774,7,46086.02,4,5,5
1336,774,7,47188.29,4,5,5
6140,774,8,49298.64,4,5,5
5492,774,8,70389.25,4,5,5
8682,774,9,38806.64,4,5,5
1556,773,1,123.74,4,1,1
4822,773,1,5812.31,4,1,1
7091,773,2,9561.27,4,1,1
10762,773,2,9573.94,4,1,1
228,773,2,9595.93,4,1,1
11094,773,2,16704.23,4,2,3
11752,773,2,25495.47,4,2,4
7724,773,3,4275.89,4,2,1
5115,773,3,7635.2,4,2,1
6649,773,3,11622.7,4,2,2
8705,773,3,14484.34,4,2,2
11454,773,3,15474.84,4,2,2
5925,773,3,16913.07,4,2,3
8902,773,3,17609.05,4,2,3
315,773,3,18290.17,4,2,3
387,773,3,21982.76,4,3,3
11572,773,3,22249.88,4,3,3
1419,773,3,24994.0,4,3,4
5716,773,4,10681.25,4,3,2
5947,773,4,14056.92,4,3,2
6817,773,4,14109.47,4,3,2
11696,773,4,14732.69,4,3,2
8447,773,4,14823.39,4,3,2
8276,773,4,17597.21,4,3,3
8941,773,4,17923.02,4,3,3
6648,773,4,19821.45,4,3,3
698,773,4,20566.2,4,3,3
8143,773,4,26708.09,4,4,4
6600,773,4,29223.9,4,4,4
4559,773,4,29706.89,4,4,4
8904,773,4,31997.25,4,4,5
2775,773,4,32153.78,4,4,5
11965,773,5,13022.73,4,4,2
9809,773,5,17886.48,4,4,3
10355,773,5,18308.73,4,4,3
4932,773,5,20056.9,4,4,3
2713,773,5,25449.81,4,4,4
7768,773,5,27255.53,4,4,4
8017,773,5,27527.55,4,4,4
8750,773,5,30147.81,4,4,4
6475,773,5,30567.28,4,4,4
5867,773,5,33066.97,4,4,5
4976,773,5,34966.51,4,4,5
6033,773,5,38169.79,4,4,5
8168,773,6,15703.07,4,5,2
2584,773,6,27632.06,4,5,4
11392,773,6,28636.75,4,5,4
9779,773,6,32816.19,4,5,5
383,773,6,37961.87,4,5,5
7534,773,7,34540.6,4,5,5
844,773,7,46803.85,4,5,5
7773,773,7,51183.92,4,5,5
4562,773,7,59753.88,4,5,5
6344,773,7,63465.97,4,5,5
6927,773,8,38571.91,4,5,5
988,773,8,45940.98,4,5,5
4815,773,8,50425.24,4,5,5
9542,773,10,77084.09,4,5,5
2959,773,11,72162.46,4,5,5
2827,772,1,9691.47,4,1,1
2375,772,2,4285.52,4,1,1
1740,772,2,8524.03,4,1,1
2811,772,3,7888.62,4,2,1
8573,772,3,12818.79,4,2,2
8563,772,3,13391.22,4,2,2
694,772,3,16285.56,4,2,3
1230,772,3,22879.36,4,3,4
7732,772,3,26541.29,4,3,4
11214,772,4,14854.81,4,3,2
2483,772,4,14900.54,4,3,2
7713,772,4,15358.02,4,3,2
6637,772,4,16705.49,4,3,3
7520,772,4,20328.41,4,3,3
5610,772,4,21193.43,4,3,3
557,772,4,21219.17,4,3,3
9073,772,4,21387.98,4,3,3
7134,772,4,24295.39,4,3,4
8727,772,4,24545.37,4,3,4
7240,772,4,25569.04,4,3,4
6427,772,4,26701.43,4,4,4
9631,772,4,28583.62,4,4,4
8579,772,5,16347.79,4,4,3
4591,772,5,34233.19,4,4,5
5087,772,5,37036.0,4,4,5
9554,772,5,38182.8,4,4,5
201,772,5,38346.47,4,4,5
11681,772,5,40040.69,4,4,5
9511,772,6,21633.16,4,5,3
4188,772,6,31670.24,4,5,4
11190,772,6,32999.33,4,5,5
11204,772,6,41169.53,4,5,5
3458,772,6,41634.01,4,5,5
744,772,6,45104.61,4,5,5
2128,772,8,31722.91,4,5,4
7001,772,8,47325.41,4,5,5
1455,771,1,10426.84,4,1,2
3078,771,2,4696.92,4,1,1
5200,771,2,11127.52,4,1,2
4350,771,3,9050.71,4,2,1
10543,771,3,12652.96,4,2,2
1296,771,3,16518.55,4,2,3
1962,771,3,20577.52,4,3,3
11432,771,3,22681.62,4,3,3
10627,771,3,22935.1,4,3,4
4616,771,4,12356.98,4,3,2
422,771,4,14988.27,4,3,2
6831,771,4,18735.24,4,3,3
6225,771,4,18818.79,4,3,3
3557,771,4,20157.61,4,3,3
5903,771,4,20267.9,4,3,3
1417,771,4,27601.97,4,4,4
11469,771,4,28660.85,4,4,4
2423,771,4,30111.71,4,4,4
1891,771,4,37183.86,4,4,5
11061,771,4,40110.17,4,4,5
6913,771,5,12395.87,4,4,2
8217,771,5,16696.17,4,4,3
5229,771,5,21320.78,4,4,3
2964,771,5,22703.56,4,4,3
1635,771,5,25690.55,4,4,4
8369,771,5,25691.61,4,4,4
5517,771,5,27579.25,4,4,4
13,771,5,27822.92,4,4,4
7752,771,5,28728.29,4,4,4
7987,771,5,31672.82,4,4,4
3501,771,5,32989.28,4,4,5
11935,771,6,8179.17,4,5,1
9754,771,6,21454.81,4,5,3
10059,771,6,25064.27,4,5,4
5020,771,6,32630.59,4,5,5
7979,771,6,36333.47,4,5,5
11779,771,6,38238.97,4,5,5
11691,771,7,36622.23,4,5,5
8542,771,7,48562.44,4,5,5
4258,771,7,68742.09,4,5,5
2125,771,10,59474.13,4,5,5
1436,770,2,8444.1,4,1,1
1402,770,2,13635.75,4,2,2
7026,770,2,14472.1,4,2,2
3956,770,2,16417.22,4,2,3
9163,770,3,11241.76,4,2,2
3300,770,3,11722.47,4,2,2
7362,770,3,17048.71,4,2,3
306,770,3,18525.69,4,2,3
8582,770,3,19896.11,4,3,3
895,770,3,20999.55,4,3,3
4669,770,3,21372.06,4,3,3
2181,770,3,26074.06,4,3,4
1394,770,3,27135.22,4,3,4
3530,770,4,17004.34,4,3,3
9670,770,4,17591.9,4,3,3
2247,770,4,18545.16,4,3,3
2353,770,4,18610.33,4,3,3
3121,770,4,20734.61,4,3,3
4530,770,4,21428.58,4,3,3
613,770,4,27173.34,4,4,4
242,770,4,27527.4,4,4,4
1953,770,4,28236.74,4,4,4
482,770,5,13032.87,4,4,2
6519,770,5,17048.3,4,4,3
4089,770,5,22040.53,4,4,3
10209,770,5,22380.9,5,4,3
8293,770,5,23429.66,5,4,4
7203,770,5,23586.39,5,4,4
4843,770,5,25573.49,5,4,4
142,770,5,26281.93,5,4,4
4452,770,5,29622.31,5,4,4
9986,770,5,30428.76,5,4,4
2102,770,5,32843.84,5,4,5
7447,770,6,23704.99,5,5,4
10345,770,6,26612.63,5,5,4
2389,770,6,30655.78,5,5,4
11239,770,6,31568.72,5,5,4
2867,770,6,31803.82,5,5,5
5765,770,6,32657.88,5,5,5
4391,770,6,32999.52,5,5,5
1380,770,6,35425.0,5,5,5
1729,770,6,36667.53,5,5,5
9447,770,6,49375.59,5,5,5
3069,770,7,31663.71,5,5,4
6085,770,7,34512.58,5,5,5
819,770,7,41061.96,5,5,5
133,770,7,42645.31,5,5,5
8484,770,7,42859.04,5,5,5
93,770,8,45505.87,5,5,5
4675,769,1,819.3,5,1,1
7700,769,1,3381.05,5,1,1
103,769,1,4725.71,5,1,1
9050,769,1,5805.92,5,1,1
1889,769,2,7831.81,5,1,1
7,769,2,11997.0,5,1,2
481,769,2,12598.36,5,1,2
4179,769,2,19341.91,5,2,3
311,769,2,19626.69,5,2,3
8085,769,3,9995.9,5,2,2
2918,769,3,10032.68,5,2,2
6801,769,3,10439.46,5,2,2
11273,769,3,14948.31,5,2,2
2148,769,3,16038.63,5,2,2
9138,769,3,16472.85,5,2,3
3500,769,3,20375.27,5,3,3
2292,769,3,22165.13,5,3,3
817,769,3,24059.82,5,3,4
8648,769,4,7466.29,5,3,1
2384,769,4,13818.24,5,3,2
11569,769,4,17728.12,5,3,3
9321,769,4,17826.7,5,3,3
1079,769,4,19174.02,5,3,3
9278,769,4,19964.98,5,3,3
1042,769,4,20245.52,5,3,3
11840,769,4,21176.45,5,3,3
11741,769,4,24671.67,5,3,4
5523,769,4,25489.85,5,3,4
1832,769,4,26485.79,5,4,4
10148,769,4,27184.83,5,4,4
8477,769,4,27639.72,5,4,4
4282,769,4,33577.37,5,4,5
7049,769,4,41525.22,5,4,5
1076,769,5,14249.9,5,4,2
4594,769,5,15031.06,5,4,2
5889,769,5,24384.77,5,4,4
4057,769,5,28298.71,5,4,4
89,769,5,30299.13,5,4,4
8564,769,5,35246.87,5,4,5
7741,769,6,22785.37,5,5,3
6893,769,6,53715.08,5,5,5
6630,769,7,20294.74,5,5,3
5676,769,7,24406.07,5,5,4
2542,769,7,30615.16,5,5,4
1351,769,7,40273.51,5,5,5
7350,769,7,44713.98,5,5,5
6455,769,7,48936.92,5,5,5
10544,769,9,59300.66,5,5,5
6561,768,1,1277.66,5,1,1
8628,768,1,4241.64,5,1,1
5458,768,1,6782.35,5,1,1
8397,768,2,2228.7,5,1,1
7228,768,2,4673.28,5,1,1
6715,768,2,12880.63,5,2,2
6507,768,3,7533.21,5,2,1
10626,768,3,7990.72,5,2,1
6558,768,3,11627.04,5,2,2
4766,768,3,11794.78,5,2,2
759,768,3,12821.54,5,2,2
5935,768,3,15537.47,5,2,2
6489,768,3,19394.4,5,2,3
1003,768,3,20044.59,5,3,3
591,768,4,14218.69,5,3,2
3133,768,4,14620.7,5,3,2
7584,768,4,15910.94,5,3,2
7246,768,4,17000.24,5,3,3
10916,768,4,18288.96,5,3,3
4652,768,4,19007.23,5,3,3
9513,768,4,19756.02,5,3,3
1864,768,4,19980.71,5,3,3
5362,768,4,21615.74,5,3,3
4736,768,4,38850.65,5,4,5
3986,768,5,10921.75,5,4,2
3005,768,5,18124.61,5,4,3
6279,768,5,20776.17,5,4,3
10646,768,5,26069.75,5,4,4
6589,768,5,26846.76,5,4,4
2814,768,5,33208.21,5,4,5
7911,768,5,49987.1,5,5,5
79,768,5,59276.74,5,5,5
6179,768,6,28818.54,5,5,4
6738,768,6,34791.34,5,5,5
8953,768,6,35751.43,5,5,5
1145,768,6,37598.99,5,5,5
11782,768,6,39636.08,5,5,5
5788,768,6,67198.0,5,5,5
1595,768,7,15599.74,5,5,2
11612,768,7,24592.38,5,5,4
9422,768,7,66260.76,5,5,5
11051,768,8,37225.87,5,5,5
153,768,9,56972.3,5,5,5
1920,768,9,62308.47,5,5,5
10389,768,9,69151.65,5,5,5
4903,768,11,51713.39,5,5,5
6820,767,1,889.95,5,1,1
11501,767,1,3248.54,5,1,1
2119,767,1,7210.49,5,1,1
10394,767,2,6070.58,5,1,1
11795,767,2,8251.75,5,1,1
6036,767,2,8368.4,5,1,1
1598,767,2,11112.7,5,1,2
2936,767,2,11542.5,5,1,2
3879,767,2,14703.33,5,2,2
10142,767,2,18454.15,5,2,3
5722,767,2,30618.74,5,2,4
8462,767,3,7982.9,5,2,1
1014,767,3,10460.19,5,2,2
1206,767,3,11248.49,5,2,2
11864,767,3,13020.15,5,2,2
5786,767,3,15843.55,5,2,2
9017,767,3,22233.33,5,3,3
12000,767,4,12984.62,5,3,2
3413,767,4,14823.79,5,3,2
9109,767,4,18874.66,5,3,3
1291,767,4,18941.78,5,3,3
11234,767,4,19305.59,5,3,3
10153,767,4,20115.22,5,3,3
9970,767,4,20916.11,5,3,3
11626,767,4,24675.52,5,3,4
8076,767,4,27115.73,5,4,4
5777,767,4,30615.5,5,4,4
4223,767,4,37616.47,5,4,5
6706,767,5,21371.1,5,4,3
457,767,5,21861.03,5,4,3
7472,767,5,30456.99,5,4,4
4217,767,5,31809.66,5,4,5
4756,767,5,32827.51,5,4,5
10833,767,5,40207.44,5,4,5
9847,767,5,40417.43,5,4,5
3961,767,5,41214.95,5,5,5
4259,767,5,47619.64,5,5,5
7389,767,6,29318.59,5,5,4
1732,767,6,30514.92,5,5,4
2730,767,6,36071.15,5,5,5
1987,767,6,37852.65,5,5,5
5992,767,6,43968.7,5,5,5
589,767,6,49567.43,5,5,5
7336,767,7,33946.65,5,5,5
3870,767,7,35634.15,5,5,5
10562,767,7,42744.55,5,5,5
2111,767,8,36881.09,5,5,5
7189,767,8,42217.3,5,5,5
7317,767,8,48795.79,5,5,5
8256,767,10,41658.21,5,5,5
2851,766,1,1351.76,5,1,1
5193,766,1,8219.07,5,1,1
8841,766,2,10614.7,5,1,2
9850,766,2,15408.14,5,2,2
6835,766,3,6819.47,5,2,1
2492,766,3,11214.3,5,2,2
6047,766,3,11413.71,5,2,2
11729,766,3,13977.1,5,2,2
2894,766,3,14282.87,5,2,2
3536,766,3,14427.03,5,2,2
3004,766,3,15459.08,5,2,2
11121,766,3,20742.96,5,3,3
6291,766,4,11416.31,5,3,2
3894,766,4,14600.66,5,3,2
10880,766,4,17323.64,5,3,3
5529,766,4,20678.91,5,3,3
2611,766,4,25605.47,5,3,4
4518,766,4,28970.61,5,4,4
2868,766,4,34695.43,5,4,5
2458,766,5,14760.85,5,4,2
4532,766,5,19617.28,5,4,3
6622,766,5,21387.93,5,4,3
5671,766,5,21993.55,5,4,3
7878,766,5,25683.8,5,4,4
439,766,5,27745.73,5,4,4
146,766,5,29105.64,5,4,4
2610,766,5,34418.57,5,4,5
9037,766,5,43311.0,5,5,5
8493,766,6,19442.29,5,5,3
9253,766,6,23648.49,5,5,4
3542,766,6,33512.59,5,5,5
8967,766,6,36443.72,5,5,5
2238,766,6,36639.93,5,5,5
7074,766,6,37472.86,5,5,5
2802,766,6,40145.53,5,5,5
1456,766,6,42515.56,5,5,5
5506,766,6,51964.04,5,5,5
3169,766,7,30449.96,5,5,4
11640,766,7,33726.42,5,5,5
6877,766,7,44531.31,5,5,5
2207,766,8,34735.19,5,5,5
5914,766,8,44281.0,5,5,5
417,766,8,66746.65,5,5,5
7148,766,9,42066.46,5,5,5
9304,766,9,57279.39,5,5,5
1892,766,10,43718.87,5,5,5
6110,765,1,9813.0,5,1,1
62,765,2,4895.09,5,1,1
3102,765,2,5629.36,5,1,1
1853,765,2,7038.35,5,1,1
11731,765,2,9016.9,5,1,1
9203,765,2,10063.18,5,1,2
4368,765,2,17543.44,5,2,3
4725,765,2,20212.49,5,2,3
11533,765,3,3781.72,5,2,1
3021,765,3,6019.22,5,2,1
6127,765,3,6104.29,5,2,1
10310,765,3,7965.55,5,2,1
171,765,3,8006.88,5,2,1
6669,765,3,9515.63,5,2,1
8879,765,3,9681.6,5,2,1
11483,765,3,11824.88,5,2,2
468,765,3,12030.57,5,2,2
7736,765,3,14881.74,5,2,2
9494,765,3,15135.13,5,2,2
11871,765,3,17561.34,5,2,3
3384,765,3,17862.34,5,2,3
1085,765,3,26466.4,5,3,4
7238,765,3,32357.26,5,3,5
8277,765,4,13257.21,5,3,2
2244,765,4,15017.9,5,3,2
6726,765,4,16259.27,5,3,3
6482,765,4,16417.56,5,3,3
5726,765,4,19521.0,5,3,3
1791,765,4,27777.92,5,4,4
2256,765,4,35225.15,5,4,5
11627,765,4,37873.6,5,4,5
7225,765,5,15351.59,5,4,2
6400,765,5,23083.06,5,4,4
4853,765,5,23284.11,5,4,4
1797,765,5,32010.92,5,4,5
9691,765,5,41964.88,5,5,5
4686,765,6,18346.43,5,5,3
1174,765,6,19768.95,5,5,3
2666,765,6,21692.68,5,5,3
1480,765,6,23405.01,5,5,4
9414,765,6,24142.9,5,5,4
9942,765,6,31439.85,5,5,4
4496,765,6,31560.9,5,5,4
8980,765,6,31809.04,5,5,5
11418,765,6,39125.89,5,5,5
1265,765,6,39460.89,5,5,5
11078,765,6,42233.83,5,5,5
11707,765,7,26261.51,5,5,4
3091,765,7,33273.85,5,5,5
8103,765,8,29075.11,5,5,4
2498,765,8,37292.84,5,5,5
43,765,8,42482.41,5,5,5
8842,765,8,53673.77,5,5,5
2861,765,9,48269.39,5,5,5
1333,765,9,69415.42,5,5,5
4489,764,2,12421.69,5,1,2
4241,764,2,15429.5,5,2,2
7907,764,2,20321.32,5,2,3
3130,764,2,26366.43,5,2,4
8794,764,3,11368.4,5,2,2
4289,764,3,13098.28,5,2,2
3613,764,3,13399.82,5,2,2
11013,764,3,13818.44,5,2,2
2006,764,3,15821.96,5,2,2
2962,764,3,16536.1,5,2,3
10391,764,3,20806.49,5,3,3
4589,764,3,24480.11,5,3,4
3830,764,4,9890.88,5,3,1
2015,764,4,13999.21,5,3,2
11322,764,4,14446.76,5,3,2
6082,764,4,14703.95,5,3,2
1100,764,4,21855.85,5,3,3
6328,764,4,21957.43,5,3,3
11749,764,4,22555.76,5,3,3
10974,764,4,22617.27,5,3,3
6372,764,4,22877.0,5,3,4
6052,764,4,23403.09,5,3,4
4503,764,4,26334.73,5,4,4
3393,764,4,30327.04,5,4,4
532,764,5,7675.18,5,4,1
8945,764,5,17706.25,5,4,3
6275,764,5,23909.52,5,4,4
9373,764,5,26437.98,5,4,4
9999,764,5,28471.3,5,4,4
3405,764,5,35121.32,5,4,5
4224,764,5,38603.32,5,4,5
5471,764,5,42750.27,5,5,5
5051,764,5,48941.11,5,5,5
6001,764,6,19319.77,5,5,3
11897,764,6,22135.12,5,5,3
5227,764,6,24288.29,5,5,4
5905,764,6,24691.61,5,5,4
3548,764,6,26691.01,5,5,4
7739,764,6,29449.19,5,5,4
6632,764,6,35600.85,5,5,5
6846,764,6,41701.51,5,5,5
453,764,6,50034.36,5,5,5
3546,764,7,43165.02,5,5,5
943,764,7,49645.86,5,5,5
5573,764,8,39600.04,5,5,5
1377,764,8,48409.41,5,5,5
5865,764,9,54100.24,5,5,5
2793,764,10,55921.71,5,5,5
2374,764,10,58718.81,5,5,5
5482,763,1,12198.35,5,1,2
3067,763,2,3889.72,5,1,1
7201,763,2,8107.09,5,1,1
5029,763,2,15865.59,5,2,2
2856,763,2,27067.28,5,2,4
7439,763,3,7892.25,5,2,1
11680,763,3,7932.27,5,2,1
2121,763,3,9458.6,5,2,1
4362,763,3,15781.16,5,2,2
3195,763,3,16239.12,5,2,3
1453,763,3,16416.9,5,2,3
9282,763,3,23118.89,5,3,4
7236,763,3,24994.61,5,3,4
5058,763,4,8773.07,5,3,1
10117,763,4,12176.28,5,3,2
1904,763,4,16610.2,5,3,3
8415,763,4,16617.68,5,3,3
4626,763,4,17546.72,5,3,3
5655,763,4,18641.31,5,3,3
3064,763,4,20426.02,5,3,3
4327,763,4,20772.31,5,3,3
11424,763,4,20890.86,5,3,3
406,763,4,21444.99,5,3,3
3818,763,4,21484.86,5,3,3
4867,763,4,23591.05,5,3,4
5713,763,4,24052.75,5,3,4
4357,763,4,26286.9,5,4,4
11844,763,4,27197.37,5,4,4
7333,763,4,29160.32,5,4,4
3204,763,4,39181.38,5,4,5
4017,763,5,13160.17,5,4,2
506,763,5,16024.76,5,4,2
10677,763,5,18708.19,5,4,3
5133,763,5,19886.63,5,4,3
4214,763,5,23839.22,5,4,4
474,763,5,27449.97,5,4,4
7311,763,5,27576.01,5,4,4
9453,763,5,30226.39,5,4,4
3060,763,5,30464.69,5,4,4
3348,763,5,31001.66,5,4,4
10660,763,5,31357.33,5,4,4
513,763,5,32813.65,5,4,5
9770,763,5,35524.81,5,4,5
380,763,5,37347.92,5,4,5
9652,763,5,47119.73,5,5,5
4437,763,6,21586.91,5,5,3
5316,763,6,21963.68,5,5,3
9337,763,6,23623.68,5,5,4
7229,763,6,27519.32,5,5,4
983,763,6,28158.66,5,5,4
5656,763,6,30428.6,5,5,4
11506,763,6,30716.07,5,5,4
4463,763,6,31952.5,5,5,5
1344,763,6,33253.6,5,5,5
4494,763,6,33969.53,5,5,5
8334,763,6,38787.46,5,5,5
10835,763,6,39946.04,5,5,5
5274,763,6,41025.37,5,5,5
3301,763,6,43215.22,5,5,5
1862,763,7,37809.21,5,5,5
182,763,7,38333.14,5,5,5
2703,763,7,39679.63,5,5,5
4650,763,7,41130.54,5,5,5
9614,763,7,45302.82,5,5,5
4190,763,7,46447.74,5,5,5
10637,763,8,22814.54,5,5,4
9506,763,8,61787.71,5,5,5
2619,762,1,1882.18,5,1,1
7429,762,1,2546.68,5,1,1
1781,762,2,4296.26,5,1,1
2774,762,2,5142.37,5,1,1
11839,762,2,5277.12,5,1,1
4183,762,2,5324.62,5,1,1
5150,762,2,6964.4,5,1,1
3551,762,2,7143.08,5,1,1
11747,762,2,14084.98,5,2,2
94,762,2,15267.77,5,2,2
1032,762,2,17529.14,5,2,3
1412,762,3,10408.16,5,2,2
10683,762,3,13289.17,5,2,2
9323,762,3,15588.43,5,2,2
1805,762,3,17715.03,5,2,3
8561,762,3,20774.88,5,3,3
9529,762,4,9545.69,5,3,1
8342,762,4,12758.88,5,3,2
9205,762,4,13259.98,5,3,2
46,762,4,14519.87,5,3,2
2734,762,4,14712.96,5,3,2
2436,762,4,15423.63,5,3,2
5874,762,4,16550.61,5,3,3
4272,762,4,16764.46,5,3,3
9720,762,4,24308.31,5,3,4
5683,762,4,24886.27,5,3,4
9778,762,4,26378.09,5,4,4
679,762,5,16169.51,5,4,3
7388,762,5,20420.95,5,4,3
9254,762,5,22990.63,5,4,4
7932,762,5,25100.15,5,4,4
11683,762,5,27458.76,5,4,4
3591,762,5,29140.13,5,4,4
3545,762,5,29557.91,5,4,4
11364,762,5,31593.23,5,4,4
10455,762,5,31854.74,5,4,5
4186,762,5,34626.67,5,4,5
8595,762,6,24205.49,5,5,4
1348,762,6,25486.25,5,5,4
981,762,6,25741.46,5,5,4
7583,762,6,27528.82,5,5,4
10237,762,6,28828.34,5,5,4
9096,762,6,44332.29,5,5,5
8260,762,7,41960.29,5,5,5
7261,762,7,44597.18,5,5,5
10095,762,8,37229.25,5,5,5
8735,762,8,41014.7,5,5,5
6635,762,8,58645.5,5,5,5
6252,761,1,773.61,5,1,1
6478,761,2,6341.53,5,1,1
6938,761,2,26455.57,5,2,4
641,761,3,2675.71,5,2,1
1724,761,3,4965.64,5,2,1
6700,761,3,7299.65,5,2,1
7419,761,3,10256.22,5,2,2
2801,761,3,12318.21,5,2,2
8730,761,3,14562.31,5,2,2
11395,761,3,19050.36,5,2,3
5735,761,3,19441.27,5,2,3
3315,761,3,29047.19,5,3,4
340,761,4,5261.11,5,3,1
2193,761,4,12355.67,5,3,2
3950,761,4,12970.45,5,3,2
8417,761,4,14777.64,5,3,2
3030,761,4,17799.01,5,3,3
1178,761,4,22077.54,5,3,3
11820,761,4,23771.29,5,3,4
6449,761,4,25296.62,5,3,4
8692,761,4,27830.7,5,4,4
2668,761,4,29161.96,5,4,4
11964,761,4,29445.84,5,4,4
4776,761,4,31299.57,5,4,4
10023,761,4,35933.5,5,4,5
10074,761,4,37911.91,5,4,5
6295,761,5,14548.48,5,4,2
4364,761,5,17208.95,5,4,3
8835,761,5,21117.98,5,4,3
10947,761,5,21162.24,5,4,3
7838,761,5,21644.47,5,4,3
4645,761,5,23040.05,5,4,4
5884,761,5,24633.13,5,4,4
497,761,5,28108.57,5,4,4
2403,761,5,29160.14,5,4,4
4074,761,5,29860.49,5,4,4
10768,761,5,30887.4,5,4,4
9645,761,5,35021.85,5,4,5
5273,761,5,39165.91,5,4,5
5967,761,5,42846.38,5,5,5
9869,761,6,19559.57,5,5,3
8116,761,6,23527.16,5,5,4
10827,761,6,25214.07,5,5,4
11699,761,6,26896.6,5,5,4
7557,761,6,28597.33,5,5,4
4757,761,6,28666.03,5,5,4
10715,761,6,37309.13,5,5,5
5447,761,6,37969.91,5,5,5
7800,761,6,38427.95,5,5,5
8970,761,6,44209.02,5,5,5
1654,761,7,26209.38,5,5,4
3703,761,7,29175.14,5,5,4
1139,761,7,33289.77,5,5,5
10470,761,7,35227.74,5,5,5
3190,761,7,39830.25,5,5,5
4627,761,7,40540.78,5,5,5
2236,761,7,42395.57,5,5,5
11554,761,7,44433.72,5,5,5
11684,761,7,47579.91,5,5,5
1519,761,8,34882.89,5,5,5
1425,761,8,44121.63,5,5,5
9922,761,9,63302.0,5,5,5
3452,761,10,53690.73,5,5,5
1816,761,10,76175.48,5,5,5
5327,760,2,2115.04,5,1,1
2186,760,2,5912.54,5,1,1
10484,760,2,8658.32,5,1,1
6123,760,2,9407.65,5,1,1
2536,760,3,6750.53,5,2,1
3835,760,3,11161.31,5,2,2
7968,760,3,11748.99,5,2,2
6943,760,3,14103.83,5,2,2
7327,760,3,19920.78,5,3,3
2069,760,4,10628.63,5,3,2
3630,760,4,13917.34,5,3,2
1998,760,4,15461.62,5,3,2
754,760,4,16385.17,5,3,3
8081,760,4,26060.25,5,3,4
2792,760,4,29111.76,5,4,4
740,760,4,29195.19,5,4,4
5270,760,4,30682.15,5,4,4
9701,760,4,36038.19,5,4,5
2969,760,4,37453.71,5,4,5
6842,760,5,20870.01,5,4,3
5226,760,5,24021.36,5,4,4
854,760,5,25437.16,5,4,4
2413,760,5,25615.93,5,4,4
1608,760,5,28248.37,5,4,4
4637,760,5,36681.38,5,4,5
1264,760,6,22263.29,5,5,3
11859,760,6,24884.21,5,5,4
1314,760,6,31272.45,5,5,4
8502,760,6,32248.07,5,5,5
4373,760,6,32252.5,5,5,5
5922,760,6,43444.6,5,5,5
4894,760,6,47358.83,5,5,5
9087,760,6,56188.68,5,5,5
3332,760,7,27578.88,5,5,4
2960,760,7,29033.18,5,5,4
7875,760,7,35585.49,5,5,5
8853,760,7,48409.65,5,5,5
11631,760,8,46481.13,5,5,5
9289,760,8,56999.06,5,5,5
783,759,2,3778.08,5,1,1
2416,759,2,7060.24,5,1,1
8536,759,2,9752.29,5,1,1
2913,759,2,11977.98,5,1,2
8186,759,2,12055.21,5,1,2
1866,759,2,13627.11,5,2,2
5011,759,3,7683.92,5,2,1
2636,759,3,9739.41,5,2,1
9311,759,3,11097.99,5,2,2
7898,759,3,11159.09,5,2,2
5356,759,3,11981.82,5,2,2
4542,759,3,13450.56,5,2,2
5451,759,3,16038.12,5,2,2
410,759,3,16267.06,5,2,3
4660,759,3,19268.61,5,2,3
10826,759,3,20112.27,5,3,3
7145,759,3,21849.5,5,3,3
8350,759,3,24407.03,5,3,4
7176,759,4,7958.21,5,3,1
3002,759,4,15958.27,5,3,2
8127,759,4,19823.1,5,3,3
7620,759,4,26174.38,5,4,4
5869,759,4,28211.19,5,4,4
10845,759,4,32585.44,5,4,5
6565,759,4,41054.86,5,4,5
1065,759,5,10286.95,5,4,2
9212,759,5,26125.24,5,4,4
8704,759,5,29001.18,5,4,4
1593,759,5,34595.71,5,4,5
1746,759,5,44094.63,5,5,5
7232,759,5,46989.32,5,5,5
1131,759,6,25943.76,5,5,4
5710,759,6,26939.98,5,5,4
4208,759,6,28870.42,5,5,4
10334,759,6,28912.45,5,5,4
5157,759,6,51363.72,5,5,5
368,759,6,52394.32,5,5,5
8133,759,7,32137.85,5,5,5
2988,759,8,25731.86,5,5,4
8123,759,8,45118.43,5,5,5
3081,759,8,45524.51,5,5,5
7043,759,8,46331.42,5,5,5
5367,759,8,47753.31,5,5,5
188,759,8,62328.59,5,5,5
7367,759,8,64048.79,5,5,5
6402,759,8,69788.97,5,5,5
4314,758,2,2680.48,5,1,1
6176,758,2,4287.83,5,1,1
7668,758,2,5489.55,5,1,1
11589,758,2,12457.59,5,1,2
9726,758,3,5352.47,5,2,1
7924,758,3,9568.19,5,2,1
10514,758,3,10101.82,5,2,2
11175,758,3,12226.13,5,2,2
2291,758,3,14191.84,5,2,2
8173,758,3,17998.73,5,2,3
9386,758,3,19836.89,5,3,3
3478,758,3,21112.37,5,3,3
8907,758,3,21778.34,5,3,3
3899,758,3,23967.49,5,3,4
11967,758,3,28292.07,5,3,4
1815,758,3,30073.33,5,3,4
5474,758,3,32019.88,5,3,5
5784,758,3,32796.57,5,3,5
4972,758,4,9832.37,5,3,1
10033,758,4,12295.08,5,3,2
11226,758,4,12763.8,5,3,2
3792,758,4,15853.69,5,3,2
676,758,4,20891.78,5,3,3
7786,758,4,27354.87,5,4,4
3716,758,4,30323.4,5,4,4
10525,758,4,31600.04,5,4,4
6757,758,4,32404.4,5,4,5
10235,758,4,32835.54,5,4,5
7640,758,5,14592.07,5,4,2
5834,758,5,30425.35,5,4,4
5686,758,5,31529.91,5,4,4
11756,758,5,31606.79,5,4,4
7295,758,5,33482.61,5,4,5
3827,758,5,35018.93,5,4,5
6264,758,5,35684.01,5,4,5
11114,758,5,39020.13,5,4,5
2161,758,5,41124.41,5,5,5
11182,758,6,19617.92,5,5,3
10518,758,6,21128.93,5,5,3
7940,758,6,25756.46,5,5,4
4014,758,6,31329.04,5,5,4
8052,758,6,40152.08,5,5,5
29,758,6,46498.58,5,5,5
632,758,7,16647.38,5,5,3
8404,758,7,34346.15,5,5,5
9344,758,7,49983.32,5,5,5
673,758,8,29139.47,5,5,4
8383,758,8,36735.11,5,5,5
3063,758,8,43776.59,5,5,5
5261,758,8,44236.97,5,5,5
4312,758,8,45965.41,5,5,5
11070,758,8,54960.2,5,5,5
1293,758,8,57175.02,5,5,5
2343,758,8,58169.34,5,5,5
11931,758,9,31831.77,5,5,5
3963,758,9,43935.96,5,5,5
111,758,9,48132.31,5,5,5
7199,758,9,48953.96,5,5,5
11768,758,9,52755.14,5,5,5
7847,757,2,5252.07,5,1,1
7689,757,2,6294.4,5,1,1
10490,757,2,10127.83,5,1,2
16,757,2,13992.43,5,2,2
11623,757,2,15848.5,5,2,2
7078,757,2,19972.38,5,2,3
832,757,3,4855.11,5,2,1
4182,757,3,9890.11,5,2,1
742,757,3,9974.32,5,2,2
4738,757,3,10733.28,5,2,2
9446,757,3,10972.65,5,2,2
4137,757,3,12228.13,5,2,2
5979,757,3,13432.5,5,2,2
233,757,3,13718.72,5,2,2
8304,757,3,16932.11,5,2,3
9075,757,3,25488.34,5,3,4
1611,757,3,25678.27,5,3,4
11817,757,4,5053.98,5,3,1
978,757,4,8798.81,5,3,1
1180,757,4,11626.21,5,3,2
4058,757,4,20055.62,5,3,3
11428,757,4,22467.76,5,3,3
8538,757,4,23898.4,5,3,4
5411,757,4,28031.13,5,4,4
9648,757,4,30435.94,5,4,4
9438,757,4,30793.12,5,4,4
5900,757,4,31647.82,5,4,4
2977,757,4,33289.34,5,4,5
2535,757,5,16530.83,5,4,3
1923,757,5,16697.72,5,4,3
2671,757,5,18086.69,5,4,3
818,757,5,20594.27,5,4,3
5139,757,5,22619.14,5,4,3
8922,757,5,26048.07,5,4,4
7033,757,5,28230.67,5,4,4
2826,757,5,29336.27,5,4,4
4755,757,5,29680.86,5,4,4
2855,757,5,30040.79,5,4,4
7250,757,5,31451.72,5,4,4
344,757,5,31659.4,5,4,4
5236,757,5,35094.0,5,4,5
4804,757,5,45283.82,5,5,5
11447,757,6,14843.89,5,5,2
2767,757,6,15896.11,5,5,2
11918,757,6,17100.08,5,5,3
3488,757,6,18022.04,5,5,3
3702,757,6,20785.36,5,5,3
9632,757,6,25407.8,5,5,4
6314,757,6,28841.12,5,5,4
7318,757,6,30924.28,5,5,4
11090,757,6,32065.34,5,5,5
1558,757,6,32965.33,5,5,5
4263,757,6,36457.08,5,5,5
10161,757,6,42729.62,5,5,5
3903,757,6,45362.57,5,5,5
11477,757,7,22055.33,5,5,3
69,757,7,26565.47,5,5,4
3493,757,7,28633.99,5,5,4
8914,757,7,32732.65,5,5,5
2725,757,7,32954.05,5,5,5
7965,757,7,33125.01,5,5,5
5213,757,7,35502.57,5,5,5
11545,757,7,36579.11,5,5,5
5809,757,7,64637.47,5,5,5
1123,757,8,44508.05,5,5,5
6136,757,8,54866.52,5,5,5
1232,757,9,28126.14,5,5,4
4157,757,9,38529.91,5,5,5
6331,757,9,44186.76,5,5,5
9288,757,10,50629.92,5,5,5
11889,756,1,755.84,5,1,1
5964,756,1,2075.4,5,1,1
4987,756,1,3671.0,5,1,1
117,756,1,11237.32,5,1,2
9605,756,2,9075.86,5,1,1
6890,756,2,13496.61,5,2,2
8412,756,2,16445.81,5,2,3
10296,756,3,5420.36,5,2,1
9592,756,3,8387.86,5,2,1
4321,756,3,11136.85,5,2,2
11550,756,3,14157.93,5,2,2
10003,756,3,15406.29,5,2,2
11363,756,3,16427.87,5,2,3
2912,756,3,17843.16,5,2,3
6015,756,3,18113.68,5,2,3
582,756,3,20631.23,5,3,3
9684,756,4,18071.11,5,3,3
3278,756,4,20482.98,5,3,3
10230,756,4,22565.5,5,3,3
7652,756,4,28248.06,5,4,4
3326,756,4,29416.32,5,4,4
3561,756,4,31336.01,5,4,4
10395,756,5,16269.75,5,4,3
2484,756,5,22225.31,5,4,3
1714,756,5,22457.63,5,4,3
7257,756,5,25407.05,5,4,4
9792,756,5,26333.69,5,4,4
10871,756,5,26813.13,5,4,4
5812,756,5,29944.82,5,4,4
5828,756,5,31537.52,5,4,4
6405,756,5,33762.15,5,4,5
9675,756,5,37893.4,5,4,5
3230,756,5,39161.99,5,4,5
10283,756,6,14360.5,5,5,2
1016,756,6,21074.19,5,5,3
6533,756,6,23029.72,5,5,4
3974,756,6,34093.24,5,5,5
7105,756,6,34198.2,5,5,5
9415,756,6,34394.82,5,5,5
6515,756,6,34396.2,5,5,5
9423,756,6,38134.43,5,5,5
10085,756,6,43158.78,5,5,5
2465,756,7,25935.19,5,5,4
9211,756,7,27244.83,5,5,4
11977,756,7,35471.21,5,5,5
10719,756,7,41523.91,5,5,5
4212,756,7,46320.88,5,5,5
8674,756,7,47116.13,5,5,5
8533,756,7,57762.57,5,5,5
9132,756,8,36255.31,5,5,5
11547,756,8,40299.78,5,5,5
4745,756,8,47153.34,5,5,5
65,756,8,51355.49,5,5,5
10648,756,9,32151.21,5,5,5
9603,756,10,71978.82,5,5,5
2097,755,1,1517.14,5,1,1
8562,755,2,1923.32,5,1,1
5272,755,2,9529.94,5,1,1
1951,755,2,10913.99,5,1,2
1533,755,2,12912.66,5,2,2
6699,755,2,17886.86,5,2,3
8159,755,3,6955.16,5,2,1
1551,755,3,8549.29,5,2,1
8507,755,3,10542.62,5,2,2
2863,755,3,11007.14,5,2,2
3397,755,3,12593.58,5,2,2
6044,755,3,13116.8,5,2,2
6471,755,3,13706.22,5,2,2
10697,755,3,13861.96,5,2,2
11167,755,3,14013.46,5,2,2
3055,755,3,20018.8,5,3,3
3721,755,3,23630.9,5,3,4
1088,755,3,36881.18,5,3,5
933,755,4,5110.74,5,3,1
8541,755,4,8816.49,5,3,1
2605,755,4,12699.78,5,3,2
6425,755,4,14591.27,5,3,2
2583,755,4,16604.59,5,3,3
6470,755,4,17019.61,5,3,3
4488,755,4,19035.27,5,3,3
3588,755,4,21229.37,5,3,3
1957,755,4,26680.87,5,4,4
2262,755,4,29850.37,5,4,4
10029,755,4,36283.84,5,4,5
8608,755,5,16918.41,5,4,3
9956,755,5,17560.2,5,4,3
7677,755,5,23068.14,5,4,4
11438,755,5,23747.57,5,4,4
4986,755,5,23908.43,5,4,4
4467,755,5,23944.43,5,4,4
724,755,5,24003.07,5,4,4
2460,755,5,26003.66,5,4,4
6384,755,5,26894.89,5,4,4
5647,755,5,27258.8,5,4,4
6021,755,5,28060.3,5,4,4
11430,755,5,30770.2,5,4,4
743,755,5,30818.1,5,4,4
169,755,5,32932.6,5,4,5
10925,755,5,33877.53,5,4,5
6287,755,5,34031.18,5,4,5
11338,755,5,35275.49,5,4,5
4844,755,5,53274.62,5,5,5
8252,755,6,13922.6,5,5,2
4548,755,6,15886.91,5,5,2
6164,755,6,17195.94,5,5,3
4790,755,6,27606.33,5,5,4
10879,755,6,36581.88,5,5,5
1785,755,6,36741.41,5,5,5
6963,755,6,37795.69,5,5,5
7435,755,7,29316.2,5,5,4
5052,755,7,32223.23,5,5,5
10781,755,7,41791.06,5,5,5
9530,755,7,43978.35,5,5,5
3644,755,7,47125.61,5,5,5
5859,755,8,36898.55,5,5,5
1416,755,8,54224.19,5,5,5
10960,755,9,44827.44,5,5,5
2883,755,9,56351.79,5,5,5
9351,754,1,86.13,5,1,1
2318,754,2,6222.59,5,1,1
3106,754,2,6645.97,5,1,1
9417,754,2,8493.73,5,1,1
6017,754,2,9145.29,5,1,1
9821,754,2,9439.49,5,1,1
614,754,2,9994.24,5,1,2
5757,754,2,11930.18,5,1,2
4466,754,2,12127.43,5,1,2
2757,754,2,15425.1,5,2,2
9398,754,2,23302.0,5,2,4
5168,754,3,9109.51,5,2,1
11713,754,3,10403.75,5,2,2
6009,754,3,10729.39,5,2,2
784,754,3,11714.32,5,2,2
11559,754,3,12123.01,5,2,2
11557,754,3,12192.7,5,2,2
1404,754,3,12782.86,5,2,2
11487,754,3,14048.84,5,2,2
8197,754,3,14381.31,5,2,2
8623,754,3,14658.13,5,2,2
6883,754,3,16409.07,5,2,3
8487,754,3,17884.55,5,2,3
11096,754,3,18608.59,5,2,3
10592,754,3,24398.22,5,3,4
2035,754,3,29131.46,5,3,4
9217,754,3,29389.95,5,3,4
5244,754,4,14137.88,5,3,2
9813,754,4,14450.09,5,3,2
9835,754,4,19377.41,5,3,3
6536,754,4,20182.32,5,3,3
8529,754,4,21086.26,5,3,3
6838,754,4,21578.34,5,3,3
11903,754,4,23933.84,5,3,4
6491,754,4,33750.19,5,4,5
7761,754,4,47626.29,5,4,5
2034,754,4,48015.8,5,4,5
1733,754,5,8973.8,5,4,1
6881,754,5,18060.53,5,4,3
7826,754,5,21917.8,5,4,3
4807,754,5,22050.6,5,4,3
10515,754,5,23071.04,5,4,4
5930,754,5,26725.21,5,4,4
8740,754,5,26726.41,5,4,4
7044,754,5,27097.78,5,4,4
8084,754,5,31390.04,5,4,4
5455,754,5,33768.43,5,4,5
9147,754,5,37899.06,5,4,5
778,754,6,21382.92,5,5,3
3231,754,6,21837.44,5,5,3
3382,754,6,22333.34,5,5,3
8236,754,6,33045.6,5,5,5
6549,754,6,34391.71,5,5,5
4837,754,6,37737.72,5,5,5
7002,754,6,38570.84,5,5,5
3410,754,6,39060.79,5,5,5
6777,754,6,43067.41,5,5,5
4721,754,6,46773.79,5,5,5
7335,754,6,49191.21,5,5,5
1319,754,7,23673.45,5,5,4
2194,754,7,24028.84,5,5,4
9953,754,7,35502.64,5,5,5
5510,754,7,37112.72,5,5,5
8752,754,7,58513.8,5,5,5
11946,754,8,30736.72,5,5,4
10571,754,8,35243.39,5,5,5
3755,754,8,39662.45,5,5,5
4415,754,8,42013.71,5,5,5
3785,754,8,59457.82,5,5,5
1871,754,9,51341.43,5,5,5
1922,754,10,44368.26,5,5,5
5216,754,10,58627.98,5,5,5
5207,753,2,6128.08,5,1,1
9371,753,2,6562.38,5,1,1
5762,753,2,9978.5,5,1,2
9899,753,2,21145.11,5,2,3
124,753,3,6687.29,5,2,1
3849,753,3,10779.84,5,2,2
3736,753,3,12254.54,5,2,2
11412,753,3,12692.36,5,2,2
7394,753,3,14604.12,5,2,2
2411,753,3,15185.23,5,2,2
1996,753,3,22965.03,5,3,4
179,753,3,32847.61,5,3,5
7815,753,4,17938.5,5,3,3
334,753,4,19390.33,5,3,3
6992,753,4,19645.05,5,3,3
3839,753,4,20216.6,5,3,3
4960,753,4,20469.11,5,3,3
7751,753,4,23063.26,5,3,4
7173,753,4,23358.44,5,3,4
2562,753,4,26451.96,5,4,4
9912,753,4,26859.71,5,4,4
499,753,4,28437.7,5,4,4
3481,753,5,18985.42,5,4,3
5386,753,5,19531.49,5,4,3
1051,753,5,20426.25,5,4,3
7619,753,5,21140.34,5,4,3
9969,753,5,21350.22,5,4,3
11008,753,5,23264.49,5,4,4
9654,753,5,24368.75,5,4,4
6832,753,5,26029.02,5,4,4
10654,753,5,26449.89,5,4,4
8106,753,5,27655.34,5,4,4
2331,753,5,29440.59,5,4,4
11067,753,5,30147.39,5,4,4
11648,753,5,40178.25,5,4,5
1489,753,5,46922.88,5,5,5
1971,753,6,16759.97,5,5,3
2087,753,6,25848.74,5,5,4
9763,753,6,29706.07,5,5,4
9284,753,6,32256.08,5,5,5
7308,753,6,36223.41,5,5,5
2719,753,6,37303.82,5,5,5
534,753,6,40172.02,5,5,5
11594,753,7,23747.78,5,5,4
2915,753,7,36931.73,5,5,5
2704,753,7,37433.05,5,5,5
720,753,7,38545.39,5,5,5
5680,753,8,27019.19,5,5,4
8164,753,8,35923.07,5,5,5
2783,753,8,42518.82,5,5,5
11352,753,8,48442.56,5,5,5
9341,753,8,53503.14,5,5,5
25,753,8,61230.11,5,5,5
956,753,10,51994.97,5,5,5
964,753,10,70051.38,5,5,5
8548,752,2,5324.31,5,1,1
670,752,2,7846.5,5,1,1
4303,752,2,11678.68,5,1,2
11763,752,2,14639.37,5,2,2
7281,752,3,7491.25,5,2,1
4632,752,3,9737.79,5,2,1
2013,752,3,10720.09,5,2,2
2282,752,3,15087.82,5,2,2
6740,752,3,21659.88,5,3,3
792,752,3,39996.31,5,3,5
6386,752,4,8678.38,5,3,1
5114,752,4,12401.54,5,3,2
3679,752,4,14233.32,5,3,2
4959,752,4,14949.04,5,3,2
4642,752,4,17272.44,5,3,3
1566,752,4,22247.45,5,3,3
1381,752,4,22479.18,5,3,3
7064,752,4,32844.21,5,4,5
9748,752,4,34111.92,5,4,5
4076,752,5,11842.98,5,4,2
3322,752,5,13544.16,5,4,2
2997,752,5,17457.88,5,4,3
702,752,5,21680.47,5,4,3
3428,752,5,23089.16,5,4,4
9038,752,5,23896.4,5,4,4
7928,752,5,24932.72,5,4,4
3252,752,5,26894.9,5,4,4
1943,752,5,27225.68,5,4,4
7568,752,5,28763.77,5,4,4
2568,752,5,30235.3,5,4,4
2347,752,5,30658.3,5,4,4
1189,752,6,19755.58,5,5,3
2677,752,6,25452.3,5,5,4
6407,752,6,26438.66,5,5,4
11980,752,6,33829.88,5,5,5
5429,752,6,39252.16,5,5,5
8335,752,6,40970.77,5,5,5
7694,752,6,42247.14,5,5,5
4203,752,6,43196.53,5,5,5
2249,752,7,40055.01,5,5,5
11761,752,7,44730.42,5,5,5
5390,752,9,36533.27,5,5,5
3053,752,9,38322.44,5,5,5
5376,752,10,48026.39,5,5,5
4351,752,12,36474.51,5,5,5
8121,751,1,920.35,5,1,1
6524,751,1,968.7,5,1,1
6137,751,1,2120.82,5,1,1
5366,751,1,6423.57,5,1,1
6676,751,2,2277.75,5,1,1
4228,751,2,10491.35,5,1,2
221,751,2,12740.72,5,1,2
11884,751,2,13654.29,5,2,2
6556,751,3,5964.83,5,2,1
10756,751,3,8054.27,5,2,1
3959,751,3,8529.71,5,2,1
7643,751,3,8541.55,5,2,1
8361,751,3,10181.49,5,2,2
10116,751,3,10546.86,5,2,2
10054,751,3,11003.94,5,2,2
6898,751,3,13688.72,5,2,2
2052,751,3,15646.2,5,2,2
1283,751,3,20902.1,5,3,3
3925,751,3,22749.1,5,3,3
11212,751,4,11063.7,5,3,2
10998,751,4,14573.35,5,3,2
205,751,4,16047.25,5,3,2
5826,751,4,18287.97,5,3,3
2505,751,4,20200.9,5,3,3
3782,751,4,21247.86,5,3,3
336,751,4,28323.72,5,4,4
1208,751,4,32383.82,5,4,5
11568,751,4,38299.91,5,4,5
7904,751,4,41698.76,5,4,5
10238,751,5,14020.51,5,4,2
9635,751,5,17450.43,5,4,3
4316,751,5,17600.28,5,4,3
10631,751,5,17816.21,5,4,3
9732,751,5,19733.51,5,4,3
3444,751,5,20075.32,5,4,3
5678,751,5,20812.41,5,4,3
3196,751,5,20910.64,5,4,3
5896,751,5,21470.48,5,4,3
5962,751,5,21633.24,5,4,3
8226,751,5,22270.55,5,4,3
672,751,5,22918.2,5,4,4
6416,751,5,29325.19,5,4,4
8430,751,5,31510.87,5,4,4
8773,751,5,31590.22,5,4,4
2471,751,5,36069.07,5,4,5
8119,751,6,28078.47,5,5,4
9660,751,6,32173.92,5,5,5
11426,751,6,34273.44,5,5,5
11035,751,6,34636.95,5,5,5
9334,751,6,38338.35,5,5,5
8490,751,6,38492.59,5,5,5
9898,751,6,39488.23,5,5,5
3509,751,6,46777.57,5,5,5
2339,751,6,46999.27,5,5,5
10322,751,7,35312.27,5,5,5
7984,751,7,38794.12,5,5,5
7964,751,7,46317.28,5,5,5
7858,751,7,49611.83,5,5,5
8719,751,7,56302.55,5,5,5
9510,751,8,49721.05,5,5,5
10387,751,9,53994.74,5,5,5
4205,750,1,1520.28,5,1,1
5823,750,1,11135.56,5,1,2
7427,750,2,7861.58,5,1,1
11494,750,2,8287.65,5,1,1
7331,750,3,5111.12,5,2,1
1823,750,3,8863.13,5,2,1
11615,750,3,14041.76,5,2,2
9115,750,3,14105.06,5,2,2
3344,750,3,16551.12,5,2,3
10689,750,3,19639.79,5,2,3
4413,750,3,22232.12,5,3,3
8190,750,3,22580.88,5,3,3
8825,750,3,22836.31,5,3,4
1006,750,4,3898.87,5,3,1
2432,750,4,6657.0,5,3,1
2218,750,4,10980.51,5,3,2
4937,750,4,14684.64,5,3,2
1847,750,4,15760.14,5,3,2
3532,750,4,19391.9,5,3,3
3987,750,4,19620.46,5,3,3
27,750,4,25545.52,5,3,4
3158,750,4,27262.28,5,4,4
6896,750,4,32745.56,5,4,5
9895,750,4,33172.36,5,4,5
3192,750,4,45419.1,5,4,5
3539,750,5,15241.96,5,4,2
9961,750,5,17479.41,5,4,3
5986,750,5,21113.1,5,4,3
512,750,5,28591.77,5,4,4
4087,750,5,28606.24,5,4,4
6014,750,5,34218.28,5,4,5
6694,750,6,18625.95,5,5,3
10785,750,6,20735.96,5,5,3
9918,750,6,27607.43,5,5,4
8695,750,6,43720.91,5,5,5
8539,750,6,51465.32,5,5,5
4300,750,7,19248.52,5,5,3
9067,750,7,25281.82,5,5,4
6584,750,7,26529.8,5,5,4
11885,750,7,32152.09,5,5,5
3858,750,7,32393.01,5,5,5
11000,750,7,38942.07,5,5,5
10156,750,8,56012.16,5,5,5
5854,750,9,58141.76,5,5,5
4267,749,1,5869.49,5,1,1
7079,749,2,8206.81,5,1,1
8201,749,2,12995.82,5,2,2
3624,749,2,14102.12,5,2,2
1778,749,2,15934.26,5,2,2
2159,749,2,16123.05,5,2,2
9259,749,2,17621.94,5,2,3
1899,749,2,17642.98,5,2,3
8214,749,3,6428.27,5,2,1
11002,749,3,12525.99,5,2,2
6358,749,3,14646.71,5,2,2
6986,749,4,9578.28,5,3,1
61,749,4,16820.33,5,3,3
570,749,4,18152.51,5,3,3
5752,749,4,18493.23,5,3,3
3503,749,4,18846.6,5,3,3
8200,749,4,20933.73,5,3,3
106,749,4,21727.89,5,3,3
3051,749,4,26241.26,5,4,4
7718,749,4,27600.03,5,4,4
2932,749,4,29734.36,5,4,4
7859,749,4,33032.29,5,4,5
8763,749,4,41492.29,5,4,5
11488,749,5,16993.96,5,4,3
4336,749,5,22784.4,5,4,3
7181,749,5,23502.98,5,4,4
587,749,5,24883.74,5,4,4
3772,749,5,25822.04,5,4,4
7995,749,5,28907.87,5,4,4
2622,749,5,29228.4,5,4,4
5021,749,5,29359.42,5,4,4
10834,749,5,29981.23,5,4,4
6199,749,5,34732.58,5,4,5
3601,749,6,20045.39,5,5,3
1538,749,6,25028.58,5,5,4
8038,749,6,31093.71,5,5,4
10748,749,6,46153.11,5,5,5
9617,749,6,54283.28,5,5,5
4574,749,7,28580.34,5,5,4
11930,749,7,39769.32,5,5,5
9537,749,7,42232.71,5,5,5
4863,749,7,43737.91,5,5,5
10578,749,7,44479.34,5,5,5
4873,749,8,36929.85,5,5,5
10585,749,8,59591.82,5,5,5
10229,749,9,35934.39,5,5,5
11120,749,9,76449.29,5,5,5
5033,749,10,58611.22,5,5,5
3577,749,11,85132.94,5,5,5
631,748,1,3850.82,5,1,1
3922,748,1,5644.9,5,1,1
7821,748,2,4312.36,5,1,1
8019,748,2,8621.93,5,1,1
6431,748,3,7049.97,5,2,1
9318,748,3,9965.91,5,2,2
10638,748,3,10320.37,5,2,2
9598,748,3,11086.86,5,2,2
10292,748,3,11277.86,5,2,2
10072,748,3,11503.22,5,2,2
9456,748,3,12183.31,5,2,2
8547,748,3,12576.78,5,2,2
2289,748,3,12761.95,5,2,2
5666,748,3,13146.13,5,2,2
3264,748,3,14944.59,5,2,2
4025,748,3,20386.56,5,3,3
356,748,4,12989.43,5,3,2
5025,748,4,16705.67,5,3,3
1435,748,4,16913.78,5,3,3
9227,748,4,17670.12,5,3,3
8788,748,4,17742.52,5,3,3
11459,748,4,19786.46,5,3,3
915,748,4,21415.68,5,3,3
9243,748,4,21530.54,5,3,3
8041,748,4,22288.01,5,3,3
528,748,4,22373.57,5,3,3
5816,748,4,22434.96,5,3,3
7972,748,4,25740.82,5,3,4
11377,748,4,30223.09,5,4,4
6989,748,4,31591.64,5,4,4
2717,748,4,39977.79,5,4,5
9968,748,5,11602.27,5,4,2
4764,748,5,13368.71,5,4,2
10409,748,5,15661.34,5,4,2
160,748,5,20303.24,5,4,3
7993,748,5,24068.56,5,4,4
680,748,5,24444.64,5,4,4
1286,748,5,24830.72,5,4,4
4948,748,5,26062.79,5,4,4
10193,748,5,26403.96,5,4,4
11305,748,5,26543.0,5,4,4
9121,748,5,29763.17,5,4,4
7851,748,5,32564.72,5,4,5
1848,748,5,33767.71,5,4,5
11158,748,5,39509.52,5,4,5
10532,748,5,44219.21,5,5,5
3616,748,6,13876.14,5,5,2
6947,748,6,22150.48,5,5,3
5092,748,6,23875.66,5,5,4
1578,748,6,32891.84,5,5,5
11822,748,6,42417.53,5,5,5
11650,748,7,22889.96,5,5,4
4666,748,7,29228.6,5,5,4
8177,748,7,29629.51,5,5,4
7482,748,7,37807.13,5,5,5
4501,748,7,42074.02,5,5,5
11301,748,7,42664.21,5,5,5
10397,748,7,54671.64,5,5,5
4613,748,8,44257.0,5,5,5
6282,748,9,27591.5,5,5,4
7609,747,2,4905.28,5,1,1
4349,747,2,5866.01,5,1,1
2877,747,2,8183.89,5,1,1
8018,747,2,10594.18,5,1,2
1585,747,2,12500.68,5,1,2
9380,747,2,12930.22,5,2,2
10612,747,2,16714.24,5,2,3
10274,747,2,17152.39,5,2,3
2058,747,2,18984.91,5,2,3
10782,747,3,10650.7,5,2,2
3289,747,3,13569.98,5,2,2
7835,747,3,23532.85,5,3,4
2971,747,3,33557.04,5,3,5
7024,747,4,13197.24,5,3,2
7910,747,4,13256.46,5,3,2
302,747,4,14390.74,5,3,2
4707,747,4,15357.37,5,3,2
10067,747,4,19850.78,5,3,3
1252,747,4,21119.74,5,3,3
4795,747,4,23765.72,5,3,4
7438,747,4,25872.44,5,3,4
436,747,4,27660.25,5,4,4
1708,747,4,29903.92,5,4,4
4027,747,4,31166.42,5,4,4
11664,747,4,32074.54,5,4,5
6636,747,4,33865.79,5,4,5
9540,747,4,34069.2,5,4,5
3253,747,4,44778.33,5,4,5
492,747,5,17165.33,5,4,3
8737,747,5,20871.34,5,4,3
2175,747,5,23467.86,5,4,4
1153,747,5,27209.65,5,4,4
2926,747,5,29411.99,5,4,4
9954,747,5,32218.18,5,4,5
10109,747,5,32791.46,5,4,5
4685,747,5,34602.28,5,4,5
4623,747,5,38312.93,5,4,5
4737,747,5,40506.41,5,4,5
7192,747,5,41104.42,5,5,5
4734,747,5,42843.81,5,5,5
9622,747,6,26054.07,5,5,4
4828,747,6,26181.67,5,5,4
6278,747,6,30513.19,5,5,4
8129,747,6,31456.13,5,5,4
8984,747,6,31582.37,5,5,4
371,747,6,33851.65,5,5,5
8324,747,6,48961.95,5,5,5
9110,747,7,21550.24,5,5,3
9410,747,7,29329.92,5,5,4
6187,747,7,32798.43,5,5,5
8921,747,8,27545.47,5,5,4
10011,747,8,31392.63,5,5,4
2307,747,8,41801.58,5,5,5
8934,747,8,56680.09,5,5,5
1665,747,8,63271.41,5,5,5
10676,747,11,45848.64,5,5,5
196,746,2,932.89,5,1,1
3255,746,2,3750.04,5,1,1
1279,746,2,13252.46,5,2,2
930,746,2,14644.69,5,2,2
2662,746,2,14655.26,5,2,2
699,746,2,20516.66,5,2,3
11821,746,3,8579.52,5,2,1
10124,746,3,8694.09,5,2,1
1118,746,3,13179.84,5,2,2
1589,746,3,14804.24,5,2,2
1338,746,3,15931.31,5,2,2
3589,746,3,18918.67,5,2,3
6587,746,3,21031.16,5,3,3
10460,746,3,30666.81,5,3,4
2684,746,3,36615.2,5,3,5
4706,746,4,10212.69,5,3,2
3461,746,4,20459.5,5,3,3
5263,746,4,21782.27,5,3,3
8282,746,4,22830.43,5,3,4
1824,746,4,25045.53,5,3,4
8250,746,4,26422.49,5,4,4
9571,746,4,29039.93,5,4,4
1350,746,4,35676.04,5,4,5
11065,746,4,37198.72,5,4,5
10941,746,5,17655.44,5,4,3
9458,746,5,18344.31,5,4,3
7075,746,5,22266.3,5,4,3
8954,746,5,22349.71,5,4,3
2906,746,5,23863.03,5,4,4
3174,746,5,24881.71,5,4,4
8873,746,5,25576.03,5,4,4
6915,746,5,26563.55,5,4,4
7013,746,5,29023.49,5,4,4
11150,746,5,37482.62,5,4,5
4752,746,5,37763.93,5,4,5
3930,746,5,46476.88,5,5,5
7385,746,6,18460.51,5,5,3
7455,746,6,21297.96,5,5,3
3765,746,6,21785.17,5,5,3
755,746,6,23409.17,5,5,4
4383,746,6,30782.03,5,5,4
11654,746,6,34045.71,5,5,5
1266,746,6,34533.07,5,5,5
4896,746,6,34751.7,5,5,5
3189,746,6,40544.42,5,5,5
5906,746,6,41879.34,5,5,5
791,746,6,47766.21,5,5,5
5885,746,7,18962.13,5,5,3
5855,746,7,26071.04,5,5,4
3691,746,7,28151.43,5,5,4
7594,746,7,35409.62,5,5,5
986,746,7,42925.11,5,5,5
5158,746,8,37569.3,5,5,5
11552,746,8,39061.9,5,5,5
10339,746,8,42730.08,5,5,5
4537,746,8,50708.97,5,5,5
7675,746,8,54295.71,5,5,5
10985,746,8,65055.12,5,5,5
8313,746,9,60275.57,5,5,5
3704,746,9,61599.4,5,5,5
10797,746,11,80113.64,5,5,5
2276,745,2,6552.86,5,1,1
181,745,2,19582.58,5,2,3
8264,745,2,20583.13,5,2,3
7431,745,3,9847.07,5,2,1
5717,745,3,10270.82,5,2,2
10934,745,3,13089.85,5,2,2
345,745,3,15234.21,5,2,2
10265,745,3,15827.77,5,2,2
5593,745,3,17052.18,5,2,3
2761,745,3,19953.2,5,3,3
5821,745,3,20549.03,5,3,3
6270,745,3,20559.92,5,3,3
2847,745,4,11422.24,5,3,2
6433,745,4,17170.49,5,3,3
2546,745,4,17813.49,5,3,3
1272,745,4,18564.57,5,3,3
5336,745,4,18991.6,5,3,3
7085,745,4,22464.39,5,3,3
2319,745,4,32430.92,5,4,5
1270,745,5,17703.53,5,4,3
1981,745,5,18856.31,5,4,3
7877,745,5,19247.29,5,4,3
8512,745,5,20551.98,5,4,3
7315,745,5,21706.87,5,4,3
3120,745,5,22207.28,5,4,3
10114,745,5,25729.95,5,4,4
10752,745,5,26141.34,5,4,4
3202,745,5,26345.08,5,4,4
8634,745,5,28936.61,5,4,4
2208,745,5,29668.55,5,4,4
4533,745,5,30903.36,5,4,4
4784,745,5,34402.95,5,4,5
9607,745,5,35353.73,5,4,5
2214,745,5,35354.83,5,4,5
6747,745,6,17194.84,5,5,3
7383,745,6,27348.07,5,5,4
7223,745,6,27876.94,5,5,4
63,745,6,31837.29,5,5,5
538,745,6,35193.9,5,5,5
925,745,6,38644.95,5,5,5
3760,745,7,34468.08,5,5,5
6089,745,7,34920.23,5,5,5
2797,745,7,40259.68,5,5,5
5141,745,7,41889.9,5,5,5
10471,745,7,47841.07,5,5,5
10611,745,7,54416.84,5,5,5
1614,745,8,35686.79,5,5,5
10288,745,8,58942.34,5,5,5
3048,745,9,49350.15,5,5,5
3730,745,10,43731.52,5,5,5
7957,744,2,4065.9,5,1,1
2849,744,2,8150.34,5,1,1
9884,744,2,10012.67,5,1,2
11243,744,2,13580.64,5,2,2
9765,744,2,14293.7,5,2,2
5256,744,3,7525.25,5,2,1
7321,744,3,11212.88,5,2,2
8445,744,3,11252.29,5,2,2
4354,744,3,22567.9,5,3,3
11516,744,3,26564.02,5,3,4
3462,744,4,5458.69,5,3,1
10165,744,4,12157.09,5,3,2
8001,744,4,13999.31,5,3,2
8731,744,4,14816.53,5,3,2
11017,744,4,17298.04,5,3,3
1084,744,4,18622.21,5,3,3
7937,744,4,18824.53,5,3,3
519,744,4,21813.7,5,3,3
3667,744,4,24986.02,5,3,4
9463,744,4,25933.82,5,3,4
3270,744,4,26613.15,5,4,4
4869,744,4,28668.41,5,4,4
7282,744,5,20106.39,5,4,3
543,744,5,20733.57,5,4,3
1395,744,5,21263.13,5,4,3
6186,744,5,21374.71,5,4,3
5715,744,5,22651.5,5,4,3
11587,744,5,23230.84,5,4,4
10665,744,5,24745.78,5,4,4
9031,744,5,25102.59,5,4,4
4646,744,5,25399.6,5,4,4
2940,744,5,31433.36,5,4,4
10147,744,5,32386.22,5,4,5
3725,744,5,35197.75,5,4,5
5202,744,6,24058.21,5,5,4
4566,744,6,24614.85,5,5,4
7320,744,6,26202.11,5,5,4
6872,744,6,28108.85,5,5,4
11495,744,6,28710.51,5,5,4
4170,744,6,30298.04,5,5,4
11388,744,6,34201.13,5,5,5
3333,744,6,36147.23,5,5,5
5014,744,6,36980.71,5,5,5
454,744,6,41911.9,5,5,5
6362,744,6,42247.75,5,5,5
10075,744,7,17796.59,5,5,3
3243,744,7,26749.36,5,5,4
526,744,7,28161.67,5,5,4
8300,744,7,34608.46,5,5,5
2694,744,7,44123.63,5,5,5
384,744,7,45063.11,5,5,5
2230,744,7,56648.53,5,5,5
3744,744,8,43210.47,5,5,5
10429,744,8,48798.86,5,5,5
6058,744,8,53363.22,5,5,5
7535,744,8,62072.83,5,5,5
10157,744,10,44616.72,5,5,5
10657,744,13,59792.37,5,5,5
9297,743,2,6044.26,5,1,1
6612,743,2,9560.34,5,1,1
11176,743,2,10873.37,5,1,2
7748,743,2,11102.62,5,1,2
451,743,2,16990.3,5,2,3
11765,743,2,18645.84,5,2,3
8292,743,3,4898.85,5,2,1
6306,743,3,11153.76,5,2,2
1,743,3,11789.47,5,2,2
10990,743,3,12914.84,5,2,2
9449,743,3,16435.36,5,2,3
3407,743,3,16676.71,5,2,3
820,743,3,17082.25,5,2,3
11917,743,3,19027.58,5,2,3
3908,743,3,19553.75,5,2,3
2385,743,3,19904.9,5,3,3
10222,743,3,23124.69,5,3,4
3416,743,4,9878.08,5,3,1
389,743,4,15910.7,5,3,2
11881,743,4,16713.5,5,3,3
8185,743,4,16725.5,5,3,3
5019,743,4,20640.81,5,3,3
11869,743,4,21127.91,5,3,3
6718,743,4,22089.7,5,3,3
8689,743,4,29622.21,5,4,4
4329,743,4,36547.49,5,4,5
10755,743,5,19525.2,5,4,3
9206,743,5,19839.66,5,4,3
6094,743,5,21505.32,5,4,3
7915,743,5,21877.32,5,4,3
1592,743,5,22304.26,5,4,3
5838,743,5,25502.85,5,4,4
8054,743,5,29845.89,5,4,4
4264,743,5,29991.09,5,4,4
4947,743,5,30321.7,5,4,4
9283,743,5,33550.56,5,4,5
129,743,5,34554.45,5,4,5
11353,743,5,37689.34,5,4,5
7792,743,5,39184.52,5,4,5
8671,743,5,45859.3,5,5,5
5562,743,6,24402.22,5,5,4
342,743,6,26185.47,5,5,4
8438,743,6,28277.15,5,5,4
9812,743,6,32458.18,5,5,5
5533,743,6,35597.9,5,5,5
7763,743,6,37262.32,5,5,5
9516,743,6,40474.49,5,5,5
11198,743,6,47679.32,5,5,5
815,743,6,48774.43,5,5,5
7985,743,7,24944.47,5,5,4
9357,743,7,36774.38,5,5,5
4712,743,7,38295.08,5,5,5
7270,743,7,45254.97,5,5,5
495,743,7,46504.86,5,5,5
428,743,7,48400.56,5,5,5
4602,743,7,58055.01,5,5,5
7267,743,7,63303.94,5,5,5
360,743,8,68428.27,5,5,5
4771,743,9,49165.35,5,5,5
6290,743,9,57305.75,5,5,5
4356,743,11,66975.41,5,5,5
9980,742,2,478.45,5,1,1
4900,742,2,5840.83,5,1,1
6758,742,2,6565.26,5,1,1
7580,742,2,7802.88,5,1,1
2479,742,2,10228.94,5,1,2
6762,742,2,14079.34,5,2,2
8024,742,3,9984.94,5,2,2
11947,742,3,13441.75,5,2,2
2270,742,3,19055.6,5,2,3
11861,742,3,19696.42,5,3,3
8973,742,3,21213.28,5,3,3
982,742,3,23353.5,5,3,4
438,742,3,24940.82,5,3,4
3140,742,4,16844.4,5,3,3
1490,742,4,18409.78,5,3,3
10556,742,4,21378.9,5,3,3
8194,742,4,21961.23,5,3,3
5945,742,4,22751.11,5,3,3
4798,742,4,25130.12,5,3,4
3471,742,4,26076.51,5,3,4
10443,742,4,26583.5,5,4,4
5489,742,4,26882.74,5,4,4
8746,742,4,28078.8,5,4,4
10721,742,4,33842.82,5,4,5
1152,742,4,34772.51,5,4,5
1353,742,5,16088.92,5,4,2
2309,742,5,21811.43,5,4,3
1044,742,5,25063.39,5,4,4
7684,742,5,27719.89,5,4,4
11500,742,5,28799.96,5,4,4
4020,742,5,29209.62,5,4,4
6990,742,5,29942.32,5,4,4
1368,742,5,33174.06,5,4,5
10596,742,5,34446.33,5,4,5
5868,742,5,42574.78,5,5,5
11046,742,5,46928.25,5,5,5
1717,742,6,14310.13,5,5,2
1082,742,6,20792.53,5,5,3
1447,742,6,21596.99,5,5,3
2202,742,6,29721.23,5,5,4
4149,742,6,30675.95,5,5,4
2313,742,6,31090.0,5,5,4
11166,742,6,33070.83,5,5,5
9426,742,7,21626.69,5,5,3
11097,742,7,39632.22,5,5,5
10896,742,7,44693.06,5,5,5
4608,742,7,49019.46,5,5,5
8343,742,7,52335.59,5,5,5
5012,742,8,32084.26,5,5,5
1721,742,8,44094.37,5,5,5
608,742,8,51427.69,5,5,5
86,742,9,61124.63,5,5,5
2820,742,9,63167.4,5,5,5
3734,742,11,50754.07,5,5,5
9192,741,1,612.1,5,1,1
10468,741,2,7711.47,5,1,1
9833,741,2,15948.08,5,2,2
4882,741,2,19619.33,5,2,3
5298,741,3,5894.04,5,2,1
2508,741,3,6403.45,5,2,1
4233,741,3,8736.95,5,2,1
9548,741,3,11345.88,5,2,2
3596,741,3,11543.66,5,2,2
4890,741,3,12634.11,5,2,2
58,741,3,15206.39,5,2,2
2446,741,3,15408.25,5,2,2
3688,741,3,15514.45,5,2,2
11141,741,3,17572.38,5,2,3
7651,741,3,19319.89,5,2,3
7678,741,3,22804.15,5,3,3
272,741,4,3882.7,5,3,1
4705,741,4,10515.8,5,3,2
1541,741,4,19418.99,5,3,3
2106,741,4,19959.32,5,3,3
7443,741,4,21836.63,5,3,3
2642,741,4,23780.81,5,3,4
1669,741,4,24040.21,5,3,4
3418,741,4,27003.57,5,4,4
4030,741,4,31541.49,5,4,4
6655,741,4,31983.53,5,4,5
2708,741,4,32200.74,5,4,5
11973,741,4,37013.39,5,4,5
721,741,5,15712.43,5,4,2
4773,741,5,23820.49,5,4,4
9932,741,5,25896.08,5,4,4
6985,741,5,26200.87,5,4,4
4427,741,5,26848.62,5,4,4
7853,741,5,27015.0,5,4,4
1806,741,5,27392.79,5,4,4
2477,741,5,28340.52,5,4,4
5131,741,5,39994.09,5,4,5
1331,741,6,32852.02,5,5,5
10812,741,6,36528.77,5,5,5
1911,741,6,37814.24,5,5,5
11705,741,6,38676.4,5,5,5
2777,741,6,39407.22,5,5,5
11727,741,6,39666.37,5,5,5
9946,741,7,18053.42,5,5,3
9072,741,7,30648.64,5,5,4
11304,741,7,31736.13,5,5,5
8868,741,7,33038.82,5,5,5
8140,741,7,38042.38,5,5,5
4898,741,7,39100.33,5,5,5
3900,741,7,42386.59,5,5,5
9233,741,7,49234.94,5,5,5
382,741,7,54636.64,5,5,5
3817,741,8,33082.99,5,5,5
5634,741,8,51734.29,5,5,5
1909,741,8,55375.79,5,5,5
7606,741,11,71004.44,5,5,5
6228,740,1,2128.05,5,1,1
9628,740,2,7862.29,5,1,1
3309,740,2,9633.81,5,1,1
1574,740,2,11866.74,5,1,2
4994,740,2,12071.87,5,1,2
728,740,3,4600.99,5,2,1
4177,740,3,7187.73,5,2,1
10537,740,3,10422.3,5,2,2
2763,740,3,11990.52,5,2,2
11405,740,3,12615.5,5,2,2
4046,740,3,16317.09,5,2,3
3906,740,3,18021.61,5,2,3
4958,740,4,12042.71,5,3,2
10579,740,4,13021.28,5,3,2
9292,740,4,13909.76,5,3,2
2917,740,4,15442.49,5,3,2
7110,740,4,18452.38,5,3,3
2213,740,4,18980.27,5,3,3
11136,740,4,21031.58,5,3,3
11708,740,4,21541.47,5,3,3
8301,740,4,23303.24,5,3,4
11606,740,4,23395.1,5,3,4
11320,740,4,23530.62,5,3,4
7153,740,4,23749.85,5,3,4
600,740,4,25846.35,5,3,4
9902,740,4,29202.83,5,4,4
11285,740,4,31045.09,5,4,4
2394,740,4,32491.36,5,4,5
7547,740,5,17897.78,5,4,3
3866,740,5,18410.0,5,4,3
2349,740,5,18769.78,5,4,3
5454,740,5,19639.1,5,4,3
11417,740,5,25395.87,5,4,4
5924,740,5,29563.45,5,4,4
1958,740,5,29907.19,5,4,4
10574,740,5,31089.82,5,4,4
291,740,5,31731.76,5,4,4
1876,740,5,32335.12,5,4,5
1916,740,5,33052.97,5,4,5
6068,740,5,35618.74,5,4,5
2748,740,5,40039.02,5,4,5
312,740,6,12913.75,5,5,2
3425,740,6,20121.6,5,5,3
2695,740,6,28117.57,5,5,4
1725,740,6,38181.7,5,5,5
2595,740,6,41138.68,5,5,5
8602,740,6,54569.5,5,5,5
5582,740,7,25030.24,5,5,4
9775,740,7,32381.33,5,5,5
1946,740,7,34115.92,5,5,5
3356,740,7,35157.48,5,5,5
4308,740,7,41308.2,5,5,5
6552,740,7,45380.32,5,5,5
10686,740,7,48043.72,5,5,5
6177,740,7,53111.92,5,5,5
9527,740,8,55037.55,5,5,5
11474,740,8,56562.49,5,5,5
5264,740,9,59739.59,5,5,5
7239,740,10,75028.97,5,5,5
6296,739,1,5610.97,5,1,1
967,739,2,5844.46,5,1,1
3990,739,2,8748.78,5,1,1
4770,739,2,12790.86,5,1,2
8136,739,2,13311.69,5,2,2
6617,739,2,14726.64,5,2,2
4892,739,3,4291.88,5,2,1
10045,739,3,7333.25,5,2,1
1549,739,3,11256.76,5,2,2
926,739,3,13220.4,5,2,2
1839,739,3,13999.06,5,2,2
2030,739,3,16233.42,5,2,3
735,739,3,17216.61,5,2,3
5830,739,3,23127.27,5,3,4
10980,739,3,23932.17,5,3,4
11781,739,3,24999.87,5,3,4
6681,739,4,6436.83,5,3,1
10349,739,4,12077.9,5,3,2
6185,739,4,15424.31,5,3,2
7629,739,4,17460.67,5,3,3
6488,739,4,20637.77,5,3,3
7704,739,4,21571.0,5,3,3
3114,739,4,24273.46,5,3,4
3173,739,4,35335.14,5,4,5
1845,739,5,14375.77,5,4,2
3896,739,5,16992.06,5,4,3
6429,739,5,17886.21,5,4,3
3609,739,5,21874.84,5,4,3
7035,739,5,27958.39,5,4,4
7329,739,5,32851.61,5,4,5
2057,739,5,34724.72,5,4,5
2787,739,5,36231.55,5,4,5
6598,739,5,37541.61,5,4,5
1527,739,6,23198.7,5,5,4
2246,739,6,28205.14,5,5,4
4441,739,6,29994.37,5,5,4
1913,739,6,31624.29,5,5,4
3507,739,6,33729.03,5,5,5
1881,739,6,41055.11,5,5,5
4225,739,7,22518.54,5,5,3
2815,739,7,26395.15,5,5,4
5287,739,7,31663.68,5,5,4
7484,739,7,35983.24,5,5,5
8711,739,7,44529.97,5,5,5
3495,739,7,47288.02,5,5,5
10199,739,7,47466.12,5,5,5
8829,739,7,48506.97,5,5,5
9208,739,7,61878.95,5,5,5
10734,739,8,38094.9,5,5,5
2311,739,8,42448.46,5,5,5
7605,739,8,47474.4,5,5,5
9901,739,8,49128.09,5,5,5
11678,739,8,63059.06,5,5,5
10580,739,8,83155.12,5,5,5
11541,739,9,33317.1,5,5,5
6098,739,11,43329.46,5,5,5
3592,739,11,66215.87,5,5,5
6604,738,2,15605.6,5,2,2
7522,738,3,6040.5,5,2,1
82,738,3,9000.94,5,2,1
1253,738,3,10280.1,5,2,2
11892,738,3,15376.02,5,2,2
1677,738,3,16208.81,5,2,3
8316,738,3,16348.46,5,2,3
10961,738,3,18285.18,5,2,3
209,738,3,21697.45,5,3,3
4298,738,4,14739.19,5,3,2
10273,738,4,16587.63,5,3,3
10424,738,4,18318.89,5,3,3
9090,738,4,20017.63,5,3,3
2987,738,4,20229.38,5,3,3
10909,738,4,22844.15,5,3,4
6639,738,4,29521.16,5,4,4
7088,738,4,32898.95,5,4,5
7623,738,5,16445.07,5,4,3
5469,738,5,28159.71,5,4,4
4629,738,5,28287.43,5,4,4
4239,738,5,28651.01,5,4,4
4363,738,5,36635.68,5,4,5
8554,738,5,43771.66,5,5,5
7903,738,5,46566.83,5,5,5
6441,738,6,13970.18,5,5,2
3084,738,6,18383.45,5,5,3
11913,738,6,22555.37,5,5,3
7090,738,6,27148.3,5,5,4
5181,738,6,31409.68,5,5,4
6354,738,6,34792.15,5,5,5
1925,738,6,34862.77,5,5,5
2680,738,6,37180.25,5,5,5
11349,738,6,38461.15,5,5,5
2598,738,6,40908.57,5,5,5
11143,738,7,29379.63,5,5,4
5059,738,7,37036.9,5,5,5
734,738,7,39564.2,5,5,5
9441,738,8,39113.85,5,5,5
7857,738,8,39900.64,5,5,5
3258,738,8,44746.39,5,5,5
8769,738,8,48012.76,5,5,5
10082,738,8,49546.62,5,5,5
7925,737,2,4313.88,5,1,1
11685,737,2,11477.22,5,1,2
6294,737,2,16488.29,5,2,3
9114,737,3,6096.96,5,2,1
10377,737,3,10540.75,5,2,2
327,737,3,10935.69,5,2,2
7141,737,3,12198.62,5,2,2
2743,737,3,12278.31,5,2,2
8775,737,3,18592.8,5,2,3
11893,737,3,19944.13,5,3,3
7016,737,3,20050.92,5,3,3
1481,737,3,26845.97,5,3,4
4674,737,4,14057.5,5,3,2
765,737,4,14571.15,5,3,2
6862,737,4,17667.55,5,3,3
9100,737,4,17879.84,5,3,3
7844,737,4,19056.68,5,3,3
3642,737,4,23354.98,5,3,4
5732,737,4,24112.8,5,3,4
5749,737,4,25368.32,5,3,4
6257,737,4,25656.24,5,3,4
11256,737,4,28119.71,5,4,4
2248,737,4,32256.14,5,4,5
5779,737,4,32658.67,5,4,5
10007,737,4,33577.88,5,4,5
8079,737,4,34811.03,5,4,5
2431,737,5,15354.83,5,4,2
3806,737,5,16205.54,5,4,3
3570,737,5,30444.09,5,4,4
7696,737,5,30624.93,5,4,4
9193,737,5,32163.71,5,4,5
9450,737,5,32990.63,5,4,5
11281,737,5,33478.57,5,4,5
3660,737,5,35697.34,5,4,5
2908,737,5,47708.7,5,5,5
9034,737,6,17984.45,5,5,3
102,737,6,21641.45,5,5,3
6286,737,6,21644.55,5,5,3
2158,737,6,22949.12,5,5,4
11124,737,6,26860.34,5,5,4
9081,737,6,29572.72,5,5,4
10271,737,6,32151.52,5,5,5
3010,737,6,32928.84,5,5,5
683,737,6,34647.5,5,5,5
4180,737,6,37973.32,5,5,5
3314,737,6,39991.77,5,5,5
6268,737,6,40017.62,5,5,5
4845,737,6,43503.47,5,5,5
4713,737,6,44814.26,5,5,5
5084,737,6,55998.53,5,5,5
4297,737,7,28148.86,5,5,4
1606,737,7,28221.59,5,5,4
1057,737,7,35496.96,5,5,5
5684,737,7,35779.75,5,5,5
4313,737,7,37354.72,5,5,5
1468,737,7,39858.19,5,5,5
6006,737,7,42163.61,5,5,5
10674,737,7,46119.33,5,5,5
597,737,8,38593.45,5,5,5
7628,737,8,43124.17,5,5,5
4696,737,8,54086.91,5,5,5
3430,737,8,55719.85,5,5,5
904,737,9,31196.93,5,5,4
7921,737,9,35280.22,5,5,5
5641,737,9,48096.18,5,5,5
5791,737,9,63189.69,5,5,5
4636,737,10,38334.92,5,5,5
6822,736,2,8007.19,5,1,1
11983,736,2,9379.36,5,1,1
10511,736,2,11125.36,5,1,2
11399,736,2,14095.34,5,2,2
5548,736,3,10025.77,5,2,2
4781,736,3,16564.48,5,2,3
3412,736,3,17069.11,5,2,3
5718,736,3,17456.93,5,2,3
666,736,3,19049.61,5,2,3
1501,736,3,24395.58,5,3,4
5061,736,4,14528.56,5,3,2
1684,736,4,16007.71,5,3,2
3683,736,4,16146.99,5,3,3
11021,736,4,18068.81,5,3,3
3329,736,4,18480.54,5,3,3
10746,736,4,19004.67,5,3,3
4996,736,4,19296.52,5,3,3
9180,736,4,23212.05,5,3,4
3789,736,4,24073.44,5,3,4
2609,736,4,25063.41,5,3,4
11084,736,4,25116.38,5,3,4
6109,736,4,25775.15,5,3,4
3269,736,4,27514.77,5,4,4
3803,736,4,29036.04,5,4,4
5163,736,4,33143.57,5,4,5
114,736,4,33253.98,5,4,5
143,736,4,37629.24,5,4,5
6163,736,4,42669.95,5,4,5
3699,736,5,14786.33,5,4,2
3066,736,5,18572.45,5,4,3
9431,736,5,19496.31,5,4,3
3524,736,5,20086.12,5,4,3
7386,736,5,21217.73,5,4,3
3339,736,5,27782.45,5,4,4
6095,736,5,28769.27,5,4,4
6653,736,5,29672.07,5,4,4
402,736,5,41017.1,5,5,5
11181,736,5,48847.33,5,5,5
6477,736,6,18985.82,5,5,3
3761,736,6,27263.3,5,5,4
4656,736,6,28128.53,5,5,4
10653,736,6,33733.47,5,5,5
8382,736,6,36112.3,5,5,5
10516,736,6,40658.08,5,5,5
1619,736,6,44064.16,5,5,5
7464,736,6,51741.64,5,5,5
6816,736,6,53693.79,5,5,5
7128,736,7,31665.09,5,5,4
4832,736,7,33971.63,5,5,5
8645,736,7,45697.99,5,5,5
11089,736,7,47599.26,5,5,5
447,736,7,57279.59,5,5,5
6408,736,8,55306.88,5,5,5
8607,736,8,68576.4,5,5,5
5007,736,9,34746.75,5,5,5
7222,736,9,58620.03,5,5,5
10984,736,10,32927.76,5,5,5
10223,735,1,1984.36,5,1,1
8995,735,2,5650.09,5,1,1
3394,735,2,6037.31,5,1,1
7585,735,2,12156.02,5,1,2
11514,735,2,16281.28,5,2,3
7121,735,2,24104.89,5,2,4
8396,735,3,8042.47,5,2,1
5920,735,3,10404.13,5,2,2
3454,735,3,11405.89,5,2,2
9005,735,3,12644.57,5,2,2
7555,735,3,14961.83,5,2,2
865,735,3,15530.84,5,2,2
11757,735,3,15581.63,5,2,2
3483,735,3,18254.17,5,2,3
2008,735,3,19329.03,5,2,3
3249,735,3,19489.54,5,2,3
7558,735,3,19676.49,5,3,3
6385,735,3,21550.78,5,3,3
11997,735,3,24376.91,5,3,4
9878,735,3,27089.12,5,3,4
11442,735,3,31323.83,5,3,4
9613,735,4,4977.71,5,3,1
11343,735,4,8816.89,5,3,1
2336,735,4,11158.92,5,3,2
10496,735,4,14868.69,5,3,2
1158,735,4,15093.8,5,3,2
3341,735,4,16817.35,5,3,3
6450,735,4,17267.54,5,3,3
8011,735,4,19155.24,5,3,3
531,735,4,21602.07,5,3,3
3353,735,4,21645.76,5,3,3
3431,735,4,22673.44,5,3,3
3095,735,4,27826.46,5,4,4
5559,735,4,29151.86,5,4,4
5983,735,4,29939.54,5,4,4
183,735,4,45038.91,5,4,5
3528,735,5,14260.94,5,4,2
4236,735,5,16899.35,5,4,3
10803,735,5,25605.22,5,4,4
6418,735,5,28952.08,5,4,4
7462,735,5,29657.17,5,4,4
11146,735,5,31080.94,5,4,4
7328,735,5,31636.65,5,4,4
3254,735,5,40426.66,5,4,5
4814,735,5,44060.72,5,5,5
952,735,5,44407.99,5,5,5
4693,735,5,47624.3,5,5,5
1986,735,6,19650.65,5,5,3
6730,735,6,24499.63,5,5,4
599,735,6,25299.42,5,5,4
3296,735,6,28083.37,5,5,4
2237,735,6,36223.13,5,5,5
7823,735,6,37299.18,5,5,5
3815,735,7,29318.54,5,5,4
4127,735,7,31332.34,5,5,4
2957,735,7,32226.35,5,5,5
6787,735,7,37357.0,5,5,5
8329,735,7,39159.19,5,5,5
1216,735,7,46756.47,5,5,5
3823,735,8,33714.39,5,5,5
3246,735,8,35890.2,5,5,5
7778,735,8,40794.47,5,5,5
2382,735,9,29295.92,5,5,4
7102,735,10,68491.48,5,5,5
108,734,2,1429.29,5,1,1
7155,734,2,2275.37,5,1,1
9315,734,2,2861.65,5,1,1
2740,734,2,5568.93,5,1,1
5096,734,2,8044.74,5,1,1
10681,734,2,16148.97,5,2,3
3777,734,2,17770.22,5,2,3
10368,734,3,4892.29,5,2,1
11902,734,3,7106.62,5,2,1
275,734,3,9102.34,5,2,1
4478,734,3,9977.68,5,2,2
3924,734,3,11743.97,5,2,2
1433,734,3,12672.33,5,2,2
8340,734,3,14951.08,5,2,2
7220,734,3,16848.77,5,2,3
5164,734,3,18882.13,5,2,3
11971,734,3,22935.81,5,3,4
1166,734,3,34533.14,5,3,5
7243,734,4,12668.52,5,3,2
377,734,4,16104.09,5,3,2
5137,734,4,19307.38,5,3,3
3664,734,4,20283.88,5,3,3
10352,734,4,23078.42,5,3,4
2124,734,4,23093.47,5,3,4
4318,734,4,23560.41,5,3,4
4615,734,4,23911.57,5,3,4
11641,734,4,31874.98,5,4,5
6233,734,4,39572.61,5,4,5
773,734,4,44497.24,5,4,5
10308,734,5,9459.66,5,4,1
6139,734,5,13337.17,5,4,2
1354,734,5,18812.52,5,4,3
3436,734,5,21488.74,5,4,3
11799,734,5,22362.2,5,4,3
375,734,5,24259.63,5,4,4
4275,734,5,24531.19,5,4,4
11911,734,5,26702.94,5,4,4
9514,734,5,27536.04,5,4,4
1060,734,5,28679.97,5,4,4
10414,734,5,28746.32,5,4,4
4417,734,5,30859.75,5,4,4
648,734,5,31388.31,5,4,4
9586,734,5,31794.29,5,4,5
10053,734,5,40203.4,5,4,5
2163,734,6,23959.36,5,5,4
8022,734,6,28313.92,5,5,4
9976,734,6,30713.59,5,5,4
2925,734,6,31285.75,5,5,4
2681,734,6,36429.08,5,5,5
4519,734,6,36692.82,5,5,5
7448,734,6,37694.17,5,5,5
1438,734,7,20426.57,5,5,3
2146,734,7,31151.28,5,5,4
10565,734,7,34030.79,5,5,5
11995,734,7,38951.95,5,5,5
5108,734,7,43479.88,5,5,5
5969,734,7,52753.69,5,5,5
7284,734,7,68051.48,5,5,5
3717,734,8,26923.22,5,5,4
4620,734,8,28779.93,5,5,4
7480,734,8,35374.39,5,5,5
5984,734,8,36223.61,5,5,5
7653,734,8,44427.14,5,5,5
6217,734,8,55855.04,5,5,5
3077,734,8,59354.5,5,5,5
2520,734,9,47348.14,5,5,5
8427,734,10,58212.87,5,5,5
1204,734,11,70483.0,5,5,5
1928,734,11,84096.52,5,5,5
786,733,1,1828.37,5,1,1
4305,733,2,3655.83,5,1,1
5792,733,2,9691.74,5,1,1
5978,733,2,10753.58,5,1,2
2036,733,2,11923.3,5,1,2
10633,733,3,2581.46,5,2,1
3318,733,3,5242.04,5,2,1
1779,733,3,12574.98,5,2,2
7895,733,3,14023.35,5,2,2
1812,733,3,15811.33,5,2,2
5423,733,3,15827.61,5,2,2
7182,733,3,18257.3,5,2,3
914,733,3,19668.43,5,3,3
8855,733,3,20780.94,5,3,3
8770,733,3,20823.8,5,3,3
1284,733,3,22314.94,5,3,3
6501,733,3,31240.05,5,3,4
7444,733,4,8644.28,5,3,1
11513,733,4,10018.14,5,3,2
10285,733,4,13211.73,5,3,2
5560,733,4,15779.54,5,3,2
254,733,4,16014.28,5,3,2
9907,733,4,17307.93,5,3,3
3747,733,4,21725.23,5,3,3
4374,733,4,22499.93,5,3,3
6746,733,4,22788.24,5,3,3
2046,733,4,22964.77,5,3,4
2489,733,4,23119.83,5,3,4
7461,733,4,23592.01,5,3,4
2539,733,4,23972.46,5,3,4
4590,733,4,24383.95,5,3,4
3223,733,4,24950.48,5,3,4
7278,733,4,28809.79,5,4,4
10469,733,4,29499.84,5,4,4
6269,733,4,38080.56,5,4,5
4266,733,5,15137.1,5,4,2
731,733,5,16919.5,5,4,3
7530,733,5,18203.68,5,4,3
7210,733,5,18228.11,5,4,3
11645,733,5,18458.27,5,4,3
3248,733,5,19466.32,5,4,3
5487,733,5,21914.39,5,4,3
6338,733,5,22186.89,5,4,3
7892,733,5,23041.58,5,4,4
5764,733,5,24764.95,5,4,4
5063,733,5,26475.78,5,4,4
4703,733,5,27840.47,5,4,4
2245,733,5,28047.78,5,4,4
7397,733,5,28782.66,5,4,4
6288,733,5,30613.59,5,4,4
3723,733,5,35864.87,5,4,5
11324,733,5,41737.86,5,5,5
7856,733,5,43241.04,5,5,5
9484,733,6,14318.09,5,5,2
11603,733,6,27225.38,5,5,4
4021,733,6,29609.96,5,5,4
4653,733,6,30729.57,5,5,4
7355,733,6,41848.82,5,5,5
11384,733,6,51781.65,5,5,5
4322,733,7,27271.69,5,5,4
370,733,7,28371.49,5,5,4
10620,733,7,29696.65,5,5,4
5359,733,8,19446.6,5,5,3
7867,733,8,38489.67,5,5,5
4138,733,8,57446.04,5,5,5
5102,733,9,54680.72,5,5,5
4043,733,10,33480.02,5,5,5
3180,733,10,51753.93,5,5,5
3584,732,1,3502.78,5,1,1
270,732,2,6101.19,5,1,1
949,732,2,8234.02,5,1,1
3949,732,2,11357.36,5,1,2
3726,732,2,15303.24,5,2,2
11376,732,3,3856.15,5,2,1
772,732,3,5730.78,5,2,1
11925,732,3,8211.54,5,2,1
2260,732,3,11095.52,5,2,2
11020,732,3,13693.56,5,2,2
10456,732,3,14493.58,5,2,2
11294,732,3,15995.1,5,2,2
52,732,3,16401.73,5,2,3
1693,732,3,16472.82,5,2,3
11638,732,3,16940.13,5,2,3
6469,732,3,17296.22,5,2,3
1969,732,3,18029.56,5,2,3
1307,732,3,21423.18,5,3,3
4847,732,3,22714.67,5,3,3
5224,732,3,23049.48,5,3,4
1387,732,3,24647.57,5,3,4
5353,732,3,25994.18,5,3,4
7705,732,3,30311.8,5,3,4
219,732,3,36969.95,5,3,5
10019,732,4,4330.95,5,3,1
11123,732,4,11172.36,5,3,2
149,732,4,14276.19,5,3,2
968,732,4,17128.44,5,3,3
3593,732,4,18032.73,5,3,3
11201,732,4,19936.48,5,3,3
5814,732,4,20009.24,5,3,3
6368,732,4,20381.95,5,3,3
3980,732,4,20657.89,5,3,3
4840,732,4,22050.79,5,3,3
10400,732,4,24771.45,5,3,4
1148,732,4,24994.47,5,3,4
10775,732,4,25251.93,5,3,4
6974,732,4,32447.79,5,4,5
14,732,4,36892.29,5,4,5
2948,732,5,16181.5,5,4,3
8570,732,5,16647.07,5,4,3
4545,732,5,26176.73,5,4,4
8524,732,5,27683.69,5,4,4
5086,732,5,28181.94,5,4,4
4035,732,5,31446.19,5,4,4
5484,732,5,33192.35,5,4,5
6535,732,5,33587.37,5,4,5
931,732,5,37239.43,5,4,5
6378,732,6,20820.5,5,5,3
1961,732,6,26951.83,5,5,4
7197,732,6,30759.16,5,5,4
5401,732,6,31586.98,5,5,4
11227,732,6,38216.94,5,5,5
3710,732,6,40755.25,5,5,5
8211,732,6,47356.43,5,5,5
8594,732,7,18193.5,5,5,3
3182,732,7,21850.83,5,5,3
3663,732,7,28683.53,5,5,4
3636,732,7,30656.45,5,5,4
8938,732,7,46092.84,5,5,5
1462,732,7,54981.05,5,5,5
9455,732,7,60476.31,5,5,5
5288,732,8,20188.17,5,5,3
10122,732,8,39990.42,5,5,5
11835,732,8,49345.05,5,5,5
4065,732,8,61324.67,5,5,5
7636,732,9,35652.31,5,5,5
245,732,9,54675.9,5,5,5
6198,732,9,64448.11,5,5,5
1136,732,11,43691.39,5,5,5
9929,732,12,48461.59,5,5,5
9326,731,1,5519.77,5,1,1
6899,731,1,6589.75,5,1,1
2794,731,1,7528.72,5,1,1
9894,731,2,4159.8,5,1,1
3092,731,2,6110.91,5,1,1
9014,731,2,10632.62,5,1,2
4510,731,2,10643.96,5,1,2
7142,731,2,12235.44,5,1,2
3712,731,2,12896.44,5,2,2
6303,731,3,3209.22,5,2,1
1137,731,3,3285.65,5,2,1
2736,731,3,3380.1,5,2,1
789,731,3,10363.18,5,2,2
10367,731,3,10428.92,5,2,2
2570,731,3,10578.47,5,2,2
5041,731,3,11440.65,5,2,2
770,731,3,12760.16,5,2,2
1730,731,3,13733.71,5,2,2
2107,731,3,18092.6,5,2,3
2462,731,3,18622.75,5,2,3
9142,731,3,18657.14,5,2,3
3831,731,3,24182.4,5,3,4
5319,731,3,28311.31,5,3,4
7007,731,4,10639.28,5,3,2
9159,731,4,11734.12,5,3,2
1389,731,4,19969.19,5,3,3
4299,731,4,20524.65,5,3,3
7372,731,4,22602.82,5,3,3
11282,731,4,23221.63,5,3,4
7507,731,4,23471.69,5,3,4
4347,731,4,23789.39,5,3,4
4531,731,4,28410.26,5,4,4
8393,731,5,15308.58,5,4,2
9829,731,5,16058.39,5,4,2
8591,731,5,18360.51,5,4,3
4500,731,5,20790.34,5,4,3
9124,731,5,22080.13,5,4,3
5258,731,5,26705.79,5,4,4
7509,731,5,26951.16,5,4,4
8646,731,5,27791.8,5,4,4
1843,731,5,29656.01,5,4,4
6495,731,5,32863.3,5,4,5
1385,731,5,32937.83,5,4,5
5537,731,5,35381.59,5,4,5
1429,731,5,35883.26,5,4,5
7010,731,5,38735.68,5,4,5
547,731,5,40974.81,5,5,5
9987,731,5,43236.78,5,5,5
3276,731,6,14871.73,5,5,2
3622,731,6,18150.52,5,5,3
7659,731,6,21008.02,5,5,3
3964,731,6,21512.72,5,5,3
1939,731,6,22135.54,5,5,3
8144,731,6,23973.47,5,5,4
11673,731,6,24764.81,5,5,4
47,731,6,25861.86,5,5,4
4358,731,6,35104.52,5,5,5
10760,731,6,43356.12,5,5,5
10930,731,6,49783.36,5,5,5
10312,731,6,52026.53,5,5,5
1466,731,6,57049.46,5,5,5
6361,731,7,26636.88,5,5,4
6037,731,7,33545.52,5,5,5
8963,731,7,36257.95,5,5,5
11245,731,7,36331.88,5,5,5
11025,731,7,43191.97,5,5,5
7803,731,7,46485.83,5,5,5
5941,731,7,51919.06,5,5,5
9097,731,8,25339.47,5,5,4
5068,731,8,32811.33,5,5,5
5580,731,8,35500.58,5,5,5
1202,731,9,30596.83,5,5,4
7371,731,9,47310.13,5,5,5
8527,731,10,54524.99,5,5,5
4134,731,10,55730.34,5,5,5
7841,730,1,2567.26,5,1,1
4717,730,1,4164.04,5,1,1
10183,730,1,8663.47,5,1,1
3364,730,2,6029.26,5,1,1
10588,730,2,9202.06,5,1,1
803,730,2,12326.71,5,1,2
7178,730,2,13479.43,5,2,2
9448,730,2,24531.57,5,2,4
3212,730,3,5982.92,5,2,1
11385,730,3,10105.1,5,2,2
6825,730,3,11020.48,5,2,2
3119,730,3,12256.44,5,2,2
1555,730,3,13475.1,5,2,2
10912,730,3,19373.82,5,2,3
8372,730,3,26141.86,5,3,4
5198,730,4,11974.56,5,3,2
11308,730,4,12727.5,5,3,2
4011,730,4,14712.98,5,3,2
1586,730,4,16913.66,5,3,3
7682,730,4,17609.69,5,3,3
11327,730,4,17990.2,5,3,3
8485,730,4,18663.07,5,3,3
1658,730,4,19312.9,5,3,3
1376,730,4,23353.76,5,3,4
3284,730,4,23876.93,5,3,4
4387,730,4,28661.02,5,4,4
2002,730,5,6742.55,5,4,1
2429,730,5,20003.48,5,4,3
1192,730,5,21952.91,5,4,3
7032,730,5,22334.56,5,4,3
5495,730,5,26260.29,5,4,4
893,730,5,26679.83,5,4,4
6834,730,5,27595.01,5,4,4
429,730,5,31128.89,5,4,4
6258,730,5,32670.21,5,4,5
8894,730,5,33149.59,5,4,5
4023,730,5,34453.94,5,4,5
4904,730,5,39060.8,5,4,5
8742,730,6,19613.07,5,5,3
11029,730,6,30374.43,5,5,4
2,730,6,32281.57,5,5,5
8651,730,6,32728.62,5,5,5
9025,730,6,34910.04,5,5,5
11325,730,6,42448.56,5,5,5
2364,730,7,28565.05,5,5,4
1393,730,7,37765.37,5,5,5
9274,730,8,33379.64,5,5,5
4854,730,8,40224.48,5,5,5
7833,730,9,88274.55,5,5,5
4750,730,10,61020.86,5,5,5
10908,730,12,77213.76,5,5,5
4485,729,1,11496.86,5,1,2
1678,729,2,2277.11,5,1,1
2660,729,2,5973.79,5,1,1
8253,729,2,7092.61,5,1,1
4936,729,2,9595.93,5,1,1
6167,729,3,7847.97,5,2,1
11518,729,3,8191.18,5,2,1
5104,729,3,8682.95,5,2,1
2879,729,3,11361.63,5,2,2
11605,729,3,12086.92,5,2,2
2503,729,3,13634.68,5,2,2
6161,729,3,14619.3,5,2,2
41,729,3,19821.93,5,3,3
1175,729,4,10486.42,5,3,2
6955,729,4,16338.66,5,3,3
9638,729,4,18754.29,5,3,3
1269,729,4,18768.15,5,3,3
4908,729,4,21016.17,5,3,3
3210,729,4,23099.7,5,3,4
10224,729,4,23359.21,5,3,4
9802,729,4,23374.89,5,3,4
5652,729,4,25579.1,5,3,4
449,729,4,26843.88,5,4,4
8612,729,4,27395.67,5,4,4
8523,729,4,35392.74,5,4,5
5407,729,5,16302.76,5,4,3
6010,729,5,20425.72,5,4,3
3104,729,5,23895.66,5,4,4
11210,729,5,24549.18,5,4,4
3966,729,5,30663.86,5,4,4
10477,729,5,32784.63,5,4,5
7918,729,5,32957.72,5,4,5
5888,729,5,44949.27,5,5,5
10028,729,5,49679.7,5,5,5
244,729,6,21844.34,5,5,3
5441,729,6,23711.62,5,5,4
10328,729,6,25873.41,5,5,4
323,729,6,28488.33,5,5,4
9719,729,6,31140.03,5,5,4
2360,729,6,35751.75,5,5,5
3984,729,6,37006.04,5,5,5
6130,729,6,38709.3,5,5,5
677,729,6,39123.71,5,5,5
2440,729,6,43568.51,5,5,5
3059,729,7,21259.89,5,5,3
9615,729,7,38379.87,5,5,5
809,729,7,45361.98,5,5,5
3188,729,7,45388.21,5,5,5
6841,729,7,52065.74,5,5,5
515,729,7,52499.42,5,5,5
11695,729,7,56126.71,5,5,5
351,729,7,58473.03,5,5,5
5939,729,7,59128.09,5,5,5
11922,729,8,26349.28,5,5,4
5161,729,8,27165.48,5,5,4
11098,729,8,43859.33,5,5,5
8351,729,10,45457.15,5,5,5
10482,729,10,49247.42,5,5,5
9230,729,11,66802.1,5,5,5
