produto_id,loja_id,data_snapshot,quantidade_disponivel
P0001,L001,2024-01-01,30
P0002,L001,2024-01-01,43
P0003,L001,2024-01-01,181
P0004,L001,2024-01-01,143
P0005,L001,2024-01-01,49
P0006,L001,2024-01-01,148
P0007,L001,2024-01-01,41
P0008,L001,2024-01-01,95
P0009,L001,2024-01-01,75
P0010,L001,2024-01-01,39
P0011,L001,2024-01-01,77
P0012,L001,2024-01-01,175
P0013,L001,2024-01-01,159
P0014,L001,2024-01-01,65
P0015,L001,2024-01-01,64
P0016,L001,2024-01-01,9
P0017,L001,2024-01-01,61
P0018,L001,2024-01-01,38
P0019,L001,2024-01-01,143
P0020,L001,2024-01-01,168
P0021,L001,2024-01-01,58
P0022,L001,2024-01-01,114
P0023,L001,2024-01-01,177
P0024,L001,2024-01-01,49
P0025,L001,2024-01-01,122
P0026,L001,2024-01-01,107
P0027,L001,2024-01-01,132
P0028,L001,2024-01-01,82
P0029,L001,2024-01-01,91
P0030,L001,2024-01-01,65
P0031,L001,2024-01-01,104
P0032,L001,2024-01-01,21
P0033,L001,2024-01-01,28
P0034,L001,2024-01-01,39
P0035,L001,2024-01-01,167
P0036,L001,2024-01-01,15
P0037,L001,2024-01-01,40
P0038,L001,2024-01-01,-16
P0039,L001,2024-01-01,63
P0040,L001,2024-01-01,140
P0041,L001,2024-01-01,190
P0042,L001,2024-01-01,62
P0043,L001,2024-01-01,137
P0044,L001,2024-01-01,104
P0045,L001,2024-01-01,90
P0046,L001,2024-01-01,139
P0047,L001,2024-01-01,147
P0048,L001,2024-01-01,87
P0049,L001,2024-01-01,101
P0050,L001,2024-01-01,78
P0051,L001,2024-01-01,181
P0052,L001,2024-01-01,46
P0053,L001,2024-01-01,60
P0054,L001,2024-01-01,67
P0055,L001,2024-01-01,127
P9002,L001,2024-01-01,119
P0057,L001,2024-01-01,75
P0058,L001,2024-01-01,186
P0059,L001,2024-01-01,152
P0060,L001,2024-01-01,17
P0061,L001,2024-01-01,171
P0062,L001,2024-01-01,130
P0063,L001,2024-01-01,94
P0064,L001,2024-01-01,60
P0065,L001,2024-01-01,11
P0066,L001,2024-01-01,38
P0067,L001,2024-01-01,78
P0068,L001,2024-01-01,82
P0069,L001,2024-01-01,91
P0070,L001,2024-01-01,12
P0071,L001,2024-01-01,121
P0072,L001,2024-01-01,127
P0073,L001,2024-01-01,-6
P0074,L001,2024-01-01,5
P0075,L001,2024-01-01,132
P0076,L001,2024-01-01,192
P0077,L001,2024-01-01,48
P0078,L001,2024-01-01,110
P0079,L001,2024-01-01,11
P0080,L001,2024-01-01,128
P0081,L001,2024-01-01,146
P0082,L001,2024-01-01,133
P0083,L001,2024-01-01,146
P0084,L001,2024-01-01,135
P0085,L001,2024-01-01,119
P0086,L001,2024-01-01,171
P0087,L001,2024-01-01,60
P0088,L001,2024-01-01,22
P0089,L001,2024-01-01,87
P0090,L001,2024-01-01,5
P0091,L001,2024-01-01,179
P0092,L001,2024-01-01,84
P0093,L001,2024-01-01,194
P0094,L001,2024-01-01,12
P0095,L001,2024-01-01,124
P0096,L001,2024-01-01,73
P0097,L001,2024-01-01,63
P0098,L001,2024-01-01,45
P0099,L001,2024-01-01,181
P0100,L001,2024-01-01,129
P0101,L001,2024-01-01,38
P0102,L001,2024-01-01,192
P0103,L001,2024-01-01,65
P0104,L001,2024-01-01,42
P0105,L001,2024-01-01,181
P0106,L001,2024-01-01,133
P0107,L001,2024-01-01,26
P0108,L001,2024-01-01,64
P0109,L001,2024-01-01,25
P0110,L001,2024-01-01,192
P0111,L001,2024-01-01,150
P0112,L001,2024-01-01,153
P0113,L001,2024-01-01,77
P0114,L001,2024-01-01,75
P0115,L001,2024-01-01,93
P0116,L001,2024-01-01,36
P0117,L001,2024-01-01,82
P0118,L001,2024-01-01,130
P0119,L001,2024-01-01,125
P0120,L001,2024-01-01,173
P0121,L001,2024-01-01,31
P0122,L001,2024-01-01,62
P0123,L001,2024-01-01,17
P0124,L001,2024-01-01,67
P0125,L001,2024-01-01,15
P0126,L001,2024-01-01,167
P0127,L001,2024-01-01,26
P0128,L001,2024-01-01,76
P0129,L001,2024-01-01,109
P0130,L001,2024-01-01,183
P0131,L001,2024-01-01,179
P0132,L001,2024-01-01,120
P0133,L001,2024-01-01,13
P0134,L001,2024-01-01,5
P0135,L001,2024-01-01,104
P0136,L001,2024-01-01,14
P0137,L001,2024-01-01,130
P0138,L001,2024-01-01,149
P0139,L001,2024-01-01,47
P0140,L001,2024-01-01,39
P0141,L001,2024-01-01,178
P0142,L001,2024-01-01,12
P0143,L001,2024-01-01,148
P0144,L001,2024-01-01,155
P0145,L001,2024-01-01,140
P0146,L001,2024-01-01,-13
P0147,L001,2024-01-01,34
P0148,L001,2024-01-01,99
P0149,L001,2024-01-01,17
P0150,L001,2024-01-01,70
P0001,L002,2024-01-01,2
P0002,L002,2024-01-01,164
P0003,L002,2024-01-01,173
P0004,L002,2024-01-01,76
P0005,L002,2024-01-01,60
P0006,L002,2024-01-01,101
P0007,L002,2024-01-01,-2
P0008,L002,2024-01-01,51
P0009,L002,2024-01-01,45
P0010,L002,2024-01-01,89
P0011,L002,2024-01-01,186
P0012,L002,2024-01-01,2
P0013,L002,2024-01-01,120
P0014,L002,2024-01-01,18
P0015,L002,2024-01-01,108
P0016,L002,2024-01-01,48
P0017,L002,2024-01-01,141
P0018,L002,2024-01-01,48
P0019,L002,2024-01-01,59
P0020,L002,2024-01-01,81
P0021,L002,2024-01-01,27
P0022,L002,2024-01-01,114
P0023,L002,2024-01-01,181
P0024,L002,2024-01-01,79
P0025,L002,2024-01-01,12
P0026,L002,2024-01-01,184
P0027,L002,2024-01-01,181
P0028,L002,2024-01-01,86
P0029,L002,2024-01-01,34
P0030,L002,2024-01-01,79
P0031,L002,2024-01-01,98
P0032,L002,2024-01-01,66
P0033,L002,2024-01-01,167
P0034,L002,2024-01-01,144
P0035,L002,2024-01-01,-16
P0036,L002,2024-01-01,129
P0037,L002,2024-01-01,185
P0038,L002,2024-01-01,142
P0039,L002,2024-01-01,195
P0040,L002,2024-01-01,50
P0041,L002,2024-01-01,80
P0042,L002,2024-01-01,166
P0043,L002,2024-01-01,146
P0044,L002,2024-01-01,50
P0045,L002,2024-01-01,109
P0046,L002,2024-01-01,129
P0047,L002,2024-01-01,89
P0048,L002,2024-01-01,126
P0049,L002,2024-01-01,112
P0050,L002,2024-01-01,90
P0051,L002,2024-01-01,157
P0052,L002,2024-01-01,50
P0053,L002,2024-01-01,37
P0054,L002,2024-01-01,70
P0055,L002,2024-01-01,64
P0056,L002,2024-01-01,199
P0057,L002,2024-01-01,141
P0058,L002,2024-01-01,105
P0059,L002,2024-01-01,101
P0060,L002,2024-01-01,1
P0061,L002,2024-01-01,92
P0062,L002,2024-01-01,149
P0063,L002,2024-01-01,128
P0064,L002,2024-01-01,31
P0065,L002,2024-01-01,17
P0066,L002,2024-01-01,38
P0067,L002,2024-01-01,40
P0068,L002,2024-01-01,68
P0069,L002,2024-01-01,17
P0070,L002,2024-01-01,93
P0071,L002,2024-01-01,20
P0072,L002,2024-01-01,132
P0073,L002,2024-01-01,11
P0074,L002,2024-01-01,123
P0075,L002,2024-01-01,49
P0076,L002,2024-01-01,9
P0077,L002,2024-01-01,88
P0078,L002,2024-01-01,84
P0079,L002,2024-01-01,174
P0080,L002,2024-01-01,8
P0081,L002,2024-01-01,165
P0082,L002,2024-01-01,91
P0083,L002,2024-01-01,118
P0084,L002,2024-01-01,139
P0085,L002,2024-01-01,101
P0086,L002,2024-01-01,33
P0087,L002,2024-01-01,109
P0088,L002,2024-01-01,3
P0089,L002,2024-01-01,34
P0090,L002,2024-01-01,106
P0091,L002,2024-01-01,134
P0092,L002,2024-01-01,79
P0093,L002,2024-01-01,19
P0094,L002,2024-01-01,96
P0095,L002,2024-01-01,73
P0096,L002,2024-01-01,133
P0097,L002,2024-01-01,-7
P0098,L002,2024-01-01,106
P0099,L002,2024-01-01,149
P0100,L002,2024-01-01,187
P0101,L002,2024-01-01,166
P0102,L002,2024-01-01,83
P0103,L002,2024-01-01,72
P0104,L002,2024-01-01,78
P0105,L002,2024-01-01,72
P0106,L002,2024-01-01,72
P0107,L002,2024-01-01,35
P0108,L002,2024-01-01,144
P0109,L002,2024-01-01,133
P0110,L002,2024-01-01,6
P0111,L002,2024-01-01,57
P0112,L002,2024-01-01,186
P0113,L002,2024-01-01,10
P0114,L002,2024-01-01,-8
P0115,L002,2024-01-01,107
P0116,L002,2024-01-01,139
P0117,L002,2024-01-01,78
P0118,L002,2024-01-01,153
P0119,L002,2024-01-01,109
P0120,L002,2024-01-01,183
P0121,L002,2024-01-01,5
P0122,L002,2024-01-01,73
P0123,L002,2024-01-01,117
P0124,L002,2024-01-01,5
P0125,L002,2024-01-01,4
P0126,L002,2024-01-01,162
P0127,L002,2024-01-01,15
P0128,L002,2024-01-01,80
P0129,L002,2024-01-01,39
P0130,L002,2024-01-01,157
P0131,L002,2024-01-01,38
P0132,L002,2024-01-01,59
P0133,L002,2024-01-01,162
P0134,L002,2024-01-01,164
P0135,L002,2024-01-01,199
P0136,L002,2024-01-01,2
P0137,L002,2024-01-01,182
P0138,L002,2024-01-01,140
P0139,L002,2024-01-01,174
P0140,L002,2024-01-01,174
P0141,L002,2024-01-01,121
P0142,L002,2024-01-01,49
P0143,L002,2024-01-01,32
P0144,L002,2024-01-01,179
P0145,L002,2024-01-01,14
P0146,L002,2024-01-01,75
P0147,L002,2024-01-01,9
P0148,L002,2024-01-01,23
P0149,L002,2024-01-01,-17
P0150,L002,2024-01-01,117
P0001,L003,2024-01-01,189
P0002,L003,2024-01-01,184
P0003,L003,2024-01-01,193
P0004,L003,2024-01-01,60
P0005,L003,2024-01-01,27
P0006,L003,2024-01-01,32
P0007,L003,2024-01-01,39
P0008,L003,2024-01-01,172
P0009,L003,2024-01-01,192
P0010,L003,2024-01-01,70
P0011,L003,2024-01-01,79
P0012,L003,2024-01-01,127
P0013,L003,2024-01-01,21
P0014,L003,2024-01-01,55
P0015,L003,2024-01-01,48
P0016,L003,2024-01-01,131
P0017,L003,2024-01-01,135
P0018,L003,2024-01-01,119
P0019,L003,2024-01-01,154
P0020,L003,2024-01-01,125
P0021,L003,2024-01-01,15
P0022,L003,2024-01-01,26
P0023,L003,2024-01-01,162
P0024,L003,2024-01-01,46
P0025,L003,2024-01-01,163
P0026,L003,2024-01-01,146
P0027,L003,2024-01-01,85
P0028,L003,2024-01-01,164
P0029,L003,2024-01-01,102
P0030,L003,2024-01-01,72
P0031,L003,2024-01-01,112
P0032,L003,2024-01-01,173
P0033,L003,2024-01-01,56
P0034,L003,2024-01-01,28
P0035,L003,2024-01-01,18
P0036,L003,2024-01-01,125
P0037,L003,2024-01-01,43
P0038,L003,2024-01-01,136
P0039,L003,2024-01-01,189
P0040,L003,2024-01-01,161
P0041,L003,2024-01-01,116
P0042,L003,2024-01-01,108
P0043,L003,2024-01-01,148
P0044,L003,2024-01-01,34
P0045,L003,2024-01-01,177
P0046,L003,2024-01-01,140
P0047,L003,2024-01-01,74
P0048,L003,2024-01-01,161
P0049,L003,2024-01-01,73
P0050,L003,2024-01-01,139
P0051,L003,2024-01-01,157
P0052,L003,2024-01-01,74
P0053,L003,2024-01-01,157
P0054,L003,2024-01-01,9
P0055,L003,2024-01-01,47
P0056,L003,2024-01-01,176
P0057,L003,2024-01-01,7
P0058,L003,2024-01-01,158
P0059,L003,2024-01-01,14
P0060,L003,2024-01-01,124
P0061,L003,2024-01-01,64
P0062,L003,2024-01-01,196
P0063,L003,2024-01-01,119
P0064,L003,2024-01-01,3
P0065,L003,2024-01-01,186
P0066,L003,2024-01-01,173
P0067,L003,2024-01-01,182
P0068,L003,2024-01-01,26
P0069,L003,2024-01-01,64
P0070,L003,2024-01-01,183
P0071,L003,2024-01-01,120
P0072,L003,2024-01-01,161
P0073,L003,2024-01-01,136
P0074,L003,2024-01-01,198
P0075,L003,2024-01-01,37
P0076,L003,2024-01-01,34
P0077,L003,2024-01-01,63
P9064,L003,2024-01-01,199
P0079,L003,2024-01-01,146
P0080,L003,2024-01-01,112
P0081,L003,2024-01-01,-17
P0082,L003,2024-01-01,81
P0083,L003,2024-01-01,102
P0084,L003,2024-01-01,76
P0085,L003,2024-01-01,45
P0086,L003,2024-01-01,32
P0087,L003,2024-01-01,178
P0088,L003,2024-01-01,182
P0089,L003,2024-01-01,162
P0090,L003,2024-01-01,151
P0091,L003,2024-01-01,102
P0092,L003,2024-01-01,143
P0093,L003,2024-01-01,141
P0094,L003,2024-01-01,134
P0095,L003,2024-01-01,134
P0096,L003,2024-01-01,109
P0097,L003,2024-01-01,60
P0098,L003,2024-01-01,68
P0099,L003,2024-01-01,137
P0100,L003,2024-01-01,35
P0101,L003,2024-01-01,106
P0102,L003,2024-01-01,33
P0103,L003,2024-01-01,174
P0104,L003,2024-01-01,164
P0105,L003,2024-01-01,-19
P0106,L003,2024-01-01,22
P0107,L003,2024-01-01,102
P0108,L003,2024-01-01,173
P0109,L003,2024-01-01,15
P0110,L003,2024-01-01,64
P0111,L003,2024-01-01,101
P0112,L003,2024-01-01,128
P0113,L003,2024-01-01,84
P0114,L003,2024-01-01,57
P0115,L003,2024-01-01,188
P0116,L003,2024-01-01,188
P0117,L003,2024-01-01,14
P0118,L003,2024-01-01,163
P0119,L003,2024-01-01,189
P0120,L003,2024-01-01,38
P0121,L003,2024-01-01,84
P0122,L003,2024-01-01,162
P0123,L003,2024-01-01,189
P0124,L003,2024-01-01,59
P0125,L003,2024-01-01,2
P0126,L003,2024-01-01,-18
P0127,L003,2024-01-01,6
P0128,L003,2024-01-01,41
P0129,L003,2024-01-01,48
P0130,L003,2024-01-01,98
P0131,L003,2024-01-01,48
P0132,L003,2024-01-01,9
P0133,L003,2024-01-01,194
P0134,L003,2024-01-01,86
P0135,L003,2024-01-01,9
P0136,L003,2024-01-01,160
P0137,L003,2024-01-01,190
P0138,L003,2024-01-01,119
P0139,L003,2024-01-01,198
P0140,L003,2024-01-01,128
P0141,L003,2024-01-01,160
P0142,L003,2024-01-01,92
P0143,L003,2024-01-01,97
P0144,L003,2024-01-01,47
P0145,L003,2024-01-01,185
P0146,L003,2024-01-01,148
P0147,L003,2024-01-01,153
P0148,L003,2024-01-01,174
P0149,L003,2024-01-01,130
P0150,L003,2024-01-01,132
P0001,L004,2024-01-01,174
P0002,L004,2024-01-01,140
P0003,L004,2024-01-01,155
P0004,L004,2024-01-01,21
P0005,L004,2024-01-01,50
P0006,L004,2024-01-01,185
P0007,L004,2024-01-01,40
P0008,L004,2024-01-01,73
P0009,L004,2024-01-01,179
P0010,L004,2024-01-01,87
P0011,L004,2024-01-01,111
P0012,L004,2024-01-01,170
P0013,L004,2024-01-01,69
P0014,L004,2024-01-01,167
P0015,L004,2024-01-01,23
P0016,L004,2024-01-01,156
P0017,L004,2024-01-01,82
P0018,L004,2024-01-01,104
P0019,L004,2024-01-01,117
P0020,L004,2024-01-01,58
P0021,L004,2024-01-01,150
P0022,L004,2024-01-01,190
P0023,L004,2024-01-01,185
P0024,L004,2024-01-01,1
P0025,L004,2024-01-01,31
P0026,L004,2024-01-01,31
P0027,L004,2024-01-01,105
P0028,L004,2024-01-01,80
P0029,L004,2024-01-01,19
P0030,L004,2024-01-01,180
P0031,L004,2024-01-01,187
P0032,L004,2024-01-01,178
P0033,L004,2024-01-01,86
P0034,L004,2024-01-01,69
P0035,L004,2024-01-01,106
P0036,L004,2024-01-01,107
P0037,L004,2024-01-01,157
P0038,L004,2024-01-01,120
P0039,L004,2024-01-01,15
P0040,L004,2024-01-01,51
P0041,L004,2024-01-01,141
P0042,L004,2024-01-01,114
P0043,L004,2024-01-01,20
P0044,L004,2024-01-01,175
P0045,L004,2024-01-01,132
P0046,L004,2024-01-01,122
P0047,L004,2024-01-01,85
P0048,L004,2024-01-01,47
P0049,L004,2024-01-01,14
P0050,L004,2024-01-01,54
P0051,L004,2024-01-01,56
P0052,L004,2024-01-01,15
P0053,L004,2024-01-01,145
P0054,L004,2024-01-01,7
P0055,L004,2024-01-01,118
P0056,L004,2024-01-01,88
P0057,L004,2024-01-01,61
P0058,L004,2024-01-01,153
P0059,L004,2024-01-01,-1
P0060,L004,2024-01-01,18
P0061,L004,2024-01-01,106
P0062,L004,2024-01-01,108
P0063,L004,2024-01-01,24
P0064,L004,2024-01-01,2
P0065,L004,2024-01-01,55
P0066,L004,2024-01-01,44
P0067,L004,2024-01-01,93
P0068,L004,2024-01-01,75
P0069,L004,2024-01-01,79
P0070,L004,2024-01-01,150
P0071,L004,2024-01-01,92
P0072,L004,2024-01-01,183
P0073,L004,2024-01-01,188
P0074,L004,2024-01-01,62
P0075,L004,2024-01-01,32
P0076,L004,2024-01-01,120
P0077,L004,2024-01-01,132
P0078,L004,2024-01-01,122
P0079,L004,2024-01-01,90
P0080,L004,2024-01-01,53
P0081,L004,2024-01-01,109
P0082,L004,2024-01-01,116
P0083,L004,2024-01-01,146
P0084,L004,2024-01-01,74
P0085,L004,2024-01-01,134
P0086,L004,2024-01-01,181
P0087,L004,2024-01-01,197
P0088,L004,2024-01-01,156
P0089,L004,2024-01-01,167
P0090,L004,2024-01-01,34
P0091,L004,2024-01-01,138
P0092,L004,2024-01-01,148
P0093,L004,2024-01-01,40
P0094,L004,2024-01-01,199
P0095,L004,2024-01-01,192
P0096,L004,2024-01-01,168
P0097,L004,2024-01-01,59
P0098,L004,2024-01-01,57
P0099,L004,2024-01-01,185
P0100,L004,2024-01-01,80
P0101,L004,2024-01-01,138
P0102,L004,2024-01-01,43
P0103,L004,2024-01-01,159
P0104,L004,2024-01-01,177
P0105,L004,2024-01-01,198
P0106,L004,2024-01-01,175
P0107,L004,2024-01-01,57
P0108,L004,2024-01-01,163
P0109,L004,2024-01-01,33
P0110,L004,2024-01-01,-8
P0111,L004,2024-01-01,91
P0112,L004,2024-01-01,53
P0113,L004,2024-01-01,30
P0114,L004,2024-01-01,126
P0115,L004,2024-01-01,112
P0116,L004,2024-01-01,66
P0117,L004,2024-01-01,196
P0118,L004,2024-01-01,90
P0119,L004,2024-01-01,131
P0120,L004,2024-01-01,150
P0121,L004,2024-01-01,161
P0122,L004,2024-01-01,170
P0123,L004,2024-01-01,132
P0124,L004,2024-01-01,174
P0125,L004,2024-01-01,65
P0126,L004,2024-01-01,147
P0127,L004,2024-01-01,39
P0128,L004,2024-01-01,18
P0129,L004,2024-01-01,79
P0130,L004,2024-01-01,56
P0131,L004,2024-01-01,76
P0132,L004,2024-01-01,151
P0133,L004,2024-01-01,110
P0134,L004,2024-01-01,30
P0135,L004,2024-01-01,148
P0136,L004,2024-01-01,134
P0137,L004,2024-01-01,147
P0138,L004,2024-01-01,191
P0139,L004,2024-01-01,182
P0140,L004,2024-01-01,195
P0141,L004,2024-01-01,198
P0142,L004,2024-01-01,32
P0143,L004,2024-01-01,92
P0144,L004,2024-01-01,8
P0145,L004,2024-01-01,43
P0146,L004,2024-01-01,9
P0147,L004,2024-01-01,49
P0148,L004,2024-01-01,91
P0149,L004,2024-01-01,151
P0150,L004,2024-01-01,193
P0001,L005,2024-01-01,87
P0002,L005,2024-01-01,71
P0003,L005,2024-01-01,138
P0004,L005,2024-01-01,182
P0005,L005,2024-01-01,194
P0006,L005,2024-01-01,32
P0007,L005,2024-01-01,60
P0008,L005,2024-01-01,28
P0009,L005,2024-01-01,116
P0010,L005,2024-01-01,87
P0011,L005,2024-01-01,185
P0012,L005,2024-01-01,141
P0013,L005,2024-01-01,41
P0014,L005,2024-01-01,161
P0015,L005,2024-01-01,16
P0016,L005,2024-01-01,121
P0017,L005,2024-01-01,22
P0018,L005,2024-01-01,152
P0019,L005,2024-01-01,41
P0020,L005,2024-01-01,71
P0021,L005,2024-01-01,141
P0022,L005,2024-01-01,170
P0023,L005,2024-01-01,165
P0024,L005,2024-01-01,13
P0025,L005,2024-01-01,120
P0026,L005,2024-01-01,95
P0027,L005,2024-01-01,107
P0028,L005,2024-01-01,157
P0029,L005,2024-01-01,92
P0030,L005,2024-01-01,13
P0031,L005,2024-01-01,85
P0032,L005,2024-01-01,170
P0033,L005,2024-01-01,144
P0034,L005,2024-01-01,15
P0035,L005,2024-01-01,118
P0036,L005,2024-01-01,117
P0037,L005,2024-01-01,184
P0038,L005,2024-01-01,179
P0039,L005,2024-01-01,149
P0040,L005,2024-01-01,174
P0041,L005,2024-01-01,62
P0042,L005,2024-01-01,103
P0043,L005,2024-01-01,138
P0044,L005,2024-01-01,75
P0045,L005,2024-01-01,2
P0046,L005,2024-01-01,38
P0047,L005,2024-01-01,110
P0048,L005,2024-01-01,172
P0049,L005,2024-01-01,130
P0050,L005,2024-01-01,93
P0051,L005,2024-01-01,40
P0052,L005,2024-01-01,192
P0053,L005,2024-01-01,71
P0054,L005,2024-01-01,176
P0055,L005,2024-01-01,145
P0056,L005,2024-01-01,41
P0057,L005,2024-01-01,48
P0058,L005,2024-01-01,135
P0059,L005,2024-01-01,18
P0060,L005,2024-01-01,7
P0061,L005,2024-01-01,4
P0062,L005,2024-01-01,174
P0063,L005,2024-01-01,46
P0064,L005,2024-01-01,70
P0065,L005,2024-01-01,22
P0066,L005,2024-01-01,-3
P0067,L005,2024-01-01,116
P0068,L005,2024-01-01,147
P0069,L005,2024-01-01,61
P0070,L005,2024-01-01,170
P0071,L005,2024-01-01,171
P0072,L005,2024-01-01,176
P0073,L005,2024-01-01,188
P0074,L005,2024-01-01,82
P0075,L005,2024-01-01,96
P0076,L005,2024-01-01,14
P0077,L005,2024-01-01,116
P0078,L005,2024-01-01,96
P0079,L005,2024-01-01,28
P0080,L005,2024-01-01,79
P0081,L005,2024-01-01,76
P0082,L005,2024-01-01,173
P0083,L005,2024-01-01,43
P0084,L005,2024-01-01,198
P0085,L005,2024-01-01,85
P0086,L005,2024-01-01,123
P0087,L005,2024-01-01,74
P0088,L005,2024-01-01,44
P0089,L005,2024-01-01,75
P0090,L005,2024-01-01,69
P0091,L005,2024-01-01,171
P0092,L005,2024-01-01,168
P0093,L005,2024-01-01,67
P0094,L005,2024-01-01,77
P0095,L005,2024-01-01,59
P0096,L005,2024-01-01,12
P0097,L005,2024-01-01,74
P0098,L005,2024-01-01,122
P0099,L005,2024-01-01,164
P0100,L005,2024-01-01,176
P0101,L005,2024-01-01,33
P0102,L005,2024-01-01,1
P0103,L005,2024-01-01,170
P0104,L005,2024-01-01,22
P0105,L005,2024-01-01,139
P0106,L005,2024-01-01,11
P0107,L005,2024-01-01,107
P0108,L005,2024-01-01,85
P0109,L005,2024-01-01,61
P0110,L005,2024-01-01,38
P0111,L005,2024-01-01,60
P0112,L005,2024-01-01,136
P0113,L005,2024-01-01,25
P0114,L005,2024-01-01,158
P0115,L005,2024-01-01,72
P0116,L005,2024-01-01,96
P0117,L005,2024-01-01,175
P0118,L005,2024-01-01,137
P0119,L005,2024-01-01,125
P0120,L005,2024-01-01,30
P0121,L005,2024-01-01,54
P0122,L005,2024-01-01,-5
P0123,L005,2024-01-01,166
P0124,L005,2024-01-01,130
P0125,L005,2024-01-01,101
P0126,L005,2024-01-01,37
P0127,L005,2024-01-01,47
P0128,L005,2024-01-01,162
P0129,L005,2024-01-01,174
P0130,L005,2024-01-01,92
P0131,L005,2024-01-01,83
P0132,L005,2024-01-01,74
P0133,L005,2024-01-01,93
P0134,L005,2024-01-01,2
P0135,L005,2024-01-01,134
P0136,L005,2024-01-01,102
P0137,L005,2024-01-01,147
P0138,L005,2024-01-01,144
P0139,L005,2024-01-01,29
P0140,L005,2024-01-01,163
P0141,L005,2024-01-01,44
P0142,L005,2024-01-01,195
P0143,L005,2024-01-01,97
P0144,L005,2024-01-01,72
P0145,L005,2024-01-01,144
P0146,L005,2024-01-01,28
P0147,L005,2024-01-01,68
P0148,L005,2024-01-01,18
P0149,L005,2024-01-01,165
P0150,L005,2024-01-01,101
P0001,L006,2024-01-01,70
P0002,L006,2024-01-01,85
P0003,L006,2024-01-01,35
P0004,L006,2024-01-01,182
P0005,L006,2024-01-01,178
P0006,L006,2024-01-01,84
P0007,L006,2024-01-01,101
P0008,L006,2024-01-01,-2
P0009,L006,2024-01-01,187
P0010,L006,2024-01-01,11
P0011,L006,2024-01-01,35
P0012,L006,2024-01-01,176
P0013,L006,2024-01-01,155
P0014,L006,2024-01-01,95
P0015,L006,2024-01-01,99
P0016,L006,2024-01-01,137
P0017,L006,2024-01-01,19
P0018,L006,2024-01-01,188
P0019,L006,2024-01-01,109
P0020,L006,2024-01-01,86
P0021,L006,2024-01-01,3
P0022,L006,2024-01-01,195
P0023,L006,2024-01-01,173
P0024,L006,2024-01-01,18
P0025,L006,2024-01-01,106
P0026,L006,2024-01-01,93
P0027,L006,2024-01-01,176
P0028,L006,2024-01-01,119
P0029,L006,2024-01-01,143
P0030,L006,2024-01-01,68
P0031,L006,2024-01-01,18
P0032,L006,2024-01-01,50
P0033,L006,2024-01-01,186
P0034,L006,2024-01-01,129
P0035,L006,2024-01-01,161
P0036,L006,2024-01-01,39
P0037,L006,2024-01-01,12
P0038,L006,2024-01-01,120
P0039,L006,2024-01-01,181
P0040,L006,2024-01-01,8
P0041,L006,2024-01-01,17
P0042,L006,2024-01-01,114
P0043,L006,2024-01-01,57
P0044,L006,2024-01-01,130
P0045,L006,2024-01-01,32
P0046,L006,2024-01-01,179
P0047,L006,2024-01-01,92
P0048,L006,2024-01-01,139
P0049,L006,2024-01-01,135
P0050,L006,2024-01-01,70
P0051,L006,2024-01-01,5
P0052,L006,2024-01-01,68
P0053,L006,2024-01-01,138
P0054,L006,2024-01-01,198
P0055,L006,2024-01-01,53
P0056,L006,2024-01-01,133
P0057,L006,2024-01-01,79
P0058,L006,2024-01-01,63
P0059,L006,2024-01-01,27
P0060,L006,2024-01-01,81
P0061,L006,2024-01-01,18
P0062,L006,2024-01-01,97
P0063,L006,2024-01-01,155
P0064,L006,2024-01-01,123
P0065,L006,2024-01-01,173
P0066,L006,2024-01-01,53
P0067,L006,2024-01-01,67
P0068,L006,2024-01-01,44
P0069,L006,2024-01-01,170
P0070,L006,2024-01-01,97
P0071,L006,2024-01-01,190
P0072,L006,2024-01-01,159
P0073,L006,2024-01-01,69
P0074,L006,2024-01-01,80
P0075,L006,2024-01-01,31
P0076,L006,2024-01-01,30
P0077,L006,2024-01-01,166
P0078,L006,2024-01-01,22
P0079,L006,2024-01-01,159
P0080,L006,2024-01-01,83
P0081,L006,2024-01-01,170
P0082,L006,2024-01-01,96
P0083,L006,2024-01-01,95
P0084,L006,2024-01-01,41
P0085,L006,2024-01-01,192
P0086,L006,2024-01-01,73
P0087,L006,2024-01-01,132
P0088,L006,2024-01-01,93
P0089,L006,2024-01-01,87
P0090,L006,2024-01-01,105
P0091,L006,2024-01-01,144
P0092,L006,2024-01-01,28
P0093,L006,2024-01-01,92
P0094,L006,2024-01-01,94
P0095,L006,2024-01-01,114
P0096,L006,2024-01-01,147
P0097,L006,2024-01-01,116
P0098,L006,2024-01-01,167
P0099,L006,2024-01-01,164
P0100,L006,2024-01-01,183
P0101,L006,2024-01-01,142
P0102,L006,2024-01-01,21
P0103,L006,2024-01-01,82
P0104,L006,2024-01-01,17
P0105,L006,2024-01-01,80
P0106,L006,2024-01-01,98
P0107,L006,2024-01-01,5
P0108,L006,2024-01-01,154
P0109,L006,2024-01-01,165
P0110,L006,2024-01-01,28
P0111,L006,2024-01-01,71
P0112,L006,2024-01-01,56
P0113,L006,2024-01-01,39
P0114,L006,2024-01-01,111
P0115,L006,2024-01-01,25
P0116,L006,2024-01-01,108
P0117,L006,2024-01-01,48
P0118,L006,2024-01-01,170
P0119,L006,2024-01-01,171
P0120,L006,2024-01-01,140
P0121,L006,2024-01-01,61
P0122,L006,2024-01-01,108
P0123,L006,2024-01-01,29
P0124,L006,2024-01-01,9
P0125,L006,2024-01-01,192
P0126,L006,2024-01-01,58
P0127,L006,2024-01-01,173
P0128,L006,2024-01-01,124
P0129,L006,2024-01-01,89
P0130,L006,2024-01-01,55
P0131,L006,2024-01-01,92
P0132,L006,2024-01-01,165
P0133,L006,2024-01-01,67
P0134,L006,2024-01-01,106
P0135,L006,2024-01-01,122
P0136,L006,2024-01-01,167
P0137,L006,2024-01-01,75
P0138,L006,2024-01-01,146
P0139,L006,2024-01-01,157
P0140,L006,2024-01-01,19
P0141,L006,2024-01-01,18
P0142,L006,2024-01-01,55
P0143,L006,2024-01-01,4
P0144,L006,2024-01-01,89
P0145,L006,2024-01-01,49
P0146,L006,2024-01-01,88
P0147,L006,2024-01-01,116
P0148,L006,2024-01-01,76
P0149,L006,2024-01-01,133
P0150,L006,2024-01-01,100
P0001,L100,2024-01-01,199
P0002,L100,2024-01-01,67
P0003,L100,2024-01-01,72
P0004,L100,2024-01-01,93
P0005,L100,2024-01-01,4
P0006,L100,2024-01-01,148
P9047,L100,2024-01-01,163
P0008,L100,2024-01-01,35
P0009,L100,2024-01-01,134
P0010,L100,2024-01-01,48
P0011,L100,2024-01-01,196
P0012,L100,2024-01-01,15
P0013,L100,2024-01-01,103
P0014,L100,2024-01-01,43
P0015,L100,2024-01-01,85
P0016,L100,2024-01-01,116
P0017,L100,2024-01-01,58
P0018,L100,2024-01-01,48
P0019,L100,2024-01-01,153
P0020,L100,2024-01-01,32
P0021,L100,2024-01-01,15
P0022,L100,2024-01-01,64
P0023,L100,2024-01-01,94
P0024,L100,2024-01-01,3
P0025,L100,2024-01-01,58
P0026,L100,2024-01-01,118
P0027,L100,2024-01-01,183
P0028,L100,2024-01-01,77
P0029,L100,2024-01-01,35
P0030,L100,2024-01-01,4
P0031,L100,2024-01-01,46
P0032,L100,2024-01-01,39
P0033,L100,2024-01-01,3
P0034,L100,2024-01-01,16
P0035,L100,2024-01-01,148
P0036,L100,2024-01-01,16
P0037,L100,2024-01-01,56
P0038,L100,2024-01-01,154
P0039,L100,2024-01-01,25
P0040,L100,2024-01-01,162
P0041,L100,2024-01-01,25
P0042,L100,2024-01-01,0
P0043,L100,2024-01-01,159
P0044,L100,2024-01-01,111
P0045,L100,2024-01-01,140
P0046,L100,2024-01-01,71
P0047,L100,2024-01-01,189
P0048,L100,2024-01-01,118
P0049,L100,2024-01-01,146
P0050,L100,2024-01-01,38
P0051,L100,2024-01-01,81
P0052,L100,2024-01-01,140
P0053,L100,2024-01-01,165
P0054,L100,2024-01-01,29
P0055,L100,2024-01-01,50
P0056,L100,2024-01-01,33
P0057,L100,2024-01-01,110
P0058,L100,2024-01-01,180
P0059,L100,2024-01-01,185
P0060,L100,2024-01-01,53
P0061,L100,2024-01-01,29
P0062,L100,2024-01-01,71
P0063,L100,2024-01-01,47
P0064,L100,2024-01-01,54
P0065,L100,2024-01-01,33
P0066,L100,2024-01-01,122
P0067,L100,2024-01-01,197
P0068,L100,2024-01-01,99
P0069,L100,2024-01-01,155
P0070,L100,2024-01-01,195
P0071,L100,2024-01-01,179
P0072,L100,2024-01-01,47
P0073,L100,2024-01-01,-18
P0074,L100,2024-01-01,169
P0075,L100,2024-01-01,114
P0076,L100,2024-01-01,67
P0077,L100,2024-01-01,20
P0078,L100,2024-01-01,26
P0079,L100,2024-01-01,162
P0080,L100,2024-01-01,168
P0081,L100,2024-01-01,180
P0082,L100,2024-01-01,75
P0083,L100,2024-01-01,145
P0084,L100,2024-01-01,166
P0085,L100,2024-01-01,151
P0086,L100,2024-01-01,60
P0087,L100,2024-01-01,15
P0088,L100,2024-01-01,37
P0089,L100,2024-01-01,148
P0090,L100,2024-01-01,173
P0091,L100,2024-01-01,186
P0092,L100,2024-01-01,179
P0093,L100,2024-01-01,127
P0094,L100,2024-01-01,87
P0095,L100,2024-01-01,170
P0096,L100,2024-01-01,82
P0097,L100,2024-01-01,10
P0098,L100,2024-01-01,24
P0099,L100,2024-01-01,167
P0100,L100,2024-01-01,17
P0101,L100,2024-01-01,104
P0102,L100,2024-01-01,36
P0103,L100,2024-01-01,46
P0104,L100,2024-01-01,130
P0105,L100,2024-01-01,52
P0106,L100,2024-01-01,8
P0107,L100,2024-01-01,133
P0108,L100,2024-01-01,109
P0109,L100,2024-01-01,42
P0110,L100,2024-01-01,181
P0111,L100,2024-01-01,87
P0112,L100,2024-01-01,195
P0113,L100,2024-01-01,134
P0114,L100,2024-01-01,20
P0115,L100,2024-01-01,69
P0116,L100,2024-01-01,87
P0117,L100,2024-01-01,62
P0118,L100,2024-01-01,172
P0119,L100,2024-01-01,191
P0120,L100,2024-01-01,98
P0121,L100,2024-01-01,143
P0122,L100,2024-01-01,84
P0123,L100,2024-01-01,132
P0124,L100,2024-01-01,113
P0125,L100,2024-01-01,165
P0126,L100,2024-01-01,80
P0127,L100,2024-01-01,153
P0128,L100,2024-01-01,47
P0129,L100,2024-01-01,101
P0130,L100,2024-01-01,145
P0131,L100,2024-01-01,128
P0132,L100,2024-01-01,-10
P0133,L100,2024-01-01,135
P0134,L100,2024-01-01,58
P0135,L100,2024-01-01,27
P0136,L100,2024-01-01,46
P0137,L100,2024-01-01,50
P0138,L100,2024-01-01,30
P0139,L100,2024-01-01,131
P0140,L100,2024-01-01,141
P0141,L100,2024-01-01,13
P0142,L100,2024-01-01,113
P0143,L100,2024-01-01,123
P0144,L100,2024-01-01,-13
P0145,L100,2024-01-01,80
P0146,L100,2024-01-01,64
P0147,L100,2024-01-01,24
P0148,L100,2024-01-01,128
P0149,L100,2024-01-01,149
P0150,L100,2024-01-01,159
P0001,L001,2024-02-01,173
P0002,L001,2024-02-01,126
P0003,L001,2024-02-01,89
P0004,L001,2024-02-01,148
P0005,L001,2024-02-01,41
P0006,L001,2024-02-01,171
P0007,L001,2024-02-01,135
P0008,L001,2024-02-01,102
P0009,L001,2024-02-01,26
P0010,L001,2024-02-01,190
P0011,L001,2024-02-01,190
P0012,L001,2024-02-01,64
P0013,L001,2024-02-01,72
P0014,L001,2024-02-01,193
P0015,L001,2024-02-01,8
P0016,L001,2024-02-01,53
P9073,L001,2024-02-01,92
P0018,L001,2024-02-01,153
P0019,L001,2024-02-01,199
P0020,L001,2024-02-01,57
P0021,L001,2024-02-01,198
P0022,L001,2024-02-01,24
P0023,L001,2024-02-01,66
P0024,L001,2024-02-01,21
P0025,L001,2024-02-01,75
P0026,L001,2024-02-01,191
P0027,L001,2024-02-01,125
P0028,L001,2024-02-01,5
P0029,L001,2024-02-01,23
P0030,L001,2024-02-01,22
P0031,L001,2024-02-01,28
P0032,L001,2024-02-01,6
P0033,L001,2024-02-01,92
P0034,L001,2024-02-01,155
P0035,L001,2024-02-01,53
P0036,L001,2024-02-01,78
P0037,L001,2024-02-01,46
P0038,L001,2024-02-01,44
P0039,L001,2024-02-01,180
P0040,L001,2024-02-01,23
P0041,L001,2024-02-01,12
P0042,L001,2024-02-01,157
P0043,L001,2024-02-01,77
P0044,L001,2024-02-01,5
P0045,L001,2024-02-01,131
P0046,L001,2024-02-01,124
P0047,L001,2024-02-01,148
P0048,L001,2024-02-01,99
P0049,L001,2024-02-01,157
P0050,L001,2024-02-01,41
P0051,L001,2024-02-01,10
P0052,L001,2024-02-01,18
P0053,L001,2024-02-01,163
P0054,L001,2024-02-01,131
P0055,L001,2024-02-01,117
P0056,L001,2024-02-01,39
P0057,L001,2024-02-01,162
P0058,L001,2024-02-01,191
P0059,L001,2024-02-01,146
P0060,L001,2024-02-01,55
P0061,L001,2024-02-01,60
P0062,L001,2024-02-01,142
P0063,L001,2024-02-01,104
P0064,L001,2024-02-01,115
P0065,L001,2024-02-01,99
P0066,L001,2024-02-01,2
P0067,L001,2024-02-01,186
P0068,L001,2024-02-01,161
P0069,L001,2024-02-01,142
P0070,L001,2024-02-01,15
P0071,L001,2024-02-01,2
P0072,L001,2024-02-01,197
P0073,L001,2024-02-01,99
P0074,L001,2024-02-01,138
P0075,L001,2024-02-01,55
P0076,L001,2024-02-01,151
P0077,L001,2024-02-01,78
P0078,L001,2024-02-01,158
P0079,L001,2024-02-01,106
P0080,L001,2024-02-01,94
P0081,L001,2024-02-01,157
P0082,L001,2024-02-01,48
P0083,L001,2024-02-01,155
P0084,L001,2024-02-01,57
P0085,L001,2024-02-01,34
P0086,L001,2024-02-01,141
P0087,L001,2024-02-01,19
P0088,L001,2024-02-01,58
P0089,L001,2024-02-01,67
P9029,L001,2024-02-01,143
P0091,L001,2024-02-01,156
P0092,L001,2024-02-01,181
P0093,L001,2024-02-01,125
P0094,L001,2024-02-01,191
P0095,L001,2024-02-01,166
P0096,L001,2024-02-01,161
P0097,L001,2024-02-01,78
P0098,L001,2024-02-01,39
P0099,L001,2024-02-01,150
P0100,L001,2024-02-01,187
P0101,L001,2024-02-01,78
P0102,L001,2024-02-01,42
P0103,L001,2024-02-01,87
P0104,L001,2024-02-01,0
P0105,L001,2024-02-01,148
P0106,L001,2024-02-01,132
P0107,L001,2024-02-01,50
P0108,L001,2024-02-01,157
P0109,L001,2024-02-01,19
P0110,L001,2024-02-01,71
P0111,L001,2024-02-01,62
P0112,L001,2024-02-01,27
P0113,L001,2024-02-01,183
P0114,L001,2024-02-01,1
P0115,L001,2024-02-01,173
P0116,L001,2024-02-01,197
P0117,L001,2024-02-01,198
P0118,L001,2024-02-01,103
P0119,L001,2024-02-01,16
P0120,L001,2024-02-01,136
P0121,L001,2024-02-01,11
P0122,L001,2024-02-01,69
P0123,L001,2024-02-01,88
P0124,L001,2024-02-01,199
P0125,L001,2024-02-01,98
P0126,L001,2024-02-01,24
P0127,L001,2024-02-01,137
P0128,L001,2024-02-01,110
P0129,L001,2024-02-01,120
P0130,L001,2024-02-01,136
P0131,L001,2024-02-01,57
P0132,L001,2024-02-01,66
P0133,L001,2024-02-01,90
P0134,L001,2024-02-01,96
P0135,L001,2024-02-01,182
P0136,L001,2024-02-01,88
P0137,L001,2024-02-01,10
P0138,L001,2024-02-01,88
P0139,L001,2024-02-01,164
P0140,L001,2024-02-01,33
P0141,L001,2024-02-01,111
P0142,L001,2024-02-01,162
P0143,L001,2024-02-01,67
P0144,L001,2024-02-01,91
P0145,L001,2024-02-01,180
P0146,L001,2024-02-01,89
P0147,L001,2024-02-01,39
P0148,L001,2024-02-01,139
P0149,L001,2024-02-01,103
P0150,L001,2024-02-01,55
P0001,L002,2024-02-01,143
P0002,L002,2024-02-01,50
P0003,L002,2024-02-01,31
P0004,L002,2024-02-01,145
P0005,L002,2024-02-01,154
P0006,L002,2024-02-01,186
P0007,L002,2024-02-01,8
P0008,L002,2024-02-01,55
P0009,L002,2024-02-01,162
P0010,L002,2024-02-01,197
P0011,L002,2024-02-01,4
P0012,L002,2024-02-01,157
P0013,L002,2024-02-01,132
P0014,L002,2024-02-01,52
P0015,L002,2024-02-01,41
P0016,L002,2024-02-01,190
P0017,L002,2024-02-01,155
P0018,L002,2024-02-01,141
P0019,L002,2024-02-01,19
P0020,L002,2024-02-01,20
P0021,L002,2024-02-01,125
P0022,L002,2024-02-01,82
P0023,L002,2024-02-01,119
P0024,L002,2024-02-01,85
P0025,L002,2024-02-01,47
P0026,L002,2024-02-01,23
P0027,L002,2024-02-01,15
P0028,L002,2024-02-01,132
P0029,L002,2024-02-01,114
P0030,L002,2024-02-01,64
P0031,L002,2024-02-01,50
P0032,L002,2024-02-01,169
P0033,L002,2024-02-01,1
P0034,L002,2024-02-01,163
P0035,L002,2024-02-01,1
P0036,L002,2024-02-01,69
P0037,L002,2024-02-01,-2
P0038,L002,2024-02-01,30
P0039,L002,2024-02-01,146
P0040,L002,2024-02-01,101
P0041,L002,2024-02-01,93
P0042,L002,2024-02-01,80
P0043,L002,2024-02-01,149
P0044,L002,2024-02-01,166
P0045,L002,2024-02-01,160
P0046,L002,2024-02-01,107
P0047,L002,2024-02-01,9
P0048,L002,2024-02-01,40
P0049,L002,2024-02-01,126
P0050,L002,2024-02-01,24
P0051,L002,2024-02-01,160
P0052,L002,2024-02-01,14
P0053,L002,2024-02-01,77
P0054,L002,2024-02-01,144
P0055,L002,2024-02-01,169
P0056,L002,2024-02-01,180
P0057,L002,2024-02-01,173
P0058,L002,2024-02-01,196
P0059,L002,2024-02-01,115
P0060,L002,2024-02-01,177
P0061,L002,2024-02-01,44
P0062,L002,2024-02-01,157
P0063,L002,2024-02-01,88
P0064,L002,2024-02-01,189
P0065,L002,2024-02-01,36
P0066,L002,2024-02-01,34
P0067,L002,2024-02-01,135
P0068,L002,2024-02-01,37
P0069,L002,2024-02-01,-8
P0070,L002,2024-02-01,144
P0071,L002,2024-02-01,5
P0072,L002,2024-02-01,118
P0073,L002,2024-02-01,19
P0074,L002,2024-02-01,110
P0075,L002,2024-02-01,27
P0076,L002,2024-02-01,113
P0077,L002,2024-02-01,168
P0078,L002,2024-02-01,178
P0079,L002,2024-02-01,96
P0080,L002,2024-02-01,4
P0081,L002,2024-02-01,122
P0082,L002,2024-02-01,120
P0083,L002,2024-02-01,144
P0084,L002,2024-02-01,143
P0085,L002,2024-02-01,142
P0086,L002,2024-02-01,118
P0087,L002,2024-02-01,-6
P0088,L002,2024-02-01,73
P0089,L002,2024-02-01,23
P0090,L002,2024-02-01,152
P0091,L002,2024-02-01,193
P0092,L002,2024-02-01,102
P0093,L002,2024-02-01,70
P0094,L002,2024-02-01,125
P0095,L002,2024-02-01,171
P0096,L002,2024-02-01,46
P0097,L002,2024-02-01,38
P0098,L002,2024-02-01,40
P0099,L002,2024-02-01,194
P0100,L002,2024-02-01,48
P0101,L002,2024-02-01,147
P0102,L002,2024-02-01,172
P0103,L002,2024-02-01,161
P0104,L002,2024-02-01,105
P0105,L002,2024-02-01,167
P0106,L002,2024-02-01,-19
P0107,L002,2024-02-01,91
P0108,L002,2024-02-01,29
P0109,L002,2024-02-01,138
P0110,L002,2024-02-01,124
P0111,L002,2024-02-01,66
P0112,L002,2024-02-01,193
P0113,L002,2024-02-01,145
P0114,L002,2024-02-01,157
P0115,L002,2024-02-01,123
P0116,L002,2024-02-01,115
P0117,L002,2024-02-01,46
P0118,L002,2024-02-01,196
P0119,L002,2024-02-01,9
P0120,L002,2024-02-01,54
P0121,L002,2024-02-01,84
P0122,L002,2024-02-01,166
P0123,L002,2024-02-01,45
P0124,L002,2024-02-01,77
P0125,L002,2024-02-01,48
P0126,L002,2024-02-01,5
P0127,L002,2024-02-01,78
P0128,L002,2024-02-01,56
P0129,L002,2024-02-01,38
P0130,L002,2024-02-01,145
P0131,L002,2024-02-01,10
P0132,L002,2024-02-01,114
P0133,L002,2024-02-01,45
P0134,L002,2024-02-01,92
P0135,L002,2024-02-01,158
P0136,L002,2024-02-01,72
P0137,L002,2024-02-01,97
P0138,L002,2024-02-01,59
P0139,L002,2024-02-01,119
P0140,L002,2024-02-01,167
P0141,L002,2024-02-01,154
P0142,L002,2024-02-01,179
P0143,L002,2024-02-01,142
P0144,L002,2024-02-01,13
P0145,L002,2024-02-01,8
P0146,L002,2024-02-01,5
P0147,L002,2024-02-01,174
P0148,L002,2024-02-01,194
P0149,L002,2024-02-01,45
P0150,L002,2024-02-01,12
P0001,L003,2024-02-01,28
P0002,L003,2024-02-01,101
P0003,L003,2024-02-01,52
P0004,L003,2024-02-01,70
P0005,L003,2024-02-01,79
P0006,L003,2024-02-01,55
P0007,L003,2024-02-01,29
P0008,L003,2024-02-01,163
P0009,L003,2024-02-01,23
P0010,L003,2024-02-01,44
P0011,L003,2024-02-01,37
P0012,L003,2024-02-01,198
P0013,L003,2024-02-01,82
P0014,L003,2024-02-01,9
P0015,L003,2024-02-01,191
P0016,L003,2024-02-01,153
P0017,L003,2024-02-01,-11
P0018,L003,2024-02-01,158
P0019,L003,2024-02-01,29
P0020,L003,2024-02-01,32
P0021,L003,2024-02-01,88
P0022,L003,2024-02-01,106
P0023,L003,2024-02-01,68
P0024,L003,2024-02-01,186
P0025,L003,2024-02-01,13
P0026,L003,2024-02-01,18
P0027,L003,2024-02-01,90
P0028,L003,2024-02-01,150
P0029,L003,2024-02-01,110
P0030,L003,2024-02-01,144
P0031,L003,2024-02-01,23
P0032,L003,2024-02-01,-8
P0033,L003,2024-02-01,-12
P0034,L003,2024-02-01,131
P0035,L003,2024-02-01,100
P0036,L003,2024-02-01,36
P0037,L003,2024-02-01,136
P0038,L003,2024-02-01,14
P0039,L003,2024-02-01,161
P0040,L003,2024-02-01,121
P0041,L003,2024-02-01,51
P0042,L003,2024-02-01,119
P0043,L003,2024-02-01,8
P0044,L003,2024-02-01,151
P0045,L003,2024-02-01,128
P0046,L003,2024-02-01,29
P0047,L003,2024-02-01,161
P0048,L003,2024-02-01,82
P0049,L003,2024-02-01,44
P0050,L003,2024-02-01,68
P0051,L003,2024-02-01,152
P0052,L003,2024-02-01,63
P0053,L003,2024-02-01,113
P0054,L003,2024-02-01,15
P0055,L003,2024-02-01,86
P0056,L003,2024-02-01,40
P0057,L003,2024-02-01,67
P0058,L003,2024-02-01,128
P0059,L003,2024-02-01,144
P0060,L003,2024-02-01,9
P0061,L003,2024-02-01,136
P0062,L003,2024-02-01,143
P0063,L003,2024-02-01,47
P0064,L003,2024-02-01,125
P0065,L003,2024-02-01,0
P0066,L003,2024-02-01,102
P0067,L003,2024-02-01,25
P0068,L003,2024-02-01,135
P0069,L003,2024-02-01,58
P0070,L003,2024-02-01,132
P0071,L003,2024-02-01,69
P0072,L003,2024-02-01,40
P0073,L003,2024-02-01,161
P0074,L003,2024-02-01,107
P0075,L003,2024-02-01,94
P0076,L003,2024-02-01,161
P0077,L003,2024-02-01,110
P0078,L003,2024-02-01,91
P0079,L003,2024-02-01,33
P0080,L003,2024-02-01,75
P0081,L003,2024-02-01,154
P0082,L003,2024-02-01,89
P0083,L003,2024-02-01,82
P0084,L003,2024-02-01,166
P0085,L003,2024-02-01,185
P0086,L003,2024-02-01,113
P0087,L003,2024-02-01,54
P0088,L003,2024-02-01,116
P0089,L003,2024-02-01,21
P0090,L003,2024-02-01,84
P0091,L003,2024-02-01,114
P0092,L003,2024-02-01,172
P0093,L003,2024-02-01,138
P0094,L003,2024-02-01,154
P0095,L003,2024-02-01,5
P0096,L003,2024-02-01,198
P0097,L003,2024-02-01,60
P0098,L003,2024-02-01,96
P0099,L003,2024-02-01,199
P0100,L003,2024-02-01,115
P0101,L003,2024-02-01,80
P0102,L003,2024-02-01,92
P0103,L003,2024-02-01,136
P0104,L003,2024-02-01,148
P0105,L003,2024-02-01,59
P0106,L003,2024-02-01,95
P0107,L003,2024-02-01,36
P0108,L003,2024-02-01,108
P0109,L003,2024-02-01,1
P0110,L003,2024-02-01,152
P0111,L003,2024-02-01,35
P0112,L003,2024-02-01,40
P0113,L003,2024-02-01,158
P0114,L003,2024-02-01,3
P0115,L003,2024-02-01,128
P0116,L003,2024-02-01,197
P0117,L003,2024-02-01,161
P0118,L003,2024-02-01,172
P0119,L003,2024-02-01,5
P0120,L003,2024-02-01,103
P0121,L003,2024-02-01,18
P0122,L003,2024-02-01,22
P0123,L003,2024-02-01,4
P0124,L003,2024-02-01,99
P0125,L003,2024-02-01,71
P0126,L003,2024-02-01,175
P0127,L003,2024-02-01,2
P0128,L003,2024-02-01,65
P0129,L003,2024-02-01,36
P0130,L003,2024-02-01,16
P0131,L003,2024-02-01,121
P0132,L003,2024-02-01,121
P0133,L003,2024-02-01,38
P0134,L003,2024-02-01,33
P0135,L003,2024-02-01,85
P0136,L003,2024-02-01,48
P0137,L003,2024-02-01,63
P0138,L003,2024-02-01,88
P0139,L003,2024-02-01,121
P0140,L003,2024-02-01,22
P0141,L003,2024-02-01,175
P0142,L003,2024-02-01,174
P0143,L003,2024-02-01,111
P0144,L003,2024-02-01,161
P0145,L003,2024-02-01,80
P0146,L003,2024-02-01,138
P0147,L003,2024-02-01,194
P0148,L003,2024-02-01,19
P0149,L003,2024-02-01,5
P0150,L003,2024-02-01,131
P0001,L004,2024-02-01,154
P0002,L004,2024-02-01,122
P0003,L004,2024-02-01,109
P0004,L004,2024-02-01,13
P0005,L004,2024-02-01,44
P0006,L004,2024-02-01,115
P0007,L004,2024-02-01,190
P0008,L004,2024-02-01,35
P0009,L004,2024-02-01,177
P0010,L004,2024-02-01,102
P0011,L004,2024-02-01,99
P0012,L004,2024-02-01,23
P0013,L004,2024-02-01,15
P0014,L004,2024-02-01,93
P0015,L004,2024-02-01,32
P0016,L004,2024-02-01,12
P0017,L004,2024-02-01,131
P0018,L004,2024-02-01,178
P0019,L004,2024-02-01,138
P0020,L004,2024-02-01,152
P0021,L004,2024-02-01,167
P0022,L004,2024-02-01,64
P0023,L004,2024-02-01,165
P0024,L004,2024-02-01,131
P0025,L004,2024-02-01,72
P0026,L004,2024-02-01,123
P0027,L004,2024-02-01,194
P0028,L004,2024-02-01,75
P0029,L004,2024-02-01,105
P0030,L004,2024-02-01,42
P0031,L004,2024-02-01,182
P0032,L004,2024-02-01,27
P0033,L004,2024-02-01,153
P0034,L004,2024-02-01,48
P0035,L004,2024-02-01,178
P0036,L004,2024-02-01,168
P0037,L004,2024-02-01,9
P0038,L004,2024-02-01,195
P0039,L004,2024-02-01,142
P0040,L004,2024-02-01,58
P0041,L004,2024-02-01,102
P0042,L004,2024-02-01,14
P0043,L004,2024-02-01,128
P0044,L004,2024-02-01,108
P0045,L004,2024-02-01,162
P0046,L004,2024-02-01,7
P0047,L004,2024-02-01,167
P0048,L004,2024-02-01,57
P0049,L004,2024-02-01,100
P0050,L004,2024-02-01,127
P0051,L004,2024-02-01,156
P0052,L004,2024-02-01,124
P0053,L004,2024-02-01,163
P0054,L004,2024-02-01,62
P0055,L004,2024-02-01,50
P0056,L004,2024-02-01,181
P0057,L004,2024-02-01,40
P0058,L004,2024-02-01,82
P0059,L004,2024-02-01,91
P0060,L004,2024-02-01,7
P0061,L004,2024-02-01,25
P0062,L004,2024-02-01,162
P0063,L004,2024-02-01,185
P0064,L004,2024-02-01,159
P0065,L004,2024-02-01,89
P0066,L004,2024-02-01,180
P0067,L004,2024-02-01,10
P0068,L004,2024-02-01,184
P0069,L004,2024-02-01,170
P0070,L004,2024-02-01,66
P0071,L004,2024-02-01,136
P0072,L004,2024-02-01,94
P0073,L004,2024-02-01,97
P0074,L004,2024-02-01,73
P0075,L004,2024-02-01,156
P0076,L004,2024-02-01,23
P0077,L004,2024-02-01,7
P0078,L004,2024-02-01,-7
P0079,L004,2024-02-01,82
P0080,L004,2024-02-01,33
P0081,L004,2024-02-01,173
P0082,L004,2024-02-01,62
P0083,L004,2024-02-01,38
P9065,L004,2024-02-01,19
P0085,L004,2024-02-01,166
P0086,L004,2024-02-01,68
P0087,L004,2024-02-01,103
P0088,L004,2024-02-01,97
P0089,L004,2024-02-01,22
P0090,L004,2024-02-01,157
P0091,L004,2024-02-01,28
P0092,L004,2024-02-01,12
P0093,L004,2024-02-01,23
P0094,L004,2024-02-01,115
P0095,L004,2024-02-01,94
P0096,L004,2024-02-01,71
P0097,L004,2024-02-01,26
P0098,L004,2024-02-01,145
P0099,L004,2024-02-01,30
P0100,L004,2024-02-01,77
P0101,L004,2024-02-01,195
P0102,L004,2024-02-01,-10
P0103,L004,2024-02-01,74
P0104,L004,2024-02-01,119
P0105,L004,2024-02-01,107
P0106,L004,2024-02-01,190
P0107,L004,2024-02-01,62
P0108,L004,2024-02-01,79
P0109,L004,2024-02-01,146
P0110,L004,2024-02-01,51
P0111,L004,2024-02-01,137
P0112,L004,2024-02-01,52
P0113,L004,2024-02-01,182
P0114,L004,2024-02-01,93
P0115,L004,2024-02-01,72
P0116,L004,2024-02-01,174
P0117,L004,2024-02-01,125
P0118,L004,2024-02-01,5
P0119,L004,2024-02-01,79
P0120,L004,2024-02-01,194
P0121,L004,2024-02-01,78
P0122,L004,2024-02-01,133
P0123,L004,2024-02-01,178
P0124,L004,2024-02-01,136
P0125,L004,2024-02-01,154
P0126,L004,2024-02-01,181
P0127,L004,2024-02-01,0
P0128,L004,2024-02-01,123
P0129,L004,2024-02-01,68
P0130,L004,2024-02-01,140
P0131,L004,2024-02-01,166
P0132,L004,2024-02-01,13
P0133,L004,2024-02-01,63
P0134,L004,2024-02-01,6
P0135,L004,2024-02-01,84
P0136,L004,2024-02-01,105
P0137,L004,2024-02-01,199
P0138,L004,2024-02-01,89
P0139,L004,2024-02-01,65
P0140,L004,2024-02-01,86
P0141,L004,2024-02-01,54
P0142,L004,2024-02-01,54
P0143,L004,2024-02-01,17
P0144,L004,2024-02-01,179
P0145,L004,2024-02-01,42
P0146,L004,2024-02-01,73
P0147,L004,2024-02-01,190
P0148,L004,2024-02-01,133
P0149,L004,2024-02-01,135
P0150,L004,2024-02-01,189
P0001,L005,2024-02-01,126
P0002,L005,2024-02-01,70
P0003,L005,2024-02-01,155
P0004,L005,2024-02-01,3
P0005,L005,2024-02-01,176
P0006,L005,2024-02-01,116
P0007,L005,2024-02-01,74
P0008,L005,2024-02-01,78
P0009,L005,2024-02-01,65
P0010,L005,2024-02-01,134
P0011,L005,2024-02-01,161
P0012,L005,2024-02-01,-2
P0013,L005,2024-02-01,126
P0014,L005,2024-02-01,46
P0015,L005,2024-02-01,35
P0016,L005,2024-02-01,9
P0017,L005,2024-02-01,30
P0018,L005,2024-02-01,90
P0019,L005,2024-02-01,82
P0020,L005,2024-02-01,11
P0021,L005,2024-02-01,110
P0022,L005,2024-02-01,13
P0023,L005,2024-02-01,42
P0024,L005,2024-02-01,90
P0025,L005,2024-02-01,178
P0026,L005,2024-02-01,22
P0027,L005,2024-02-01,44
P0028,L005,2024-02-01,154
P0029,L005,2024-02-01,193
P0030,L005,2024-02-01,190
P0031,L005,2024-02-01,107
P0032,L005,2024-02-01,192
P0033,L005,2024-02-01,86
P0034,L005,2024-02-01,140
P0035,L005,2024-02-01,13
P0036,L005,2024-02-01,160
P0037,L005,2024-02-01,119
P0038,L005,2024-02-01,142
P0039,L005,2024-02-01,28
P0040,L005,2024-02-01,13
P0041,L005,2024-02-01,83
P0042,L005,2024-02-01,102
P0043,L005,2024-02-01,46
P0044,L005,2024-02-01,175
P0045,L005,2024-02-01,43
P0046,L005,2024-02-01,144
P0047,L005,2024-02-01,77
P0048,L005,2024-02-01,81
P0049,L005,2024-02-01,138
P0050,L005,2024-02-01,148
P0051,L005,2024-02-01,196
P0052,L005,2024-02-01,30
P0053,L005,2024-02-01,41
P0054,L005,2024-02-01,139
P0055,L005,2024-02-01,10
P0056,L005,2024-02-01,26
P0057,L005,2024-02-01,186
P0058,L005,2024-02-01,100
P0059,L005,2024-02-01,185
P0060,L005,2024-02-01,99
P0061,L005,2024-02-01,133
P0062,L005,2024-02-01,127
P0063,L005,2024-02-01,192
P0064,L005,2024-02-01,138
P0065,L005,2024-02-01,87
P0066,L005,2024-02-01,163
P0067,L005,2024-02-01,76
P0068,L005,2024-02-01,188
P0069,L005,2024-02-01,155
P0070,L005,2024-02-01,177
P0071,L005,2024-02-01,27
P0072,L005,2024-02-01,69
P0073,L005,2024-02-01,141
P0074,L005,2024-02-01,79
P0075,L005,2024-02-01,19
P0076,L005,2024-02-01,192
P0077,L005,2024-02-01,33
P0078,L005,2024-02-01,147
P0079,L005,2024-02-01,87
P0080,L005,2024-02-01,104
P0081,L005,2024-02-01,173
P0082,L005,2024-02-01,116
P0083,L005,2024-02-01,81
P0084,L005,2024-02-01,0
P0085,L005,2024-02-01,105
P0086,L005,2024-02-01,106
P0087,L005,2024-02-01,198
P0088,L005,2024-02-01,129
P0089,L005,2024-02-01,136
P0090,L005,2024-02-01,73
P0091,L005,2024-02-01,19
P0092,L005,2024-02-01,85
P0093,L005,2024-02-01,23
P0094,L005,2024-02-01,153
P0095,L005,2024-02-01,148
P0096,L005,2024-02-01,0
P0097,L005,2024-02-01,196
P0098,L005,2024-02-01,80
P0099,L005,2024-02-01,30
P0100,L005,2024-02-01,137
P0101,L005,2024-02-01,164
P0102,L005,2024-02-01,113
P0103,L005,2024-02-01,163
P0104,L005,2024-02-01,166
P0105,L005,2024-02-01,128
P0106,L005,2024-02-01,154
P0107,L005,2024-02-01,100
P0108,L005,2024-02-01,107
P0109,L005,2024-02-01,113
P0110,L005,2024-02-01,68
P0111,L005,2024-02-01,29
P0112,L005,2024-02-01,-10
P0113,L005,2024-02-01,199
P0114,L005,2024-02-01,155
P0115,L005,2024-02-01,17
P0116,L005,2024-02-01,64
P0117,L005,2024-02-01,20
P0118,L005,2024-02-01,18
P0119,L005,2024-02-01,88
P0120,L005,2024-02-01,32
P0121,L005,2024-02-01,107
P0122,L005,2024-02-01,99
P0123,L005,2024-02-01,87
P0124,L005,2024-02-01,42
P0125,L005,2024-02-01,151
P0126,L005,2024-02-01,46
P0127,L005,2024-02-01,27
P0128,L005,2024-02-01,115
P0129,L005,2024-02-01,144
P0130,L005,2024-02-01,141
P0131,L005,2024-02-01,82
P0132,L005,2024-02-01,153
P0133,L005,2024-02-01,187
P0134,L005,2024-02-01,138
P0135,L005,2024-02-01,58
P0136,L005,2024-02-01,105
P0137,L005,2024-02-01,9
P0138,L005,2024-02-01,142
P0139,L005,2024-02-01,55
P0140,L005,2024-02-01,69
P0141,L005,2024-02-01,5
P0142,L005,2024-02-01,65
P0143,L005,2024-02-01,143
P0144,L005,2024-02-01,51
P0145,L005,2024-02-01,162
P0146,L005,2024-02-01,135
P0147,L005,2024-02-01,115
P0148,L005,2024-02-01,57
P0149,L005,2024-02-01,163
P0150,L005,2024-02-01,167
P0001,L006,2024-02-01,121
P0002,L006,2024-02-01,52
P0003,L006,2024-02-01,185
P0004,L006,2024-02-01,55
P0005,L006,2024-02-01,149
P0006,L006,2024-02-01,105
P0007,L006,2024-02-01,199
P0008,L006,2024-02-01,13
P0009,L006,2024-02-01,195
P0010,L006,2024-02-01,171
P0011,L006,2024-02-01,40
P0012,L006,2024-02-01,191
P0013,L006,2024-02-01,135
P0014,L006,2024-02-01,177
P0015,L006,2024-02-01,36
P0016,L006,2024-02-01,35
P0017,L006,2024-02-01,142
P0018,L006,2024-02-01,146
P0019,L006,2024-02-01,44
P0020,L006,2024-02-01,14
P0021,L006,2024-02-01,107
P0022,L006,2024-02-01,42
P0023,L006,2024-02-01,180
P0024,L006,2024-02-01,103
P0025,L006,2024-02-01,87
P0026,L006,2024-02-01,20
P0027,L006,2024-02-01,70
P0028,L006,2024-02-01,13
P0029,L006,2024-02-01,72
P0030,L006,2024-02-01,140
P0031,L006,2024-02-01,22
P0032,L006,2024-02-01,196
P0033,L006,2024-02-01,129
P0034,L006,2024-02-01,102
P0035,L006,2024-02-01,30
P0036,L006,2024-02-01,45
P0037,L006,2024-02-01,111
P0038,L006,2024-02-01,47
P0039,L006,2024-02-01,115
P0040,L006,2024-02-01,112
P0041,L006,2024-02-01,20
P0042,L006,2024-02-01,0
P0043,L006,2024-02-01,123
P0044,L006,2024-02-01,15
P0045,L006,2024-02-01,165
P0046,L006,2024-02-01,111
P0047,L006,2024-02-01,196
P0048,L006,2024-02-01,114
P0049,L006,2024-02-01,85
P0050,L006,2024-02-01,112
P0051,L006,2024-02-01,42
P0052,L006,2024-02-01,48
P0053,L006,2024-02-01,191
P0054,L006,2024-02-01,5
P0055,L006,2024-02-01,102
P0056,L006,2024-02-01,66
P0057,L006,2024-02-01,77
P0058,L006,2024-02-01,153
P0059,L006,2024-02-01,182
P0060,L006,2024-02-01,13
P0061,L006,2024-02-01,56
P0062,L006,2024-02-01,81
P0063,L006,2024-02-01,39
P0064,L006,2024-02-01,94
P0065,L006,2024-02-01,153
P0066,L006,2024-02-01,196
P0067,L006,2024-02-01,80
P0068,L006,2024-02-01,36
P0069,L006,2024-02-01,36
P0070,L006,2024-02-01,82
P0071,L006,2024-02-01,30
P0072,L006,2024-02-01,176
P0073,L006,2024-02-01,23
P0074,L006,2024-02-01,24
P0075,L006,2024-02-01,182
P0076,L006,2024-02-01,94
P0077,L006,2024-02-01,187
P0078,L006,2024-02-01,15
P0079,L006,2024-02-01,99
P0080,L006,2024-02-01,30
P0081,L006,2024-02-01,113
P0082,L006,2024-02-01,178
P0083,L006,2024-02-01,195
P0084,L006,2024-02-01,53
P0085,L006,2024-02-01,20
P0086,L006,2024-02-01,66
P0087,L006,2024-02-01,87
P0088,L006,2024-02-01,199
P0089,L006,2024-02-01,66
P0090,L006,2024-02-01,87
P0091,L006,2024-02-01,187
P0092,L006,2024-02-01,111
P0093,L006,2024-02-01,42
P0094,L006,2024-02-01,51
P0095,L006,2024-02-01,171
P0096,L006,2024-02-01,43
P0097,L006,2024-02-01,35
P0098,L006,2024-02-01,144
P0099,L006,2024-02-01,199
P0100,L006,2024-02-01,5
P0101,L006,2024-02-01,180
P0102,L006,2024-02-01,-4
P0103,L006,2024-02-01,-4
P0104,L006,2024-02-01,62
P0105,L006,2024-02-01,83
P0106,L006,2024-02-01,32
P0107,L006,2024-02-01,16
P0108,L006,2024-02-01,188
P0109,L006,2024-02-01,151
P0110,L006,2024-02-01,52
P0111,L006,2024-02-01,6
P0112,L006,2024-02-01,178
P0113,L006,2024-02-01,159
P0114,L006,2024-02-01,85
P0115,L006,2024-02-01,165
P0116,L006,2024-02-01,158
P0117,L006,2024-02-01,199
P0118,L006,2024-02-01,94
P0119,L006,2024-02-01,96
P0120,L006,2024-02-01,80
P0121,L006,2024-02-01,44
P0122,L006,2024-02-01,115
P0123,L006,2024-02-01,78
P0124,L006,2024-02-01,70
P0125,L006,2024-02-01,117
P0126,L006,2024-02-01,126
P0127,L006,2024-02-01,-8
P0128,L006,2024-02-01,109
P0129,L006,2024-02-01,139
P0130,L006,2024-02-01,149
P0131,L006,2024-02-01,57
P0132,L006,2024-02-01,21
P0133,L006,2024-02-01,108
P0134,L006,2024-02-01,141
P0135,L006,2024-02-01,6
P0136,L006,2024-02-01,164
P0137,L006,2024-02-01,87
P0138,L006,2024-02-01,163
P0139,L006,2024-02-01,174
P0140,L006,2024-02-01,161
P0141,L006,2024-02-01,4
P0142,L006,2024-02-01,71
P0143,L006,2024-02-01,119
P0144,L006,2024-02-01,181
P0145,L006,2024-02-01,192
P0146,L006,2024-02-01,-2
P0147,L006,2024-02-01,-19
P0148,L006,2024-02-01,65
P0149,L006,2024-02-01,106
P0150,L006,2024-02-01,24
P0001,L100,2024-02-01,173
P0002,L100,2024-02-01,135
P0003,L100,2024-02-01,185
P0004,L100,2024-02-01,175
P0005,L100,2024-02-01,96
P0006,L100,2024-02-01,125
P0007,L100,2024-02-01,82
P0008,L100,2024-02-01,120
P0009,L100,2024-02-01,66
P0010,L100,2024-02-01,98
P0011,L100,2024-02-01,155
P0012,L100,2024-02-01,40
P0013,L100,2024-02-01,107
P0014,L100,2024-02-01,155
P0015,L100,2024-02-01,15
P0016,L100,2024-02-01,58
P0017,L100,2024-02-01,77
P0018,L100,2024-02-01,192
P9067,L100,2024-02-01,138
P0020,L100,2024-02-01,27
P0021,L100,2024-02-01,105
P0022,L100,2024-02-01,134
P0023,L100,2024-02-01,28
P0024,L100,2024-02-01,57
P0025,L100,2024-02-01,195
P0026,L100,2024-02-01,13
P0027,L100,2024-02-01,37
P0028,L100,2024-02-01,107
P0029,L100,2024-02-01,46
P0030,L100,2024-02-01,139
P0031,L100,2024-02-01,126
P0032,L100,2024-02-01,196
P0033,L100,2024-02-01,65
P0034,L100,2024-02-01,145
P0035,L100,2024-02-01,52
P0036,L100,2024-02-01,107
P0037,L100,2024-02-01,141
P0038,L100,2024-02-01,157
P9068,L100,2024-02-01,69
P0040,L100,2024-02-01,158
P0041,L100,2024-02-01,43
P0042,L100,2024-02-01,9
P0043,L100,2024-02-01,0
P0044,L100,2024-02-01,78
P0045,L100,2024-02-01,75
P0046,L100,2024-02-01,32
P0047,L100,2024-02-01,115
P0048,L100,2024-02-01,192
P0049,L100,2024-02-01,181
P0050,L100,2024-02-01,24
P0051,L100,2024-02-01,95
P0052,L100,2024-02-01,50
P0053,L100,2024-02-01,79
P0054,L100,2024-02-01,120
P0055,L100,2024-02-01,52
P0056,L100,2024-02-01,193
P0057,L100,2024-02-01,137
P0058,L100,2024-02-01,169
P0059,L100,2024-02-01,-1
P0060,L100,2024-02-01,45
P0061,L100,2024-02-01,56
P0062,L100,2024-02-01,108
P0063,L100,2024-02-01,168
P0064,L100,2024-02-01,166
P0065,L100,2024-02-01,50
P0066,L100,2024-02-01,12
P0067,L100,2024-02-01,3
P0068,L100,2024-02-01,155
P0069,L100,2024-02-01,109
P0070,L100,2024-02-01,43
P0071,L100,2024-02-01,53
P0072,L100,2024-02-01,172
P0073,L100,2024-02-01,30
P0074,L100,2024-02-01,139
P0075,L100,2024-02-01,10
P0076,L100,2024-02-01,181
P0077,L100,2024-02-01,4
P0078,L100,2024-02-01,104
P0079,L100,2024-02-01,57
P0080,L100,2024-02-01,127
P0081,L100,2024-02-01,163
P0082,L100,2024-02-01,26
P0083,L100,2024-02-01,107
P0084,L100,2024-02-01,17
P0085,L100,2024-02-01,188
P0086,L100,2024-02-01,48
P0087,L100,2024-02-01,158
P0088,L100,2024-02-01,115
P0089,L100,2024-02-01,30
P0090,L100,2024-02-01,137
P0091,L100,2024-02-01,12
P0092,L100,2024-02-01,146
P0093,L100,2024-02-01,42
P0094,L100,2024-02-01,27
P0095,L100,2024-02-01,136
P0096,L100,2024-02-01,161
P0097,L100,2024-02-01,178
P0098,L100,2024-02-01,144
P0099,L100,2024-02-01,14
P0100,L100,2024-02-01,176
P0101,L100,2024-02-01,189
P0102,L100,2024-02-01,119
P0103,L100,2024-02-01,70
P0104,L100,2024-02-01,82
P0105,L100,2024-02-01,191
P0106,L100,2024-02-01,103
P0107,L100,2024-02-01,-9
P0108,L100,2024-02-01,47
P0109,L100,2024-02-01,18
P0110,L100,2024-02-01,51
P0111,L100,2024-02-01,99
P0112,L100,2024-02-01,118
P0113,L100,2024-02-01,98
P0114,L100,2024-02-01,177
P0115,L100,2024-02-01,176
P0116,L100,2024-02-01,7
P0117,L100,2024-02-01,170
P0118,L100,2024-02-01,101
P0119,L100,2024-02-01,102
P0120,L100,2024-02-01,51
P0121,L100,2024-02-01,146
P0122,L100,2024-02-01,99
P0123,L100,2024-02-01,82
P0124,L100,2024-02-01,42
P0125,L100,2024-02-01,72
P0126,L100,2024-02-01,190
P0127,L100,2024-02-01,172
P0128,L100,2024-02-01,170
P0129,L100,2024-02-01,117
P0130,L100,2024-02-01,62
P0131,L100,2024-02-01,133
P0132,L100,2024-02-01,179
P0133,L100,2024-02-01,174
P0134,L100,2024-02-01,19
P0135,L100,2024-02-01,15
P0136,L100,2024-02-01,16
P0137,L100,2024-02-01,58
P0138,L100,2024-02-01,57
P0139,L100,2024-02-01,183
P0140,L100,2024-02-01,13
P0141,L100,2024-02-01,38
P0142,L100,2024-02-01,128
P0143,L100,2024-02-01,112
P0144,L100,2024-02-01,65
P0145,L100,2024-02-01,14
P0146,L100,2024-02-01,75
P0147,L100,2024-02-01,21
P0148,L100,2024-02-01,114
P0149,L100,2024-02-01,150
P0150,L100,2024-02-01,52
P0001,L001,2024-03-01,96
P0002,L001,2024-03-01,16
P0003,L001,2024-03-01,75
P0004,L001,2024-03-01,23
P0005,L001,2024-03-01,193
P0006,L001,2024-03-01,189
P0007,L001,2024-03-01,45
P0008,L001,2024-03-01,190
P0009,L001,2024-03-01,86
P0010,L001,2024-03-01,136
P0011,L001,2024-03-01,30
P0012,L001,2024-03-01,199
P0013,L001,2024-03-01,141
P0014,L001,2024-03-01,195
P0015,L001,2024-03-01,177
P0016,L001,2024-03-01,100
P0017,L001,2024-03-01,191
P0018,L001,2024-03-01,12
P0019,L001,2024-03-01,1
P0020,L001,2024-03-01,172
P0021,L001,2024-03-01,47
P0022,L001,2024-03-01,56
P0023,L001,2024-03-01,127
P0024,L001,2024-03-01,12
P0025,L001,2024-03-01,138
P0026,L001,2024-03-01,158
P0027,L001,2024-03-01,161
P0028,L001,2024-03-01,134
P0029,L001,2024-03-01,151
P0030,L001,2024-03-01,23
P0031,L001,2024-03-01,65
P0032,L001,2024-03-01,25
P0033,L001,2024-03-01,188
P0034,L001,2024-03-01,121
P0035,L001,2024-03-01,117
P0036,L001,2024-03-01,136
P0037,L001,2024-03-01,142
P0038,L001,2024-03-01,135
P0039,L001,2024-03-01,155
P0040,L001,2024-03-01,85
P0041,L001,2024-03-01,75
P0042,L001,2024-03-01,164
P0043,L001,2024-03-01,3
P0044,L001,2024-03-01,162
P0045,L001,2024-03-01,199
P0046,L001,2024-03-01,102
P0047,L001,2024-03-01,92
P0048,L001,2024-03-01,107
P0049,L001,2024-03-01,185
P0050,L001,2024-03-01,79
P0051,L001,2024-03-01,94
P0052,L001,2024-03-01,76
P0053,L001,2024-03-01,6
P0054,L001,2024-03-01,35
P0055,L001,2024-03-01,182
P0056,L001,2024-03-01,155
P0057,L001,2024-03-01,164
P0058,L001,2024-03-01,1
P0059,L001,2024-03-01,112
P0060,L001,2024-03-01,189
P0061,L001,2024-03-01,170
P0062,L001,2024-03-01,8
P0063,L001,2024-03-01,124
P0064,L001,2024-03-01,45
P0065,L001,2024-03-01,13
P0066,L001,2024-03-01,156
P0067,L001,2024-03-01,190
P0068,L001,2024-03-01,15
P0069,L001,2024-03-01,141
P0070,L001,2024-03-01,167
P0071,L001,2024-03-01,104
P0072,L001,2024-03-01,79
P0073,L001,2024-03-01,85
P0074,L001,2024-03-01,159
P0075,L001,2024-03-01,0
P0076,L001,2024-03-01,44
P0077,L001,2024-03-01,175
P0078,L001,2024-03-01,170
P0079,L001,2024-03-01,171
P0080,L001,2024-03-01,174
P0081,L001,2024-03-01,93
P0082,L001,2024-03-01,13
P0083,L001,2024-03-01,133
P0084,L001,2024-03-01,62
P0085,L001,2024-03-01,102
P0086,L001,2024-03-01,77
P0087,L001,2024-03-01,79
P0088,L001,2024-03-01,76
P0089,L001,2024-03-01,167
P0090,L001,2024-03-01,18
P0091,L001,2024-03-01,66
P0092,L001,2024-03-01,12
P0093,L001,2024-03-01,141
P0094,L001,2024-03-01,152
P0095,L001,2024-03-01,75
P0096,L001,2024-03-01,75
P0097,L001,2024-03-01,61
P0098,L001,2024-03-01,24
P0099,L001,2024-03-01,54
P0100,L001,2024-03-01,150
P0101,L001,2024-03-01,-7
P0102,L001,2024-03-01,188
P0103,L001,2024-03-01,126
P0104,L001,2024-03-01,31
P0105,L001,2024-03-01,166
P0106,L001,2024-03-01,188
P0107,L001,2024-03-01,3
P0108,L001,2024-03-01,46
P0109,L001,2024-03-01,196
P0110,L001,2024-03-01,19
P0111,L001,2024-03-01,45
P0112,L001,2024-03-01,99
P0113,L001,2024-03-01,143
P0114,L001,2024-03-01,143
P0115,L001,2024-03-01,137
P0116,L001,2024-03-01,157
P0117,L001,2024-03-01,147
P0118,L001,2024-03-01,24
P0119,L001,2024-03-01,116
P0120,L001,2024-03-01,68
P0121,L001,2024-03-01,73
P0122,L001,2024-03-01,142
P0123,L001,2024-03-01,114
P0124,L001,2024-03-01,90
P0125,L001,2024-03-01,96
P0126,L001,2024-03-01,119
P0127,L001,2024-03-01,129
P0128,L001,2024-03-01,132
P0129,L001,2024-03-01,12
P0130,L001,2024-03-01,36
P0131,L001,2024-03-01,91
P0132,L001,2024-03-01,117
P0133,L001,2024-03-01,7
P0134,L001,2024-03-01,98
P0135,L001,2024-03-01,141
P0136,L001,2024-03-01,45
P0137,L001,2024-03-01,146
P0138,L001,2024-03-01,18
P0139,L001,2024-03-01,66
P0140,L001,2024-03-01,25
P0141,L001,2024-03-01,33
P0142,L001,2024-03-01,161
P0143,L001,2024-03-01,128
P0144,L001,2024-03-01,178
P0145,L001,2024-03-01,161
P0146,L001,2024-03-01,182
P0147,L001,2024-03-01,104
P0148,L001,2024-03-01,5
P0149,L001,2024-03-01,151
P0150,L001,2024-03-01,172
P0001,L002,2024-03-01,6
P0002,L002,2024-03-01,93
P0003,L002,2024-03-01,148
P0004,L002,2024-03-01,87
P0005,L002,2024-03-01,115
P0006,L002,2024-03-01,141
P0007,L002,2024-03-01,35
P0008,L002,2024-03-01,58
P0009,L002,2024-03-01,137
P0010,L002,2024-03-01,25
P0011,L002,2024-03-01,5
P0012,L002,2024-03-01,32
P0013,L002,2024-03-01,145
P0014,L002,2024-03-01,167
P0015,L002,2024-03-01,136
P0016,L002,2024-03-01,140
P0017,L002,2024-03-01,52
P0018,L002,2024-03-01,169
P0019,L002,2024-03-01,23
P0020,L002,2024-03-01,108
P0021,L002,2024-03-01,116
P0022,L002,2024-03-01,45
P0023,L002,2024-03-01,167
P0024,L002,2024-03-01,58
P0025,L002,2024-03-01,18
P0026,L002,2024-03-01,133
P0027,L002,2024-03-01,67
P0028,L002,2024-03-01,4
P0029,L002,2024-03-01,182
P0030,L002,2024-03-01,159
P0031,L002,2024-03-01,23
P0032,L002,2024-03-01,108
P0033,L002,2024-03-01,135
P0034,L002,2024-03-01,0
P0035,L002,2024-03-01,108
P0036,L002,2024-03-01,57
P0037,L002,2024-03-01,19
P0038,L002,2024-03-01,22
P0039,L002,2024-03-01,120
P0040,L002,2024-03-01,160
P0041,L002,2024-03-01,4
P0042,L002,2024-03-01,75
P0043,L002,2024-03-01,12
P0044,L002,2024-03-01,51
P0045,L002,2024-03-01,86
P0046,L002,2024-03-01,133
P0047,L002,2024-03-01,34
P0048,L002,2024-03-01,155
P0049,L002,2024-03-01,129
P0050,L002,2024-03-01,128
P0051,L002,2024-03-01,169
P0052,L002,2024-03-01,81
P0053,L002,2024-03-01,22
P0054,L002,2024-03-01,85
P0055,L002,2024-03-01,99
P0056,L002,2024-03-01,147
P0057,L002,2024-03-01,166
P0058,L002,2024-03-01,132
P0059,L002,2024-03-01,50
P0060,L002,2024-03-01,177
P0061,L002,2024-03-01,-16
P0062,L002,2024-03-01,177
P0063,L002,2024-03-01,108
P0064,L002,2024-03-01,39
P0065,L002,2024-03-01,86
P0066,L002,2024-03-01,113
P0067,L002,2024-03-01,166
P0068,L002,2024-03-01,8
P0069,L002,2024-03-01,81
P0070,L002,2024-03-01,198
P0071,L002,2024-03-01,14
P0072,L002,2024-03-01,80
P0073,L002,2024-03-01,102
P0074,L002,2024-03-01,135
P0075,L002,2024-03-01,117
P0076,L002,2024-03-01,35
P0077,L002,2024-03-01,143
P9026,L002,2024-03-01,39
P0079,L002,2024-03-01,116
P0080,L002,2024-03-01,135
P0081,L002,2024-03-01,137
P0082,L002,2024-03-01,73
P0083,L002,2024-03-01,95
P0084,L002,2024-03-01,4
P0085,L002,2024-03-01,35
P0086,L002,2024-03-01,88
P0087,L002,2024-03-01,44
P0088,L002,2024-03-01,14
P0089,L002,2024-03-01,97
P0090,L002,2024-03-01,151
P0091,L002,2024-03-01,144
P0092,L002,2024-03-01,157
P0093,L002,2024-03-01,112
P0094,L002,2024-03-01,39
P0095,L002,2024-03-01,26
P0096,L002,2024-03-01,72
P0097,L002,2024-03-01,158
P0098,L002,2024-03-01,70
P0099,L002,2024-03-01,55
P0100,L002,2024-03-01,112
P0101,L002,2024-03-01,29
P0102,L002,2024-03-01,122
P0103,L002,2024-03-01,83
P0104,L002,2024-03-01,145
P0105,L002,2024-03-01,156
P0106,L002,2024-03-01,21
P0107,L002,2024-03-01,159
P0108,L002,2024-03-01,40
P0109,L002,2024-03-01,149
P0110,L002,2024-03-01,99
P0111,L002,2024-03-01,181
P0112,L002,2024-03-01,92
P0113,L002,2024-03-01,77
P0114,L002,2024-03-01,86
P0115,L002,2024-03-01,186
P0116,L002,2024-03-01,172
P0117,L002,2024-03-01,79
P0118,L002,2024-03-01,109
P0119,L002,2024-03-01,120
P0120,L002,2024-03-01,52
P0121,L002,2024-03-01,173
P0122,L002,2024-03-01,152
P0123,L002,2024-03-01,108
P0124,L002,2024-03-01,42
P0125,L002,2024-03-01,153
P0126,L002,2024-03-01,65
P0127,L002,2024-03-01,23
P0128,L002,2024-03-01,162
P0129,L002,2024-03-01,92
P0130,L002,2024-03-01,-17
P0131,L002,2024-03-01,175
P0132,L002,2024-03-01,190
P0133,L002,2024-03-01,58
P0134,L002,2024-03-01,11
P0135,L002,2024-03-01,49
P0136,L002,2024-03-01,90
P0137,L002,2024-03-01,157
P0138,L002,2024-03-01,50
P0139,L002,2024-03-01,32
P0140,L002,2024-03-01,94
P0141,L002,2024-03-01,183
P0142,L002,2024-03-01,90
P0143,L002,2024-03-01,89
P0144,L002,2024-03-01,73
P0145,L002,2024-03-01,26
P0146,L002,2024-03-01,114
P0147,L002,2024-03-01,174
P0148,L002,2024-03-01,6
P0149,L002,2024-03-01,160
P0150,L002,2024-03-01,169
P0001,L003,2024-03-01,194
P0002,L003,2024-03-01,70
P0003,L003,2024-03-01,137
P0004,L003,2024-03-01,176
P0005,L003,2024-03-01,146
P0006,L003,2024-03-01,45
P0007,L003,2024-03-01,120
P0008,L003,2024-03-01,48
P0009,L003,2024-03-01,11
P0010,L003,2024-03-01,85
P0011,L003,2024-03-01,170
P0012,L003,2024-03-01,33
P0013,L003,2024-03-01,86
P0014,L003,2024-03-01,34
P0015,L003,2024-03-01,70
P0016,L003,2024-03-01,151
P0017,L003,2024-03-01,137
P0018,L003,2024-03-01,5
P0019,L003,2024-03-01,146
P0020,L003,2024-03-01,108
P0021,L003,2024-03-01,47
P0022,L003,2024-03-01,49
P0023,L003,2024-03-01,193
P0024,L003,2024-03-01,59
P0025,L003,2024-03-01,125
P0026,L003,2024-03-01,58
P0027,L003,2024-03-01,121
P0028,L003,2024-03-01,35
P0029,L003,2024-03-01,44
P0030,L003,2024-03-01,76
P0031,L003,2024-03-01,187
P0032,L003,2024-03-01,129
P0033,L003,2024-03-01,23
P0034,L003,2024-03-01,88
P0035,L003,2024-03-01,57
P0036,L003,2024-03-01,161
P0037,L003,2024-03-01,109
P0038,L003,2024-03-01,37
P0039,L003,2024-03-01,112
P0040,L003,2024-03-01,91
P0041,L003,2024-03-01,190
P0042,L003,2024-03-01,105
P0043,L003,2024-03-01,174
P0044,L003,2024-03-01,128
P0045,L003,2024-03-01,0
P0046,L003,2024-03-01,162
P0047,L003,2024-03-01,121
P0048,L003,2024-03-01,20
P0049,L003,2024-03-01,103
P0050,L003,2024-03-01,138
P0051,L003,2024-03-01,38
P0052,L003,2024-03-01,41
P0053,L003,2024-03-01,64
P0054,L003,2024-03-01,126
P0055,L003,2024-03-01,0
P0056,L003,2024-03-01,167
P0057,L003,2024-03-01,85
P0058,L003,2024-03-01,112
P0059,L003,2024-03-01,148
P0060,L003,2024-03-01,-1
P0061,L003,2024-03-01,143
P0062,L003,2024-03-01,126
P0063,L003,2024-03-01,153
P0064,L003,2024-03-01,7
P0065,L003,2024-03-01,143
P0066,L003,2024-03-01,43
P0067,L003,2024-03-01,105
P0068,L003,2024-03-01,103
P0069,L003,2024-03-01,191
P0070,L003,2024-03-01,118
P0071,L003,2024-03-01,129
P0072,L003,2024-03-01,127
P0073,L003,2024-03-01,94
P0074,L003,2024-03-01,167
P0075,L003,2024-03-01,162
P0076,L003,2024-03-01,56
P0077,L003,2024-03-01,-5
P0078,L003,2024-03-01,118
P0079,L003,2024-03-01,54
P0080,L003,2024-03-01,139
P0081,L003,2024-03-01,58
P0082,L003,2024-03-01,120
P0083,L003,2024-03-01,93
P0084,L003,2024-03-01,107
P0085,L003,2024-03-01,162
P0086,L003,2024-03-01,127
P0087,L003,2024-03-01,162
P0088,L003,2024-03-01,63
P0089,L003,2024-03-01,140
P0090,L003,2024-03-01,179
P0091,L003,2024-03-01,27
P0092,L003,2024-03-01,87
P0093,L003,2024-03-01,13
P0094,L003,2024-03-01,54
P0095,L003,2024-03-01,190
P0096,L003,2024-03-01,178
P0097,L003,2024-03-01,107
P0098,L003,2024-03-01,128
P0099,L003,2024-03-01,96
P0100,L003,2024-03-01,115
P0101,L003,2024-03-01,41
P0102,L003,2024-03-01,140
P0103,L003,2024-03-01,151
P0104,L003,2024-03-01,32
P0105,L003,2024-03-01,167
P0106,L003,2024-03-01,84
P0107,L003,2024-03-01,3
P0108,L003,2024-03-01,102
P0109,L003,2024-03-01,124
P0110,L003,2024-03-01,190
P0111,L003,2024-03-01,161
P0112,L003,2024-03-01,81
P0113,L003,2024-03-01,69
P0114,L003,2024-03-01,41
P0115,L003,2024-03-01,75
P0116,L003,2024-03-01,184
P0117,L003,2024-03-01,35
P0118,L003,2024-03-01,123
P0119,L003,2024-03-01,9
P0120,L003,2024-03-01,139
P0121,L003,2024-03-01,73
P0122,L003,2024-03-01,91
P0123,L003,2024-03-01,49
P0124,L003,2024-03-01,99
P0125,L003,2024-03-01,-7
P0126,L003,2024-03-01,169
P0127,L003,2024-03-01,103
P0128,L003,2024-03-01,85
P0129,L003,2024-03-01,5
P0130,L003,2024-03-01,63
P0131,L003,2024-03-01,1
P0132,L003,2024-03-01,-8
P0133,L003,2024-03-01,117
P0134,L003,2024-03-01,100
P0135,L003,2024-03-01,14
P0136,L003,2024-03-01,58
P0137,L003,2024-03-01,42
P0138,L003,2024-03-01,23
P0139,L003,2024-03-01,175
P0140,L003,2024-03-01,94
P0141,L003,2024-03-01,15
P0142,L003,2024-03-01,35
P0143,L003,2024-03-01,68
P0144,L003,2024-03-01,113
P0145,L003,2024-03-01,148
P0146,L003,2024-03-01,10
P0147,L003,2024-03-01,87
P0148,L003,2024-03-01,116
P0149,L003,2024-03-01,22
P0150,L003,2024-03-01,18
P0001,L004,2024-03-01,136
P0002,L004,2024-03-01,84
P0003,L004,2024-03-01,69
P0004,L004,2024-03-01,27
P0005,L004,2024-03-01,171
P0006,L004,2024-03-01,109
P0007,L004,2024-03-01,27
P0008,L004,2024-03-01,78
P0009,L004,2024-03-01,175
P0010,L004,2024-03-01,124
P0011,L004,2024-03-01,165
P0012,L004,2024-03-01,151
P0013,L004,2024-03-01,168
P0014,L004,2024-03-01,173
P0015,L004,2024-03-01,72
P0016,L004,2024-03-01,96
P0017,L004,2024-03-01,49
P0018,L004,2024-03-01,80
P0019,L004,2024-03-01,134
P0020,L004,2024-03-01,171
P0021,L004,2024-03-01,65
P0022,L004,2024-03-01,134
P0023,L004,2024-03-01,144
P0024,L004,2024-03-01,98
P0025,L004,2024-03-01,26
P0026,L004,2024-03-01,97
P0027,L004,2024-03-01,143
P0028,L004,2024-03-01,23
P0029,L004,2024-03-01,155
P0030,L004,2024-03-01,184
P0031,L004,2024-03-01,94
P0032,L004,2024-03-01,141
P0033,L004,2024-03-01,110
P0034,L004,2024-03-01,26
P0035,L004,2024-03-01,86
P0036,L004,2024-03-01,195
P0037,L004,2024-03-01,74
P0038,L004,2024-03-01,4
P0039,L004,2024-03-01,60
P0040,L004,2024-03-01,42
P0041,L004,2024-03-01,125
P0042,L004,2024-03-01,35
P0043,L004,2024-03-01,128
P0044,L004,2024-03-01,47
P0045,L004,2024-03-01,138
P0046,L004,2024-03-01,35
P0047,L004,2024-03-01,91
P0048,L004,2024-03-01,-10
P0049,L004,2024-03-01,3
P0050,L004,2024-03-01,171
P0051,L004,2024-03-01,159
P0052,L004,2024-03-01,199
P0053,L004,2024-03-01,145
P0054,L004,2024-03-01,60
P0055,L004,2024-03-01,105
P0056,L004,2024-03-01,179
P0057,L004,2024-03-01,91
P0058,L004,2024-03-01,79
P0059,L004,2024-03-01,93
P0060,L004,2024-03-01,2
P0061,L004,2024-03-01,190
P0062,L004,2024-03-01,39
P0063,L004,2024-03-01,41
P0064,L004,2024-03-01,68
P0065,L004,2024-03-01,56
P0066,L004,2024-03-01,182
P0067,L004,2024-03-01,174
P0068,L004,2024-03-01,22
P0069,L004,2024-03-01,91
P0070,L004,2024-03-01,23
P0071,L004,2024-03-01,15
P0072,L004,2024-03-01,162
P0073,L004,2024-03-01,39
P0074,L004,2024-03-01,97
P0075,L004,2024-03-01,100
P0076,L004,2024-03-01,24
P0077,L004,2024-03-01,156
P0078,L004,2024-03-01,105
P0079,L004,2024-03-01,17
P0080,L004,2024-03-01,98
P0081,L004,2024-03-01,181
P0082,L004,2024-03-01,145
P0083,L004,2024-03-01,176
P0084,L004,2024-03-01,199
P0085,L004,2024-03-01,158
P0086,L004,2024-03-01,168
P0087,L004,2024-03-01,122
P0088,L004,2024-03-01,50
P0089,L004,2024-03-01,126
P0090,L004,2024-03-01,71
P0091,L004,2024-03-01,53
P0092,L004,2024-03-01,-4
P0093,L004,2024-03-01,169
P0094,L004,2024-03-01,199
P0095,L004,2024-03-01,62
P0096,L004,2024-03-01,88
P0097,L004,2024-03-01,131
P0098,L004,2024-03-01,2
P0099,L004,2024-03-01,18
P0100,L004,2024-03-01,33
P0101,L004,2024-03-01,62
P0102,L004,2024-03-01,24
P0103,L004,2024-03-01,101
P0104,L004,2024-03-01,76
P0105,L004,2024-03-01,172
P0106,L004,2024-03-01,45
P0107,L004,2024-03-01,116
P0108,L004,2024-03-01,132
P0109,L004,2024-03-01,157
P0110,L004,2024-03-01,92
P0111,L004,2024-03-01,17
P0112,L004,2024-03-01,135
P0113,L004,2024-03-01,5
P0114,L004,2024-03-01,178
P0115,L004,2024-03-01,50
P0116,L004,2024-03-01,190
P0117,L004,2024-03-01,30
P0118,L004,2024-03-01,82
P0119,L004,2024-03-01,87
P0120,L004,2024-03-01,13
P0121,L004,2024-03-01,132
P0122,L004,2024-03-01,88
P0123,L004,2024-03-01,28
P0124,L004,2024-03-01,60
P0125,L004,2024-03-01,89
P0126,L004,2024-03-01,19
P0127,L004,2024-03-01,142
P0128,L004,2024-03-01,10
P0129,L004,2024-03-01,184
P0130,L004,2024-03-01,112
P0131,L004,2024-03-01,195
P0132,L004,2024-03-01,67
P0133,L004,2024-03-01,138
P0134,L004,2024-03-01,7
P0135,L004,2024-03-01,199
P0136,L004,2024-03-01,131
P0137,L004,2024-03-01,196
P0138,L004,2024-03-01,169
P0139,L004,2024-03-01,153
P0140,L004,2024-03-01,100
P0141,L004,2024-03-01,54
P0142,L004,2024-03-01,169
P0143,L004,2024-03-01,47
P0144,L004,2024-03-01,39
P0145,L004,2024-03-01,159
P0146,L004,2024-03-01,154
P0147,L004,2024-03-01,50
P0148,L004,2024-03-01,106
P0149,L004,2024-03-01,118
P0150,L004,2024-03-01,121
P0001,L005,2024-03-01,95
P0002,L005,2024-03-01,118
P0003,L005,2024-03-01,94
P0004,L005,2024-03-01,176
P0005,L005,2024-03-01,45
P0006,L005,2024-03-01,192
P0007,L005,2024-03-01,118
P0008,L005,2024-03-01,120
P0009,L005,2024-03-01,65
P0010,L005,2024-03-01,175
P0011,L005,2024-03-01,70
P0012,L005,2024-03-01,113
P0013,L005,2024-03-01,85
P0014,L005,2024-03-01,95
P0015,L005,2024-03-01,178
P0016,L005,2024-03-01,128
P0017,L005,2024-03-01,101
P0018,L005,2024-03-01,177
P0019,L005,2024-03-01,136
P0020,L005,2024-03-01,64
P0021,L005,2024-03-01,144
P0022,L005,2024-03-01,162
P0023,L005,2024-03-01,105
P0024,L005,2024-03-01,132
P0025,L005,2024-03-01,190
P0026,L005,2024-03-01,49
P0027,L005,2024-03-01,109
P0028,L005,2024-03-01,52
P0029,L005,2024-03-01,-5
P0030,L005,2024-03-01,173
P0031,L005,2024-03-01,92
P0032,L005,2024-03-01,88
P0033,L005,2024-03-01,142
P0034,L005,2024-03-01,123
P0035,L005,2024-03-01,98
P0036,L005,2024-03-01,41
P0037,L005,2024-03-01,73
P0038,L005,2024-03-01,42
P0039,L005,2024-03-01,177
P0040,L005,2024-03-01,168
P0041,L005,2024-03-01,169
P0042,L005,2024-03-01,40
P0043,L005,2024-03-01,199
P0044,L005,2024-03-01,178
P0045,L005,2024-03-01,121
P0046,L005,2024-03-01,191
P0047,L005,2024-03-01,27
P0048,L005,2024-03-01,196
P0049,L005,2024-03-01,52
P0050,L005,2024-03-01,191
P0051,L005,2024-03-01,193
P0052,L005,2024-03-01,171
P0053,L005,2024-03-01,182
P0054,L005,2024-03-01,199
P0055,L005,2024-03-01,47
P0056,L005,2024-03-01,78
P0057,L005,2024-03-01,108
P0058,L005,2024-03-01,61
P0059,L005,2024-03-01,198
P0060,L005,2024-03-01,180
P0061,L005,2024-03-01,26
P0062,L005,2024-03-01,35
P0063,L005,2024-03-01,8
P0064,L005,2024-03-01,96
P0065,L005,2024-03-01,132
P0066,L005,2024-03-01,185
P0067,L005,2024-03-01,119
P0068,L005,2024-03-01,89
P0069,L005,2024-03-01,172
P0070,L005,2024-03-01,106
P0071,L005,2024-03-01,49
P0072,L005,2024-03-01,26
P0073,L005,2024-03-01,66
P0074,L005,2024-03-01,75
P0075,L005,2024-03-01,82
P0076,L005,2024-03-01,57
P0077,L005,2024-03-01,80
P0078,L005,2024-03-01,45
P0079,L005,2024-03-01,93
P0080,L005,2024-03-01,55
P0081,L005,2024-03-01,114
P0082,L005,2024-03-01,31
P0083,L005,2024-03-01,45
P0084,L005,2024-03-01,80
P0085,L005,2024-03-01,9
P0086,L005,2024-03-01,59
P0087,L005,2024-03-01,181
P0088,L005,2024-03-01,3
P0089,L005,2024-03-01,67
P0090,L005,2024-03-01,198
P0091,L005,2024-03-01,97
P0092,L005,2024-03-01,131
P0093,L005,2024-03-01,129
P0094,L005,2024-03-01,108
P0095,L005,2024-03-01,99
P0096,L005,2024-03-01,109
P0097,L005,2024-03-01,20
P0098,L005,2024-03-01,175
P0099,L005,2024-03-01,195
P0100,L005,2024-03-01,123
P0101,L005,2024-03-01,20
P0102,L005,2024-03-01,31
P0103,L005,2024-03-01,101
P0104,L005,2024-03-01,60
P9049,L005,2024-03-01,190
P0106,L005,2024-03-01,73
P0107,L005,2024-03-01,26
P0108,L005,2024-03-01,113
P0109,L005,2024-03-01,28
P0110,L005,2024-03-01,14
P0111,L005,2024-03-01,13
P0112,L005,2024-03-01,37
P0113,L005,2024-03-01,162
P0114,L005,2024-03-01,129
P0115,L005,2024-03-01,189
P0116,L005,2024-03-01,168
P0117,L005,2024-03-01,198
P0118,L005,2024-03-01,198
P0119,L005,2024-03-01,66
P0120,L005,2024-03-01,38
P0121,L005,2024-03-01,87
P0122,L005,2024-03-01,118
P0123,L005,2024-03-01,37
P0124,L005,2024-03-01,83
P0125,L005,2024-03-01,192
P0126,L005,2024-03-01,83
P0127,L005,2024-03-01,83
P0128,L005,2024-03-01,146
P0129,L005,2024-03-01,138
P0130,L005,2024-03-01,146
P0131,L005,2024-03-01,163
P0132,L005,2024-03-01,120
P0133,L005,2024-03-01,80
P0134,L005,2024-03-01,146
P0135,L005,2024-03-01,66
P0136,L005,2024-03-01,2
P0137,L005,2024-03-01,102
P0138,L005,2024-03-01,40
P0139,L005,2024-03-01,144
P0140,L005,2024-03-01,156
P0141,L005,2024-03-01,166
P0142,L005,2024-03-01,175
P0143,L005,2024-03-01,57
P0144,L005,2024-03-01,175
P0145,L005,2024-03-01,47
P0146,L005,2024-03-01,25
P0147,L005,2024-03-01,83
P0148,L005,2024-03-01,41
P0149,L005,2024-03-01,106
P0150,L005,2024-03-01,-9
P0001,L006,2024-03-01,93
P0002,L006,2024-03-01,21
P0003,L006,2024-03-01,88
P0004,L006,2024-03-01,28
P0005,L006,2024-03-01,186
P0006,L006,2024-03-01,70
P0007,L006,2024-03-01,180
P0008,L006,2024-03-01,148
P0009,L006,2024-03-01,29
P0010,L006,2024-03-01,1
P0011,L006,2024-03-01,16
P0012,L006,2024-03-01,67
P0013,L006,2024-03-01,169
P0014,L006,2024-03-01,193
P0015,L006,2024-03-01,96
P0016,L006,2024-03-01,63
P0017,L006,2024-03-01,88
P0018,L006,2024-03-01,51
P0019,L006,2024-03-01,0
P0020,L006,2024-03-01,189
P0021,L006,2024-03-01,105
P0022,L006,2024-03-01,122
P0023,L006,2024-03-01,192
P0024,L006,2024-03-01,191
P0025,L006,2024-03-01,6
P0026,L006,2024-03-01,141
P0027,L006,2024-03-01,72
P0028,L006,2024-03-01,188
P0029,L006,2024-03-01,97
P0030,L006,2024-03-01,135
P0031,L006,2024-03-01,153
P0032,L006,2024-03-01,182
P0033,L006,2024-03-01,97
P0034,L006,2024-03-01,109
P0035,L006,2024-03-01,71
P0036,L006,2024-03-01,146
P0037,L006,2024-03-01,21
P0038,L006,2024-03-01,46
P0039,L006,2024-03-01,188
P0040,L006,2024-03-01,89
P0041,L006,2024-03-01,98
P0042,L006,2024-03-01,81
P0043,L006,2024-03-01,17
P0044,L006,2024-03-01,120
P0045,L006,2024-03-01,127
P0046,L006,2024-03-01,11
P0047,L006,2024-03-01,172
P0048,L006,2024-03-01,76
P0049,L006,2024-03-01,167
P0050,L006,2024-03-01,52
P0051,L006,2024-03-01,21
P0052,L006,2024-03-01,146
P0053,L006,2024-03-01,109
P0054,L006,2024-03-01,70
P0055,L006,2024-03-01,36
P0056,L006,2024-03-01,115
P0057,L006,2024-03-01,52
P0058,L006,2024-03-01,125
P0059,L006,2024-03-01,28
P0060,L006,2024-03-01,155
P0061,L006,2024-03-01,116
P0062,L006,2024-03-01,147
P0063,L006,2024-03-01,13
P0064,L006,2024-03-01,135
P0065,L006,2024-03-01,179
P0066,L006,2024-03-01,58
P0067,L006,2024-03-01,21
P0068,L006,2024-03-01,59
P0069,L006,2024-03-01,143
P0070,L006,2024-03-01,82
P0071,L006,2024-03-01,170
P0072,L006,2024-03-01,52
P0073,L006,2024-03-01,48
P0074,L006,2024-03-01,82
P0075,L006,2024-03-01,198
P0076,L006,2024-03-01,79
P0077,L006,2024-03-01,32
P0078,L006,2024-03-01,90
P0079,L006,2024-03-01,146
P0080,L006,2024-03-01,22
P0081,L006,2024-03-01,41
P0082,L006,2024-03-01,117
P0083,L006,2024-03-01,148
P0084,L006,2024-03-01,115
P0085,L006,2024-03-01,191
P0086,L006,2024-03-01,194
P0087,L006,2024-03-01,38
P0088,L006,2024-03-01,11
P0089,L006,2024-03-01,165
P0090,L006,2024-03-01,132
P0091,L006,2024-03-01,0
P0092,L006,2024-03-01,97
P0093,L006,2024-03-01,179
P0094,L006,2024-03-01,11
P0095,L006,2024-03-01,72
P0096,L006,2024-03-01,13
P0097,L006,2024-03-01,47
P0098,L006,2024-03-01,124
P0099,L006,2024-03-01,67
P0100,L006,2024-03-01,31
P0101,L006,2024-03-01,116
P0102,L006,2024-03-01,33
P0103,L006,2024-03-01,103
P0104,L006,2024-03-01,122
P0105,L006,2024-03-01,177
P0106,L006,2024-03-01,183
P0107,L006,2024-03-01,18
P0108,L006,2024-03-01,118
P0109,L006,2024-03-01,19
P0110,L006,2024-03-01,144
P0111,L006,2024-03-01,126
P0112,L006,2024-03-01,150
P0113,L006,2024-03-01,31
P0114,L006,2024-03-01,82
P0115,L006,2024-03-01,183
P0116,L006,2024-03-01,95
P0117,L006,2024-03-01,101
P0118,L006,2024-03-01,119
P0119,L006,2024-03-01,90
P0120,L006,2024-03-01,20
P0121,L006,2024-03-01,154
P0122,L006,2024-03-01,137
P0123,L006,2024-03-01,180
P0124,L006,2024-03-01,56
P0125,L006,2024-03-01,2
P0126,L006,2024-03-01,79
P0127,L006,2024-03-01,71
P0128,L006,2024-03-01,140
P0129,L006,2024-03-01,24
P0130,L006,2024-03-01,82
P0131,L006,2024-03-01,49
P0132,L006,2024-03-01,137
P0133,L006,2024-03-01,49
P0134,L006,2024-03-01,43
P0135,L006,2024-03-01,120
P0136,L006,2024-03-01,85
P0137,L006,2024-03-01,115
P0138,L006,2024-03-01,172
P0139,L006,2024-03-01,26
P0140,L006,2024-03-01,81
P0141,L006,2024-03-01,190
P0142,L006,2024-03-01,144
P0143,L006,2024-03-01,98
P0144,L006,2024-03-01,36
P0145,L006,2024-03-01,98
P0146,L006,2024-03-01,178
P0147,L006,2024-03-01,154
P0148,L006,2024-03-01,108
P0149,L006,2024-03-01,5
P0150,L006,2024-03-01,19
P0001,L100,2024-03-01,152
P0002,L100,2024-03-01,14
P0003,L100,2024-03-01,82
P0004,L100,2024-03-01,180
P0005,L100,2024-03-01,141
P0006,L100,2024-03-01,124
P0007,L100,2024-03-01,154
P0008,L100,2024-03-01,35
P0009,L100,2024-03-01,99
P0010,L100,2024-03-01,164
P0011,L100,2024-03-01,124
P0012,L100,2024-03-01,58
P0013,L100,2024-03-01,4
P0014,L100,2024-03-01,4
P0015,L100,2024-03-01,53
P0016,L100,2024-03-01,94
P0017,L100,2024-03-01,150
P0018,L100,2024-03-01,153
P0019,L100,2024-03-01,105
P0020,L100,2024-03-01,182
P0021,L100,2024-03-01,76
P0022,L100,2024-03-01,185
P0023,L100,2024-03-01,62
P0024,L100,2024-03-01,101
P0025,L100,2024-03-01,150
P0026,L100,2024-03-01,87
P0027,L100,2024-03-01,147
P0028,L100,2024-03-01,10
P0029,L100,2024-03-01,166
P0030,L100,2024-03-01,115
P0031,L100,2024-03-01,167
P0032,L100,2024-03-01,175
P0033,L100,2024-03-01,153
P0034,L100,2024-03-01,197
P0035,L100,2024-03-01,92
P0036,L100,2024-03-01,5
P0037,L100,2024-03-01,133
P0038,L100,2024-03-01,191
P0039,L100,2024-03-01,68
P0040,L100,2024-03-01,18
P0041,L100,2024-03-01,138
P9015,L100,2024-03-01,150
P0043,L100,2024-03-01,72
P0044,L100,2024-03-01,108
P0045,L100,2024-03-01,150
P0046,L100,2024-03-01,52
P0047,L100,2024-03-01,172
P0048,L100,2024-03-01,137
P0049,L100,2024-03-01,161
P0050,L100,2024-03-01,5
P0051,L100,2024-03-01,94
P0052,L100,2024-03-01,51
P0053,L100,2024-03-01,86
P0054,L100,2024-03-01,147
P0055,L100,2024-03-01,-9
P0056,L100,2024-03-01,22
P0057,L100,2024-03-01,82
P0058,L100,2024-03-01,192
P0059,L100,2024-03-01,20
P0060,L100,2024-03-01,63
P0061,L100,2024-03-01,175
P0062,L100,2024-03-01,125
P0063,L100,2024-03-01,139
P0064,L100,2024-03-01,165
P0065,L100,2024-03-01,136
P0066,L100,2024-03-01,54
P0067,L100,2024-03-01,172
P0068,L100,2024-03-01,157
P0069,L100,2024-03-01,108
P0070,L100,2024-03-01,20
P0071,L100,2024-03-01,179
P0072,L100,2024-03-01,54
P0073,L100,2024-03-01,158
P0074,L100,2024-03-01,82
P0075,L100,2024-03-01,144
P0076,L100,2024-03-01,169
P0077,L100,2024-03-01,113
P0078,L100,2024-03-01,195
P0079,L100,2024-03-01,85
P0080,L100,2024-03-01,125
P0081,L100,2024-03-01,54
P0082,L100,2024-03-01,62
P0083,L100,2024-03-01,176
P0084,L100,2024-03-01,99
P0085,L100,2024-03-01,56
P0086,L100,2024-03-01,15
P0087,L100,2024-03-01,17
P0088,L100,2024-03-01,132
P0089,L100,2024-03-01,137
P0090,L100,2024-03-01,139
P0091,L100,2024-03-01,179
P0092,L100,2024-03-01,43
P0093,L100,2024-03-01,178
P0094,L100,2024-03-01,38
P0095,L100,2024-03-01,156
P0096,L100,2024-03-01,108
P0097,L100,2024-03-01,62
P0098,L100,2024-03-01,156
P0099,L100,2024-03-01,22
P0100,L100,2024-03-01,15
P0101,L100,2024-03-01,40
P0102,L100,2024-03-01,123
P0103,L100,2024-03-01,87
P0104,L100,2024-03-01,0
P0105,L100,2024-03-01,21
P0106,L100,2024-03-01,170
P0107,L100,2024-03-01,115
P0108,L100,2024-03-01,141
P0109,L100,2024-03-01,42
P0110,L100,2024-03-01,73
P0111,L100,2024-03-01,83
P0112,L100,2024-03-01,39
P0113,L100,2024-03-01,52
P0114,L100,2024-03-01,77
P0115,L100,2024-03-01,84
P0116,L100,2024-03-01,152
P0117,L100,2024-03-01,94
P0118,L100,2024-03-01,17
P0119,L100,2024-03-01,131
P0120,L100,2024-03-01,68
P0121,L100,2024-03-01,70
P0122,L100,2024-03-01,196
P0123,L100,2024-03-01,51
P0124,L100,2024-03-01,1
P0125,L100,2024-03-01,82
P0126,L100,2024-03-01,26
P0127,L100,2024-03-01,107
P0128,L100,2024-03-01,151
P0129,L100,2024-03-01,71
P0130,L100,2024-03-01,21
P0131,L100,2024-03-01,49
P0132,L100,2024-03-01,23
P0133,L100,2024-03-01,169
P0134,L100,2024-03-01,166
P0135,L100,2024-03-01,56
P0136,L100,2024-03-01,88
P0137,L100,2024-03-01,89
P0138,L100,2024-03-01,19
P0139,L100,2024-03-01,190
P0140,L100,2024-03-01,186
P0141,L100,2024-03-01,70
P0142,L100,2024-03-01,103
P0143,L100,2024-03-01,63
P0144,L100,2024-03-01,63
P0145,L100,2024-03-01,136
P0146,L100,2024-03-01,70
P0147,L100,2024-03-01,94
P0148,L100,2024-03-01,139
P0149,L100,2024-03-01,41
P0150,L100,2024-03-01,137
P0001,L001,2024-04-01,76
P0002,L001,2024-04-01,2
P0003,L001,2024-04-01,49
P0004,L001,2024-04-01,1
P0005,L001,2024-04-01,49
P0006,L001,2024-04-01,117
P9036,L001,2024-04-01,179
P0008,L001,2024-04-01,82
P0009,L001,2024-04-01,115
P0010,L001,2024-04-01,31
P0011,L001,2024-04-01,79
P0012,L001,2024-04-01,145
P0013,L001,2024-04-01,105
P0014,L001,2024-04-01,142
P0015,L001,2024-04-01,190
P0016,L001,2024-04-01,143
P0017,L001,2024-04-01,58
P0018,L001,2024-04-01,171
P0019,L001,2024-04-01,22
P0020,L001,2024-04-01,141
P0021,L001,2024-04-01,13
P0022,L001,2024-04-01,147
P0023,L001,2024-04-01,65
P0024,L001,2024-04-01,149
P0025,L001,2024-04-01,96
P0026,L001,2024-04-01,163
P0027,L001,2024-04-01,86
P0028,L001,2024-04-01,23
P0029,L001,2024-04-01,1
P0030,L001,2024-04-01,168
P0031,L001,2024-04-01,115
P0032,L001,2024-04-01,65
P0033,L001,2024-04-01,183
P0034,L001,2024-04-01,30
P0035,L001,2024-04-01,40
P0036,L001,2024-04-01,124
P0037,L001,2024-04-01,78
P0038,L001,2024-04-01,9
P0039,L001,2024-04-01,176
P0040,L001,2024-04-01,195
P0041,L001,2024-04-01,17
P0042,L001,2024-04-01,89
P0043,L001,2024-04-01,49
P0044,L001,2024-04-01,164
P0045,L001,2024-04-01,17
P0046,L001,2024-04-01,104
P0047,L001,2024-04-01,76
P0048,L001,2024-04-01,175
P0049,L001,2024-04-01,29
P0050,L001,2024-04-01,76
P0051,L001,2024-04-01,137
P0052,L001,2024-04-01,40
P0053,L001,2024-04-01,165
P0054,L001,2024-04-01,89
P0055,L001,2024-04-01,108
P0056,L001,2024-04-01,104
P0057,L001,2024-04-01,113
P0058,L001,2024-04-01,126
P0059,L001,2024-04-01,26
P0060,L001,2024-04-01,131
P0061,L001,2024-04-01,39
P0062,L001,2024-04-01,47
P0063,L001,2024-04-01,147
P0064,L001,2024-04-01,69
P0065,L001,2024-04-01,89
P0066,L001,2024-04-01,80
P0067,L001,2024-04-01,97
P0068,L001,2024-04-01,168
P0069,L001,2024-04-01,115
P0070,L001,2024-04-01,55
P0071,L001,2024-04-01,1
P0072,L001,2024-04-01,45
P0073,L001,2024-04-01,56
P0074,L001,2024-04-01,27
P0075,L001,2024-04-01,148
P0076,L001,2024-04-01,187
P0077,L001,2024-04-01,59
P0078,L001,2024-04-01,100
P0079,L001,2024-04-01,41
P0080,L001,2024-04-01,122
P0081,L001,2024-04-01,88
P0082,L001,2024-04-01,86
P0083,L001,2024-04-01,89
P0084,L001,2024-04-01,143
P0085,L001,2024-04-01,57
P0086,L001,2024-04-01,55
P0087,L001,2024-04-01,102
P0088,L001,2024-04-01,115
P0089,L001,2024-04-01,75
P0090,L001,2024-04-01,163
P0091,L001,2024-04-01,122
P0092,L001,2024-04-01,32
P0093,L001,2024-04-01,8
P0094,L001,2024-04-01,-13
P0095,L001,2024-04-01,28
P0096,L001,2024-04-01,17
P0097,L001,2024-04-01,58
P0098,L001,2024-04-01,82
P0099,L001,2024-04-01,181
P0100,L001,2024-04-01,21
P0101,L001,2024-04-01,138
P0102,L001,2024-04-01,171
P0103,L001,2024-04-01,8
P0104,L001,2024-04-01,153
P0105,L001,2024-04-01,90
P0106,L001,2024-04-01,35
P0107,L001,2024-04-01,88
P0108,L001,2024-04-01,88
P0109,L001,2024-04-01,128
P0110,L001,2024-04-01,111
P0111,L001,2024-04-01,60
P0112,L001,2024-04-01,146
P0113,L001,2024-04-01,192
P0114,L001,2024-04-01,125
P0115,L001,2024-04-01,105
P0116,L001,2024-04-01,81
P0117,L001,2024-04-01,114
P0118,L001,2024-04-01,184
P0119,L001,2024-04-01,-17
P0120,L001,2024-04-01,127
P0121,L001,2024-04-01,166
P0122,L001,2024-04-01,180
P0123,L001,2024-04-01,76
P0124,L001,2024-04-01,176
P0125,L001,2024-04-01,161
P0126,L001,2024-04-01,128
P0127,L001,2024-04-01,21
P0128,L001,2024-04-01,73
P0129,L001,2024-04-01,198
P0130,L001,2024-04-01,76
P0131,L001,2024-04-01,38
P0132,L001,2024-04-01,152
P0133,L001,2024-04-01,39
P0134,L001,2024-04-01,90
P0135,L001,2024-04-01,20
P0136,L001,2024-04-01,68
P0137,L001,2024-04-01,183
P0138,L001,2024-04-01,167
P0139,L001,2024-04-01,97
P0140,L001,2024-04-01,192
P0141,L001,2024-04-01,18
P0142,L001,2024-04-01,59
P0143,L001,2024-04-01,170
P0144,L001,2024-04-01,193
P0145,L001,2024-04-01,3
P0146,L001,2024-04-01,30
P0147,L001,2024-04-01,82
P0148,L001,2024-04-01,123
P0149,L001,2024-04-01,197
P0150,L001,2024-04-01,121
P0001,L002,2024-04-01,103
P0002,L002,2024-04-01,151
P0003,L002,2024-04-01,199
P0004,L002,2024-04-01,187
P0005,L002,2024-04-01,122
P0006,L002,2024-04-01,72
P0007,L002,2024-04-01,148
P0008,L002,2024-04-01,118
P0009,L002,2024-04-01,174
P0010,L002,2024-04-01,46
P0011,L002,2024-04-01,18
P0012,L002,2024-04-01,148
P0013,L002,2024-04-01,103
P0014,L002,2024-04-01,133
P0015,L002,2024-04-01,84
P0016,L002,2024-04-01,188
P0017,L002,2024-04-01,142
P0018,L002,2024-04-01,118
P0019,L002,2024-04-01,172
P0020,L002,2024-04-01,105
P0021,L002,2024-04-01,7
P0022,L002,2024-04-01,156
P0023,L002,2024-04-01,21
P0024,L002,2024-04-01,161
P0025,L002,2024-04-01,135
P0026,L002,2024-04-01,178
P0027,L002,2024-04-01,50
P0028,L002,2024-04-01,95
P0029,L002,2024-04-01,195
P0030,L002,2024-04-01,106
P0031,L002,2024-04-01,7
P0032,L002,2024-04-01,54
P0033,L002,2024-04-01,47
P0034,L002,2024-04-01,181
P0035,L002,2024-04-01,189
P0036,L002,2024-04-01,70
P0037,L002,2024-04-01,156
P0038,L002,2024-04-01,82
P0039,L002,2024-04-01,113
P0040,L002,2024-04-01,4
P0041,L002,2024-04-01,123
P0042,L002,2024-04-01,38
P0043,L002,2024-04-01,122
P0044,L002,2024-04-01,188
P0045,L002,2024-04-01,86
P0046,L002,2024-04-01,182
P0047,L002,2024-04-01,-1
P0048,L002,2024-04-01,122
P0049,L002,2024-04-01,68
P0050,L002,2024-04-01,92
P0051,L002,2024-04-01,114
P0052,L002,2024-04-01,107
P0053,L002,2024-04-01,0
P0054,L002,2024-04-01,176
P0055,L002,2024-04-01,74
P0056,L002,2024-04-01,10
P0057,L002,2024-04-01,33
P0058,L002,2024-04-01,109
P0059,L002,2024-04-01,18
P0060,L002,2024-04-01,59
P0061,L002,2024-04-01,95
P0062,L002,2024-04-01,152
P0063,L002,2024-04-01,28
P0064,L002,2024-04-01,104
P0065,L002,2024-04-01,35
P0066,L002,2024-04-01,40
P0067,L002,2024-04-01,12
P0068,L002,2024-04-01,155
P0069,L002,2024-04-01,4
P0070,L002,2024-04-01,57
P0071,L002,2024-04-01,118
P0072,L002,2024-04-01,198
P0073,L002,2024-04-01,88
P0074,L002,2024-04-01,163
P0075,L002,2024-04-01,148
P0076,L002,2024-04-01,31
P0077,L002,2024-04-01,187
P0078,L002,2024-04-01,30
P0079,L002,2024-04-01,91
P0080,L002,2024-04-01,52
P0081,L002,2024-04-01,91
P0082,L002,2024-04-01,115
P0083,L002,2024-04-01,0
P0084,L002,2024-04-01,196
P0085,L002,2024-04-01,149
P0086,L002,2024-04-01,20
P0087,L002,2024-04-01,174
P0088,L002,2024-04-01,181
P0089,L002,2024-04-01,139
P0090,L002,2024-04-01,92
P0091,L002,2024-04-01,138
P0092,L002,2024-04-01,131
P0093,L002,2024-04-01,181
P0094,L002,2024-04-01,152
P0095,L002,2024-04-01,111
P0096,L002,2024-04-01,51
P0097,L002,2024-04-01,141
P0098,L002,2024-04-01,85
P0099,L002,2024-04-01,53
P0100,L002,2024-04-01,104
P0101,L002,2024-04-01,18
P0102,L002,2024-04-01,30
P0103,L002,2024-04-01,165
P0104,L002,2024-04-01,179
P0105,L002,2024-04-01,151
P0106,L002,2024-04-01,87
P0107,L002,2024-04-01,143
P0108,L002,2024-04-01,86
P0109,L002,2024-04-01,44
P0110,L002,2024-04-01,13
P0111,L002,2024-04-01,152
P0112,L002,2024-04-01,80
P0113,L002,2024-04-01,142
P0114,L002,2024-04-01,183
P0115,L002,2024-04-01,113
P0116,L002,2024-04-01,197
P0117,L002,2024-04-01,81
P0118,L002,2024-04-01,123
P0119,L002,2024-04-01,141
P0120,L002,2024-04-01,185
P0121,L002,2024-04-01,45
P0122,L002,2024-04-01,61
P0123,L002,2024-04-01,188
P0124,L002,2024-04-01,152
P0125,L002,2024-04-01,143
P0126,L002,2024-04-01,9
P0127,L002,2024-04-01,162
P0128,L002,2024-04-01,150
P0129,L002,2024-04-01,145
P0130,L002,2024-04-01,146
P0131,L002,2024-04-01,7
P0132,L002,2024-04-01,24
P0133,L002,2024-04-01,79
P0134,L002,2024-04-01,137
P0135,L002,2024-04-01,17
P0136,L002,2024-04-01,29
P0137,L002,2024-04-01,62
P0138,L002,2024-04-01,73
P0139,L002,2024-04-01,183
P0140,L002,2024-04-01,19
P0141,L002,2024-04-01,187
P0142,L002,2024-04-01,113
P0143,L002,2024-04-01,16
P0144,L002,2024-04-01,100
P0145,L002,2024-04-01,167
P0146,L002,2024-04-01,73
P0147,L002,2024-04-01,7
P0148,L002,2024-04-01,191
P0149,L002,2024-04-01,21
P0150,L002,2024-04-01,164
P0001,L003,2024-04-01,81
P0002,L003,2024-04-01,9
P0003,L003,2024-04-01,-7
P0004,L003,2024-04-01,26
P0005,L003,2024-04-01,20
P0006,L003,2024-04-01,29
P0007,L003,2024-04-01,133
P0008,L003,2024-04-01,99
P0009,L003,2024-04-01,144
P0010,L003,2024-04-01,59
P0011,L003,2024-04-01,169
P0012,L003,2024-04-01,136
P0013,L003,2024-04-01,146
P0014,L003,2024-04-01,32
P0015,L003,2024-04-01,18
P0016,L003,2024-04-01,19
P0017,L003,2024-04-01,124
P0018,L003,2024-04-01,145
P0019,L003,2024-04-01,26
P0020,L003,2024-04-01,197
P0021,L003,2024-04-01,34
P0022,L003,2024-04-01,85
P0023,L003,2024-04-01,38
P0024,L003,2024-04-01,87
P0025,L003,2024-04-01,191
P0026,L003,2024-04-01,63
P0027,L003,2024-04-01,36
P0028,L003,2024-04-01,104
P0029,L003,2024-04-01,79
P0030,L003,2024-04-01,24
P0031,L003,2024-04-01,78
P0032,L003,2024-04-01,179
P0033,L003,2024-04-01,178
P0034,L003,2024-04-01,18
P0035,L003,2024-04-01,175
P0036,L003,2024-04-01,197
P0037,L003,2024-04-01,175
P0038,L003,2024-04-01,62
P0039,L003,2024-04-01,100
P0040,L003,2024-04-01,143
P0041,L003,2024-04-01,64
P0042,L003,2024-04-01,47
P0043,L003,2024-04-01,17
P0044,L003,2024-04-01,27
P0045,L003,2024-04-01,85
P0046,L003,2024-04-01,67
P0047,L003,2024-04-01,166
P0048,L003,2024-04-01,132
P0049,L003,2024-04-01,182
P0050,L003,2024-04-01,199
P0051,L003,2024-04-01,159
P0052,L003,2024-04-01,108
P0053,L003,2024-04-01,79
P0054,L003,2024-04-01,115
P0055,L003,2024-04-01,163
P0056,L003,2024-04-01,33
P0057,L003,2024-04-01,175
P0058,L003,2024-04-01,64
P0059,L003,2024-04-01,64
P0060,L003,2024-04-01,62
P0061,L003,2024-04-01,74
P0062,L003,2024-04-01,54
P0063,L003,2024-04-01,122
P0064,L003,2024-04-01,122
P0065,L003,2024-04-01,-4
P0066,L003,2024-04-01,68
P0067,L003,2024-04-01,8
P0068,L003,2024-04-01,71
P0069,L003,2024-04-01,120
P0070,L003,2024-04-01,85
P0071,L003,2024-04-01,167
P0072,L003,2024-04-01,81
P0073,L003,2024-04-01,125
P0074,L003,2024-04-01,132
P0075,L003,2024-04-01,154
P0076,L003,2024-04-01,59
P0077,L003,2024-04-01,13
P0078,L003,2024-04-01,128
P0079,L003,2024-04-01,25
P0080,L003,2024-04-01,167
P0081,L003,2024-04-01,193
P0082,L003,2024-04-01,152
P0083,L003,2024-04-01,122
P0084,L003,2024-04-01,89
P0085,L003,2024-04-01,66
P0086,L003,2024-04-01,98
P0087,L003,2024-04-01,199
P0088,L003,2024-04-01,57
P0089,L003,2024-04-01,89
P0090,L003,2024-04-01,142
P0091,L003,2024-04-01,159
P0092,L003,2024-04-01,22
P0093,L003,2024-04-01,199
P0094,L003,2024-04-01,113
P0095,L003,2024-04-01,56
P0096,L003,2024-04-01,100
P0097,L003,2024-04-01,129
P0098,L003,2024-04-01,89
P0099,L003,2024-04-01,94
P0100,L003,2024-04-01,184
P0101,L003,2024-04-01,158
P0102,L003,2024-04-01,7
P0103,L003,2024-04-01,-18
P0104,L003,2024-04-01,42
P0105,L003,2024-04-01,122
P0106,L003,2024-04-01,5
P0107,L003,2024-04-01,51
P0108,L003,2024-04-01,74
P0109,L003,2024-04-01,79
P0110,L003,2024-04-01,61
P0111,L003,2024-04-01,44
P0112,L003,2024-04-01,129
P0113,L003,2024-04-01,139
P0114,L003,2024-04-01,190
P0115,L003,2024-04-01,102
P0116,L003,2024-04-01,69
P0117,L003,2024-04-01,153
P0118,L003,2024-04-01,15
P0119,L003,2024-04-01,197
P0120,L003,2024-04-01,134
P0121,L003,2024-04-01,31
P0122,L003,2024-04-01,164
P0123,L003,2024-04-01,93
P0124,L003,2024-04-01,106
P0125,L003,2024-04-01,97
P0126,L003,2024-04-01,100
P0127,L003,2024-04-01,110
P0128,L003,2024-04-01,14
P0129,L003,2024-04-01,20
P0130,L003,2024-04-01,181
P0131,L003,2024-04-01,25
P0132,L003,2024-04-01,160
P0133,L003,2024-04-01,124
P0134,L003,2024-04-01,167
P0135,L003,2024-04-01,91
P0136,L003,2024-04-01,2
P0137,L003,2024-04-01,10
P0138,L003,2024-04-01,77
P0139,L003,2024-04-01,59
P0140,L003,2024-04-01,149
P0141,L003,2024-04-01,127
P0142,L003,2024-04-01,108
P0143,L003,2024-04-01,40
P0144,L003,2024-04-01,51
P0145,L003,2024-04-01,183
P0146,L003,2024-04-01,58
P0147,L003,2024-04-01,162
P0148,L003,2024-04-01,159
P0149,L003,2024-04-01,173
P0150,L003,2024-04-01,51
P0001,L004,2024-04-01,93
P0002,L004,2024-04-01,134
P0003,L004,2024-04-01,86
P0004,L004,2024-04-01,36
P0005,L004,2024-04-01,96
P0006,L004,2024-04-01,92
P0007,L004,2024-04-01,189
P0008,L004,2024-04-01,27
P0009,L004,2024-04-01,4
P0010,L004,2024-04-01,48
P0011,L004,2024-04-01,127
P0012,L004,2024-04-01,21
P0013,L004,2024-04-01,56
P0014,L004,2024-04-01,19
P0015,L004,2024-04-01,19
P0016,L004,2024-04-01,148
P0017,L004,2024-04-01,188
P0018,L004,2024-04-01,41
P0019,L004,2024-04-01,132
P0020,L004,2024-04-01,97
P0021,L004,2024-04-01,112
P0022,L004,2024-04-01,182
P0023,L004,2024-04-01,65
P0024,L004,2024-04-01,18
P0025,L004,2024-04-01,137
P0026,L004,2024-04-01,62
P0027,L004,2024-04-01,192
P0028,L004,2024-04-01,183
P0029,L004,2024-04-01,99
P0030,L004,2024-04-01,180
P0031,L004,2024-04-01,161
P0032,L004,2024-04-01,5
P0033,L004,2024-04-01,137
P0034,L004,2024-04-01,39
P0035,L004,2024-04-01,167
P0036,L004,2024-04-01,158
P0037,L004,2024-04-01,63
P0038,L004,2024-04-01,168
P0039,L004,2024-04-01,196
P0040,L004,2024-04-01,12
P0041,L004,2024-04-01,86
P0042,L004,2024-04-01,52
P0043,L004,2024-04-01,5
P0044,L004,2024-04-01,46
P0045,L004,2024-04-01,50
P0046,L004,2024-04-01,39
P0047,L004,2024-04-01,177
P0048,L004,2024-04-01,149
P0049,L004,2024-04-01,168
P0050,L004,2024-04-01,131
P0051,L004,2024-04-01,79
P0052,L004,2024-04-01,131
P0053,L004,2024-04-01,170
P0054,L004,2024-04-01,90
P0055,L004,2024-04-01,21
P0056,L004,2024-04-01,20
P0057,L004,2024-04-01,14
P0058,L004,2024-04-01,190
P0059,L004,2024-04-01,144
P0060,L004,2024-04-01,161
P0061,L004,2024-04-01,193
P0062,L004,2024-04-01,166
P0063,L004,2024-04-01,54
P0064,L004,2024-04-01,163
P0065,L004,2024-04-01,193
P0066,L004,2024-04-01,96
P0067,L004,2024-04-01,37
P0068,L004,2024-04-01,54
P0069,L004,2024-04-01,145
P0070,L004,2024-04-01,96
P0071,L004,2024-04-01,-7
P0072,L004,2024-04-01,88
P0073,L004,2024-04-01,192
P0074,L004,2024-04-01,172
P0075,L004,2024-04-01,112
P0076,L004,2024-04-01,53
P0077,L004,2024-04-01,183
P0078,L004,2024-04-01,41
P0079,L004,2024-04-01,3
P0080,L004,2024-04-01,167
P0081,L004,2024-04-01,153
P0082,L004,2024-04-01,113
P0083,L004,2024-04-01,163
P0084,L004,2024-04-01,80
P0085,L004,2024-04-01,160
P0086,L004,2024-04-01,115
P0087,L004,2024-04-01,115
P0088,L004,2024-04-01,180
P0089,L004,2024-04-01,38
P0090,L004,2024-04-01,101
P0091,L004,2024-04-01,155
P0092,L004,2024-04-01,152
P0093,L004,2024-04-01,135
P0094,L004,2024-04-01,107
P0095,L004,2024-04-01,196
P0096,L004,2024-04-01,39
P0097,L004,2024-04-01,15
P0098,L004,2024-04-01,29
P0099,L004,2024-04-01,36
P0100,L004,2024-04-01,77
P0101,L004,2024-04-01,198
P0102,L004,2024-04-01,30
P0103,L004,2024-04-01,86
P0104,L004,2024-04-01,41
P0105,L004,2024-04-01,21
P0106,L004,2024-04-01,35
P0107,L004,2024-04-01,144
P0108,L004,2024-04-01,167
P0109,L004,2024-04-01,146
P0110,L004,2024-04-01,20
P0111,L004,2024-04-01,189
P0112,L004,2024-04-01,42
P0113,L004,2024-04-01,159
P0114,L004,2024-04-01,9
P0115,L004,2024-04-01,81
P0116,L004,2024-04-01,98
P0117,L004,2024-04-01,113
P0118,L004,2024-04-01,28
P0119,L004,2024-04-01,43
P0120,L004,2024-04-01,127
P0121,L004,2024-04-01,143
P0122,L004,2024-04-01,141
P0123,L004,2024-04-01,0
P0124,L004,2024-04-01,177
P0125,L004,2024-04-01,106
P0126,L004,2024-04-01,99
P0127,L004,2024-04-01,31
P0128,L004,2024-04-01,95
P0129,L004,2024-04-01,87
P0130,L004,2024-04-01,82
P0131,L004,2024-04-01,105
P0132,L004,2024-04-01,142
P0133,L004,2024-04-01,128
P0134,L004,2024-04-01,83
P0135,L004,2024-04-01,133
P0136,L004,2024-04-01,172
P0137,L004,2024-04-01,62
P0138,L004,2024-04-01,141
P0139,L004,2024-04-01,138
P0140,L004,2024-04-01,73
P0141,L004,2024-04-01,75
P0142,L004,2024-04-01,180
P0143,L004,2024-04-01,169
P0144,L004,2024-04-01,29
P0145,L004,2024-04-01,116
P0146,L004,2024-04-01,63
P0147,L004,2024-04-01,12
P0148,L004,2024-04-01,143
P0149,L004,2024-04-01,41
P0150,L004,2024-04-01,171
P0001,L005,2024-04-01,101
P0002,L005,2024-04-01,188
P0003,L005,2024-04-01,129
P0004,L005,2024-04-01,66
P0005,L005,2024-04-01,138
P0006,L005,2024-04-01,178
P0007,L005,2024-04-01,79
P0008,L005,2024-04-01,98
P0009,L005,2024-04-01,1
P0010,L005,2024-04-01,169
P0011,L005,2024-04-01,53
P0012,L005,2024-04-01,178
P0013,L005,2024-04-01,50
P0014,L005,2024-04-01,130
P0015,L005,2024-04-01,143
P0016,L005,2024-04-01,48
P0017,L005,2024-04-01,4
P0018,L005,2024-04-01,171
P0019,L005,2024-04-01,74
P0020,L005,2024-04-01,55
P0021,L005,2024-04-01,73
P0022,L005,2024-04-01,175
P0023,L005,2024-04-01,199
P0024,L005,2024-04-01,42
P0025,L005,2024-04-01,99
P0026,L005,2024-04-01,134
P0027,L005,2024-04-01,157
P0028,L005,2024-04-01,108
P0029,L005,2024-04-01,140
P0030,L005,2024-04-01,89
P0031,L005,2024-04-01,128
P0032,L005,2024-04-01,111
P0033,L005,2024-04-01,144
P0034,L005,2024-04-01,41
P0035,L005,2024-04-01,49
P0036,L005,2024-04-01,18
P0037,L005,2024-04-01,85
P0038,L005,2024-04-01,71
P0039,L005,2024-04-01,77
P0040,L005,2024-04-01,99
P0041,L005,2024-04-01,131
P0042,L005,2024-04-01,119
P0043,L005,2024-04-01,115
P0044,L005,2024-04-01,38
P0045,L005,2024-04-01,7
P0046,L005,2024-04-01,42
P0047,L005,2024-04-01,176
P0048,L005,2024-04-01,175
P0049,L005,2024-04-01,18
P0050,L005,2024-04-01,104
P0051,L005,2024-04-01,117
P0052,L005,2024-04-01,59
P0053,L005,2024-04-01,154
P0054,L005,2024-04-01,151
P0055,L005,2024-04-01,103
P0056,L005,2024-04-01,12
P0057,L005,2024-04-01,58
P0058,L005,2024-04-01,159
P0059,L005,2024-04-01,161
P0060,L005,2024-04-01,54
P0061,L005,2024-04-01,92
P0062,L005,2024-04-01,116
P0063,L005,2024-04-01,151
P0064,L005,2024-04-01,183
P0065,L005,2024-04-01,70
P0066,L005,2024-04-01,137
P0067,L005,2024-04-01,3
P0068,L005,2024-04-01,70
P0069,L005,2024-04-01,46
P0070,L005,2024-04-01,144
P0071,L005,2024-04-01,7
P0072,L005,2024-04-01,119
P0073,L005,2024-04-01,154
P0074,L005,2024-04-01,66
P0075,L005,2024-04-01,20
P0076,L005,2024-04-01,186
P0077,L005,2024-04-01,46
P0078,L005,2024-04-01,153
P0079,L005,2024-04-01,157
P0080,L005,2024-04-01,167
P0081,L005,2024-04-01,79
P0082,L005,2024-04-01,43
P0083,L005,2024-04-01,53
P0084,L005,2024-04-01,36
P0085,L005,2024-04-01,10
P0086,L005,2024-04-01,109
P0087,L005,2024-04-01,8
P0088,L005,2024-04-01,93
P0089,L005,2024-04-01,41
P0090,L005,2024-04-01,81
P0091,L005,2024-04-01,48
P0092,L005,2024-04-01,127
P0093,L005,2024-04-01,18
P0094,L005,2024-04-01,174
P0095,L005,2024-04-01,74
P0096,L005,2024-04-01,58
P0097,L005,2024-04-01,58
P0098,L005,2024-04-01,4
P0099,L005,2024-04-01,176
P0100,L005,2024-04-01,131
P0101,L005,2024-04-01,144
P0102,L005,2024-04-01,51
P0103,L005,2024-04-01,23
P0104,L005,2024-04-01,121
P0105,L005,2024-04-01,7
P0106,L005,2024-04-01,91
P0107,L005,2024-04-01,31
P0108,L005,2024-04-01,107
P0109,L005,2024-04-01,197
P0110,L005,2024-04-01,33
P0111,L005,2024-04-01,174
P0112,L005,2024-04-01,125
P0113,L005,2024-04-01,190
P0114,L005,2024-04-01,67
P0115,L005,2024-04-01,14
P0116,L005,2024-04-01,193
P0117,L005,2024-04-01,19
P0118,L005,2024-04-01,91
P0119,L005,2024-04-01,54
P0120,L005,2024-04-01,107
P0121,L005,2024-04-01,144
P0122,L005,2024-04-01,7
P0123,L005,2024-04-01,72
P0124,L005,2024-04-01,169
P0125,L005,2024-04-01,168
P0126,L005,2024-04-01,127
P0127,L005,2024-04-01,16
P0128,L005,2024-04-01,47
P0129,L005,2024-04-01,40
P0130,L005,2024-04-01,187
P0131,L005,2024-04-01,141
P0132,L005,2024-04-01,164
P0133,L005,2024-04-01,35
P0134,L005,2024-04-01,67
P0135,L005,2024-04-01,124
P0136,L005,2024-04-01,61
P0137,L005,2024-04-01,129
P0138,L005,2024-04-01,47
P0139,L005,2024-04-01,168
P0140,L005,2024-04-01,84
P0141,L005,2024-04-01,75
P0142,L005,2024-04-01,138
P0143,L005,2024-04-01,3
P0144,L005,2024-04-01,17
P0145,L005,2024-04-01,23
P0146,L005,2024-04-01,198
P0147,L005,2024-04-01,152
P0148,L005,2024-04-01,110
P0149,L005,2024-04-01,26
P0150,L005,2024-04-01,184
P0001,L006,2024-04-01,79
P0002,L006,2024-04-01,189
P0003,L006,2024-04-01,3
P0004,L006,2024-04-01,17
P0005,L006,2024-04-01,71
P0006,L006,2024-04-01,7
P0007,L006,2024-04-01,37
P0008,L006,2024-04-01,9
P0009,L006,2024-04-01,3
P0010,L006,2024-04-01,1
P0011,L006,2024-04-01,14
P0012,L006,2024-04-01,149
P0013,L006,2024-04-01,157
P0014,L006,2024-04-01,131
P0015,L006,2024-04-01,122
P0016,L006,2024-04-01,127
P0017,L006,2024-04-01,102
P0018,L006,2024-04-01,69
P0019,L006,2024-04-01,24
P0020,L006,2024-04-01,42
P0021,L006,2024-04-01,111
P0022,L006,2024-04-01,187
P0023,L006,2024-04-01,73
P0024,L006,2024-04-01,54
P0025,L006,2024-04-01,0
P0026,L006,2024-04-01,49
P0027,L006,2024-04-01,128
P0028,L006,2024-04-01,120
P0029,L006,2024-04-01,19
P0030,L006,2024-04-01,98
P0031,L006,2024-04-01,179
P0032,L006,2024-04-01,26
P0033,L006,2024-04-01,127
P0034,L006,2024-04-01,120
P0035,L006,2024-04-01,41
P0036,L006,2024-04-01,139
P0037,L006,2024-04-01,178
P0038,L006,2024-04-01,137
P0039,L006,2024-04-01,2
P0040,L006,2024-04-01,26
P0041,L006,2024-04-01,196
P0042,L006,2024-04-01,97
P0043,L006,2024-04-01,148
P0044,L006,2024-04-01,197
P0045,L006,2024-04-01,128
P0046,L006,2024-04-01,35
P0047,L006,2024-04-01,10
P0048,L006,2024-04-01,126
P0049,L006,2024-04-01,37
P0050,L006,2024-04-01,141
P0051,L006,2024-04-01,35
P0052,L006,2024-04-01,139
P0053,L006,2024-04-01,187
P0054,L006,2024-04-01,87
P0055,L006,2024-04-01,11
P0056,L006,2024-04-01,29
P0057,L006,2024-04-01,125
P0058,L006,2024-04-01,184
P0059,L006,2024-04-01,94
P0060,L006,2024-04-01,-15
P0061,L006,2024-04-01,116
P0062,L006,2024-04-01,119
P0063,L006,2024-04-01,42
P0064,L006,2024-04-01,147
P0065,L006,2024-04-01,130
P0066,L006,2024-04-01,121
P0067,L006,2024-04-01,142
P0068,L006,2024-04-01,29
P0069,L006,2024-04-01,25
P0070,L006,2024-04-01,20
P0071,L006,2024-04-01,95
P0072,L006,2024-04-01,30
P0073,L006,2024-04-01,21
P0074,L006,2024-04-01,192
P0075,L006,2024-04-01,125
P0076,L006,2024-04-01,100
P0077,L006,2024-04-01,159
P0078,L006,2024-04-01,111
P0079,L006,2024-04-01,165
P0080,L006,2024-04-01,19
P0081,L006,2024-04-01,90
P0082,L006,2024-04-01,67
P0083,L006,2024-04-01,129
P0084,L006,2024-04-01,169
P0085,L006,2024-04-01,31
P0086,L006,2024-04-01,35
P0087,L006,2024-04-01,196
P0088,L006,2024-04-01,27
P0089,L006,2024-04-01,124
P0090,L006,2024-04-01,186
P0091,L006,2024-04-01,173
P0092,L006,2024-04-01,33
P0093,L006,2024-04-01,141
P0094,L006,2024-04-01,93
P0095,L006,2024-04-01,129
P0096,L006,2024-04-01,140
P0097,L006,2024-04-01,187
P0098,L006,2024-04-01,165
P0099,L006,2024-04-01,53
P0100,L006,2024-04-01,-15
P0101,L006,2024-04-01,13
P0102,L006,2024-04-01,29
P0103,L006,2024-04-01,1
P0104,L006,2024-04-01,82
P0105,L006,2024-04-01,98
P0106,L006,2024-04-01,19
P0107,L006,2024-04-01,127
P0108,L006,2024-04-01,64
P0109,L006,2024-04-01,120
P0110,L006,2024-04-01,76
P0111,L006,2024-04-01,188
P0112,L006,2024-04-01,128
P0113,L006,2024-04-01,26
P0114,L006,2024-04-01,141
P0115,L006,2024-04-01,101
P0116,L006,2024-04-01,142
P0117,L006,2024-04-01,25
P0118,L006,2024-04-01,37
P0119,L006,2024-04-01,64
P0120,L006,2024-04-01,131
P0121,L006,2024-04-01,93
P0122,L006,2024-04-01,195
P0123,L006,2024-04-01,108
P0124,L006,2024-04-01,93
P0125,L006,2024-04-01,64
P0126,L006,2024-04-01,140
P0127,L006,2024-04-01,25
P0128,L006,2024-04-01,88
P0129,L006,2024-04-01,88
P0130,L006,2024-04-01,26
P0131,L006,2024-04-01,137
P0132,L006,2024-04-01,149
P0133,L006,2024-04-01,161
P0134,L006,2024-04-01,126
P0135,L006,2024-04-01,31
P0136,L006,2024-04-01,83
P0137,L006,2024-04-01,5
P0138,L006,2024-04-01,94
P0139,L006,2024-04-01,180
P0140,L006,2024-04-01,180
P0141,L006,2024-04-01,53
P0142,L006,2024-04-01,101
P0143,L006,2024-04-01,34
P0144,L006,2024-04-01,118
P0145,L006,2024-04-01,104
P0146,L006,2024-04-01,188
P0147,L006,2024-04-01,51
P0148,L006,2024-04-01,156
P0149,L006,2024-04-01,118
P0150,L006,2024-04-01,123
P0001,L100,2024-04-01,152
P0002,L100,2024-04-01,113
P0003,L100,2024-04-01,87
P0004,L100,2024-04-01,162
P0005,L100,2024-04-01,72
P0006,L100,2024-04-01,82
P0007,L100,2024-04-01,117
P0008,L100,2024-04-01,94
P0009,L100,2024-04-01,140
P0010,L100,2024-04-01,138
P0011,L100,2024-04-01,11
P0012,L100,2024-04-01,141
P0013,L100,2024-04-01,119
P0014,L100,2024-04-01,82
P0015,L100,2024-04-01,82
P0016,L100,2024-04-01,169
P0017,L100,2024-04-01,38
P0018,L100,2024-04-01,87
P0019,L100,2024-04-01,136
P0020,L100,2024-04-01,98
P0021,L100,2024-04-01,10
P0022,L100,2024-04-01,12
P0023,L100,2024-04-01,138
P0024,L100,2024-04-01,77
P0025,L100,2024-04-01,74
P0026,L100,2024-04-01,157
P0027,L100,2024-04-01,2
P0028,L100,2024-04-01,195
P0029,L100,2024-04-01,142
P0030,L100,2024-04-01,97
P0031,L100,2024-04-01,173
P0032,L100,2024-04-01,198
P0033,L100,2024-04-01,63
P0034,L100,2024-04-01,44
P0035,L100,2024-04-01,21
P0036,L100,2024-04-01,198
P0037,L100,2024-04-01,131
P0038,L100,2024-04-01,187
P0039,L100,2024-04-01,114
P0040,L100,2024-04-01,193
P0041,L100,2024-04-01,105
P0042,L100,2024-04-01,149
P0043,L100,2024-04-01,9
P0044,L100,2024-04-01,104
P0045,L100,2024-04-01,28
P0046,L100,2024-04-01,146
P0047,L100,2024-04-01,6
P0048,L100,2024-04-01,99
P0049,L100,2024-04-01,12
P0050,L100,2024-04-01,169
P0051,L100,2024-04-01,131
P0052,L100,2024-04-01,97
P0053,L100,2024-04-01,194
P0054,L100,2024-04-01,199
P0055,L100,2024-04-01,174
P0056,L100,2024-04-01,169
P0057,L100,2024-04-01,99
P0058,L100,2024-04-01,181
P0059,L100,2024-04-01,199
P0060,L100,2024-04-01,2
P0061,L100,2024-04-01,5
P0062,L100,2024-04-01,185
P0063,L100,2024-04-01,182
P0064,L100,2024-04-01,11
P0065,L100,2024-04-01,95
P0066,L100,2024-04-01,189
P0067,L100,2024-04-01,173
P0068,L100,2024-04-01,115
P0069,L100,2024-04-01,77
P0070,L100,2024-04-01,21
P0071,L100,2024-04-01,116
P0072,L100,2024-04-01,15
P0073,L100,2024-04-01,35
P0074,L100,2024-04-01,152
P0075,L100,2024-04-01,91
P0076,L100,2024-04-01,194
P0077,L100,2024-04-01,102
P0078,L100,2024-04-01,106
P0079,L100,2024-04-01,31
P0080,L100,2024-04-01,10
P0081,L100,2024-04-01,108
P0082,L100,2024-04-01,14
P0083,L100,2024-04-01,1
P0084,L100,2024-04-01,121
P0085,L100,2024-04-01,38
P0086,L100,2024-04-01,194
P0087,L100,2024-04-01,136
P0088,L100,2024-04-01,187
P0089,L100,2024-04-01,192
P0090,L100,2024-04-01,178
P0091,L100,2024-04-01,85
P0092,L100,2024-04-01,104
P0093,L100,2024-04-01,110
P0094,L100,2024-04-01,107
P0095,L100,2024-04-01,14
P0096,L100,2024-04-01,161
P0097,L100,2024-04-01,198
P0098,L100,2024-04-01,161
P0099,L100,2024-04-01,198
P0100,L100,2024-04-01,196
P0101,L100,2024-04-01,37
P0102,L100,2024-04-01,122
P0103,L100,2024-04-01,119
P0104,L100,2024-04-01,25
P0105,L100,2024-04-01,144
P0106,L100,2024-04-01,119
P0107,L100,2024-04-01,90
P0108,L100,2024-04-01,84
P0109,L100,2024-04-01,133
P0110,L100,2024-04-01,145
P0111,L100,2024-04-01,122
P0112,L100,2024-04-01,95
P0113,L100,2024-04-01,134
P0114,L100,2024-04-01,133
P0115,L100,2024-04-01,70
P0116,L100,2024-04-01,107
P0117,L100,2024-04-01,94
P0118,L100,2024-04-01,123
P0119,L100,2024-04-01,176
P0120,L100,2024-04-01,97
P0121,L100,2024-04-01,77
P0122,L100,2024-04-01,4
P0123,L100,2024-04-01,124
P0124,L100,2024-04-01,103
P0125,L100,2024-04-01,115
P0126,L100,2024-04-01,137
P0127,L100,2024-04-01,165
P0128,L100,2024-04-01,45
P0129,L100,2024-04-01,129
P0130,L100,2024-04-01,84
P0131,L100,2024-04-01,113
P0132,L100,2024-04-01,185
P0133,L100,2024-04-01,24
P0134,L100,2024-04-01,6
P9061,L100,2024-04-01,116
P0136,L100,2024-04-01,141
P0137,L100,2024-04-01,109
P0138,L100,2024-04-01,60
P0139,L100,2024-04-01,60
P0140,L100,2024-04-01,81
P0141,L100,2024-04-01,77
P0142,L100,2024-04-01,159
P0143,L100,2024-04-01,155
P0144,L100,2024-04-01,113
P0145,L100,2024-04-01,73
P0146,L100,2024-04-01,191
P0147,L100,2024-04-01,0
P0148,L100,2024-04-01,1
P0149,L100,2024-04-01,121
P0150,L100,2024-04-01,126
P0001,L001,2024-05-01,181
P0002,L001,2024-05-01,156
P0003,L001,2024-05-01,107
P0004,L001,2024-05-01,135
P0005,L001,2024-05-01,66
P0006,L001,2024-05-01,156
P0007,L001,2024-05-01,95
P0008,L001,2024-05-01,75
P0009,L001,2024-05-01,82
P0010,L001,2024-05-01,93
P0011,L001,2024-05-01,143
P0012,L001,2024-05-01,99
P0013,L001,2024-05-01,116
P0014,L001,2024-05-01,118
P0015,L001,2024-05-01,152
P0016,L001,2024-05-01,20
P0017,L001,2024-05-01,144
P0018,L001,2024-05-01,169
P0019,L001,2024-05-01,99
P0020,L001,2024-05-01,147
P0021,L001,2024-05-01,6
P0022,L001,2024-05-01,113
P0023,L001,2024-05-01,137
P0024,L001,2024-05-01,102
P0025,L001,2024-05-01,84
P0026,L001,2024-05-01,57
P0027,L001,2024-05-01,87
P0028,L001,2024-05-01,117
P0029,L001,2024-05-01,81
P0030,L001,2024-05-01,13
P0031,L001,2024-05-01,174
P9040,L001,2024-05-01,86
P0033,L001,2024-05-01,58
P0034,L001,2024-05-01,22
P0035,L001,2024-05-01,52
P0036,L001,2024-05-01,161
P0037,L001,2024-05-01,105
P0038,L001,2024-05-01,177
P0039,L001,2024-05-01,178
P0040,L001,2024-05-01,83
P0041,L001,2024-05-01,123
P0042,L001,2024-05-01,125
P0043,L001,2024-05-01,31
P0044,L001,2024-05-01,97
P0045,L001,2024-05-01,49
P0046,L001,2024-05-01,167
P0047,L001,2024-05-01,24
P0048,L001,2024-05-01,158
P0049,L001,2024-05-01,34
P0050,L001,2024-05-01,185
P0051,L001,2024-05-01,170
P0052,L001,2024-05-01,116
P0053,L001,2024-05-01,132
P0054,L001,2024-05-01,162
P0055,L001,2024-05-01,126
P0056,L001,2024-05-01,14
P0057,L001,2024-05-01,65
P0058,L001,2024-05-01,137
P0059,L001,2024-05-01,30
P0060,L001,2024-05-01,79
P0061,L001,2024-05-01,77
P0062,L001,2024-05-01,195
P0063,L001,2024-05-01,197
P0064,L001,2024-05-01,128
P0065,L001,2024-05-01,157
P0066,L001,2024-05-01,18
P0067,L001,2024-05-01,72
P0068,L001,2024-05-01,1
P0069,L001,2024-05-01,188
P0070,L001,2024-05-01,36
P0071,L001,2024-05-01,199
P0072,L001,2024-05-01,186
P0073,L001,2024-05-01,2
P0074,L001,2024-05-01,98
P0075,L001,2024-05-01,15
P0076,L001,2024-05-01,67
P0077,L001,2024-05-01,23
P0078,L001,2024-05-01,162
P0079,L001,2024-05-01,160
P0080,L001,2024-05-01,187
P0081,L001,2024-05-01,27
P0082,L001,2024-05-01,16
P0083,L001,2024-05-01,138
P0084,L001,2024-05-01,26
P0085,L001,2024-05-01,91
P0086,L001,2024-05-01,166
P0087,L001,2024-05-01,134
P0088,L001,2024-05-01,118
P0089,L001,2024-05-01,100
P0090,L001,2024-05-01,193
P0091,L001,2024-05-01,118
P0092,L001,2024-05-01,12
P0093,L001,2024-05-01,76
P0094,L001,2024-05-01,116
P0095,L001,2024-05-01,46
P0096,L001,2024-05-01,-15
P0097,L001,2024-05-01,21
P0098,L001,2024-05-01,37
P0099,L001,2024-05-01,10
P0100,L001,2024-05-01,151
P0101,L001,2024-05-01,101
P0102,L001,2024-05-01,140
P0103,L001,2024-05-01,87
P0104,L001,2024-05-01,41
P0105,L001,2024-05-01,156
P0106,L001,2024-05-01,113
P0107,L001,2024-05-01,141
P0108,L001,2024-05-01,22
P0109,L001,2024-05-01,67
P0110,L001,2024-05-01,94
P0111,L001,2024-05-01,40
P0112,L001,2024-05-01,157
P0113,L001,2024-05-01,170
P0114,L001,2024-05-01,90
P0115,L001,2024-05-01,143
P0116,L001,2024-05-01,164
P0117,L001,2024-05-01,123
P0118,L001,2024-05-01,145
P0119,L001,2024-05-01,13
P0120,L001,2024-05-01,178
P0121,L001,2024-05-01,173
P0122,L001,2024-05-01,149
P0123,L001,2024-05-01,100
P0124,L001,2024-05-01,166
P0125,L001,2024-05-01,121
P0126,L001,2024-05-01,22
P0127,L001,2024-05-01,41
P0128,L001,2024-05-01,171
P0129,L001,2024-05-01,126
P0130,L001,2024-05-01,49
P0131,L001,2024-05-01,98
P0132,L001,2024-05-01,70
P0133,L001,2024-05-01,75
P0134,L001,2024-05-01,184
P0135,L001,2024-05-01,102
P0136,L001,2024-05-01,195
P0137,L001,2024-05-01,137
P0138,L001,2024-05-01,38
P0139,L001,2024-05-01,131
P0140,L001,2024-05-01,24
P0141,L001,2024-05-01,151
P0142,L001,2024-05-01,180
P0143,L001,2024-05-01,142
P0144,L001,2024-05-01,30
P0145,L001,2024-05-01,191
P0146,L001,2024-05-01,49
P0147,L001,2024-05-01,86
P0148,L001,2024-05-01,60
P0149,L001,2024-05-01,130
P0150,L001,2024-05-01,161
P0001,L002,2024-05-01,3
P0002,L002,2024-05-01,186
P0003,L002,2024-05-01,162
P0004,L002,2024-05-01,6
P0005,L002,2024-05-01,45
P0006,L002,2024-05-01,31
P0007,L002,2024-05-01,147
P0008,L002,2024-05-01,183
P0009,L002,2024-05-01,68
P0010,L002,2024-05-01,119
P0011,L002,2024-05-01,121
P0012,L002,2024-05-01,152
P0013,L002,2024-05-01,83
P0014,L002,2024-05-01,127
P0015,L002,2024-05-01,160
P0016,L002,2024-05-01,145
P0017,L002,2024-05-01,151
P0018,L002,2024-05-01,198
P0019,L002,2024-05-01,97
P0020,L002,2024-05-01,69
P0021,L002,2024-05-01,112
P0022,L002,2024-05-01,100
P0023,L002,2024-05-01,65
P0024,L002,2024-05-01,40
P0025,L002,2024-05-01,163
P0026,L002,2024-05-01,64
P0027,L002,2024-05-01,3
P0028,L002,2024-05-01,11
P0029,L002,2024-05-01,24
P0030,L002,2024-05-01,18
P0031,L002,2024-05-01,146
P0032,L002,2024-05-01,176
P0033,L002,2024-05-01,157
P0034,L002,2024-05-01,147
P0035,L002,2024-05-01,89
P0036,L002,2024-05-01,29
P0037,L002,2024-05-01,194
P0038,L002,2024-05-01,119
P0039,L002,2024-05-01,10
P0040,L002,2024-05-01,139
P0041,L002,2024-05-01,132
P0042,L002,2024-05-01,106
P0043,L002,2024-05-01,154
P0044,L002,2024-05-01,181
P0045,L002,2024-05-01,163
P0046,L002,2024-05-01,38
P0047,L002,2024-05-01,119
P0048,L002,2024-05-01,189
P0049,L002,2024-05-01,160
P0050,L002,2024-05-01,95
P0051,L002,2024-05-01,57
P0052,L002,2024-05-01,156
P0053,L002,2024-05-01,39
P0054,L002,2024-05-01,151
P0055,L002,2024-05-01,57
P0056,L002,2024-05-01,24
P0057,L002,2024-05-01,77
P0058,L002,2024-05-01,2
P0059,L002,2024-05-01,157
P0060,L002,2024-05-01,25
P0061,L002,2024-05-01,81
P0062,L002,2024-05-01,61
P0063,L002,2024-05-01,76
P0064,L002,2024-05-01,61
P0065,L002,2024-05-01,141
P0066,L002,2024-05-01,161
P0067,L002,2024-05-01,153
P0068,L002,2024-05-01,156
P0069,L002,2024-05-01,119
P0070,L002,2024-05-01,126
P0071,L002,2024-05-01,12
P0072,L002,2024-05-01,161
P0073,L002,2024-05-01,121
P0074,L002,2024-05-01,64
P0075,L002,2024-05-01,148
P0076,L002,2024-05-01,98
P0077,L002,2024-05-01,60
P0078,L002,2024-05-01,160
P0079,L002,2024-05-01,151
P0080,L002,2024-05-01,11
P0081,L002,2024-05-01,22
P0082,L002,2024-05-01,35
P0083,L002,2024-05-01,164
P0084,L002,2024-05-01,9
P0085,L002,2024-05-01,195
P0086,L002,2024-05-01,111
P0087,L002,2024-05-01,80
P0088,L002,2024-05-01,50
P0089,L002,2024-05-01,62
P0090,L002,2024-05-01,31
P0091,L002,2024-05-01,135
P0092,L002,2024-05-01,1
P0093,L002,2024-05-01,102
P0094,L002,2024-05-01,57
P0095,L002,2024-05-01,195
P0096,L002,2024-05-01,166
P0097,L002,2024-05-01,186
P0098,L002,2024-05-01,118
P0099,L002,2024-05-01,181
P0100,L002,2024-05-01,172
P0101,L002,2024-05-01,30
P0102,L002,2024-05-01,51
P0103,L002,2024-05-01,94
P0104,L002,2024-05-01,145
P0105,L002,2024-05-01,60
P0106,L002,2024-05-01,49
P0107,L002,2024-05-01,131
P0108,L002,2024-05-01,41
P0109,L002,2024-05-01,129
P0110,L002,2024-05-01,175
P0111,L002,2024-05-01,83
P0112,L002,2024-05-01,178
P0113,L002,2024-05-01,61
P0114,L002,2024-05-01,35
P0115,L002,2024-05-01,128
P0116,L002,2024-05-01,143
P0117,L002,2024-05-01,178
P0118,L002,2024-05-01,29
P0119,L002,2024-05-01,64
P0120,L002,2024-05-01,-12
P0121,L002,2024-05-01,105
P0122,L002,2024-05-01,106
P0123,L002,2024-05-01,148
P0124,L002,2024-05-01,91
P0125,L002,2024-05-01,68
P0126,L002,2024-05-01,164
P0127,L002,2024-05-01,89
P0128,L002,2024-05-01,93
P0129,L002,2024-05-01,82
P0130,L002,2024-05-01,57
P0131,L002,2024-05-01,117
P0132,L002,2024-05-01,68
P0133,L002,2024-05-01,14
P0134,L002,2024-05-01,69
P0135,L002,2024-05-01,123
P0136,L002,2024-05-01,111
P0137,L002,2024-05-01,52
P0138,L002,2024-05-01,25
P0139,L002,2024-05-01,160
P0140,L002,2024-05-01,67
P0141,L002,2024-05-01,20
P0142,L002,2024-05-01,6
P0143,L002,2024-05-01,156
P0144,L002,2024-05-01,101
P0145,L002,2024-05-01,184
P0146,L002,2024-05-01,74
P0147,L002,2024-05-01,22
P0148,L002,2024-05-01,176
P0149,L002,2024-05-01,181
P0150,L002,2024-05-01,13
P0001,L003,2024-05-01,84
P0002,L003,2024-05-01,44
P0003,L003,2024-05-01,2
P0004,L003,2024-05-01,65
P0005,L003,2024-05-01,10
P0006,L003,2024-05-01,76
P0007,L003,2024-05-01,109
P0008,L003,2024-05-01,14
P0009,L003,2024-05-01,24
P0010,L003,2024-05-01,30
P0011,L003,2024-05-01,50
P0012,L003,2024-05-01,20
P0013,L003,2024-05-01,50
P0014,L003,2024-05-01,101
P0015,L003,2024-05-01,172
P0016,L003,2024-05-01,155
P0017,L003,2024-05-01,84
P0018,L003,2024-05-01,196
P0019,L003,2024-05-01,151
P0020,L003,2024-05-01,53
P0021,L003,2024-05-01,113
P0022,L003,2024-05-01,13
P0023,L003,2024-05-01,157
P0024,L003,2024-05-01,36
P0025,L003,2024-05-01,-7
P0026,L003,2024-05-01,186
P0027,L003,2024-05-01,167
P0028,L003,2024-05-01,14
P0029,L003,2024-05-01,156
P0030,L003,2024-05-01,176
P0031,L003,2024-05-01,60
P0032,L003,2024-05-01,174
P0033,L003,2024-05-01,45
P0034,L003,2024-05-01,85
P0035,L003,2024-05-01,35
P0036,L003,2024-05-01,177
P0037,L003,2024-05-01,68
P0038,L003,2024-05-01,-17
P0039,L003,2024-05-01,100
P0040,L003,2024-05-01,164
P0041,L003,2024-05-01,30
P0042,L003,2024-05-01,104
P0043,L003,2024-05-01,126
P0044,L003,2024-05-01,161
P0045,L003,2024-05-01,117
P0046,L003,2024-05-01,120
P0047,L003,2024-05-01,198
P0048,L003,2024-05-01,26
P0049,L003,2024-05-01,43
P0050,L003,2024-05-01,-4
P0051,L003,2024-05-01,48
P0052,L003,2024-05-01,15
P0053,L003,2024-05-01,137
P0054,L003,2024-05-01,193
P0055,L003,2024-05-01,123
P0056,L003,2024-05-01,177
P0057,L003,2024-05-01,65
P0058,L003,2024-05-01,188
P0059,L003,2024-05-01,134
P0060,L003,2024-05-01,110
P0061,L003,2024-05-01,143
P0062,L003,2024-05-01,140
P0063,L003,2024-05-01,110
P0064,L003,2024-05-01,55
P0065,L003,2024-05-01,83
P0066,L003,2024-05-01,70
P0067,L003,2024-05-01,83
P0068,L003,2024-05-01,152
P0069,L003,2024-05-01,91
P0070,L003,2024-05-01,1
P0071,L003,2024-05-01,151
P0072,L003,2024-05-01,52
P0073,L003,2024-05-01,126
P0074,L003,2024-05-01,43
P0075,L003,2024-05-01,13
P0076,L003,2024-05-01,29
P0077,L003,2024-05-01,185
P0078,L003,2024-05-01,50
P0079,L003,2024-05-01,171
P0080,L003,2024-05-01,122
P0081,L003,2024-05-01,173
P0082,L003,2024-05-01,153
P0083,L003,2024-05-01,60
P0084,L003,2024-05-01,97
P0085,L003,2024-05-01,72
P0086,L003,2024-05-01,51
P0087,L003,2024-05-01,177
P0088,L003,2024-05-01,28
P0089,L003,2024-05-01,189
P0090,L003,2024-05-01,66
P0091,L003,2024-05-01,3
P0092,L003,2024-05-01,15
P0093,L003,2024-05-01,13
P0094,L003,2024-05-01,63
P0095,L003,2024-05-01,118
P0096,L003,2024-05-01,57
P0097,L003,2024-05-01,50
P0098,L003,2024-05-01,112
P0099,L003,2024-05-01,189
P0100,L003,2024-05-01,172
P0101,L003,2024-05-01,186
P0102,L003,2024-05-01,58
P0103,L003,2024-05-01,75
P0104,L003,2024-05-01,16
P0105,L003,2024-05-01,93
P0106,L003,2024-05-01,64
P0107,L003,2024-05-01,105
P0108,L003,2024-05-01,68
P0109,L003,2024-05-01,134
P0110,L003,2024-05-01,97
P0111,L003,2024-05-01,35
P0112,L003,2024-05-01,103
P0113,L003,2024-05-01,78
P0114,L003,2024-05-01,133
P0115,L003,2024-05-01,87
P0116,L003,2024-05-01,158
P0117,L003,2024-05-01,174
P0118,L003,2024-05-01,137
P0119,L003,2024-05-01,193
P0120,L003,2024-05-01,81
P0121,L003,2024-05-01,97
P0122,L003,2024-05-01,151
P0123,L003,2024-05-01,143
P0124,L003,2024-05-01,190
P0125,L003,2024-05-01,85
P0126,L003,2024-05-01,5
P0127,L003,2024-05-01,142
P0128,L003,2024-05-01,115
P0129,L003,2024-05-01,32
P0130,L003,2024-05-01,44
P0131,L003,2024-05-01,133
P0132,L003,2024-05-01,166
P0133,L003,2024-05-01,7
P0134,L003,2024-05-01,150
P0135,L003,2024-05-01,113
P0136,L003,2024-05-01,173
P0137,L003,2024-05-01,138
P0138,L003,2024-05-01,34
P0139,L003,2024-05-01,153
P0140,L003,2024-05-01,120
P0141,L003,2024-05-01,0
P0142,L003,2024-05-01,107
P0143,L003,2024-05-01,40
P0144,L003,2024-05-01,9
P0145,L003,2024-05-01,10
P0146,L003,2024-05-01,44
P0147,L003,2024-05-01,192
P0148,L003,2024-05-01,48
P0149,L003,2024-05-01,176
P0150,L003,2024-05-01,13
P0001,L004,2024-05-01,37
P0002,L004,2024-05-01,48
P0003,L004,2024-05-01,161
P0004,L004,2024-05-01,138
P0005,L004,2024-05-01,89
P0006,L004,2024-05-01,1
P0007,L004,2024-05-01,130
P0008,L004,2024-05-01,17
P0009,L004,2024-05-01,109
P0010,L004,2024-05-01,141
P0011,L004,2024-05-01,31
P0012,L004,2024-05-01,13
P0013,L004,2024-05-01,140
P0014,L004,2024-05-01,182
P0015,L004,2024-05-01,65
P0016,L004,2024-05-01,85
P0017,L004,2024-05-01,27
P0018,L004,2024-05-01,46
P0019,L004,2024-05-01,167
P0020,L004,2024-05-01,119
P0021,L004,2024-05-01,112
P0022,L004,2024-05-01,135
P0023,L004,2024-05-01,178
P0024,L004,2024-05-01,27
P0025,L004,2024-05-01,75
P0026,L004,2024-05-01,21
P0027,L004,2024-05-01,-10
P0028,L004,2024-05-01,69
P0029,L004,2024-05-01,98
P0030,L004,2024-05-01,70
P0031,L004,2024-05-01,77
P0032,L004,2024-05-01,24
P0033,L004,2024-05-01,186
P0034,L004,2024-05-01,81
P0035,L004,2024-05-01,189
P0036,L004,2024-05-01,100
P0037,L004,2024-05-01,78
P0038,L004,2024-05-01,64
P0039,L004,2024-05-01,44
P0040,L004,2024-05-01,81
P0041,L004,2024-05-01,95
P0042,L004,2024-05-01,98
P0043,L004,2024-05-01,199
P0044,L004,2024-05-01,62
P0045,L004,2024-05-01,34
P0046,L004,2024-05-01,92
P0047,L004,2024-05-01,119
P0048,L004,2024-05-01,82
P0049,L004,2024-05-01,-2
P0050,L004,2024-05-01,160
P0051,L004,2024-05-01,130
P0052,L004,2024-05-01,181
P0053,L004,2024-05-01,189
P0054,L004,2024-05-01,198
P0055,L004,2024-05-01,192
P0056,L004,2024-05-01,194
P0057,L004,2024-05-01,70
P0058,L004,2024-05-01,196
P0059,L004,2024-05-01,29
P0060,L004,2024-05-01,78
P0061,L004,2024-05-01,5
P0062,L004,2024-05-01,15
P0063,L004,2024-05-01,163
P0064,L004,2024-05-01,37
P0065,L004,2024-05-01,123
P0066,L004,2024-05-01,127
P0067,L004,2024-05-01,127
P0068,L004,2024-05-01,158
P0069,L004,2024-05-01,119
P0070,L004,2024-05-01,14
P0071,L004,2024-05-01,22
P0072,L004,2024-05-01,43
P0073,L004,2024-05-01,83
P0074,L004,2024-05-01,130
P0075,L004,2024-05-01,82
P0076,L004,2024-05-01,46
P0077,L004,2024-05-01,92
P0078,L004,2024-05-01,108
P0079,L004,2024-05-01,78
P0080,L004,2024-05-01,69
P0081,L004,2024-05-01,35
P0082,L004,2024-05-01,91
P0083,L004,2024-05-01,167
P0084,L004,2024-05-01,23
P0085,L004,2024-05-01,145
P0086,L004,2024-05-01,166
P0087,L004,2024-05-01,40
P0088,L004,2024-05-01,136
P0089,L004,2024-05-01,104
P0090,L004,2024-05-01,138
P0091,L004,2024-05-01,35
P0092,L004,2024-05-01,95
P0093,L004,2024-05-01,133
P0094,L004,2024-05-01,106
P0095,L004,2024-05-01,21
P0096,L004,2024-05-01,14
P0097,L004,2024-05-01,33
P0098,L004,2024-05-01,106
P0099,L004,2024-05-01,183
P0100,L004,2024-05-01,99
P0101,L004,2024-05-01,33
P0102,L004,2024-05-01,67
P0103,L004,2024-05-01,161
P0104,L004,2024-05-01,51
P0105,L004,2024-05-01,196
P0106,L004,2024-05-01,8
P0107,L004,2024-05-01,190
P0108,L004,2024-05-01,199
P0109,L004,2024-05-01,134
P0110,L004,2024-05-01,125
P0111,L004,2024-05-01,86
P0112,L004,2024-05-01,15
P0113,L004,2024-05-01,180
P0114,L004,2024-05-01,132
P0115,L004,2024-05-01,114
P0116,L004,2024-05-01,110
P0117,L004,2024-05-01,77
P0118,L004,2024-05-01,44
P0119,L004,2024-05-01,119
P0120,L004,2024-05-01,28
P0121,L004,2024-05-01,32
P0122,L004,2024-05-01,159
P0123,L004,2024-05-01,33
P0124,L004,2024-05-01,92
P0125,L004,2024-05-01,77
P0126,L004,2024-05-01,40
P0127,L004,2024-05-01,170
P0128,L004,2024-05-01,8
P0129,L004,2024-05-01,120
P0130,L004,2024-05-01,61
P0131,L004,2024-05-01,59
P0132,L004,2024-05-01,193
P0133,L004,2024-05-01,68
P0134,L004,2024-05-01,34
P0135,L004,2024-05-01,96
P0136,L004,2024-05-01,63
P0137,L004,2024-05-01,121
P0138,L004,2024-05-01,161
P0139,L004,2024-05-01,160
P0140,L004,2024-05-01,60
P0141,L004,2024-05-01,10
P0142,L004,2024-05-01,91
P0143,L004,2024-05-01,100
P0144,L004,2024-05-01,46
P0145,L004,2024-05-01,183
P0146,L004,2024-05-01,187
P0147,L004,2024-05-01,84
P0148,L004,2024-05-01,2
P0149,L004,2024-05-01,31
P0150,L004,2024-05-01,43
P0001,L005,2024-05-01,44
P0002,L005,2024-05-01,182
P0003,L005,2024-05-01,173
P0004,L005,2024-05-01,133
P0005,L005,2024-05-01,108
P0006,L005,2024-05-01,194
P0007,L005,2024-05-01,15
P0008,L005,2024-05-01,11
P0009,L005,2024-05-01,33
P0010,L005,2024-05-01,138
P0011,L005,2024-05-01,151
P0012,L005,2024-05-01,46
P0013,L005,2024-05-01,106
P0014,L005,2024-05-01,165
P0015,L005,2024-05-01,187
P0016,L005,2024-05-01,181
P0017,L005,2024-05-01,9
P0018,L005,2024-05-01,70
P0019,L005,2024-05-01,85
P0020,L005,2024-05-01,74
P0021,L005,2024-05-01,131
P0022,L005,2024-05-01,32
P0023,L005,2024-05-01,52
P0024,L005,2024-05-01,66
P0025,L005,2024-05-01,169
P0026,L005,2024-05-01,68
P0027,L005,2024-05-01,2
P0028,L005,2024-05-01,86
P0029,L005,2024-05-01,72
P0030,L005,2024-05-01,14
P0031,L005,2024-05-01,95
P0032,L005,2024-05-01,21
P9003,L005,2024-05-01,165
P0034,L005,2024-05-01,103
P0035,L005,2024-05-01,183
P0036,L005,2024-05-01,59
P0037,L005,2024-05-01,144
P0038,L005,2024-05-01,115
P0039,L005,2024-05-01,121
P0040,L005,2024-05-01,171
P0041,L005,2024-05-01,95
P0042,L005,2024-05-01,74
P0043,L005,2024-05-01,106
P0044,L005,2024-05-01,130
P0045,L005,2024-05-01,26
P0046,L005,2024-05-01,181
P0047,L005,2024-05-01,99
P0048,L005,2024-05-01,188
P0049,L005,2024-05-01,128
P0050,L005,2024-05-01,192
P0051,L005,2024-05-01,123
P0052,L005,2024-05-01,123
P0053,L005,2024-05-01,190
P0054,L005,2024-05-01,149
P0055,L005,2024-05-01,146
P0056,L005,2024-05-01,188
P0057,L005,2024-05-01,8
P0058,L005,2024-05-01,96
P0059,L005,2024-05-01,150
P0060,L005,2024-05-01,54
P0061,L005,2024-05-01,60
P0062,L005,2024-05-01,189
P0063,L005,2024-05-01,132
P0064,L005,2024-05-01,133
P0065,L005,2024-05-01,7
P0066,L005,2024-05-01,91
P0067,L005,2024-05-01,45
P0068,L005,2024-05-01,115
P0069,L005,2024-05-01,9
P0070,L005,2024-05-01,54
P0071,L005,2024-05-01,19
P0072,L005,2024-05-01,4
P0073,L005,2024-05-01,181
P0074,L005,2024-05-01,38
P0075,L005,2024-05-01,-7
P0076,L005,2024-05-01,69
P0077,L005,2024-05-01,154
P0078,L005,2024-05-01,127
P0079,L005,2024-05-01,189
P0080,L005,2024-05-01,188
P0081,L005,2024-05-01,145
P0082,L005,2024-05-01,180
P0083,L005,2024-05-01,90
P0084,L005,2024-05-01,93
P0085,L005,2024-05-01,113
P0086,L005,2024-05-01,129
P0087,L005,2024-05-01,71
P0088,L005,2024-05-01,105
P0089,L005,2024-05-01,161
P0090,L005,2024-05-01,9
P0091,L005,2024-05-01,54
P0092,L005,2024-05-01,78
P0093,L005,2024-05-01,110
P0094,L005,2024-05-01,159
P0095,L005,2024-05-01,160
P0096,L005,2024-05-01,6
P0097,L005,2024-05-01,142
P0098,L005,2024-05-01,182
P0099,L005,2024-05-01,128
P0100,L005,2024-05-01,23
P0101,L005,2024-05-01,34
P0102,L005,2024-05-01,135
P0103,L005,2024-05-01,62
P0104,L005,2024-05-01,54
P0105,L005,2024-05-01,53
P0106,L005,2024-05-01,52
P0107,L005,2024-05-01,52
P0108,L005,2024-05-01,18
P0109,L005,2024-05-01,52
P0110,L005,2024-05-01,53
P0111,L005,2024-05-01,195
P0112,L005,2024-05-01,179
P0113,L005,2024-05-01,164
P0114,L005,2024-05-01,68
P0115,L005,2024-05-01,49
P0116,L005,2024-05-01,180
P0117,L005,2024-05-01,70
P0118,L005,2024-05-01,158
P0119,L005,2024-05-01,10
P0120,L005,2024-05-01,115
P0121,L005,2024-05-01,169
P0122,L005,2024-05-01,77
P0123,L005,2024-05-01,74
P0124,L005,2024-05-01,15
P0125,L005,2024-05-01,68
P0126,L005,2024-05-01,142
P0127,L005,2024-05-01,84
P0128,L005,2024-05-01,71
P0129,L005,2024-05-01,12
P0130,L005,2024-05-01,81
P0131,L005,2024-05-01,169
P0132,L005,2024-05-01,198
P0133,L005,2024-05-01,99
P0134,L005,2024-05-01,104
P0135,L005,2024-05-01,190
P0136,L005,2024-05-01,184
P0137,L005,2024-05-01,8
P0138,L005,2024-05-01,136
P0139,L005,2024-05-01,133
P0140,L005,2024-05-01,114
P0141,L005,2024-05-01,70
P0142,L005,2024-05-01,195
P0143,L005,2024-05-01,15
P0144,L005,2024-05-01,12
P0145,L005,2024-05-01,147
P0146,L005,2024-05-01,37
P0147,L005,2024-05-01,40
P0148,L005,2024-05-01,155
P0149,L005,2024-05-01,102
P0150,L005,2024-05-01,197
P0001,L006,2024-05-01,118
P0002,L006,2024-05-01,193
P0003,L006,2024-05-01,194
P0004,L006,2024-05-01,117
P0005,L006,2024-05-01,137
P0006,L006,2024-05-01,139
P0007,L006,2024-05-01,135
P0008,L006,2024-05-01,18
P0009,L006,2024-05-01,108
P9030,L006,2024-05-01,180
P0011,L006,2024-05-01,149
P0012,L006,2024-05-01,174
P0013,L006,2024-05-01,128
P0014,L006,2024-05-01,127
P0015,L006,2024-05-01,12
P0016,L006,2024-05-01,102
P0017,L006,2024-05-01,52
P0018,L006,2024-05-01,151
P0019,L006,2024-05-01,176
P0020,L006,2024-05-01,81
P0021,L006,2024-05-01,54
P0022,L006,2024-05-01,-3
P0023,L006,2024-05-01,94
P0024,L006,2024-05-01,170
P0025,L006,2024-05-01,107
P0026,L006,2024-05-01,120
P0027,L006,2024-05-01,87
P0028,L006,2024-05-01,26
P0029,L006,2024-05-01,147
P0030,L006,2024-05-01,4
P0031,L006,2024-05-01,148
P0032,L006,2024-05-01,79
P0033,L006,2024-05-01,187
P0034,L006,2024-05-01,31
P0035,L006,2024-05-01,13
P0036,L006,2024-05-01,132
P0037,L006,2024-05-01,9
P0038,L006,2024-05-01,36
P0039,L006,2024-05-01,19
P0040,L006,2024-05-01,150
P0041,L006,2024-05-01,165
P0042,L006,2024-05-01,121
P0043,L006,2024-05-01,156
P0044,L006,2024-05-01,39
P0045,L006,2024-05-01,157
P0046,L006,2024-05-01,58
P0047,L006,2024-05-01,97
P0048,L006,2024-05-01,5
P0049,L006,2024-05-01,41
P0050,L006,2024-05-01,163
P0051,L006,2024-05-01,53
P0052,L006,2024-05-01,92
P0053,L006,2024-05-01,190
P0054,L006,2024-05-01,110
P0055,L006,2024-05-01,117
P0056,L006,2024-05-01,47
P0057,L006,2024-05-01,118
P0058,L006,2024-05-01,155
P0059,L006,2024-05-01,161
P0060,L006,2024-05-01,152
P0061,L006,2024-05-01,22
P0062,L006,2024-05-01,188
P0063,L006,2024-05-01,17
P0064,L006,2024-05-01,44
P0065,L006,2024-05-01,24
P0066,L006,2024-05-01,1
P0067,L006,2024-05-01,167
P0068,L006,2024-05-01,112
P0069,L006,2024-05-01,110
P0070,L006,2024-05-01,170
P0071,L006,2024-05-01,3
P0072,L006,2024-05-01,61
P0073,L006,2024-05-01,170
P0074,L006,2024-05-01,159
P0075,L006,2024-05-01,187
P0076,L006,2024-05-01,43
P0077,L006,2024-05-01,116
P0078,L006,2024-05-01,3
P0079,L006,2024-05-01,30
P0080,L006,2024-05-01,117
P0081,L006,2024-05-01,20
P0082,L006,2024-05-01,194
P0083,L006,2024-05-01,122
P0084,L006,2024-05-01,23
P0085,L006,2024-05-01,11
P0086,L006,2024-05-01,101
P0087,L006,2024-05-01,160
P0088,L006,2024-05-01,158
P0089,L006,2024-05-01,152
P0090,L006,2024-05-01,180
P0091,L006,2024-05-01,136
P0092,L006,2024-05-01,37
P0093,L006,2024-05-01,177
P0094,L006,2024-05-01,170
P0095,L006,2024-05-01,7
P0096,L006,2024-05-01,16
P0097,L006,2024-05-01,60
P0098,L006,2024-05-01,74
P0099,L006,2024-05-01,-9
P0100,L006,2024-05-01,6
P0101,L006,2024-05-01,79
P0102,L006,2024-05-01,66
P0103,L006,2024-05-01,187
P0104,L006,2024-05-01,167
P0105,L006,2024-05-01,42
P0106,L006,2024-05-01,175
P0107,L006,2024-05-01,67
P0108,L006,2024-05-01,184
P0109,L006,2024-05-01,193
P0110,L006,2024-05-01,138
P0111,L006,2024-05-01,64
P0112,L006,2024-05-01,0
P0113,L006,2024-05-01,85
P0114,L006,2024-05-01,11
P0115,L006,2024-05-01,188
P0116,L006,2024-05-01,165
P0117,L006,2024-05-01,195
P0118,L006,2024-05-01,164
P0119,L006,2024-05-01,74
P0120,L006,2024-05-01,190
P0121,L006,2024-05-01,68
P0122,L006,2024-05-01,53
P0123,L006,2024-05-01,21
P0124,L006,2024-05-01,134
P0125,L006,2024-05-01,133
P0126,L006,2024-05-01,28
P0127,L006,2024-05-01,110
P0128,L006,2024-05-01,127
P0129,L006,2024-05-01,131
P0130,L006,2024-05-01,22
P0131,L006,2024-05-01,-8
P0132,L006,2024-05-01,29
P0133,L006,2024-05-01,67
P0134,L006,2024-05-01,155
P0135,L006,2024-05-01,181
P0136,L006,2024-05-01,195
P0137,L006,2024-05-01,16
P0138,L006,2024-05-01,181
P0139,L006,2024-05-01,155
P0140,L006,2024-05-01,167
P0141,L006,2024-05-01,104
P0142,L006,2024-05-01,94
P0143,L006,2024-05-01,114
P0144,L006,2024-05-01,60
P0145,L006,2024-05-01,195
P0146,L006,2024-05-01,56
P0147,L006,2024-05-01,49
P0148,L006,2024-05-01,77
P0149,L006,2024-05-01,89
P0150,L006,2024-05-01,-18
P0001,L100,2024-05-01,110
P0002,L100,2024-05-01,192
P0003,L100,2024-05-01,59
P0004,L100,2024-05-01,62
P0005,L100,2024-05-01,83
P0006,L100,2024-05-01,57
P0007,L100,2024-05-01,143
P0008,L100,2024-05-01,156
P0009,L100,2024-05-01,79
P0010,L100,2024-05-01,13
P0011,L100,2024-05-01,50
P0012,L100,2024-05-01,164
P0013,L100,2024-05-01,3
P0014,L100,2024-05-01,83
P0015,L100,2024-05-01,181
P0016,L100,2024-05-01,165
P0017,L100,2024-05-01,16
P0018,L100,2024-05-01,14
P0019,L100,2024-05-01,127
P0020,L100,2024-05-01,167
P0021,L100,2024-05-01,92
P0022,L100,2024-05-01,105
P0023,L100,2024-05-01,24
P0024,L100,2024-05-01,141
P0025,L100,2024-05-01,66
P0026,L100,2024-05-01,130
P0027,L100,2024-05-01,-6
P0028,L100,2024-05-01,59
P0029,L100,2024-05-01,102
P0030,L100,2024-05-01,42
P0031,L100,2024-05-01,26
P0032,L100,2024-05-01,157
P0033,L100,2024-05-01,92
P0034,L100,2024-05-01,92
P0035,L100,2024-05-01,79
P0036,L100,2024-05-01,132
P0037,L100,2024-05-01,30
P0038,L100,2024-05-01,99
P0039,L100,2024-05-01,11
P0040,L100,2024-05-01,147
P0041,L100,2024-05-01,79
P0042,L100,2024-05-01,109
P0043,L100,2024-05-01,36
P0044,L100,2024-05-01,160
P0045,L100,2024-05-01,9
P0046,L100,2024-05-01,116
P0047,L100,2024-05-01,172
P0048,L100,2024-05-01,68
P0049,L100,2024-05-01,120
P0050,L100,2024-05-01,70
P0051,L100,2024-05-01,104
P0052,L100,2024-05-01,114
P0053,L100,2024-05-01,42
P0054,L100,2024-05-01,108
P0055,L100,2024-05-01,110
P0056,L100,2024-05-01,84
P0057,L100,2024-05-01,198
P0058,L100,2024-05-01,154
P0059,L100,2024-05-01,20
P0060,L100,2024-05-01,193
P0061,L100,2024-05-01,137
P0062,L100,2024-05-01,94
P0063,L100,2024-05-01,134
P0064,L100,2024-05-01,11
P0065,L100,2024-05-01,172
P0066,L100,2024-05-01,150
P0067,L100,2024-05-01,32
P0068,L100,2024-05-01,118
P0069,L100,2024-05-01,95
P0070,L100,2024-05-01,138
P0071,L100,2024-05-01,101
P0072,L100,2024-05-01,195
P0073,L100,2024-05-01,118
P0074,L100,2024-05-01,27
P0075,L100,2024-05-01,53
P0076,L100,2024-05-01,116
P0077,L100,2024-05-01,173
P0078,L100,2024-05-01,100
P0079,L100,2024-05-01,60
P0080,L100,2024-05-01,16
P0081,L100,2024-05-01,152
P0082,L100,2024-05-01,102
P0083,L100,2024-05-01,1
P0084,L100,2024-05-01,175
P0085,L100,2024-05-01,110
P0086,L100,2024-05-01,44
P0087,L100,2024-05-01,80
P0088,L100,2024-05-01,189
P0089,L100,2024-05-01,158
P0090,L100,2024-05-01,117
P0091,L100,2024-05-01,21
P0092,L100,2024-05-01,126
P0093,L100,2024-05-01,134
P0094,L100,2024-05-01,167
P0095,L100,2024-05-01,158
P0096,L100,2024-05-01,177
P0097,L100,2024-05-01,45
P0098,L100,2024-05-01,132
P0099,L100,2024-05-01,43
P0100,L100,2024-05-01,14
P0101,L100,2024-05-01,71
P0102,L100,2024-05-01,1
P0103,L100,2024-05-01,85
P0104,L100,2024-05-01,144
P0105,L100,2024-05-01,29
P0106,L100,2024-05-01,41
P0107,L100,2024-05-01,150
P0108,L100,2024-05-01,59
P0109,L100,2024-05-01,180
P0110,L100,2024-05-01,132
P0111,L100,2024-05-01,61
P0112,L100,2024-05-01,196
P0113,L100,2024-05-01,179
P0114,L100,2024-05-01,45
P0115,L100,2024-05-01,179
P0116,L100,2024-05-01,41
P0117,L100,2024-05-01,173
P0118,L100,2024-05-01,175
P0119,L100,2024-05-01,169
P0120,L100,2024-05-01,47
P0121,L100,2024-05-01,85
P0122,L100,2024-05-01,142
P0123,L100,2024-05-01,196
P0124,L100,2024-05-01,13
P0125,L100,2024-05-01,47
P0126,L100,2024-05-01,169
P0127,L100,2024-05-01,20
P0128,L100,2024-05-01,20
P0129,L100,2024-05-01,32
P0130,L100,2024-05-01,22
P0131,L100,2024-05-01,51
P0132,L100,2024-05-01,38
P0133,L100,2024-05-01,96
P0134,L100,2024-05-01,163
P0135,L100,2024-05-01,171
P0136,L100,2024-05-01,120
P0137,L100,2024-05-01,81
P0138,L100,2024-05-01,179
P0139,L100,2024-05-01,32
P0140,L100,2024-05-01,185
P0141,L100,2024-05-01,172
P0142,L100,2024-05-01,161
P0143,L100,2024-05-01,74
P0144,L100,2024-05-01,10
P0145,L100,2024-05-01,83
P0146,L100,2024-05-01,151
P0147,L100,2024-05-01,145
P0148,L100,2024-05-01,82
P0149,L100,2024-05-01,35
P0150,L100,2024-05-01,158
P0001,L001,2024-06-01,40
P0002,L001,2024-06-01,7
P0003,L001,2024-06-01,144
P0004,L001,2024-06-01,159
P0005,L001,2024-06-01,171
P0006,L001,2024-06-01,199
P0007,L001,2024-06-01,119
P0008,L001,2024-06-01,53
P0009,L001,2024-06-01,-2
P0010,L001,2024-06-01,172
P0011,L001,2024-06-01,121
P0012,L001,2024-06-01,67
P0013,L001,2024-06-01,179
P0014,L001,2024-06-01,196
P0015,L001,2024-06-01,152
P0016,L001,2024-06-01,152
P0017,L001,2024-06-01,116
P0018,L001,2024-06-01,123
P0019,L001,2024-06-01,71
P0020,L001,2024-06-01,62
P0021,L001,2024-06-01,176
P0022,L001,2024-06-01,17
P0023,L001,2024-06-01,35
P0024,L001,2024-06-01,148
P0025,L001,2024-06-01,100
P0026,L001,2024-06-01,157
P0027,L001,2024-06-01,172
P0028,L001,2024-06-01,154
P0029,L001,2024-06-01,155
P0030,L001,2024-06-01,21
P0031,L001,2024-06-01,76
P0032,L001,2024-06-01,95
P0033,L001,2024-06-01,167
P0034,L001,2024-06-01,178
P0035,L001,2024-06-01,108
P0036,L001,2024-06-01,151
P0037,L001,2024-06-01,46
P0038,L001,2024-06-01,178
P0039,L001,2024-06-01,10
P0040,L001,2024-06-01,155
P0041,L001,2024-06-01,67
P0042,L001,2024-06-01,38
P0043,L001,2024-06-01,174
P0044,L001,2024-06-01,74
P0045,L001,2024-06-01,141
P0046,L001,2024-06-01,171
P0047,L001,2024-06-01,176
P0048,L001,2024-06-01,101
P0049,L001,2024-06-01,163
P0050,L001,2024-06-01,71
P0051,L001,2024-06-01,74
P0052,L001,2024-06-01,146
P0053,L001,2024-06-01,121
P0054,L001,2024-06-01,82
P0055,L001,2024-06-01,179
P0056,L001,2024-06-01,104
P0057,L001,2024-06-01,138
P0058,L001,2024-06-01,129
P0059,L001,2024-06-01,158
P0060,L001,2024-06-01,158
P0061,L001,2024-06-01,84
P0062,L001,2024-06-01,169
P0063,L001,2024-06-01,83
P0064,L001,2024-06-01,47
P0065,L001,2024-06-01,50
P0066,L001,2024-06-01,147
P0067,L001,2024-06-01,33
P0068,L001,2024-06-01,33
P0069,L001,2024-06-01,147
P0070,L001,2024-06-01,15
P0071,L001,2024-06-01,96
P0072,L001,2024-06-01,198
P0073,L001,2024-06-01,121
P0074,L001,2024-06-01,85
P0075,L001,2024-06-01,82
P0076,L001,2024-06-01,180
P0077,L001,2024-06-01,74
P0078,L001,2024-06-01,158
P0079,L001,2024-06-01,11
P0080,L001,2024-06-01,188
P0081,L001,2024-06-01,156
P0082,L001,2024-06-01,159
P0083,L001,2024-06-01,72
P0084,L001,2024-06-01,110
P0085,L001,2024-06-01,29
P0086,L001,2024-06-01,98
P0087,L001,2024-06-01,113
P0088,L001,2024-06-01,95
P0089,L001,2024-06-01,108
P0090,L001,2024-06-01,138
P0091,L001,2024-06-01,19
P0092,L001,2024-06-01,155
P0093,L001,2024-06-01,117
P0094,L001,2024-06-01,156
P0095,L001,2024-06-01,31
P0096,L001,2024-06-01,165
P0097,L001,2024-06-01,73
P0098,L001,2024-06-01,111
P0099,L001,2024-06-01,51
P0100,L001,2024-06-01,12
P0101,L001,2024-06-01,55
P0102,L001,2024-06-01,48
P0103,L001,2024-06-01,16
P0104,L001,2024-06-01,129
P0105,L001,2024-06-01,135
P0106,L001,2024-06-01,13
P0107,L001,2024-06-01,185
P0108,L001,2024-06-01,154
P0109,L001,2024-06-01,193
P0110,L001,2024-06-01,95
P0111,L001,2024-06-01,61
P0112,L001,2024-06-01,12
P0113,L001,2024-06-01,183
P0114,L001,2024-06-01,128
P0115,L001,2024-06-01,169
P0116,L001,2024-06-01,30
P0117,L001,2024-06-01,70
P0118,L001,2024-06-01,139
P0119,L001,2024-06-01,86
P0120,L001,2024-06-01,99
P0121,L001,2024-06-01,180
P0122,L001,2024-06-01,161
P0123,L001,2024-06-01,119
P0124,L001,2024-06-01,111
P0125,L001,2024-06-01,164
P0126,L001,2024-06-01,145
P0127,L001,2024-06-01,155
P0128,L001,2024-06-01,170
P0129,L001,2024-06-01,44
P0130,L001,2024-06-01,57
P0131,L001,2024-06-01,175
P0132,L001,2024-06-01,64
P0133,L001,2024-06-01,163
P0134,L001,2024-06-01,34
P0135,L001,2024-06-01,92
P0136,L001,2024-06-01,45
P0137,L001,2024-06-01,9
P0138,L001,2024-06-01,87
P0139,L001,2024-06-01,176
P0140,L001,2024-06-01,63
P0141,L001,2024-06-01,192
P0142,L001,2024-06-01,90
P0143,L001,2024-06-01,91
P0144,L001,2024-06-01,33
P0145,L001,2024-06-01,133
P0146,L001,2024-06-01,37
P0147,L001,2024-06-01,-12
P0148,L001,2024-06-01,185
P0149,L001,2024-06-01,161
P0150,L001,2024-06-01,45
P0001,L002,2024-06-01,113
P0002,L002,2024-06-01,45
P0003,L002,2024-06-01,154
P0004,L002,2024-06-01,174
P0005,L002,2024-06-01,6
P0006,L002,2024-06-01,134
P0007,L002,2024-06-01,165
P0008,L002,2024-06-01,43
P0009,L002,2024-06-01,109
P0010,L002,2024-06-01,102
P0011,L002,2024-06-01,161
P0012,L002,2024-06-01,13
P0013,L002,2024-06-01,91
P0014,L002,2024-06-01,101
P0015,L002,2024-06-01,136
P0016,L002,2024-06-01,135
P0017,L002,2024-06-01,152
P0018,L002,2024-06-01,24
P0019,L002,2024-06-01,170
P0020,L002,2024-06-01,136
P0021,L002,2024-06-01,88
P0022,L002,2024-06-01,172
P0023,L002,2024-06-01,103
P0024,L002,2024-06-01,92
P0025,L002,2024-06-01,194
P0026,L002,2024-06-01,167
P0027,L002,2024-06-01,139
P0028,L002,2024-06-01,78
P0029,L002,2024-06-01,132
P0030,L002,2024-06-01,65
P0031,L002,2024-06-01,84
P0032,L002,2024-06-01,109
P0033,L002,2024-06-01,87
P0034,L002,2024-06-01,82
P0035,L002,2024-06-01,184
P0036,L002,2024-06-01,17
P0037,L002,2024-06-01,179
P0038,L002,2024-06-01,0
P0039,L002,2024-06-01,36
P0040,L002,2024-06-01,99
P0041,L002,2024-06-01,10
P0042,L002,2024-06-01,100
P0043,L002,2024-06-01,48
P0044,L002,2024-06-01,104
P0045,L002,2024-06-01,9
P0046,L002,2024-06-01,194
P0047,L002,2024-06-01,129
P0048,L002,2024-06-01,187
P0049,L002,2024-06-01,157
P0050,L002,2024-06-01,41
P0051,L002,2024-06-01,105
P0052,L002,2024-06-01,99
P0053,L002,2024-06-01,7
P0054,L002,2024-06-01,96
P0055,L002,2024-06-01,152
P0056,L002,2024-06-01,54
P0057,L002,2024-06-01,113
P0058,L002,2024-06-01,4
P0059,L002,2024-06-01,74
P0060,L002,2024-06-01,120
P0061,L002,2024-06-01,8
P0062,L002,2024-06-01,111
P0063,L002,2024-06-01,66
P0064,L002,2024-06-01,84
P0065,L002,2024-06-01,31
P0066,L002,2024-06-01,116
P0067,L002,2024-06-01,77
P0068,L002,2024-06-01,125
P0069,L002,2024-06-01,34
P0070,L002,2024-06-01,183
P0071,L002,2024-06-01,92
P0072,L002,2024-06-01,32
P0073,L002,2024-06-01,114
P0074,L002,2024-06-01,18
P0075,L002,2024-06-01,77
P0076,L002,2024-06-01,92
P0077,L002,2024-06-01,171
P0078,L002,2024-06-01,62
P0079,L002,2024-06-01,92
P0080,L002,2024-06-01,34
P0081,L002,2024-06-01,43
P0082,L002,2024-06-01,19
P0083,L002,2024-06-01,184
P0084,L002,2024-06-01,32
P0085,L002,2024-06-01,108
P0086,L002,2024-06-01,56
P0087,L002,2024-06-01,88
P0088,L002,2024-06-01,22
P0089,L002,2024-06-01,181
P0090,L002,2024-06-01,21
P0091,L002,2024-06-01,117
P0092,L002,2024-06-01,35
P0093,L002,2024-06-01,155
P0094,L002,2024-06-01,181
P0095,L002,2024-06-01,104
P0096,L002,2024-06-01,24
P0097,L002,2024-06-01,51
P0098,L002,2024-06-01,183
P0099,L002,2024-06-01,39
P0100,L002,2024-06-01,97
P0101,L002,2024-06-01,161
P0102,L002,2024-06-01,45
P0103,L002,2024-06-01,51
P0104,L002,2024-06-01,125
P0105,L002,2024-06-01,56
P0106,L002,2024-06-01,164
P0107,L002,2024-06-01,20
P0108,L002,2024-06-01,143
P0109,L002,2024-06-01,15
P0110,L002,2024-06-01,122
P0111,L002,2024-06-01,70
P0112,L002,2024-06-01,43
P0113,L002,2024-06-01,35
P0114,L002,2024-06-01,15
P0115,L002,2024-06-01,13
P0116,L002,2024-06-01,93
P0117,L002,2024-06-01,130
P0118,L002,2024-06-01,125
P0119,L002,2024-06-01,135
P0120,L002,2024-06-01,59
P0121,L002,2024-06-01,20
P0122,L002,2024-06-01,152
P0123,L002,2024-06-01,138
P0124,L002,2024-06-01,175
P0125,L002,2024-06-01,112
P0126,L002,2024-06-01,166
P0127,L002,2024-06-01,22
P0128,L002,2024-06-01,94
P0129,L002,2024-06-01,178
P0130,L002,2024-06-01,197
P0131,L002,2024-06-01,10
P0132,L002,2024-06-01,98
P0133,L002,2024-06-01,25
P0134,L002,2024-06-01,69
P0135,L002,2024-06-01,183
P0136,L002,2024-06-01,52
P0137,L002,2024-06-01,101
P0138,L002,2024-06-01,76
P0139,L002,2024-06-01,63
P0140,L002,2024-06-01,129
P0141,L002,2024-06-01,133
P0142,L002,2024-06-01,124
P0143,L002,2024-06-01,98
P0144,L002,2024-06-01,160
P0145,L002,2024-06-01,144
P0146,L002,2024-06-01,198
P0147,L002,2024-06-01,102
P0148,L002,2024-06-01,40
P0149,L002,2024-06-01,179
P0150,L002,2024-06-01,39
P0001,L003,2024-06-01,99
P0002,L003,2024-06-01,160
P0003,L003,2024-06-01,151
P0004,L003,2024-06-01,89
P0005,L003,2024-06-01,98
P0006,L003,2024-06-01,89
P0007,L003,2024-06-01,161
P0008,L003,2024-06-01,110
P0009,L003,2024-06-01,28
P0010,L003,2024-06-01,145
P0011,L003,2024-06-01,141
P0012,L003,2024-06-01,186
P0013,L003,2024-06-01,175
P0014,L003,2024-06-01,49
P0015,L003,2024-06-01,54
P0016,L003,2024-06-01,148
P0017,L003,2024-06-01,81
P0018,L003,2024-06-01,148
P0019,L003,2024-06-01,49
P0020,L003,2024-06-01,142
P0021,L003,2024-06-01,1
P0022,L003,2024-06-01,186
P0023,L003,2024-06-01,51
P0024,L003,2024-06-01,182
P0025,L003,2024-06-01,182
P0026,L003,2024-06-01,72
P0027,L003,2024-06-01,8
P0028,L003,2024-06-01,0
P0029,L003,2024-06-01,57
P0030,L003,2024-06-01,47
P0031,L003,2024-06-01,140
P0032,L003,2024-06-01,198
P0033,L003,2024-06-01,0
P0034,L003,2024-06-01,59
P0035,L003,2024-06-01,38
P0036,L003,2024-06-01,182
P0037,L003,2024-06-01,66
P0038,L003,2024-06-01,49
P0039,L003,2024-06-01,122
P0040,L003,2024-06-01,20
P0041,L003,2024-06-01,100
P0042,L003,2024-06-01,19
P0043,L003,2024-06-01,174
P0044,L003,2024-06-01,178
P0045,L003,2024-06-01,111
P0046,L003,2024-06-01,103
P0047,L003,2024-06-01,178
P0048,L003,2024-06-01,72
P0049,L003,2024-06-01,159
P0050,L003,2024-06-01,15
P0051,L003,2024-06-01,66
P0052,L003,2024-06-01,68
P0053,L003,2024-06-01,159
P0054,L003,2024-06-01,80
P0055,L003,2024-06-01,100
P0056,L003,2024-06-01,111
P0057,L003,2024-06-01,104
P0058,L003,2024-06-01,168
P0059,L003,2024-06-01,35
P0060,L003,2024-06-01,156
P0061,L003,2024-06-01,169
P0062,L003,2024-06-01,149
P0063,L003,2024-06-01,175
P0064,L003,2024-06-01,110
P0065,L003,2024-06-01,70
P0066,L003,2024-06-01,128
P0067,L003,2024-06-01,41
P0068,L003,2024-06-01,100
P0069,L003,2024-06-01,67
P0070,L003,2024-06-01,117
P0071,L003,2024-06-01,185
P0072,L003,2024-06-01,123
P0073,L003,2024-06-01,58
P0074,L003,2024-06-01,162
P0075,L003,2024-06-01,45
P0076,L003,2024-06-01,192
P0077,L003,2024-06-01,12
P0078,L003,2024-06-01,160
P0079,L003,2024-06-01,44
P0080,L003,2024-06-01,93
P0081,L003,2024-06-01,114
P0082,L003,2024-06-01,192
P0083,L003,2024-06-01,109
P0084,L003,2024-06-01,109
P0085,L003,2024-06-01,20
P0086,L003,2024-06-01,22
P0087,L003,2024-06-01,5
P0088,L003,2024-06-01,151
P0089,L003,2024-06-01,133
P0090,L003,2024-06-01,96
P0091,L003,2024-06-01,8
P0092,L003,2024-06-01,18
P0093,L003,2024-06-01,182
P0094,L003,2024-06-01,141
P0095,L003,2024-06-01,170
P0096,L003,2024-06-01,172
P0097,L003,2024-06-01,84
P0098,L003,2024-06-01,157
P0099,L003,2024-06-01,133
P0100,L003,2024-06-01,62
P0101,L003,2024-06-01,182
P0102,L003,2024-06-01,137
P0103,L003,2024-06-01,115
P0104,L003,2024-06-01,146
P0105,L003,2024-06-01,120
P0106,L003,2024-06-01,150
P0107,L003,2024-06-01,28
P0108,L003,2024-06-01,198
P0109,L003,2024-06-01,10
P0110,L003,2024-06-01,173
P0111,L003,2024-06-01,196
P0112,L003,2024-06-01,97
P0113,L003,2024-06-01,110
P0114,L003,2024-06-01,107
P0115,L003,2024-06-01,79
P0116,L003,2024-06-01,127
P0117,L003,2024-06-01,196
P0118,L003,2024-06-01,118
P0119,L003,2024-06-01,92
P0120,L003,2024-06-01,42
P0121,L003,2024-06-01,17
P0122,L003,2024-06-01,116
P0123,L003,2024-06-01,93
P0124,L003,2024-06-01,191
P0125,L003,2024-06-01,197
P0126,L003,2024-06-01,64
P0127,L003,2024-06-01,95
P0128,L003,2024-06-01,126
P0129,L003,2024-06-01,48
P0130,L003,2024-06-01,151
P0131,L003,2024-06-01,42
P0132,L003,2024-06-01,1
P0133,L003,2024-06-01,162
P0134,L003,2024-06-01,150
P0135,L003,2024-06-01,5
P0136,L003,2024-06-01,173
P0137,L003,2024-06-01,113
P0138,L003,2024-06-01,107
P0139,L003,2024-06-01,153
P0140,L003,2024-06-01,65
P0141,L003,2024-06-01,147
P0142,L003,2024-06-01,143
P0143,L003,2024-06-01,146
P0144,L003,2024-06-01,116
P0145,L003,2024-06-01,111
P0146,L003,2024-06-01,75
P0147,L003,2024-06-01,114
P0148,L003,2024-06-01,35
P0149,L003,2024-06-01,192
P0150,L003,2024-06-01,37
P0001,L004,2024-06-01,75
P0002,L004,2024-06-01,86
P0003,L004,2024-06-01,167
P0004,L004,2024-06-01,18
P0005,L004,2024-06-01,116
P0006,L004,2024-06-01,128
P0007,L004,2024-06-01,99
P0008,L004,2024-06-01,62
P0009,L004,2024-06-01,78
P0010,L004,2024-06-01,34
P0011,L004,2024-06-01,114
P0012,L004,2024-06-01,87
P0013,L004,2024-06-01,73
P0014,L004,2024-06-01,170
P0015,L004,2024-06-01,93
P0016,L004,2024-06-01,111
P0017,L004,2024-06-01,112
P0018,L004,2024-06-01,78
P0019,L004,2024-06-01,29
P0020,L004,2024-06-01,167
P0021,L004,2024-06-01,24
P0022,L004,2024-06-01,14
P0023,L004,2024-06-01,131
P0024,L004,2024-06-01,7
P0025,L004,2024-06-01,28
P0026,L004,2024-06-01,136
P0027,L004,2024-06-01,155
P0028,L004,2024-06-01,179
P0029,L004,2024-06-01,-9
P0030,L004,2024-06-01,182
P0031,L004,2024-06-01,190
P0032,L004,2024-06-01,126
P0033,L004,2024-06-01,58
P0034,L004,2024-06-01,58
P0035,L004,2024-06-01,85
P0036,L004,2024-06-01,35
P0037,L004,2024-06-01,36
P0038,L004,2024-06-01,155
P0039,L004,2024-06-01,58
P0040,L004,2024-06-01,52
P0041,L004,2024-06-01,4
P0042,L004,2024-06-01,19
P0043,L004,2024-06-01,37
P0044,L004,2024-06-01,107
P0045,L004,2024-06-01,26
P0046,L004,2024-06-01,60
P0047,L004,2024-06-01,30
P0048,L004,2024-06-01,92
P0049,L004,2024-06-01,63
P0050,L004,2024-06-01,52
P0051,L004,2024-06-01,71
P0052,L004,2024-06-01,188
P0053,L004,2024-06-01,89
P0054,L004,2024-06-01,51
P0055,L004,2024-06-01,37
P0056,L004,2024-06-01,2
P0057,L004,2024-06-01,136
P0058,L004,2024-06-01,159
P0059,L004,2024-06-01,179
P0060,L004,2024-06-01,190
P0061,L004,2024-06-01,136
P0062,L004,2024-06-01,172
P0063,L004,2024-06-01,-1
P0064,L004,2024-06-01,139
P0065,L004,2024-06-01,60
P0066,L004,2024-06-01,14
P0067,L004,2024-06-01,30
P0068,L004,2024-06-01,134
P0069,L004,2024-06-01,75
P0070,L004,2024-06-01,26
P0071,L004,2024-06-01,59
P0072,L004,2024-06-01,80
P0073,L004,2024-06-01,1
P0074,L004,2024-06-01,2
P0075,L004,2024-06-01,111
P0076,L004,2024-06-01,95
P0077,L004,2024-06-01,28
P0078,L004,2024-06-01,150
P0079,L004,2024-06-01,29
P0080,L004,2024-06-01,99
P0081,L004,2024-06-01,24
P0082,L004,2024-06-01,88
P0083,L004,2024-06-01,95
P0084,L004,2024-06-01,125
P0085,L004,2024-06-01,66
P0086,L004,2024-06-01,118
P0087,L004,2024-06-01,37
P0088,L004,2024-06-01,151
P0089,L004,2024-06-01,185
P0090,L004,2024-06-01,79
P0091,L004,2024-06-01,12
P0092,L004,2024-06-01,178
P0093,L004,2024-06-01,29
P0094,L004,2024-06-01,44
P0095,L004,2024-06-01,64
P0096,L004,2024-06-01,116
P0097,L004,2024-06-01,84
P0098,L004,2024-06-01,47
P0099,L004,2024-06-01,109
P0100,L004,2024-06-01,50
P0101,L004,2024-06-01,171
P0102,L004,2024-06-01,15
P0103,L004,2024-06-01,144
P0104,L004,2024-06-01,126
P0105,L004,2024-06-01,155
P0106,L004,2024-06-01,193
P0107,L004,2024-06-01,96
P0108,L004,2024-06-01,143
P0109,L004,2024-06-01,124
P0110,L004,2024-06-01,14
P0111,L004,2024-06-01,90
P0112,L004,2024-06-01,75
P0113,L004,2024-06-01,109
P0114,L004,2024-06-01,150
P0115,L004,2024-06-01,38
P0116,L004,2024-06-01,191
P0117,L004,2024-06-01,147
P0118,L004,2024-06-01,148
P0119,L004,2024-06-01,177
P0120,L004,2024-06-01,70
P0121,L004,2024-06-01,196
P0122,L004,2024-06-01,37
P0123,L004,2024-06-01,50
P0124,L004,2024-06-01,25
P0125,L004,2024-06-01,85
P0126,L004,2024-06-01,55
P0127,L004,2024-06-01,154
P0128,L004,2024-06-01,30
P0129,L004,2024-06-01,96
P0130,L004,2024-06-01,132
P0131,L004,2024-06-01,47
P0132,L004,2024-06-01,160
P0133,L004,2024-06-01,73
P0134,L004,2024-06-01,130
P0135,L004,2024-06-01,122
P0136,L004,2024-06-01,184
P0137,L004,2024-06-01,168
P0138,L004,2024-06-01,47
P0139,L004,2024-06-01,195
P0140,L004,2024-06-01,197
P0141,L004,2024-06-01,106
P0142,L004,2024-06-01,50
P0143,L004,2024-06-01,193
P0144,L004,2024-06-01,66
P0145,L004,2024-06-01,157
P0146,L004,2024-06-01,102
P0147,L004,2024-06-01,94
P0148,L004,2024-06-01,-3
P0149,L004,2024-06-01,136
P0150,L004,2024-06-01,142
P0001,L005,2024-06-01,64
P0002,L005,2024-06-01,62
P0003,L005,2024-06-01,139
P0004,L005,2024-06-01,120
P0005,L005,2024-06-01,154
P0006,L005,2024-06-01,7
P0007,L005,2024-06-01,11
P0008,L005,2024-06-01,91
P0009,L005,2024-06-01,-5
P0010,L005,2024-06-01,181
P0011,L005,2024-06-01,108
P0012,L005,2024-06-01,58
P0013,L005,2024-06-01,51
P0014,L005,2024-06-01,91
P0015,L005,2024-06-01,69
P0016,L005,2024-06-01,178
P0017,L005,2024-06-01,27
P0018,L005,2024-06-01,185
P0019,L005,2024-06-01,81
P0020,L005,2024-06-01,77
P0021,L005,2024-06-01,89
P0022,L005,2024-06-01,132
P0023,L005,2024-06-01,-10
P0024,L005,2024-06-01,158
P0025,L005,2024-06-01,198
P0026,L005,2024-06-01,151
P0027,L005,2024-06-01,74
P0028,L005,2024-06-01,51
P0029,L005,2024-06-01,108
P0030,L005,2024-06-01,48
P0031,L005,2024-06-01,98
P0032,L005,2024-06-01,49
P0033,L005,2024-06-01,46
P0034,L005,2024-06-01,156
P0035,L005,2024-06-01,188
P0036,L005,2024-06-01,113
P0037,L005,2024-06-01,137
P0038,L005,2024-06-01,17
P0039,L005,2024-06-01,118
P0040,L005,2024-06-01,175
P0041,L005,2024-06-01,108
P0042,L005,2024-06-01,157
P0043,L005,2024-06-01,18
P0044,L005,2024-06-01,152
P0045,L005,2024-06-01,84
P0046,L005,2024-06-01,156
P0047,L005,2024-06-01,96
P0048,L005,2024-06-01,187
P0049,L005,2024-06-01,172
P0050,L005,2024-06-01,68
P0051,L005,2024-06-01,14
P0052,L005,2024-06-01,157
P0053,L005,2024-06-01,24
P0054,L005,2024-06-01,160
P0055,L005,2024-06-01,53
P0056,L005,2024-06-01,97
P0057,L005,2024-06-01,136
P0058,L005,2024-06-01,54
P0059,L005,2024-06-01,54
P0060,L005,2024-06-01,90
P0061,L005,2024-06-01,166
P0062,L005,2024-06-01,68
P0063,L005,2024-06-01,9
P0064,L005,2024-06-01,176
P0065,L005,2024-06-01,148
P0066,L005,2024-06-01,24
P0067,L005,2024-06-01,87
P0068,L005,2024-06-01,97
P0069,L005,2024-06-01,41
P0070,L005,2024-06-01,11
P0071,L005,2024-06-01,95
P0072,L005,2024-06-01,25
P0073,L005,2024-06-01,30
P0074,L005,2024-06-01,98
P0075,L005,2024-06-01,71
P0076,L005,2024-06-01,169
P0077,L005,2024-06-01,132
P0078,L005,2024-06-01,120
P0079,L005,2024-06-01,158
P0080,L005,2024-06-01,161
P0081,L005,2024-06-01,103
P0082,L005,2024-06-01,73
P0083,L005,2024-06-01,62
P0084,L005,2024-06-01,26
P0085,L005,2024-06-01,158
P0086,L005,2024-06-01,88
P0087,L005,2024-06-01,196
P0088,L005,2024-06-01,109
P0089,L005,2024-06-01,175
P0090,L005,2024-06-01,81
P0091,L005,2024-06-01,158
P0092,L005,2024-06-01,158
P0093,L005,2024-06-01,18
P0094,L005,2024-06-01,190
P0095,L005,2024-06-01,37
P0096,L005,2024-06-01,187
P0097,L005,2024-06-01,193
P0098,L005,2024-06-01,106
P0099,L005,2024-06-01,199
P0100,L005,2024-06-01,72
P0101,L005,2024-06-01,115
P0102,L005,2024-06-01,160
P0103,L005,2024-06-01,164
P0104,L005,2024-06-01,7
P0105,L005,2024-06-01,82
P0106,L005,2024-06-01,71
P0107,L005,2024-06-01,121
P0108,L005,2024-06-01,27
P0109,L005,2024-06-01,87
P0110,L005,2024-06-01,26
P0111,L005,2024-06-01,198
P0112,L005,2024-06-01,34
P0113,L005,2024-06-01,54
P0114,L005,2024-06-01,47
P0115,L005,2024-06-01,155
P0116,L005,2024-06-01,91
P0117,L005,2024-06-01,180
P0118,L005,2024-06-01,157
P0119,L005,2024-06-01,62
P0120,L005,2024-06-01,180
P0121,L005,2024-06-01,43
P0122,L005,2024-06-01,166
P0123,L005,2024-06-01,100
P0124,L005,2024-06-01,0
P0125,L005,2024-06-01,32
P0126,L005,2024-06-01,20
P0127,L005,2024-06-01,78
P0128,L005,2024-06-01,113
P0129,L005,2024-06-01,55
P0130,L005,2024-06-01,-3
P0131,L005,2024-06-01,94
P0132,L005,2024-06-01,0
P0133,L005,2024-06-01,129
P0134,L005,2024-06-01,32
P0135,L005,2024-06-01,16
P0136,L005,2024-06-01,122
P0137,L005,2024-06-01,118
P0138,L005,2024-06-01,100
P0139,L005,2024-06-01,8
P0140,L005,2024-06-01,76
P0141,L005,2024-06-01,151
P0142,L005,2024-06-01,70
P0143,L005,2024-06-01,158
P0144,L005,2024-06-01,60
P0145,L005,2024-06-01,56
P0146,L005,2024-06-01,30
P0147,L005,2024-06-01,31
P0148,L005,2024-06-01,178
P0149,L005,2024-06-01,150
P0150,L005,2024-06-01,116
P0001,L006,2024-06-01,171
P0002,L006,2024-06-01,75
P0003,L006,2024-06-01,27
P0004,L006,2024-06-01,89
P0005,L006,2024-06-01,16
P0006,L006,2024-06-01,66
P0007,L006,2024-06-01,70
P0008,L006,2024-06-01,26
P0009,L006,2024-06-01,53
P0010,L006,2024-06-01,183
P0011,L006,2024-06-01,166
P0012,L006,2024-06-01,116
P0013,L006,2024-06-01,149
P0014,L006,2024-06-01,86
P0015,L006,2024-06-01,106
P0016,L006,2024-06-01,128
P0017,L006,2024-06-01,122
P0018,L006,2024-06-01,155
P0019,L006,2024-06-01,119
P0020,L006,2024-06-01,50
P0021,L006,2024-06-01,103
P0022,L006,2024-06-01,37
P0023,L006,2024-06-01,170
P0024,L006,2024-06-01,22
P0025,L006,2024-06-01,21
P0026,L006,2024-06-01,36
P0027,L006,2024-06-01,40
P0028,L006,2024-06-01,13
P0029,L006,2024-06-01,114
P0030,L006,2024-06-01,184
P0031,L006,2024-06-01,96
P0032,L006,2024-06-01,188
P0033,L006,2024-06-01,152
P0034,L006,2024-06-01,39
P0035,L006,2024-06-01,46
P0036,L006,2024-06-01,25
P0037,L006,2024-06-01,185
P0038,L006,2024-06-01,46
P0039,L006,2024-06-01,159
P0040,L006,2024-06-01,177
P0041,L006,2024-06-01,86
P0042,L006,2024-06-01,23
P0043,L006,2024-06-01,27
P0044,L006,2024-06-01,13
P0045,L006,2024-06-01,38
P0046,L006,2024-06-01,104
P0047,L006,2024-06-01,173
P0048,L006,2024-06-01,179
P0049,L006,2024-06-01,43
P0050,L006,2024-06-01,130
P0051,L006,2024-06-01,114
P0052,L006,2024-06-01,54
P0053,L006,2024-06-01,37
P0054,L006,2024-06-01,64
P0055,L006,2024-06-01,0
P0056,L006,2024-06-01,111
P0057,L006,2024-06-01,33
P0058,L006,2024-06-01,37
P0059,L006,2024-06-01,142
P0060,L006,2024-06-01,133
P0061,L006,2024-06-01,182
P0062,L006,2024-06-01,148
P0063,L006,2024-06-01,159
P0064,L006,2024-06-01,124
P0065,L006,2024-06-01,110
P0066,L006,2024-06-01,111
P0067,L006,2024-06-01,38
P0068,L006,2024-06-01,152
P0069,L006,2024-06-01,170
P0070,L006,2024-06-01,175
P0071,L006,2024-06-01,63
P0072,L006,2024-06-01,65
P0073,L006,2024-06-01,69
P0074,L006,2024-06-01,81
P0075,L006,2024-06-01,24
P0076,L006,2024-06-01,183
P0077,L006,2024-06-01,150
P0078,L006,2024-06-01,127
P0079,L006,2024-06-01,26
P0080,L006,2024-06-01,40
P0081,L006,2024-06-01,160
P0082,L006,2024-06-01,108
P0083,L006,2024-06-01,160
P0084,L006,2024-06-01,54
P0085,L006,2024-06-01,187
P0086,L006,2024-06-01,106
P0087,L006,2024-06-01,105
P0088,L006,2024-06-01,40
P0089,L006,2024-06-01,185
P0090,L006,2024-06-01,169
P0091,L006,2024-06-01,180
P0092,L006,2024-06-01,165
P0093,L006,2024-06-01,-13
P0094,L006,2024-06-01,6
P0095,L006,2024-06-01,142
P0096,L006,2024-06-01,119
P0097,L006,2024-06-01,178
P0098,L006,2024-06-01,78
P0099,L006,2024-06-01,26
P0100,L006,2024-06-01,145
P0101,L006,2024-06-01,162
P0102,L006,2024-06-01,1
P0103,L006,2024-06-01,179
P0104,L006,2024-06-01,141
P0105,L006,2024-06-01,72
P0106,L006,2024-06-01,117
P0107,L006,2024-06-01,136
P0108,L006,2024-06-01,18
P0109,L006,2024-06-01,196
P0110,L006,2024-06-01,59
P0111,L006,2024-06-01,128
P0112,L006,2024-06-01,4
P0113,L006,2024-06-01,9
P0114,L006,2024-06-01,54
P0115,L006,2024-06-01,50
P0116,L006,2024-06-01,161
P0117,L006,2024-06-01,55
P0118,L006,2024-06-01,5
P0119,L006,2024-06-01,58
P0120,L006,2024-06-01,91
P0121,L006,2024-06-01,143
P0122,L006,2024-06-01,84
P0123,L006,2024-06-01,7
P0124,L006,2024-06-01,191
P0125,L006,2024-06-01,98
P0126,L006,2024-06-01,12
P0127,L006,2024-06-01,118
P0128,L006,2024-06-01,113
P0129,L006,2024-06-01,132
P0130,L006,2024-06-01,141
P0131,L006,2024-06-01,162
P0132,L006,2024-06-01,30
P0133,L006,2024-06-01,66
P0134,L006,2024-06-01,84
P0135,L006,2024-06-01,85
P0136,L006,2024-06-01,83
P0137,L006,2024-06-01,61
P0138,L006,2024-06-01,62
P0139,L006,2024-06-01,102
P0140,L006,2024-06-01,185
P0141,L006,2024-06-01,84
P0142,L006,2024-06-01,54
P0143,L006,2024-06-01,165
P0144,L006,2024-06-01,139
P0145,L006,2024-06-01,173
P0146,L006,2024-06-01,90
P0147,L006,2024-06-01,29
P0148,L006,2024-06-01,35
P0149,L006,2024-06-01,32
P0150,L006,2024-06-01,54
P0001,L100,2024-06-01,155
P0002,L100,2024-06-01,65
P0003,L100,2024-06-01,149
P0004,L100,2024-06-01,88
P0005,L100,2024-06-01,83
P0006,L100,2024-06-01,74
P0007,L100,2024-06-01,101
P0008,L100,2024-06-01,96
P0009,L100,2024-06-01,162
P0010,L100,2024-06-01,137
P0011,L100,2024-06-01,169
P0012,L100,2024-06-01,83
P0013,L100,2024-06-01,150
P0014,L100,2024-06-01,30
P0015,L100,2024-06-01,9
P0016,L100,2024-06-01,78
P0017,L100,2024-06-01,176
P0018,L100,2024-06-01,32
P0019,L100,2024-06-01,184
P0020,L100,2024-06-01,113
P0021,L100,2024-06-01,20
P0022,L100,2024-06-01,2
P0023,L100,2024-06-01,8
P0024,L100,2024-06-01,185
P0025,L100,2024-06-01,100
P0026,L100,2024-06-01,150
P0027,L100,2024-06-01,177
P0028,L100,2024-06-01,90
P0029,L100,2024-06-01,13
P0030,L100,2024-06-01,131
P0031,L100,2024-06-01,43
P0032,L100,2024-06-01,129
P0033,L100,2024-06-01,93
P0034,L100,2024-06-01,173
P0035,L100,2024-06-01,171
P0036,L100,2024-06-01,36
P0037,L100,2024-06-01,115
P0038,L100,2024-06-01,138
P0039,L100,2024-06-01,107
P0040,L100,2024-06-01,191
P0041,L100,2024-06-01,118
P0042,L100,2024-06-01,164
P0043,L100,2024-06-01,18
P0044,L100,2024-06-01,173
P0045,L100,2024-06-01,76
P0046,L100,2024-06-01,163
P0047,L100,2024-06-01,132
P0048,L100,2024-06-01,136
P0049,L100,2024-06-01,138
P0050,L100,2024-06-01,107
P0051,L100,2024-06-01,191
P0052,L100,2024-06-01,189
P0053,L100,2024-06-01,174
P0054,L100,2024-06-01,86
P0055,L100,2024-06-01,187
P0056,L100,2024-06-01,92
P0057,L100,2024-06-01,79
P0058,L100,2024-06-01,152
P0059,L100,2024-06-01,14
P0060,L100,2024-06-01,70
P0061,L100,2024-06-01,6
P0062,L100,2024-06-01,187
P0063,L100,2024-06-01,92
P0064,L100,2024-06-01,70
P0065,L100,2024-06-01,6
P0066,L100,2024-06-01,25
P0067,L100,2024-06-01,79
P0068,L100,2024-06-01,142
P0069,L100,2024-06-01,77
P9074,L100,2024-06-01,84
P0071,L100,2024-06-01,8
P0072,L100,2024-06-01,143
P0073,L100,2024-06-01,41
P0074,L100,2024-06-01,60
P0075,L100,2024-06-01,119
P0076,L100,2024-06-01,190
P0077,L100,2024-06-01,121
P0078,L100,2024-06-01,144
P0079,L100,2024-06-01,14
P0080,L100,2024-06-01,194
P0081,L100,2024-06-01,171
P0082,L100,2024-06-01,180
P0083,L100,2024-06-01,14
P0084,L100,2024-06-01,191
P0085,L100,2024-06-01,52
P0086,L100,2024-06-01,13
P0087,L100,2024-06-01,81
P0088,L100,2024-06-01,75
P0089,L100,2024-06-01,47
P0090,L100,2024-06-01,199
P0091,L100,2024-06-01,156
P0092,L100,2024-06-01,42
P0093,L100,2024-06-01,130
P0094,L100,2024-06-01,192
P0095,L100,2024-06-01,122
P0096,L100,2024-06-01,11
P0097,L100,2024-06-01,67
P0098,L100,2024-06-01,8
P0099,L100,2024-06-01,147
P0100,L100,2024-06-01,20
P0101,L100,2024-06-01,80
P0102,L100,2024-06-01,51
P0103,L100,2024-06-01,105
P0104,L100,2024-06-01,144
P0105,L100,2024-06-01,42
P0106,L100,2024-06-01,98
P0107,L100,2024-06-01,195
P0108,L100,2024-06-01,123
P0109,L100,2024-06-01,173
P0110,L100,2024-06-01,136
P0111,L100,2024-06-01,21
P0112,L100,2024-06-01,51
P0113,L100,2024-06-01,1
P0114,L100,2024-06-01,115
P0115,L100,2024-06-01,4
P0116,L100,2024-06-01,111
P0117,L100,2024-06-01,180
P0118,L100,2024-06-01,124
P0119,L100,2024-06-01,160
P0120,L100,2024-06-01,115
P0121,L100,2024-06-01,25
P0122,L100,2024-06-01,25
P0123,L100,2024-06-01,167
P0124,L100,2024-06-01,87
P0125,L100,2024-06-01,38
P0126,L100,2024-06-01,26
P0127,L100,2024-06-01,115
P0128,L100,2024-06-01,195
P0129,L100,2024-06-01,175
P0130,L100,2024-06-01,4
P0131,L100,2024-06-01,137
P0132,L100,2024-06-01,148
P0133,L100,2024-06-01,34
P0134,L100,2024-06-01,170
P0135,L100,2024-06-01,23
P0136,L100,2024-06-01,14
P0137,L100,2024-06-01,99
P0138,L100,2024-06-01,98
P0139,L100,2024-06-01,168
P0140,L100,2024-06-01,20
P0141,L100,2024-06-01,114
P0142,L100,2024-06-01,42
P0143,L100,2024-06-01,96
P9021,L100,2024-06-01,125
P0145,L100,2024-06-01,101
P0146,L100,2024-06-01,142
P0147,L100,2024-06-01,150
P0148,L100,2024-06-01,172
P0149,L100,2024-06-01,166
P0150,L100,2024-06-01,99
P0001,L001,2024-07-01,44
P0002,L001,2024-07-01,55
P0003,L001,2024-07-01,56
P0004,L001,2024-07-01,39
P0005,L001,2024-07-01,70
P0006,L001,2024-07-01,95
P0007,L001,2024-07-01,141
P0008,L001,2024-07-01,179
P0009,L001,2024-07-01,159
P0010,L001,2024-07-01,10
P0011,L001,2024-07-01,50
P0012,L001,2024-07-01,77
P0013,L001,2024-07-01,146
P0014,L001,2024-07-01,56
P0015,L001,2024-07-01,176
P0016,L001,2024-07-01,15
P0017,L001,2024-07-01,50
P0018,L001,2024-07-01,69
P0019,L001,2024-07-01,104
P0020,L001,2024-07-01,17
P0021,L001,2024-07-01,114
P0022,L001,2024-07-01,56
P0023,L001,2024-07-01,152
P0024,L001,2024-07-01,128
P0025,L001,2024-07-01,114
P0026,L001,2024-07-01,69
P0027,L001,2024-07-01,87
P0028,L001,2024-07-01,183
P0029,L001,2024-07-01,93
P0030,L001,2024-07-01,23
P0031,L001,2024-07-01,198
P0032,L001,2024-07-01,31
P0033,L001,2024-07-01,74
P0034,L001,2024-07-01,111
P0035,L001,2024-07-01,30
P0036,L001,2024-07-01,174
P0037,L001,2024-07-01,21
P0038,L001,2024-07-01,188
P0039,L001,2024-07-01,77
P0040,L001,2024-07-01,30
P0041,L001,2024-07-01,46
P0042,L001,2024-07-01,37
P0043,L001,2024-07-01,74
P0044,L001,2024-07-01,140
P0045,L001,2024-07-01,24
P0046,L001,2024-07-01,129
P0047,L001,2024-07-01,106
P0048,L001,2024-07-01,180
P0049,L001,2024-07-01,194
P0050,L001,2024-07-01,121
P0051,L001,2024-07-01,2
P0052,L001,2024-07-01,158
P0053,L001,2024-07-01,73
P0054,L001,2024-07-01,140
P0055,L001,2024-07-01,134
P0056,L001,2024-07-01,136
P0057,L001,2024-07-01,35
P0058,L001,2024-07-01,29
P0059,L001,2024-07-01,188
P0060,L001,2024-07-01,170
P0061,L001,2024-07-01,81
P0062,L001,2024-07-01,146
P0063,L001,2024-07-01,17
P0064,L001,2024-07-01,140
P0065,L001,2024-07-01,28
P0066,L001,2024-07-01,179
P0067,L001,2024-07-01,168
P0068,L001,2024-07-01,104
P0069,L001,2024-07-01,7
P0070,L001,2024-07-01,194
P0071,L001,2024-07-01,128
P0072,L001,2024-07-01,177
P0073,L001,2024-07-01,98
P0074,L001,2024-07-01,95
P0075,L001,2024-07-01,153
P0076,L001,2024-07-01,53
P0077,L001,2024-07-01,161
P0078,L001,2024-07-01,110
P0079,L001,2024-07-01,35
P0080,L001,2024-07-01,90
P0081,L001,2024-07-01,116
P0082,L001,2024-07-01,50
P0083,L001,2024-07-01,74
P0084,L001,2024-07-01,15
P0085,L001,2024-07-01,44
P0086,L001,2024-07-01,22
P0087,L001,2024-07-01,114
P0088,L001,2024-07-01,187
P0089,L001,2024-07-01,107
P0090,L001,2024-07-01,84
P0091,L001,2024-07-01,3
P0092,L001,2024-07-01,197
P0093,L001,2024-07-01,4
P0094,L001,2024-07-01,66
P0095,L001,2024-07-01,95
P0096,L001,2024-07-01,30
P0097,L001,2024-07-01,83
P0098,L001,2024-07-01,174
P0099,L001,2024-07-01,6
P0100,L001,2024-07-01,30
P0101,L001,2024-07-01,139
P0102,L001,2024-07-01,3
P0103,L001,2024-07-01,120
P0104,L001,2024-07-01,84
P0105,L001,2024-07-01,114
P0106,L001,2024-07-01,102
P0107,L001,2024-07-01,133
P0108,L001,2024-07-01,30
P0109,L001,2024-07-01,24
P0110,L001,2024-07-01,170
P0111,L001,2024-07-01,125
P0112,L001,2024-07-01,119
P0113,L001,2024-07-01,195
P0114,L001,2024-07-01,161
P0115,L001,2024-07-01,49
P0116,L001,2024-07-01,45
P0117,L001,2024-07-01,43
P0118,L001,2024-07-01,146
P0119,L001,2024-07-01,154
P0120,L001,2024-07-01,154
P0121,L001,2024-07-01,164
P0122,L001,2024-07-01,52
P0123,L001,2024-07-01,117
P0124,L001,2024-07-01,27
P0125,L001,2024-07-01,126
P0126,L001,2024-07-01,56
P0127,L001,2024-07-01,12
P0128,L001,2024-07-01,135
P0129,L001,2024-07-01,75
P0130,L001,2024-07-01,35
P0131,L001,2024-07-01,171
P0132,L001,2024-07-01,44
P0133,L001,2024-07-01,112
P0134,L001,2024-07-01,75
P0135,L001,2024-07-01,143
P0136,L001,2024-07-01,45
P0137,L001,2024-07-01,81
P0138,L001,2024-07-01,17
P0139,L001,2024-07-01,88
P0140,L001,2024-07-01,89
P0141,L001,2024-07-01,115
P0142,L001,2024-07-01,127
P0143,L001,2024-07-01,139
P0144,L001,2024-07-01,94
P0145,L001,2024-07-01,181
P0146,L001,2024-07-01,47
P0147,L001,2024-07-01,18
P0148,L001,2024-07-01,180
P0149,L001,2024-07-01,127
P0150,L001,2024-07-01,33
P0001,L002,2024-07-01,43
P0002,L002,2024-07-01,187
P0003,L002,2024-07-01,-5
P0004,L002,2024-07-01,196
P0005,L002,2024-07-01,194
P0006,L002,2024-07-01,58
P0007,L002,2024-07-01,144
P0008,L002,2024-07-01,16
P0009,L002,2024-07-01,53
P0010,L002,2024-07-01,122
P0011,L002,2024-07-01,62
P0012,L002,2024-07-01,110
P0013,L002,2024-07-01,180
P0014,L002,2024-07-01,183
P0015,L002,2024-07-01,129
P0016,L002,2024-07-01,28
P0017,L002,2024-07-01,178
P0018,L002,2024-07-01,161
P0019,L002,2024-07-01,140
P0020,L002,2024-07-01,80
P0021,L002,2024-07-01,71
P0022,L002,2024-07-01,181
P0023,L002,2024-07-01,34
P0024,L002,2024-07-01,169
P0025,L002,2024-07-01,134
P0026,L002,2024-07-01,34
P0027,L002,2024-07-01,34
P0028,L002,2024-07-01,148
P0029,L002,2024-07-01,186
P0030,L002,2024-07-01,177
P0031,L002,2024-07-01,139
P0032,L002,2024-07-01,171
P0033,L002,2024-07-01,149
P0034,L002,2024-07-01,37
P0035,L002,2024-07-01,123
P0036,L002,2024-07-01,123
P0037,L002,2024-07-01,101
P0038,L002,2024-07-01,150
P0039,L002,2024-07-01,169
P0040,L002,2024-07-01,120
P0041,L002,2024-07-01,60
P0042,L002,2024-07-01,171
P0043,L002,2024-07-01,62
P0044,L002,2024-07-01,125
P0045,L002,2024-07-01,127
P0046,L002,2024-07-01,122
P0047,L002,2024-07-01,22
P0048,L002,2024-07-01,196
P0049,L002,2024-07-01,-15
P0050,L002,2024-07-01,155
P0051,L002,2024-07-01,144
P0052,L002,2024-07-01,19
P0053,L002,2024-07-01,70
P0054,L002,2024-07-01,126
P0055,L002,2024-07-01,119
P0056,L002,2024-07-01,142
P0057,L002,2024-07-01,41
P0058,L002,2024-07-01,155
P0059,L002,2024-07-01,137
P0060,L002,2024-07-01,183
P0061,L002,2024-07-01,76
P0062,L002,2024-07-01,42
P0063,L002,2024-07-01,137
P0064,L002,2024-07-01,102
P0065,L002,2024-07-01,13
P0066,L002,2024-07-01,136
P0067,L002,2024-07-01,70
P0068,L002,2024-07-01,109
P0069,L002,2024-07-01,104
P0070,L002,2024-07-01,172
P0071,L002,2024-07-01,140
P0072,L002,2024-07-01,162
P0073,L002,2024-07-01,16
P0074,L002,2024-07-01,103
P0075,L002,2024-07-01,28
P0076,L002,2024-07-01,196
P0077,L002,2024-07-01,8
P0078,L002,2024-07-01,15
P0079,L002,2024-07-01,42
P0080,L002,2024-07-01,33
P0081,L002,2024-07-01,63
P0082,L002,2024-07-01,61
P0083,L002,2024-07-01,150
P0084,L002,2024-07-01,91
P0085,L002,2024-07-01,194
P0086,L002,2024-07-01,89
P0087,L002,2024-07-01,66
P0088,L002,2024-07-01,41
P0089,L002,2024-07-01,30
P0090,L002,2024-07-01,92
P0091,L002,2024-07-01,184
P0092,L002,2024-07-01,43
P0093,L002,2024-07-01,100
P0094,L002,2024-07-01,131
P0095,L002,2024-07-01,126
P0096,L002,2024-07-01,107
P0097,L002,2024-07-01,71
P0098,L002,2024-07-01,143
P0099,L002,2024-07-01,159
P0100,L002,2024-07-01,19
P0101,L002,2024-07-01,92
P0102,L002,2024-07-01,141
P0103,L002,2024-07-01,36
P0104,L002,2024-07-01,23
P0105,L002,2024-07-01,121
P0106,L002,2024-07-01,49
P0107,L002,2024-07-01,101
P0108,L002,2024-07-01,64
P0109,L002,2024-07-01,91
P0110,L002,2024-07-01,44
P0111,L002,2024-07-01,126
P0112,L002,2024-07-01,72
P0113,L002,2024-07-01,41
P0114,L002,2024-07-01,50
P0115,L002,2024-07-01,128
P0116,L002,2024-07-01,160
P0117,L002,2024-07-01,92
P0118,L002,2024-07-01,87
P0119,L002,2024-07-01,103
P0120,L002,2024-07-01,124
P0121,L002,2024-07-01,142
P0122,L002,2024-07-01,180
P0123,L002,2024-07-01,84
P0124,L002,2024-07-01,16
P0125,L002,2024-07-01,72
P0126,L002,2024-07-01,111
P0127,L002,2024-07-01,92
P0128,L002,2024-07-01,28
P0129,L002,2024-07-01,26
P0130,L002,2024-07-01,37
P0131,L002,2024-07-01,101
P0132,L002,2024-07-01,181
P0133,L002,2024-07-01,87
P0134,L002,2024-07-01,179
P0135,L002,2024-07-01,129
P0136,L002,2024-07-01,6
P0137,L002,2024-07-01,58
P0138,L002,2024-07-01,84
P0139,L002,2024-07-01,141
P0140,L002,2024-07-01,149
P0141,L002,2024-07-01,133
P0142,L002,2024-07-01,1
P0143,L002,2024-07-01,80
P0144,L002,2024-07-01,60
P0145,L002,2024-07-01,187
P0146,L002,2024-07-01,70
P0147,L002,2024-07-01,104
P0148,L002,2024-07-01,68
P0149,L002,2024-07-01,30
P0150,L002,2024-07-01,2
P0001,L003,2024-07-01,47
P0002,L003,2024-07-01,188
P0003,L003,2024-07-01,0
P0004,L003,2024-07-01,83
P0005,L003,2024-07-01,170
P0006,L003,2024-07-01,192
P0007,L003,2024-07-01,4
P0008,L003,2024-07-01,121
P0009,L003,2024-07-01,77
P0010,L003,2024-07-01,92
P0011,L003,2024-07-01,25
P0012,L003,2024-07-01,135
P0013,L003,2024-07-01,124
P0014,L003,2024-07-01,147
P0015,L003,2024-07-01,100
P0016,L003,2024-07-01,4
P0017,L003,2024-07-01,162
P0018,L003,2024-07-01,174
P0019,L003,2024-07-01,35
P0020,L003,2024-07-01,126
P0021,L003,2024-07-01,32
P0022,L003,2024-07-01,145
P0023,L003,2024-07-01,174
P0024,L003,2024-07-01,139
P0025,L003,2024-07-01,114
P0026,L003,2024-07-01,62
P0027,L003,2024-07-01,125
P0028,L003,2024-07-01,83
P0029,L003,2024-07-01,66
P0030,L003,2024-07-01,97
P0031,L003,2024-07-01,30
P0032,L003,2024-07-01,113
P0033,L003,2024-07-01,197
P0034,L003,2024-07-01,100
P0035,L003,2024-07-01,154
P0036,L003,2024-07-01,24
P0037,L003,2024-07-01,45
P0038,L003,2024-07-01,168
P0039,L003,2024-07-01,60
P0040,L003,2024-07-01,92
P0041,L003,2024-07-01,28
P0042,L003,2024-07-01,64
P0043,L003,2024-07-01,23
P9072,L003,2024-07-01,9
P0045,L003,2024-07-01,149
P0046,L003,2024-07-01,50
P0047,L003,2024-07-01,145
P0048,L003,2024-07-01,192
P0049,L003,2024-07-01,69
P0050,L003,2024-07-01,101
P0051,L003,2024-07-01,124
P0052,L003,2024-07-01,58
P0053,L003,2024-07-01,86
P0054,L003,2024-07-01,118
P0055,L003,2024-07-01,108
P0056,L003,2024-07-01,98
P0057,L003,2024-07-01,101
P0058,L003,2024-07-01,14
P0059,L003,2024-07-01,63
P0060,L003,2024-07-01,147
P0061,L003,2024-07-01,123
P0062,L003,2024-07-01,96
P0063,L003,2024-07-01,11
P0064,L003,2024-07-01,150
P0065,L003,2024-07-01,75
P0066,L003,2024-07-01,159
P0067,L003,2024-07-01,194
P0068,L003,2024-07-01,61
P0069,L003,2024-07-01,199
P0070,L003,2024-07-01,61
P0071,L003,2024-07-01,153
P0072,L003,2024-07-01,178
P0073,L003,2024-07-01,124
P0074,L003,2024-07-01,163
P0075,L003,2024-07-01,138
P0076,L003,2024-07-01,6
P0077,L003,2024-07-01,158
P0078,L003,2024-07-01,136
P0079,L003,2024-07-01,38
P0080,L003,2024-07-01,89
P0081,L003,2024-07-01,146
P0082,L003,2024-07-01,160
P0083,L003,2024-07-01,1
P0084,L003,2024-07-01,178
P0085,L003,2024-07-01,170
P0086,L003,2024-07-01,53
P0087,L003,2024-07-01,60
P0088,L003,2024-07-01,118
P0089,L003,2024-07-01,152
P0090,L003,2024-07-01,44
P0091,L003,2024-07-01,77
P0092,L003,2024-07-01,11
P0093,L003,2024-07-01,152
P0094,L003,2024-07-01,76
P0095,L003,2024-07-01,118
P0096,L003,2024-07-01,163
P0097,L003,2024-07-01,80
P0098,L003,2024-07-01,77
P0099,L003,2024-07-01,155
P0100,L003,2024-07-01,81
P0101,L003,2024-07-01,43
P0102,L003,2024-07-01,172
P0103,L003,2024-07-01,111
P0104,L003,2024-07-01,143
P0105,L003,2024-07-01,187
P0106,L003,2024-07-01,192
P0107,L003,2024-07-01,158
P0108,L003,2024-07-01,185
P0109,L003,2024-07-01,114
P0110,L003,2024-07-01,47
P0111,L003,2024-07-01,14
P0112,L003,2024-07-01,122
P0113,L003,2024-07-01,29
P0114,L003,2024-07-01,77
P0115,L003,2024-07-01,89
P0116,L003,2024-07-01,95
P0117,L003,2024-07-01,114
P0118,L003,2024-07-01,85
P0119,L003,2024-07-01,58
P0120,L003,2024-07-01,197
P0121,L003,2024-07-01,175
P0122,L003,2024-07-01,44
P0123,L003,2024-07-01,36
P0124,L003,2024-07-01,70
P0125,L003,2024-07-01,154
P0126,L003,2024-07-01,172
P0127,L003,2024-07-01,141
P0128,L003,2024-07-01,158
P0129,L003,2024-07-01,23
P0130,L003,2024-07-01,135
P0131,L003,2024-07-01,10
P0132,L003,2024-07-01,134
P0133,L003,2024-07-01,54
P0134,L003,2024-07-01,165
P0135,L003,2024-07-01,107
P0136,L003,2024-07-01,17
P0137,L003,2024-07-01,56
P0138,L003,2024-07-01,171
P0139,L003,2024-07-01,169
P0140,L003,2024-07-01,48
P0141,L003,2024-07-01,133
P0142,L003,2024-07-01,56
P0143,L003,2024-07-01,43
P0144,L003,2024-07-01,92
P0145,L003,2024-07-01,158
P0146,L003,2024-07-01,103
P0147,L003,2024-07-01,194
P0148,L003,2024-07-01,21
P0149,L003,2024-07-01,10
P0150,L003,2024-07-01,136
P0001,L004,2024-07-01,117
P0002,L004,2024-07-01,106
P0003,L004,2024-07-01,133
P0004,L004,2024-07-01,53
P0005,L004,2024-07-01,152
P0006,L004,2024-07-01,114
P0007,L004,2024-07-01,91
P0008,L004,2024-07-01,133
P0009,L004,2024-07-01,89
P0010,L004,2024-07-01,11
P0011,L004,2024-07-01,98
P0012,L004,2024-07-01,149
P0013,L004,2024-07-01,148
P0014,L004,2024-07-01,187
P0015,L004,2024-07-01,165
P0016,L004,2024-07-01,161
P0017,L004,2024-07-01,143
P0018,L004,2024-07-01,48
P0019,L004,2024-07-01,83
P0020,L004,2024-07-01,76
P0021,L004,2024-07-01,120
P0022,L004,2024-07-01,19
P0023,L004,2024-07-01,9
P0024,L004,2024-07-01,64
P0025,L004,2024-07-01,175
P0026,L004,2024-07-01,124
P0027,L004,2024-07-01,115
P0028,L004,2024-07-01,70
P0029,L004,2024-07-01,44
P0030,L004,2024-07-01,92
P0031,L004,2024-07-01,0
P0032,L004,2024-07-01,166
P0033,L004,2024-07-01,106
P0034,L004,2024-07-01,173
P0035,L004,2024-07-01,31
P0036,L004,2024-07-01,58
P0037,L004,2024-07-01,189
P0038,L004,2024-07-01,15
P0039,L004,2024-07-01,106
P0040,L004,2024-07-01,173
P0041,L004,2024-07-01,26
P0042,L004,2024-07-01,99
P0043,L004,2024-07-01,70
P0044,L004,2024-07-01,108
P0045,L004,2024-07-01,197
P0046,L004,2024-07-01,117
P0047,L004,2024-07-01,8
P0048,L004,2024-07-01,176
P0049,L004,2024-07-01,66
P0050,L004,2024-07-01,88
P0051,L004,2024-07-01,131
P0052,L004,2024-07-01,118
P0053,L004,2024-07-01,165
P0054,L004,2024-07-01,83
P0055,L004,2024-07-01,18
P0056,L004,2024-07-01,164
P0057,L004,2024-07-01,145
P0058,L004,2024-07-01,38
P0059,L004,2024-07-01,132
P0060,L004,2024-07-01,179
P0061,L004,2024-07-01,40
P0062,L004,2024-07-01,82
P0063,L004,2024-07-01,185
P0064,L004,2024-07-01,127
P0065,L004,2024-07-01,66
P0066,L004,2024-07-01,177
P0067,L004,2024-07-01,30
P0068,L004,2024-07-01,-18
P0069,L004,2024-07-01,168
P0070,L004,2024-07-01,165
P0071,L004,2024-07-01,3
P0072,L004,2024-07-01,199
P0073,L004,2024-07-01,106
P0074,L004,2024-07-01,163
P0075,L004,2024-07-01,99
P0076,L004,2024-07-01,37
P0077,L004,2024-07-01,147
P0078,L004,2024-07-01,112
P0079,L004,2024-07-01,42
P0080,L004,2024-07-01,72
P0081,L004,2024-07-01,195
P0082,L004,2024-07-01,10
P0083,L004,2024-07-01,57
P0084,L004,2024-07-01,86
P0085,L004,2024-07-01,197
P0086,L004,2024-07-01,118
P0087,L004,2024-07-01,136
P0088,L004,2024-07-01,0
P0089,L004,2024-07-01,40
P0090,L004,2024-07-01,111
P0091,L004,2024-07-01,10
P0092,L004,2024-07-01,101
P0093,L004,2024-07-01,48
P0094,L004,2024-07-01,58
P0095,L004,2024-07-01,133
P0096,L004,2024-07-01,24
P0097,L004,2024-07-01,2
P0098,L004,2024-07-01,34
P0099,L004,2024-07-01,24
P0100,L004,2024-07-01,55
P0101,L004,2024-07-01,84
P0102,L004,2024-07-01,165
P0103,L004,2024-07-01,121
P0104,L004,2024-07-01,129
P0105,L004,2024-07-01,85
P0106,L004,2024-07-01,44
P0107,L004,2024-07-01,137
P0108,L004,2024-07-01,22
P0109,L004,2024-07-01,62
P0110,L004,2024-07-01,63
P0111,L004,2024-07-01,101
P0112,L004,2024-07-01,91
P0113,L004,2024-07-01,107
P0114,L004,2024-07-01,31
P0115,L004,2024-07-01,90
P0116,L004,2024-07-01,40
P0117,L004,2024-07-01,1
P0118,L004,2024-07-01,71
P0119,L004,2024-07-01,137
P0120,L004,2024-07-01,81
P0121,L004,2024-07-01,197
P0122,L004,2024-07-01,70
P0123,L004,2024-07-01,173
P0124,L004,2024-07-01,163
P0125,L004,2024-07-01,197
P0126,L004,2024-07-01,149
P0127,L004,2024-07-01,9
P0128,L004,2024-07-01,187
P0129,L004,2024-07-01,13
P0130,L004,2024-07-01,75
P0131,L004,2024-07-01,187
P0132,L004,2024-07-01,58
P0133,L004,2024-07-01,24
P0134,L004,2024-07-01,8
P0135,L004,2024-07-01,91
P0136,L004,2024-07-01,60
P0137,L004,2024-07-01,48
P0138,L004,2024-07-01,142
P0139,L004,2024-07-01,14
P0140,L004,2024-07-01,174
P0141,L004,2024-07-01,156
P0142,L004,2024-07-01,194
P0143,L004,2024-07-01,50
P0144,L004,2024-07-01,29
P0145,L004,2024-07-01,136
P0146,L004,2024-07-01,194
P0147,L004,2024-07-01,66
P0148,L004,2024-07-01,186
P0149,L004,2024-07-01,2
P0150,L004,2024-07-01,60
P0001,L005,2024-07-01,118
P0002,L005,2024-07-01,161
P0003,L005,2024-07-01,1
P0004,L005,2024-07-01,28
P0005,L005,2024-07-01,69
P0006,L005,2024-07-01,116
P0007,L005,2024-07-01,179
P0008,L005,2024-07-01,77
P0009,L005,2024-07-01,178
P0010,L005,2024-07-01,109
P0011,L005,2024-07-01,192
P0012,L005,2024-07-01,166
P0013,L005,2024-07-01,169
P0014,L005,2024-07-01,11
P0015,L005,2024-07-01,183
P0016,L005,2024-07-01,97
P0017,L005,2024-07-01,119
P0018,L005,2024-07-01,56
P0019,L005,2024-07-01,141
P0020,L005,2024-07-01,63
P0021,L005,2024-07-01,151
P0022,L005,2024-07-01,73
P0023,L005,2024-07-01,154
P0024,L005,2024-07-01,0
P0025,L005,2024-07-01,54
P0026,L005,2024-07-01,173
P0027,L005,2024-07-01,113
P0028,L005,2024-07-01,92
P0029,L005,2024-07-01,105
P0030,L005,2024-07-01,187
P0031,L005,2024-07-01,86
P0032,L005,2024-07-01,44
P0033,L005,2024-07-01,24
P0034,L005,2024-07-01,102
P0035,L005,2024-07-01,74
P0036,L005,2024-07-01,138
P0037,L005,2024-07-01,94
P0038,L005,2024-07-01,45
P0039,L005,2024-07-01,71
P0040,L005,2024-07-01,52
P0041,L005,2024-07-01,93
P0042,L005,2024-07-01,184
P0043,L005,2024-07-01,177
P0044,L005,2024-07-01,106
P0045,L005,2024-07-01,193
P0046,L005,2024-07-01,63
P0047,L005,2024-07-01,137
P0048,L005,2024-07-01,13
P0049,L005,2024-07-01,135
P0050,L005,2024-07-01,40
P0051,L005,2024-07-01,166
P0052,L005,2024-07-01,21
P0053,L005,2024-07-01,16
P0054,L005,2024-07-01,38
P0055,L005,2024-07-01,42
P0056,L005,2024-07-01,147
P0057,L005,2024-07-01,160
P0058,L005,2024-07-01,45
P0059,L005,2024-07-01,149
P0060,L005,2024-07-01,149
P0061,L005,2024-07-01,103
P0062,L005,2024-07-01,90
P0063,L005,2024-07-01,173
P0064,L005,2024-07-01,147
P0065,L005,2024-07-01,63
P9007,L005,2024-07-01,178
P0067,L005,2024-07-01,84
P0068,L005,2024-07-01,13
P0069,L005,2024-07-01,186
P0070,L005,2024-07-01,71
P0071,L005,2024-07-01,29
P0072,L005,2024-07-01,87
P0073,L005,2024-07-01,22
P0074,L005,2024-07-01,105
P0075,L005,2024-07-01,155
P0076,L005,2024-07-01,4
P0077,L005,2024-07-01,59
P0078,L005,2024-07-01,51
P0079,L005,2024-07-01,21
P0080,L005,2024-07-01,152
P0081,L005,2024-07-01,137
P0082,L005,2024-07-01,86
P0083,L005,2024-07-01,8
P0084,L005,2024-07-01,187
P0085,L005,2024-07-01,36
P0086,L005,2024-07-01,172
P0087,L005,2024-07-01,170
P0088,L005,2024-07-01,139
P0089,L005,2024-07-01,90
P0090,L005,2024-07-01,5
P0091,L005,2024-07-01,111
P0092,L005,2024-07-01,64
P0093,L005,2024-07-01,71
P0094,L005,2024-07-01,146
P0095,L005,2024-07-01,6
P0096,L005,2024-07-01,167
P0097,L005,2024-07-01,1
P0098,L005,2024-07-01,19
P0099,L005,2024-07-01,5
P0100,L005,2024-07-01,10
P0101,L005,2024-07-01,103
P0102,L005,2024-07-01,157
P0103,L005,2024-07-01,25
P0104,L005,2024-07-01,3
P0105,L005,2024-07-01,78
P0106,L005,2024-07-01,96
P0107,L005,2024-07-01,83
P0108,L005,2024-07-01,199
P0109,L005,2024-07-01,179
P0110,L005,2024-07-01,3
P0111,L005,2024-07-01,192
P0112,L005,2024-07-01,11
P0113,L005,2024-07-01,154
P0114,L005,2024-07-01,167
P0115,L005,2024-07-01,51
P0116,L005,2024-07-01,78
P0117,L005,2024-07-01,60
P0118,L005,2024-07-01,128
P0119,L005,2024-07-01,136
P0120,L005,2024-07-01,26
P0121,L005,2024-07-01,31
P0122,L005,2024-07-01,-2
P9052,L005,2024-07-01,2
P0124,L005,2024-07-01,21
P0125,L005,2024-07-01,113
P0126,L005,2024-07-01,98
P0127,L005,2024-07-01,33
P0128,L005,2024-07-01,156
P0129,L005,2024-07-01,14
P0130,L005,2024-07-01,159
P0131,L005,2024-07-01,1
P0132,L005,2024-07-01,72
P0133,L005,2024-07-01,158
P0134,L005,2024-07-01,147
P0135,L005,2024-07-01,153
P0136,L005,2024-07-01,28
P0137,L005,2024-07-01,195
P0138,L005,2024-07-01,41
P0139,L005,2024-07-01,87
P0140,L005,2024-07-01,141
P0141,L005,2024-07-01,149
P0142,L005,2024-07-01,7
P0143,L005,2024-07-01,161
P0144,L005,2024-07-01,175
P0145,L005,2024-07-01,9
P0146,L005,2024-07-01,4
P0147,L005,2024-07-01,139
P0148,L005,2024-07-01,6
P0149,L005,2024-07-01,122
P0150,L005,2024-07-01,66
P0001,L006,2024-07-01,128
P0002,L006,2024-07-01,78
P0003,L006,2024-07-01,186
P0004,L006,2024-07-01,190
P0005,L006,2024-07-01,12
P0006,L006,2024-07-01,143
P0007,L006,2024-07-01,108
P0008,L006,2024-07-01,150
P0009,L006,2024-07-01,189
P0010,L006,2024-07-01,183
P0011,L006,2024-07-01,88
P0012,L006,2024-07-01,134
P0013,L006,2024-07-01,79
P0014,L006,2024-07-01,4
P0015,L006,2024-07-01,119
P0016,L006,2024-07-01,196
P0017,L006,2024-07-01,157
P0018,L006,2024-07-01,5
P0019,L006,2024-07-01,157
P0020,L006,2024-07-01,154
P0021,L006,2024-07-01,153
P0022,L006,2024-07-01,131
P0023,L006,2024-07-01,136
P0024,L006,2024-07-01,162
P0025,L006,2024-07-01,117
P0026,L006,2024-07-01,82
P0027,L006,2024-07-01,125
P0028,L006,2024-07-01,198
P0029,L006,2024-07-01,190
P0030,L006,2024-07-01,148
P0031,L006,2024-07-01,72
P0032,L006,2024-07-01,140
P0033,L006,2024-07-01,99
P0034,L006,2024-07-01,31
P0035,L006,2024-07-01,158
P0036,L006,2024-07-01,44
P0037,L006,2024-07-01,167
P0038,L006,2024-07-01,150
P0039,L006,2024-07-01,128
P0040,L006,2024-07-01,106
P0041,L006,2024-07-01,148
P0042,L006,2024-07-01,141
P0043,L006,2024-07-01,105
P0044,L006,2024-07-01,54
P0045,L006,2024-07-01,52
P0046,L006,2024-07-01,118
P0047,L006,2024-07-01,4
P0048,L006,2024-07-01,132
P0049,L006,2024-07-01,188
P0050,L006,2024-07-01,84
P0051,L006,2024-07-01,148
P0052,L006,2024-07-01,29
P0053,L006,2024-07-01,192
P0054,L006,2024-07-01,75
P0055,L006,2024-07-01,37
P0056,L006,2024-07-01,103
P0057,L006,2024-07-01,88
P0058,L006,2024-07-01,92
P0059,L006,2024-07-01,182
P0060,L006,2024-07-01,199
P0061,L006,2024-07-01,162
P0062,L006,2024-07-01,166
P0063,L006,2024-07-01,90
P0064,L006,2024-07-01,14
P0065,L006,2024-07-01,99
P0066,L006,2024-07-01,105
P0067,L006,2024-07-01,7
P0068,L006,2024-07-01,80
P0069,L006,2024-07-01,48
P0070,L006,2024-07-01,44
P0071,L006,2024-07-01,37
P0072,L006,2024-07-01,77
P0073,L006,2024-07-01,140
P0074,L006,2024-07-01,139
P0075,L006,2024-07-01,137
P0076,L006,2024-07-01,105
P0077,L006,2024-07-01,94
P0078,L006,2024-07-01,177
P0079,L006,2024-07-01,164
P0080,L006,2024-07-01,58
P0081,L006,2024-07-01,85
P0082,L006,2024-07-01,16
P0083,L006,2024-07-01,35
P0084,L006,2024-07-01,188
P0085,L006,2024-07-01,118
P0086,L006,2024-07-01,60
P0087,L006,2024-07-01,85
P0088,L006,2024-07-01,99
P0089,L006,2024-07-01,24
P0090,L006,2024-07-01,171
P0091,L006,2024-07-01,120
P0092,L006,2024-07-01,59
P0093,L006,2024-07-01,55
P0094,L006,2024-07-01,143
P0095,L006,2024-07-01,114
P0096,L006,2024-07-01,176
P0097,L006,2024-07-01,20
P0098,L006,2024-07-01,27
P0099,L006,2024-07-01,191
P0100,L006,2024-07-01,20
P0101,L006,2024-07-01,35
P0102,L006,2024-07-01,65
P0103,L006,2024-07-01,14
P0104,L006,2024-07-01,153
P0105,L006,2024-07-01,16
P0106,L006,2024-07-01,2
P0107,L006,2024-07-01,152
P0108,L006,2024-07-01,186
P0109,L006,2024-07-01,43
P0110,L006,2024-07-01,116
P0111,L006,2024-07-01,55
P0112,L006,2024-07-01,90
P0113,L006,2024-07-01,77
P0114,L006,2024-07-01,145
P0115,L006,2024-07-01,54
P0116,L006,2024-07-01,38
P0117,L006,2024-07-01,110
P0118,L006,2024-07-01,193
P0119,L006,2024-07-01,74
P0120,L006,2024-07-01,74
P0121,L006,2024-07-01,126
P0122,L006,2024-07-01,189
P0123,L006,2024-07-01,68
P0124,L006,2024-07-01,39
P0125,L006,2024-07-01,25
P0126,L006,2024-07-01,1
P0127,L006,2024-07-01,105
P0128,L006,2024-07-01,28
P0129,L006,2024-07-01,117
P0130,L006,2024-07-01,193
P0131,L006,2024-07-01,99
P0132,L006,2024-07-01,195
P0133,L006,2024-07-01,66
P0134,L006,2024-07-01,11
P0135,L006,2024-07-01,64
P0136,L006,2024-07-01,184
P0137,L006,2024-07-01,37
P0138,L006,2024-07-01,110
P0139,L006,2024-07-01,98
P0140,L006,2024-07-01,169
P0141,L006,2024-07-01,154
P0142,L006,2024-07-01,37
P0143,L006,2024-07-01,23
P0144,L006,2024-07-01,170
P0145,L006,2024-07-01,3
P0146,L006,2024-07-01,112
P0147,L006,2024-07-01,131
P0148,L006,2024-07-01,53
P0149,L006,2024-07-01,199
P0150,L006,2024-07-01,107
P0001,L100,2024-07-01,46
P0002,L100,2024-07-01,179
P0003,L100,2024-07-01,45
P0004,L100,2024-07-01,111
P0005,L100,2024-07-01,180
P0006,L100,2024-07-01,23
P0007,L100,2024-07-01,2
P0008,L100,2024-07-01,103
P0009,L100,2024-07-01,40
P0010,L100,2024-07-01,63
P0011,L100,2024-07-01,32
P0012,L100,2024-07-01,87
P0013,L100,2024-07-01,2
P0014,L100,2024-07-01,128
P0015,L100,2024-07-01,6
P0016,L100,2024-07-01,144
P0017,L100,2024-07-01,123
P0018,L100,2024-07-01,30
P0019,L100,2024-07-01,19
P0020,L100,2024-07-01,32
P0021,L100,2024-07-01,68
P0022,L100,2024-07-01,20
P0023,L100,2024-07-01,8
P0024,L100,2024-07-01,23
P0025,L100,2024-07-01,58
P0026,L100,2024-07-01,2
P0027,L100,2024-07-01,171
P0028,L100,2024-07-01,20
P0029,L100,2024-07-01,29
P0030,L100,2024-07-01,133
P0031,L100,2024-07-01,116
P0032,L100,2024-07-01,119
P0033,L100,2024-07-01,24
P0034,L100,2024-07-01,104
P0035,L100,2024-07-01,130
P0036,L100,2024-07-01,17
P0037,L100,2024-07-01,96
P0038,L100,2024-07-01,110
P0039,L100,2024-07-01,34
P0040,L100,2024-07-01,15
P0041,L100,2024-07-01,127
P0042,L100,2024-07-01,7
P0043,L100,2024-07-01,128
P0044,L100,2024-07-01,7
P0045,L100,2024-07-01,21
P0046,L100,2024-07-01,132
P0047,L100,2024-07-01,69
P0048,L100,2024-07-01,11
P0049,L100,2024-07-01,54
P0050,L100,2024-07-01,67
P0051,L100,2024-07-01,17
P0052,L100,2024-07-01,1
P0053,L100,2024-07-01,21
P0054,L100,2024-07-01,51
P0055,L100,2024-07-01,76
P0056,L100,2024-07-01,142
P0057,L100,2024-07-01,108
P0058,L100,2024-07-01,71
P0059,L100,2024-07-01,151
P0060,L100,2024-07-01,6
P0061,L100,2024-07-01,108
P0062,L100,2024-07-01,19
P0063,L100,2024-07-01,129
P0064,L100,2024-07-01,86
P0065,L100,2024-07-01,113
P0066,L100,2024-07-01,118
P0067,L100,2024-07-01,79
P0068,L100,2024-07-01,20
P0069,L100,2024-07-01,169
P0070,L100,2024-07-01,182
P0071,L100,2024-07-01,23
P0072,L100,2024-07-01,48
P0073,L100,2024-07-01,190
P0074,L100,2024-07-01,23
P0075,L100,2024-07-01,13
P0076,L100,2024-07-01,91
P0077,L100,2024-07-01,165
P0078,L100,2024-07-01,191
P0079,L100,2024-07-01,195
P0080,L100,2024-07-01,191
P0081,L100,2024-07-01,193
P0082,L100,2024-07-01,118
P0083,L100,2024-07-01,18
P0084,L100,2024-07-01,81
P0085,L100,2024-07-01,52
P0086,L100,2024-07-01,143
P0087,L100,2024-07-01,43
P0088,L100,2024-07-01,179
P0089,L100,2024-07-01,98
P0090,L100,2024-07-01,186
P0091,L100,2024-07-01,92
P0092,L100,2024-07-01,19
P0093,L100,2024-07-01,87
P0094,L100,2024-07-01,184
P0095,L100,2024-07-01,98
P0096,L100,2024-07-01,79
P0097,L100,2024-07-01,126
P0098,L100,2024-07-01,112
P0099,L100,2024-07-01,178
P0100,L100,2024-07-01,44
P0101,L100,2024-07-01,190
P0102,L100,2024-07-01,94
P0103,L100,2024-07-01,32
P0104,L100,2024-07-01,20
P0105,L100,2024-07-01,143
P0106,L100,2024-07-01,149
P0107,L100,2024-07-01,196
P0108,L100,2024-07-01,23
P0109,L100,2024-07-01,53
P0110,L100,2024-07-01,48
P0111,L100,2024-07-01,164
P0112,L100,2024-07-01,24
P0113,L100,2024-07-01,54
P0114,L100,2024-07-01,3
P0115,L100,2024-07-01,80
P0116,L100,2024-07-01,28
P0117,L100,2024-07-01,52
P0118,L100,2024-07-01,187
P0119,L100,2024-07-01,123
P0120,L100,2024-07-01,188
P0121,L100,2024-07-01,147
P0122,L100,2024-07-01,133
P0123,L100,2024-07-01,67
P0124,L100,2024-07-01,31
P0125,L100,2024-07-01,40
P0126,L100,2024-07-01,150
P0127,L100,2024-07-01,55
P0128,L100,2024-07-01,174
P0129,L100,2024-07-01,47
P0130,L100,2024-07-01,104
P0131,L100,2024-07-01,17
P0132,L100,2024-07-01,85
P0133,L100,2024-07-01,6
P0134,L100,2024-07-01,132
P0135,L100,2024-07-01,100
P0136,L100,2024-07-01,175
P0137,L100,2024-07-01,45
P0138,L100,2024-07-01,184
P0139,L100,2024-07-01,3
P0140,L100,2024-07-01,121
P0141,L100,2024-07-01,10
P0142,L100,2024-07-01,120
P0143,L100,2024-07-01,15
P0144,L100,2024-07-01,117
P0145,L100,2024-07-01,7
P0146,L100,2024-07-01,125
P0147,L100,2024-07-01,171
P0148,L100,2024-07-01,78
P0149,L100,2024-07-01,115
P0150,L100,2024-07-01,138
P0001,L001,2024-08-01,139
P0002,L001,2024-08-01,28
P0003,L001,2024-08-01,61
P0004,L001,2024-08-01,149
P0005,L001,2024-08-01,43
P0006,L001,2024-08-01,155
P0007,L001,2024-08-01,135
P0008,L001,2024-08-01,175
P0009,L001,2024-08-01,127
P0010,L001,2024-08-01,72
P0011,L001,2024-08-01,190
P0012,L001,2024-08-01,186
P0013,L001,2024-08-01,171
P0014,L001,2024-08-01,94
P0015,L001,2024-08-01,65
P0016,L001,2024-08-01,98
P0017,L001,2024-08-01,102
P0018,L001,2024-08-01,159
P0019,L001,2024-08-01,66
P0020,L001,2024-08-01,123
P0021,L001,2024-08-01,28
P0022,L001,2024-08-01,27
P0023,L001,2024-08-01,36
P0024,L001,2024-08-01,5
P0025,L001,2024-08-01,21
P0026,L001,2024-08-01,137
P0027,L001,2024-08-01,136
P0028,L001,2024-08-01,130
P0029,L001,2024-08-01,43
P0030,L001,2024-08-01,130
P0031,L001,2024-08-01,174
P0032,L001,2024-08-01,131
P0033,L001,2024-08-01,61
P0034,L001,2024-08-01,96
P0035,L001,2024-08-01,170
P0036,L001,2024-08-01,159
P0037,L001,2024-08-01,10
P0038,L001,2024-08-01,77
P0039,L001,2024-08-01,68
P0040,L001,2024-08-01,33
P0041,L001,2024-08-01,63
P0042,L001,2024-08-01,161
P0043,L001,2024-08-01,152
P0044,L001,2024-08-01,198
P0045,L001,2024-08-01,9
P9008,L001,2024-08-01,122
P0047,L001,2024-08-01,80
P0048,L001,2024-08-01,11
P0049,L001,2024-08-01,183
P0050,L001,2024-08-01,134
P0051,L001,2024-08-01,91
P0052,L001,2024-08-01,70
P0053,L001,2024-08-01,149
P0054,L001,2024-08-01,121
P0055,L001,2024-08-01,74
P0056,L001,2024-08-01,155
P0057,L001,2024-08-01,160
P0058,L001,2024-08-01,35
P0059,L001,2024-08-01,174
P0060,L001,2024-08-01,31
P0061,L001,2024-08-01,21
P0062,L001,2024-08-01,144
P0063,L001,2024-08-01,133
P0064,L001,2024-08-01,137
P0065,L001,2024-08-01,62
P0066,L001,2024-08-01,143
P0067,L001,2024-08-01,169
P0068,L001,2024-08-01,26
P0069,L001,2024-08-01,59
P0070,L001,2024-08-01,128
P0071,L001,2024-08-01,36
P0072,L001,2024-08-01,111
P0073,L001,2024-08-01,16
P0074,L001,2024-08-01,46
P0075,L001,2024-08-01,186
P0076,L001,2024-08-01,85
P0077,L001,2024-08-01,185
P0078,L001,2024-08-01,30
P0079,L001,2024-08-01,33
P0080,L001,2024-08-01,57
P0081,L001,2024-08-01,88
P0082,L001,2024-08-01,104
P0083,L001,2024-08-01,198
P0084,L001,2024-08-01,58
P0085,L001,2024-08-01,47
P0086,L001,2024-08-01,50
P0087,L001,2024-08-01,2
P0088,L001,2024-08-01,131
P0089,L001,2024-08-01,195
P0090,L001,2024-08-01,132
P0091,L001,2024-08-01,20
P0092,L001,2024-08-01,164
P0093,L001,2024-08-01,198
P0094,L001,2024-08-01,17
P0095,L001,2024-08-01,179
P0096,L001,2024-08-01,93
P0097,L001,2024-08-01,98
P0098,L001,2024-08-01,27
P0099,L001,2024-08-01,60
P0100,L001,2024-08-01,51
P0101,L001,2024-08-01,140
P0102,L001,2024-08-01,66
P0103,L001,2024-08-01,129
P0104,L001,2024-08-01,143
P0105,L001,2024-08-01,66
P0106,L001,2024-08-01,149
P0107,L001,2024-08-01,1
P0108,L001,2024-08-01,85
P0109,L001,2024-08-01,130
P0110,L001,2024-08-01,98
P0111,L001,2024-08-01,89
P0112,L001,2024-08-01,118
P0113,L001,2024-08-01,35
P0114,L001,2024-08-01,168
P0115,L001,2024-08-01,109
P0116,L001,2024-08-01,2
P0117,L001,2024-08-01,64
P0118,L001,2024-08-01,102
P0119,L001,2024-08-01,80
P0120,L001,2024-08-01,89
P0121,L001,2024-08-01,154
P0122,L001,2024-08-01,181
P0123,L001,2024-08-01,41
P0124,L001,2024-08-01,-3
P0125,L001,2024-08-01,170
P0126,L001,2024-08-01,125
P0127,L001,2024-08-01,33
P0128,L001,2024-08-01,53
P0129,L001,2024-08-01,1
P0130,L001,2024-08-01,6
P0131,L001,2024-08-01,1
P0132,L001,2024-08-01,72
P0133,L001,2024-08-01,4
P0134,L001,2024-08-01,181
P0135,L001,2024-08-01,176
P0136,L001,2024-08-01,79
P0137,L001,2024-08-01,183
P0138,L001,2024-08-01,61
P0139,L001,2024-08-01,30
P0140,L001,2024-08-01,48
P0141,L001,2024-08-01,59
P0142,L001,2024-08-01,18
P0143,L001,2024-08-01,172
P0144,L001,2024-08-01,-6
P0145,L001,2024-08-01,32
P0146,L001,2024-08-01,173
P0147,L001,2024-08-01,31
P0148,L001,2024-08-01,193
P0149,L001,2024-08-01,42
P0150,L001,2024-08-01,193
P0001,L002,2024-08-01,78
P0002,L002,2024-08-01,128
P0003,L002,2024-08-01,43
P0004,L002,2024-08-01,89
P0005,L002,2024-08-01,15
P0006,L002,2024-08-01,152
P0007,L002,2024-08-01,163
P0008,L002,2024-08-01,176
P0009,L002,2024-08-01,34
P0010,L002,2024-08-01,164
P0011,L002,2024-08-01,111
P0012,L002,2024-08-01,11
P0013,L002,2024-08-01,54
P0014,L002,2024-08-01,111
P0015,L002,2024-08-01,135
P0016,L002,2024-08-01,164
P0017,L002,2024-08-01,61
P0018,L002,2024-08-01,116
P0019,L002,2024-08-01,3
P0020,L002,2024-08-01,105
P0021,L002,2024-08-01,8
P0022,L002,2024-08-01,124
P0023,L002,2024-08-01,123
P0024,L002,2024-08-01,196
P0025,L002,2024-08-01,103
P0026,L002,2024-08-01,185
P0027,L002,2024-08-01,31
P0028,L002,2024-08-01,173
P0029,L002,2024-08-01,77
P0030,L002,2024-08-01,72
P0031,L002,2024-08-01,189
P0032,L002,2024-08-01,171
P0033,L002,2024-08-01,110
P0034,L002,2024-08-01,199
P0035,L002,2024-08-01,138
P0036,L002,2024-08-01,142
P0037,L002,2024-08-01,119
P0038,L002,2024-08-01,138
P0039,L002,2024-08-01,177
P0040,L002,2024-08-01,22
P0041,L002,2024-08-01,98
P0042,L002,2024-08-01,131
P0043,L002,2024-08-01,100
P0044,L002,2024-08-01,73
P0045,L002,2024-08-01,104
P0046,L002,2024-08-01,113
P0047,L002,2024-08-01,73
P0048,L002,2024-08-01,115
P0049,L002,2024-08-01,156
P0050,L002,2024-08-01,48
P0051,L002,2024-08-01,138
P0052,L002,2024-08-01,16
P0053,L002,2024-08-01,54
P0054,L002,2024-08-01,68
P0055,L002,2024-08-01,137
P0056,L002,2024-08-01,108
P0057,L002,2024-08-01,27
P0058,L002,2024-08-01,70
P0059,L002,2024-08-01,116
P0060,L002,2024-08-01,7
P0061,L002,2024-08-01,65
P0062,L002,2024-08-01,109
P0063,L002,2024-08-01,185
P0064,L002,2024-08-01,16
P0065,L002,2024-08-01,78
P0066,L002,2024-08-01,66
P0067,L002,2024-08-01,111
P0068,L002,2024-08-01,92
P0069,L002,2024-08-01,122
P0070,L002,2024-08-01,132
P0071,L002,2024-08-01,108
P0072,L002,2024-08-01,147
P0073,L002,2024-08-01,118
P0074,L002,2024-08-01,65
P0075,L002,2024-08-01,11
P0076,L002,2024-08-01,22
P0077,L002,2024-08-01,31
P0078,L002,2024-08-01,179
P0079,L002,2024-08-01,11
P0080,L002,2024-08-01,64
P0081,L002,2024-08-01,5
P0082,L002,2024-08-01,104
P0083,L002,2024-08-01,71
P0084,L002,2024-08-01,82
P0085,L002,2024-08-01,127
P0086,L002,2024-08-01,33
P0087,L002,2024-08-01,28
P0088,L002,2024-08-01,38
P0089,L002,2024-08-01,160
P0090,L002,2024-08-01,127
P0091,L002,2024-08-01,46
P0092,L002,2024-08-01,198
P0093,L002,2024-08-01,35
P0094,L002,2024-08-01,104
P0095,L002,2024-08-01,195
P0096,L002,2024-08-01,172
P0097,L002,2024-08-01,179
P0098,L002,2024-08-01,36
P0099,L002,2024-08-01,40
P0100,L002,2024-08-01,136
P0101,L002,2024-08-01,57
P0102,L002,2024-08-01,121
P0103,L002,2024-08-01,122
P0104,L002,2024-08-01,163
P0105,L002,2024-08-01,146
P0106,L002,2024-08-01,23
P0107,L002,2024-08-01,184
P0108,L002,2024-08-01,91
P0109,L002,2024-08-01,121
P0110,L002,2024-08-01,197
P0111,L002,2024-08-01,138
P0112,L002,2024-08-01,48
P0113,L002,2024-08-01,127
P0114,L002,2024-08-01,6
P0115,L002,2024-08-01,36
P0116,L002,2024-08-01,85
P0117,L002,2024-08-01,95
P0118,L002,2024-08-01,34
P0119,L002,2024-08-01,115
P0120,L002,2024-08-01,146
P0121,L002,2024-08-01,132
P0122,L002,2024-08-01,112
P0123,L002,2024-08-01,98
P0124,L002,2024-08-01,89
P0125,L002,2024-08-01,158
P0126,L002,2024-08-01,78
P0127,L002,2024-08-01,83
P0128,L002,2024-08-01,143
P0129,L002,2024-08-01,152
P0130,L002,2024-08-01,57
P0131,L002,2024-08-01,106
P0132,L002,2024-08-01,61
P0133,L002,2024-08-01,189
P0134,L002,2024-08-01,159
P0135,L002,2024-08-01,71
P0136,L002,2024-08-01,127
P0137,L002,2024-08-01,51
P0138,L002,2024-08-01,176
P0139,L002,2024-08-01,98
P0140,L002,2024-08-01,78
P0141,L002,2024-08-01,167
P0142,L002,2024-08-01,137
P0143,L002,2024-08-01,93
P0144,L002,2024-08-01,199
P0145,L002,2024-08-01,39
P0146,L002,2024-08-01,38
P0147,L002,2024-08-01,56
P0148,L002,2024-08-01,71
P0149,L002,2024-08-01,174
P0150,L002,2024-08-01,110
P0001,L003,2024-08-01,146
P0002,L003,2024-08-01,10
P0003,L003,2024-08-01,167
P0004,L003,2024-08-01,17
P0005,L003,2024-08-01,175
P0006,L003,2024-08-01,134
P0007,L003,2024-08-01,37
P0008,L003,2024-08-01,89
P0009,L003,2024-08-01,117
P0010,L003,2024-08-01,12
P0011,L003,2024-08-01,173
P0012,L003,2024-08-01,21
P0013,L003,2024-08-01,125
P0014,L003,2024-08-01,91
P0015,L003,2024-08-01,97
P0016,L003,2024-08-01,196
P0017,L003,2024-08-01,168
P0018,L003,2024-08-01,10
P0019,L003,2024-08-01,73
P0020,L003,2024-08-01,171
P0021,L003,2024-08-01,159
P0022,L003,2024-08-01,190
P0023,L003,2024-08-01,71
P0024,L003,2024-08-01,156
P0025,L003,2024-08-01,164
P0026,L003,2024-08-01,175
P0027,L003,2024-08-01,188
P0028,L003,2024-08-01,7
P0029,L003,2024-08-01,58
P0030,L003,2024-08-01,10
P0031,L003,2024-08-01,139
P0032,L003,2024-08-01,80
P0033,L003,2024-08-01,74
P0034,L003,2024-08-01,193
P0035,L003,2024-08-01,159
P0036,L003,2024-08-01,98
P0037,L003,2024-08-01,150
P0038,L003,2024-08-01,18
P0039,L003,2024-08-01,26
P0040,L003,2024-08-01,22
P0041,L003,2024-08-01,63
P0042,L003,2024-08-01,30
P0043,L003,2024-08-01,110
P0044,L003,2024-08-01,67
P0045,L003,2024-08-01,175
P0046,L003,2024-08-01,164
P0047,L003,2024-08-01,99
P0048,L003,2024-08-01,171
P0049,L003,2024-08-01,46
P0050,L003,2024-08-01,186
P0051,L003,2024-08-01,82
P0052,L003,2024-08-01,74
P0053,L003,2024-08-01,148
P0054,L003,2024-08-01,73
P0055,L003,2024-08-01,121
P0056,L003,2024-08-01,43
P0057,L003,2024-08-01,102
P0058,L003,2024-08-01,159
P0059,L003,2024-08-01,132
P0060,L003,2024-08-01,18
P0061,L003,2024-08-01,60
P0062,L003,2024-08-01,122
P0063,L003,2024-08-01,91
P0064,L003,2024-08-01,87
P0065,L003,2024-08-01,36
P0066,L003,2024-08-01,157
P0067,L003,2024-08-01,164
P0068,L003,2024-08-01,90
P0069,L003,2024-08-01,161
P0070,L003,2024-08-01,163
P0071,L003,2024-08-01,148
P0072,L003,2024-08-01,28
P0073,L003,2024-08-01,139
P0074,L003,2024-08-01,75
P0075,L003,2024-08-01,93
P0076,L003,2024-08-01,126
P0077,L003,2024-08-01,92
P0078,L003,2024-08-01,168
P0079,L003,2024-08-01,124
P0080,L003,2024-08-01,150
P0081,L003,2024-08-01,55
P0082,L003,2024-08-01,81
P0083,L003,2024-08-01,83
P0084,L003,2024-08-01,143
P0085,L003,2024-08-01,163
P0086,L003,2024-08-01,199
P0087,L003,2024-08-01,85
P0088,L003,2024-08-01,168
P0089,L003,2024-08-01,75
P0090,L003,2024-08-01,27
P0091,L003,2024-08-01,138
P0092,L003,2024-08-01,77
P0093,L003,2024-08-01,128
P0094,L003,2024-08-01,127
P0095,L003,2024-08-01,69
P0096,L003,2024-08-01,49
P0097,L003,2024-08-01,-6
P0098,L003,2024-08-01,27
P0099,L003,2024-08-01,172
P0100,L003,2024-08-01,175
P0101,L003,2024-08-01,34
P0102,L003,2024-08-01,42
P0103,L003,2024-08-01,111
P0104,L003,2024-08-01,93
P0105,L003,2024-08-01,154
P0106,L003,2024-08-01,150
P0107,L003,2024-08-01,55
P0108,L003,2024-08-01,116
P0109,L003,2024-08-01,126
P0110,L003,2024-08-01,43
P0111,L003,2024-08-01,150
P0112,L003,2024-08-01,184
P0113,L003,2024-08-01,112
P0114,L003,2024-08-01,51
P0115,L003,2024-08-01,169
P0116,L003,2024-08-01,57
P0117,L003,2024-08-01,179
P0118,L003,2024-08-01,188
P0119,L003,2024-08-01,77
P0120,L003,2024-08-01,3
P0121,L003,2024-08-01,122
P0122,L003,2024-08-01,35
P0123,L003,2024-08-01,118
P0124,L003,2024-08-01,64
P0125,L003,2024-08-01,20
P0126,L003,2024-08-01,6
P0127,L003,2024-08-01,77
P0128,L003,2024-08-01,144
P0129,L003,2024-08-01,36
P0130,L003,2024-08-01,44
P0131,L003,2024-08-01,85
P0132,L003,2024-08-01,198
P0133,L003,2024-08-01,45
P0134,L003,2024-08-01,12
P0135,L003,2024-08-01,10
P0136,L003,2024-08-01,71
P0137,L003,2024-08-01,199
P0138,L003,2024-08-01,142
P0139,L003,2024-08-01,9
P0140,L003,2024-08-01,103
P0141,L003,2024-08-01,181
P0142,L003,2024-08-01,56
P0143,L003,2024-08-01,44
P0144,L003,2024-08-01,137
P0145,L003,2024-08-01,24
P0146,L003,2024-08-01,63
P0147,L003,2024-08-01,194
P0148,L003,2024-08-01,100
P0149,L003,2024-08-01,30
P0150,L003,2024-08-01,42
P0001,L004,2024-08-01,131
P0002,L004,2024-08-01,159
P0003,L004,2024-08-01,41
P0004,L004,2024-08-01,67
P0005,L004,2024-08-01,8
P0006,L004,2024-08-01,154
P0007,L004,2024-08-01,155
P0008,L004,2024-08-01,105
P0009,L004,2024-08-01,31
P0010,L004,2024-08-01,87
P0011,L004,2024-08-01,194
P0012,L004,2024-08-01,184
P0013,L004,2024-08-01,178
P0014,L004,2024-08-01,74
P0015,L004,2024-08-01,191
P0016,L004,2024-08-01,182
P0017,L004,2024-08-01,33
P0018,L004,2024-08-01,165
P0019,L004,2024-08-01,139
P0020,L004,2024-08-01,165
P0021,L004,2024-08-01,13
P0022,L004,2024-08-01,80
P0023,L004,2024-08-01,129
P0024,L004,2024-08-01,186
P0025,L004,2024-08-01,118
P0026,L004,2024-08-01,32
P0027,L004,2024-08-01,71
P0028,L004,2024-08-01,146
P0029,L004,2024-08-01,3
P0030,L004,2024-08-01,57
P0031,L004,2024-08-01,116
P0032,L004,2024-08-01,66
P0033,L004,2024-08-01,88
P0034,L004,2024-08-01,92
P0035,L004,2024-08-01,49
P0036,L004,2024-08-01,105
P0037,L004,2024-08-01,144
P0038,L004,2024-08-01,49
P0039,L004,2024-08-01,106
P0040,L004,2024-08-01,151
P0041,L004,2024-08-01,42
P0042,L004,2024-08-01,23
P0043,L004,2024-08-01,84
P0044,L004,2024-08-01,98
P0045,L004,2024-08-01,148
P0046,L004,2024-08-01,115
P0047,L004,2024-08-01,175
P0048,L004,2024-08-01,138
P0049,L004,2024-08-01,90
P0050,L004,2024-08-01,115
P0051,L004,2024-08-01,136
P0052,L004,2024-08-01,18
P0053,L004,2024-08-01,43
P0054,L004,2024-08-01,0
P0055,L004,2024-08-01,30
P0056,L004,2024-08-01,44
P0057,L004,2024-08-01,67
P0058,L004,2024-08-01,13
P0059,L004,2024-08-01,30
P0060,L004,2024-08-01,137
P0061,L004,2024-08-01,27
P0062,L004,2024-08-01,135
P0063,L004,2024-08-01,186
P0064,L004,2024-08-01,132
P0065,L004,2024-08-01,179
P0066,L004,2024-08-01,139
P0067,L004,2024-08-01,64
P0068,L004,2024-08-01,41
P0069,L004,2024-08-01,93
P0070,L004,2024-08-01,76
P0071,L004,2024-08-01,45
P0072,L004,2024-08-01,30
P0073,L004,2024-08-01,90
P0074,L004,2024-08-01,36
P0075,L004,2024-08-01,44
P0076,L004,2024-08-01,137
P0077,L004,2024-08-01,133
P0078,L004,2024-08-01,195
P0079,L004,2024-08-01,60
P0080,L004,2024-08-01,126
P0081,L004,2024-08-01,163
P0082,L004,2024-08-01,184
P0083,L004,2024-08-01,72
P0084,L004,2024-08-01,114
P0085,L004,2024-08-01,23
P0086,L004,2024-08-01,74
P0087,L004,2024-08-01,116
P0088,L004,2024-08-01,0
P0089,L004,2024-08-01,91
P0090,L004,2024-08-01,141
P0091,L004,2024-08-01,19
P0092,L004,2024-08-01,57
P0093,L004,2024-08-01,83
P0094,L004,2024-08-01,151
P0095,L004,2024-08-01,7
P0096,L004,2024-08-01,47
P0097,L004,2024-08-01,37
P0098,L004,2024-08-01,52
P0099,L004,2024-08-01,54
P0100,L004,2024-08-01,97
P0101,L004,2024-08-01,10
P0102,L004,2024-08-01,172
P0103,L004,2024-08-01,199
P0104,L004,2024-08-01,73
P0105,L004,2024-08-01,50
P0106,L004,2024-08-01,100
P0107,L004,2024-08-01,38
P0108,L004,2024-08-01,151
P0109,L004,2024-08-01,148
P0110,L004,2024-08-01,4
P0111,L004,2024-08-01,182
P0112,L004,2024-08-01,163
P0113,L004,2024-08-01,16
P0114,L004,2024-08-01,85
P0115,L004,2024-08-01,133
P0116,L004,2024-08-01,61
P0117,L004,2024-08-01,185
P0118,L004,2024-08-01,170
P0119,L004,2024-08-01,91
P0120,L004,2024-08-01,121
P0121,L004,2024-08-01,16
P0122,L004,2024-08-01,41
P0123,L004,2024-08-01,190
P0124,L004,2024-08-01,196
P0125,L004,2024-08-01,64
P0126,L004,2024-08-01,164
P0127,L004,2024-08-01,92
P0128,L004,2024-08-01,45
P0129,L004,2024-08-01,183
P0130,L004,2024-08-01,129
P0131,L004,2024-08-01,87
P0132,L004,2024-08-01,86
P0133,L004,2024-08-01,196
P0134,L004,2024-08-01,36
P0135,L004,2024-08-01,7
P0136,L004,2024-08-01,198
P0137,L004,2024-08-01,52
P0138,L004,2024-08-01,175
P0139,L004,2024-08-01,194
P0140,L004,2024-08-01,30
P0141,L004,2024-08-01,103
P0142,L004,2024-08-01,184
P0143,L004,2024-08-01,67
P0144,L004,2024-08-01,135
P0145,L004,2024-08-01,110
P0146,L004,2024-08-01,171
P0147,L004,2024-08-01,83
P0148,L004,2024-08-01,61
P0149,L004,2024-08-01,189
P0150,L004,2024-08-01,59
P0001,L005,2024-08-01,47
P0002,L005,2024-08-01,129
P0003,L005,2024-08-01,90
P0004,L005,2024-08-01,65
P0005,L005,2024-08-01,55
P0006,L005,2024-08-01,132
P0007,L005,2024-08-01,70
P0008,L005,2024-08-01,115
P0009,L005,2024-08-01,132
P0010,L005,2024-08-01,92
P0011,L005,2024-08-01,185
P0012,L005,2024-08-01,9
P9011,L005,2024-08-01,152
P0014,L005,2024-08-01,36
P0015,L005,2024-08-01,44
P0016,L005,2024-08-01,22
P0017,L005,2024-08-01,141
P0018,L005,2024-08-01,0
P0019,L005,2024-08-01,155
P0020,L005,2024-08-01,22
P0021,L005,2024-08-01,139
P9023,L005,2024-08-01,89
P0023,L005,2024-08-01,52
P0024,L005,2024-08-01,129
P0025,L005,2024-08-01,58
P0026,L005,2024-08-01,72
P0027,L005,2024-08-01,127
P0028,L005,2024-08-01,66
P0029,L005,2024-08-01,26
P0030,L005,2024-08-01,138
P0031,L005,2024-08-01,71
P0032,L005,2024-08-01,137
P0033,L005,2024-08-01,-10
P0034,L005,2024-08-01,176
P0035,L005,2024-08-01,18
P0036,L005,2024-08-01,77
P0037,L005,2024-08-01,34
P0038,L005,2024-08-01,105
P0039,L005,2024-08-01,174
P0040,L005,2024-08-01,157
P0041,L005,2024-08-01,169
P0042,L005,2024-08-01,96
P0043,L005,2024-08-01,37
P0044,L005,2024-08-01,19
P0045,L005,2024-08-01,184
P0046,L005,2024-08-01,137
P0047,L005,2024-08-01,82
P0048,L005,2024-08-01,93
P0049,L005,2024-08-01,79
P0050,L005,2024-08-01,29
P0051,L005,2024-08-01,180
P9031,L005,2024-08-01,170
P0053,L005,2024-08-01,54
P0054,L005,2024-08-01,160
P0055,L005,2024-08-01,29
P0056,L005,2024-08-01,146
P0057,L005,2024-08-01,152
P0058,L005,2024-08-01,153
P0059,L005,2024-08-01,178
P0060,L005,2024-08-01,176
P0061,L005,2024-08-01,20
P0062,L005,2024-08-01,50
P0063,L005,2024-08-01,119
P0064,L005,2024-08-01,30
P0065,L005,2024-08-01,66
P0066,L005,2024-08-01,135
P0067,L005,2024-08-01,171
P0068,L005,2024-08-01,37
P0069,L005,2024-08-01,56
P0070,L005,2024-08-01,198
P0071,L005,2024-08-01,86
P0072,L005,2024-08-01,176
P0073,L005,2024-08-01,79
P0074,L005,2024-08-01,36
P0075,L005,2024-08-01,15
P0076,L005,2024-08-01,-1
P0077,L005,2024-08-01,78
P0078,L005,2024-08-01,29
P0079,L005,2024-08-01,3
P0080,L005,2024-08-01,152
P0081,L005,2024-08-01,158
P0082,L005,2024-08-01,15
P0083,L005,2024-08-01,141
P0084,L005,2024-08-01,160
P0085,L005,2024-08-01,12
P0086,L005,2024-08-01,141
P0087,L005,2024-08-01,114
P0088,L005,2024-08-01,10
P0089,L005,2024-08-01,175
P0090,L005,2024-08-01,149
P0091,L005,2024-08-01,135
P0092,L005,2024-08-01,198
P0093,L005,2024-08-01,184
P0094,L005,2024-08-01,136
P0095,L005,2024-08-01,78
P0096,L005,2024-08-01,72
P0097,L005,2024-08-01,187
P0098,L005,2024-08-01,30
P0099,L005,2024-08-01,199
P0100,L005,2024-08-01,163
P0101,L005,2024-08-01,158
P0102,L005,2024-08-01,78
P0103,L005,2024-08-01,46
P0104,L005,2024-08-01,5
P0105,L005,2024-08-01,25
P0106,L005,2024-08-01,115
P0107,L005,2024-08-01,6
P0108,L005,2024-08-01,81
P0109,L005,2024-08-01,41
P0110,L005,2024-08-01,43
P0111,L005,2024-08-01,45
P0112,L005,2024-08-01,52
P0113,L005,2024-08-01,99
P0114,L005,2024-08-01,143
P0115,L005,2024-08-01,186
P0116,L005,2024-08-01,155
P0117,L005,2024-08-01,140
P0118,L005,2024-08-01,121
P0119,L005,2024-08-01,109
P0120,L005,2024-08-01,154
P0121,L005,2024-08-01,110
P0122,L005,2024-08-01,2
P0123,L005,2024-08-01,163
P0124,L005,2024-08-01,10
P0125,L005,2024-08-01,142
P0126,L005,2024-08-01,62
P0127,L005,2024-08-01,109
P0128,L005,2024-08-01,192
P0129,L005,2024-08-01,156
P0130,L005,2024-08-01,146
P0131,L005,2024-08-01,193
P0132,L005,2024-08-01,169
P0133,L005,2024-08-01,120
P0134,L005,2024-08-01,87
P0135,L005,2024-08-01,111
P0136,L005,2024-08-01,174
P0137,L005,2024-08-01,185
P0138,L005,2024-08-01,182
P0139,L005,2024-08-01,61
P0140,L005,2024-08-01,195
P0141,L005,2024-08-01,94
P0142,L005,2024-08-01,157
P0143,L005,2024-08-01,106
P0144,L005,2024-08-01,46
P0145,L005,2024-08-01,15
P0146,L005,2024-08-01,104
P0147,L005,2024-08-01,196
P0148,L005,2024-08-01,90
P0149,L005,2024-08-01,93
P0150,L005,2024-08-01,197
P0001,L006,2024-08-01,125
P0002,L006,2024-08-01,186
P0003,L006,2024-08-01,84
P0004,L006,2024-08-01,157
P0005,L006,2024-08-01,136
P0006,L006,2024-08-01,157
P0007,L006,2024-08-01,199
P0008,L006,2024-08-01,47
P0009,L006,2024-08-01,127
P0010,L006,2024-08-01,197
P0011,L006,2024-08-01,4
P0012,L006,2024-08-01,113
P0013,L006,2024-08-01,171
P0014,L006,2024-08-01,170
P0015,L006,2024-08-01,143
P0016,L006,2024-08-01,143
P0017,L006,2024-08-01,107
P0018,L006,2024-08-01,67
P0019,L006,2024-08-01,22
P0020,L006,2024-08-01,117
P0021,L006,2024-08-01,192
P0022,L006,2024-08-01,37
P0023,L006,2024-08-01,189
P0024,L006,2024-08-01,82
P0025,L006,2024-08-01,69
P0026,L006,2024-08-01,197
P0027,L006,2024-08-01,82
P0028,L006,2024-08-01,122
P0029,L006,2024-08-01,121
P0030,L006,2024-08-01,127
P0031,L006,2024-08-01,125
P0032,L006,2024-08-01,166
P0033,L006,2024-08-01,148
P0034,L006,2024-08-01,117
P0035,L006,2024-08-01,78
P0036,L006,2024-08-01,60
P0037,L006,2024-08-01,124
P0038,L006,2024-08-01,192
P0039,L006,2024-08-01,101
P0040,L006,2024-08-01,184
P0041,L006,2024-08-01,172
P0042,L006,2024-08-01,170
P0043,L006,2024-08-01,47
P0044,L006,2024-08-01,92
P0045,L006,2024-08-01,86
P0046,L006,2024-08-01,185
P0047,L006,2024-08-01,58
P0048,L006,2024-08-01,15
P0049,L006,2024-08-01,155
P0050,L006,2024-08-01,-5
P0051,L006,2024-08-01,116
P0052,L006,2024-08-01,159
P0053,L006,2024-08-01,129
P0054,L006,2024-08-01,167
P0055,L006,2024-08-01,191
P0056,L006,2024-08-01,153
P0057,L006,2024-08-01,165
P0058,L006,2024-08-01,93
P0059,L006,2024-08-01,-13
P0060,L006,2024-08-01,142
P0061,L006,2024-08-01,177
P0062,L006,2024-08-01,162
P0063,L006,2024-08-01,179
P0064,L006,2024-08-01,131
P0065,L006,2024-08-01,27
P0066,L006,2024-08-01,168
P0067,L006,2024-08-01,97
P0068,L006,2024-08-01,173
P0069,L006,2024-08-01,134
P0070,L006,2024-08-01,36
P0071,L006,2024-08-01,47
P0072,L006,2024-08-01,71
P0073,L006,2024-08-01,188
P0074,L006,2024-08-01,198
P0075,L006,2024-08-01,44
P0076,L006,2024-08-01,197
P0077,L006,2024-08-01,28
P0078,L006,2024-08-01,100
P0079,L006,2024-08-01,182
P0080,L006,2024-08-01,199
P0081,L006,2024-08-01,102
P0082,L006,2024-08-01,160
P0083,L006,2024-08-01,160
P0084,L006,2024-08-01,49
P0085,L006,2024-08-01,20
P0086,L006,2024-08-01,134
P0087,L006,2024-08-01,61
P0088,L006,2024-08-01,121
P0089,L006,2024-08-01,66
P0090,L006,2024-08-01,177
P0091,L006,2024-08-01,186
P0092,L006,2024-08-01,187
P0093,L006,2024-08-01,51
P0094,L006,2024-08-01,138
P0095,L006,2024-08-01,40
P0096,L006,2024-08-01,82
P0097,L006,2024-08-01,174
P0098,L006,2024-08-01,124
P0099,L006,2024-08-01,61
P0100,L006,2024-08-01,-5
P0101,L006,2024-08-01,91
P0102,L006,2024-08-01,109
P0103,L006,2024-08-01,168
P0104,L006,2024-08-01,104
P0105,L006,2024-08-01,156
P0106,L006,2024-08-01,68
P0107,L006,2024-08-01,68
P0108,L006,2024-08-01,78
P0109,L006,2024-08-01,114
P0110,L006,2024-08-01,146
P0111,L006,2024-08-01,56
P0112,L006,2024-08-01,145
P0113,L006,2024-08-01,63
P0114,L006,2024-08-01,143
P0115,L006,2024-08-01,22
P0116,L006,2024-08-01,68
P0117,L006,2024-08-01,162
P0118,L006,2024-08-01,28
P0119,L006,2024-08-01,198
P0120,L006,2024-08-01,66
P0121,L006,2024-08-01,155
P0122,L006,2024-08-01,0
P0123,L006,2024-08-01,103
P0124,L006,2024-08-01,176
P0125,L006,2024-08-01,165
P0126,L006,2024-08-01,172
P0127,L006,2024-08-01,145
P0128,L006,2024-08-01,98
P0129,L006,2024-08-01,79
P0130,L006,2024-08-01,36
P0131,L006,2024-08-01,5
P0132,L006,2024-08-01,191
P0133,L006,2024-08-01,28
P0134,L006,2024-08-01,-2
P0135,L006,2024-08-01,187
P0136,L006,2024-08-01,7
P0137,L006,2024-08-01,17
P0138,L006,2024-08-01,57
P0139,L006,2024-08-01,43
P0140,L006,2024-08-01,43
P0141,L006,2024-08-01,11
P0142,L006,2024-08-01,19
P0143,L006,2024-08-01,34
P0144,L006,2024-08-01,63
P0145,L006,2024-08-01,46
P0146,L006,2024-08-01,168
P0147,L006,2024-08-01,39
P0148,L006,2024-08-01,170
P0149,L006,2024-08-01,103
P0150,L006,2024-08-01,198
P0001,L100,2024-08-01,78
P0002,L100,2024-08-01,64
P0003,L100,2024-08-01,112
P0004,L100,2024-08-01,154
P0005,L100,2024-08-01,118
P0006,L100,2024-08-01,120
P0007,L100,2024-08-01,107
P0008,L100,2024-08-01,171
P0009,L100,2024-08-01,158
P0010,L100,2024-08-01,196
P0011,L100,2024-08-01,66
P0012,L100,2024-08-01,49
P0013,L100,2024-08-01,111
P0014,L100,2024-08-01,191
P0015,L100,2024-08-01,86
P0016,L100,2024-08-01,-2
P0017,L100,2024-08-01,29
P0018,L100,2024-08-01,72
P0019,L100,2024-08-01,96
P0020,L100,2024-08-01,118
P0021,L100,2024-08-01,96
P0022,L100,2024-08-01,44
P0023,L100,2024-08-01,107
P0024,L100,2024-08-01,53
P0025,L100,2024-08-01,190
P0026,L100,2024-08-01,106
P0027,L100,2024-08-01,72
P0028,L100,2024-08-01,103
P0029,L100,2024-08-01,97
P0030,L100,2024-08-01,180
P0031,L100,2024-08-01,38
P0032,L100,2024-08-01,128
P0033,L100,2024-08-01,12
P0034,L100,2024-08-01,153
P0035,L100,2024-08-01,11
P0036,L100,2024-08-01,69
P0037,L100,2024-08-01,131
P0038,L100,2024-08-01,147
P0039,L100,2024-08-01,142
P0040,L100,2024-08-01,5
P0041,L100,2024-08-01,110
P0042,L100,2024-08-01,182
P0043,L100,2024-08-01,21
P0044,L100,2024-08-01,36
P0045,L100,2024-08-01,74
P0046,L100,2024-08-01,41
P0047,L100,2024-08-01,48
P0048,L100,2024-08-01,15
P0049,L100,2024-08-01,21
P0050,L100,2024-08-01,164
P0051,L100,2024-08-01,84
P0052,L100,2024-08-01,190
P0053,L100,2024-08-01,91
P0054,L100,2024-08-01,63
P0055,L100,2024-08-01,142
P0056,L100,2024-08-01,120
P0057,L100,2024-08-01,70
P0058,L100,2024-08-01,182
P0059,L100,2024-08-01,199
P0060,L100,2024-08-01,44
P0061,L100,2024-08-01,137
P0062,L100,2024-08-01,51
P0063,L100,2024-08-01,124
P0064,L100,2024-08-01,104
P0065,L100,2024-08-01,174
P0066,L100,2024-08-01,184
P0067,L100,2024-08-01,121
P0068,L100,2024-08-01,194
P0069,L100,2024-08-01,13
P0070,L100,2024-08-01,172
P0071,L100,2024-08-01,65
P0072,L100,2024-08-01,78
P0073,L100,2024-08-01,168
P0074,L100,2024-08-01,26
P0075,L100,2024-08-01,24
P0076,L100,2024-08-01,20
P0077,L100,2024-08-01,24
P0078,L100,2024-08-01,83
P0079,L100,2024-08-01,11
P0080,L100,2024-08-01,110
P0081,L100,2024-08-01,65
P0082,L100,2024-08-01,146
P0083,L100,2024-08-01,159
P0084,L100,2024-08-01,93
P0085,L100,2024-08-01,139
P0086,L100,2024-08-01,-5
P0087,L100,2024-08-01,4
P0088,L100,2024-08-01,40
P0089,L100,2024-08-01,163
P0090,L100,2024-08-01,10
P0091,L100,2024-08-01,57
P0092,L100,2024-08-01,26
P0093,L100,2024-08-01,76
P0094,L100,2024-08-01,154
P0095,L100,2024-08-01,94
P0096,L100,2024-08-01,63
P0097,L100,2024-08-01,191
P0098,L100,2024-08-01,120
P0099,L100,2024-08-01,30
P0100,L100,2024-08-01,179
P0101,L100,2024-08-01,112
P0102,L100,2024-08-01,105
P0103,L100,2024-08-01,122
P0104,L100,2024-08-01,11
P0105,L100,2024-08-01,39
P0106,L100,2024-08-01,81
P0107,L100,2024-08-01,131
P0108,L100,2024-08-01,179
P0109,L100,2024-08-01,8
P0110,L100,2024-08-01,70
P0111,L100,2024-08-01,176
P0112,L100,2024-08-01,132
P0113,L100,2024-08-01,58
P0114,L100,2024-08-01,98
P0115,L100,2024-08-01,24
P0116,L100,2024-08-01,77
P0117,L100,2024-08-01,164
P0118,L100,2024-08-01,76
P0119,L100,2024-08-01,7
P0120,L100,2024-08-01,32
P0121,L100,2024-08-01,194
P0122,L100,2024-08-01,184
P0123,L100,2024-08-01,42
P0124,L100,2024-08-01,46
P0125,L100,2024-08-01,174
P0126,L100,2024-08-01,103
P0127,L100,2024-08-01,145
P0128,L100,2024-08-01,190
P0129,L100,2024-08-01,153
P0130,L100,2024-08-01,103
P0131,L100,2024-08-01,81
P0132,L100,2024-08-01,131
P0133,L100,2024-08-01,43
P0134,L100,2024-08-01,60
P0135,L100,2024-08-01,74
P0136,L100,2024-08-01,123
P0137,L100,2024-08-01,96
P0138,L100,2024-08-01,169
P0139,L100,2024-08-01,58
P0140,L100,2024-08-01,17
P0141,L100,2024-08-01,149
P0142,L100,2024-08-01,118
P0143,L100,2024-08-01,62
P0144,L100,2024-08-01,24
P0145,L100,2024-08-01,11
P0146,L100,2024-08-01,52
P0147,L100,2024-08-01,11
P0148,L100,2024-08-01,148
P0149,L100,2024-08-01,171
P0150,L100,2024-08-01,99
P0001,L001,2024-09-01,43
P0002,L001,2024-09-01,138
P0003,L001,2024-09-01,170
P0004,L001,2024-09-01,50
P0005,L001,2024-09-01,166
P0006,L001,2024-09-01,109
P0007,L001,2024-09-01,121
P0008,L001,2024-09-01,51
P0009,L001,2024-09-01,55
P0010,L001,2024-09-01,122
P0011,L001,2024-09-01,105
P0012,L001,2024-09-01,45
P0013,L001,2024-09-01,30
P0014,L001,2024-09-01,114
P0015,L001,2024-09-01,95
P0016,L001,2024-09-01,133
P0017,L001,2024-09-01,67
P0018,L001,2024-09-01,5
P0019,L001,2024-09-01,183
P0020,L001,2024-09-01,170
P0021,L001,2024-09-01,190
P0022,L001,2024-09-01,108
P0023,L001,2024-09-01,164
P0024,L001,2024-09-01,92
P0025,L001,2024-09-01,131
P0026,L001,2024-09-01,195
P0027,L001,2024-09-01,12
P0028,L001,2024-09-01,53
P0029,L001,2024-09-01,-11
P0030,L001,2024-09-01,108
P0031,L001,2024-09-01,142
P0032,L001,2024-09-01,171
P0033,L001,2024-09-01,50
P0034,L001,2024-09-01,132
P0035,L001,2024-09-01,173
P0036,L001,2024-09-01,118
P0037,L001,2024-09-01,104
P0038,L001,2024-09-01,10
P0039,L001,2024-09-01,81
P0040,L001,2024-09-01,0
P0041,L001,2024-09-01,161
P0042,L001,2024-09-01,190
P0043,L001,2024-09-01,89
P0044,L001,2024-09-01,14
P0045,L001,2024-09-01,50
P0046,L001,2024-09-01,124
P0047,L001,2024-09-01,197
P0048,L001,2024-09-01,163
P0049,L001,2024-09-01,47
P0050,L001,2024-09-01,57
P0051,L001,2024-09-01,27
P0052,L001,2024-09-01,125
P0053,L001,2024-09-01,113
P0054,L001,2024-09-01,176
P0055,L001,2024-09-01,56
P0056,L001,2024-09-01,99
P0057,L001,2024-09-01,57
P0058,L001,2024-09-01,125
P0059,L001,2024-09-01,79
P0060,L001,2024-09-01,178
P0061,L001,2024-09-01,116
P0062,L001,2024-09-01,68
P0063,L001,2024-09-01,173
P0064,L001,2024-09-01,152
P0065,L001,2024-09-01,82
P0066,L001,2024-09-01,13
P0067,L001,2024-09-01,161
P0068,L001,2024-09-01,158
P0069,L001,2024-09-01,-14
P0070,L001,2024-09-01,51
P0071,L001,2024-09-01,29
P0072,L001,2024-09-01,60
P0073,L001,2024-09-01,126
P0074,L001,2024-09-01,161
P0075,L001,2024-09-01,172
P0076,L001,2024-09-01,108
P0077,L001,2024-09-01,19
P0078,L001,2024-09-01,-5
P0079,L001,2024-09-01,66
P0080,L001,2024-09-01,37
P0081,L001,2024-09-01,122
P0082,L001,2024-09-01,154
P0083,L001,2024-09-01,43
P0084,L001,2024-09-01,122
P0085,L001,2024-09-01,103
P0086,L001,2024-09-01,116
P0087,L001,2024-09-01,148
P0088,L001,2024-09-01,65
P0089,L001,2024-09-01,92
P0090,L001,2024-09-01,173
P0091,L001,2024-09-01,143
P0092,L001,2024-09-01,68
P0093,L001,2024-09-01,155
P0094,L001,2024-09-01,60
P0095,L001,2024-09-01,161
P0096,L001,2024-09-01,185
P0097,L001,2024-09-01,34
P0098,L001,2024-09-01,106
P0099,L001,2024-09-01,80
P0100,L001,2024-09-01,167
P0101,L001,2024-09-01,92
P0102,L001,2024-09-01,156
P0103,L001,2024-09-01,38
P0104,L001,2024-09-01,164
P0105,L001,2024-09-01,141
P0106,L001,2024-09-01,31
P0107,L001,2024-09-01,22
P0108,L001,2024-09-01,143
P0109,L001,2024-09-01,10
P0110,L001,2024-09-01,55
P0111,L001,2024-09-01,66
P0112,L001,2024-09-01,52
P0113,L001,2024-09-01,12
P0114,L001,2024-09-01,115
P9012,L001,2024-09-01,170
P0116,L001,2024-09-01,71
P0117,L001,2024-09-01,134
P0118,L001,2024-09-01,76
P0119,L001,2024-09-01,191
P0120,L001,2024-09-01,186
P0121,L001,2024-09-01,42
P0122,L001,2024-09-01,95
P0123,L001,2024-09-01,62
P0124,L001,2024-09-01,45
P0125,L001,2024-09-01,167
P0126,L001,2024-09-01,157
P0127,L001,2024-09-01,43
P0128,L001,2024-09-01,108
P0129,L001,2024-09-01,175
P0130,L001,2024-09-01,179
P0131,L001,2024-09-01,104
P0132,L001,2024-09-01,122
P0133,L001,2024-09-01,15
P0134,L001,2024-09-01,173
P0135,L001,2024-09-01,181
P0136,L001,2024-09-01,102
P9018,L001,2024-09-01,65
P0138,L001,2024-09-01,192
P0139,L001,2024-09-01,3
P0140,L001,2024-09-01,191
P0141,L001,2024-09-01,5
P0142,L001,2024-09-01,150
P0143,L001,2024-09-01,45
P0144,L001,2024-09-01,81
P0145,L001,2024-09-01,154
P0146,L001,2024-09-01,17
P0147,L001,2024-09-01,58
P0148,L001,2024-09-01,1
P0149,L001,2024-09-01,104
P0150,L001,2024-09-01,185
P0001,L002,2024-09-01,194
P0002,L002,2024-09-01,82
P0003,L002,2024-09-01,27
P0004,L002,2024-09-01,183
P0005,L002,2024-09-01,20
P0006,L002,2024-09-01,74
P0007,L002,2024-09-01,182
P0008,L002,2024-09-01,18
P0009,L002,2024-09-01,167
P0010,L002,2024-09-01,50
P0011,L002,2024-09-01,148
P0012,L002,2024-09-01,72
P0013,L002,2024-09-01,114
P0014,L002,2024-09-01,198
P0015,L002,2024-09-01,147
P0016,L002,2024-09-01,19
P0017,L002,2024-09-01,197
P0018,L002,2024-09-01,58
P0019,L002,2024-09-01,7
P0020,L002,2024-09-01,64
P0021,L002,2024-09-01,37
P0022,L002,2024-09-01,121
P0023,L002,2024-09-01,167
P0024,L002,2024-09-01,131
P0025,L002,2024-09-01,169
P0026,L002,2024-09-01,41
P0027,L002,2024-09-01,165
P0028,L002,2024-09-01,127
P0029,L002,2024-09-01,107
P0030,L002,2024-09-01,56
P0031,L002,2024-09-01,149
P0032,L002,2024-09-01,125
P0033,L002,2024-09-01,199
P0034,L002,2024-09-01,129
P0035,L002,2024-09-01,138
P0036,L002,2024-09-01,109
P0037,L002,2024-09-01,180
P0038,L002,2024-09-01,121
P0039,L002,2024-09-01,13
P0040,L002,2024-09-01,171
P0041,L002,2024-09-01,151
P0042,L002,2024-09-01,40
P0043,L002,2024-09-01,86
P0044,L002,2024-09-01,88
P0045,L002,2024-09-01,153
P0046,L002,2024-09-01,167
P0047,L002,2024-09-01,95
P0048,L002,2024-09-01,103
P0049,L002,2024-09-01,91
P0050,L002,2024-09-01,56
P0051,L002,2024-09-01,87
P0052,L002,2024-09-01,150
P0053,L002,2024-09-01,139
P0054,L002,2024-09-01,84
P0055,L002,2024-09-01,114
P0056,L002,2024-09-01,96
P0057,L002,2024-09-01,15
P0058,L002,2024-09-01,86
P0059,L002,2024-09-01,104
P0060,L002,2024-09-01,161
P0061,L002,2024-09-01,53
P0062,L002,2024-09-01,174
P0063,L002,2024-09-01,46
P0064,L002,2024-09-01,103
P0065,L002,2024-09-01,89
P0066,L002,2024-09-01,68
P0067,L002,2024-09-01,87
P0068,L002,2024-09-01,123
P0069,L002,2024-09-01,7
P0070,L002,2024-09-01,70
P0071,L002,2024-09-01,59
P0072,L002,2024-09-01,137
P0073,L002,2024-09-01,154
P0074,L002,2024-09-01,77
P0075,L002,2024-09-01,48
P0076,L002,2024-09-01,159
P0077,L002,2024-09-01,170
P0078,L002,2024-09-01,54
P0079,L002,2024-09-01,21
P0080,L002,2024-09-01,188
P0081,L002,2024-09-01,108
P0082,L002,2024-09-01,103
P0083,L002,2024-09-01,163
P0084,L002,2024-09-01,93
P0085,L002,2024-09-01,175
P0086,L002,2024-09-01,72
P0087,L002,2024-09-01,68
P0088,L002,2024-09-01,199
P0089,L002,2024-09-01,20
P0090,L002,2024-09-01,133
P0091,L002,2024-09-01,99
P0092,L002,2024-09-01,162
P0093,L002,2024-09-01,4
P0094,L002,2024-09-01,173
P0095,L002,2024-09-01,103
P0096,L002,2024-09-01,171
P0097,L002,2024-09-01,107
P0098,L002,2024-09-01,8
P0099,L002,2024-09-01,185
P0100,L002,2024-09-01,12
P0101,L002,2024-09-01,193
P0102,L002,2024-09-01,145
P0103,L002,2024-09-01,7
P0104,L002,2024-09-01,100
P0105,L002,2024-09-01,16
P0106,L002,2024-09-01,172
P0107,L002,2024-09-01,50
P0108,L002,2024-09-01,8
P0109,L002,2024-09-01,144
P0110,L002,2024-09-01,114
P0111,L002,2024-09-01,199
P0112,L002,2024-09-01,181
P0113,L002,2024-09-01,72
P0114,L002,2024-09-01,38
P0115,L002,2024-09-01,69
P0116,L002,2024-09-01,118
P0117,L002,2024-09-01,44
P0118,L002,2024-09-01,141
P0119,L002,2024-09-01,46
P0120,L002,2024-09-01,-14
P0121,L002,2024-09-01,71
P0122,L002,2024-09-01,31
P0123,L002,2024-09-01,90
P0124,L002,2024-09-01,121
P0125,L002,2024-09-01,117
P0126,L002,2024-09-01,193
P0127,L002,2024-09-01,65
P0128,L002,2024-09-01,139
P0129,L002,2024-09-01,158
P0130,L002,2024-09-01,16
P0131,L002,2024-09-01,36
P0132,L002,2024-09-01,137
P0133,L002,2024-09-01,9
P0134,L002,2024-09-01,44
P0135,L002,2024-09-01,30
P0136,L002,2024-09-01,123
P0137,L002,2024-09-01,98
P0138,L002,2024-09-01,3
P0139,L002,2024-09-01,106
P0140,L002,2024-09-01,38
P0141,L002,2024-09-01,166
P0142,L002,2024-09-01,151
P0143,L002,2024-09-01,142
P0144,L002,2024-09-01,46
P0145,L002,2024-09-01,152
P0146,L002,2024-09-01,6
P0147,L002,2024-09-01,189
P0148,L002,2024-09-01,111
P0149,L002,2024-09-01,139
P0150,L002,2024-09-01,30
P0001,L003,2024-09-01,13
P0002,L003,2024-09-01,101
P0003,L003,2024-09-01,175
P0004,L003,2024-09-01,25
P0005,L003,2024-09-01,36
P0006,L003,2024-09-01,152
P0007,L003,2024-09-01,10
P0008,L003,2024-09-01,31
P0009,L003,2024-09-01,33
P0010,L003,2024-09-01,63
P0011,L003,2024-09-01,199
P0012,L003,2024-09-01,132
P0013,L003,2024-09-01,5
P0014,L003,2024-09-01,192
P0015,L003,2024-09-01,106
P0016,L003,2024-09-01,134
P0017,L003,2024-09-01,33
P0018,L003,2024-09-01,104
P0019,L003,2024-09-01,138
P0020,L003,2024-09-01,30
P0021,L003,2024-09-01,76
P0022,L003,2024-09-01,122
P0023,L003,2024-09-01,21
P0024,L003,2024-09-01,174
P0025,L003,2024-09-01,19
P0026,L003,2024-09-01,110
P0027,L003,2024-09-01,140
P0028,L003,2024-09-01,17
P0029,L003,2024-09-01,147
P0030,L003,2024-09-01,190
P0031,L003,2024-09-01,7
P0032,L003,2024-09-01,119
P0033,L003,2024-09-01,139
P0034,L003,2024-09-01,124
P0035,L003,2024-09-01,95
P0036,L003,2024-09-01,41
P0037,L003,2024-09-01,122
P0038,L003,2024-09-01,28
P0039,L003,2024-09-01,112
P0040,L003,2024-09-01,67
P0041,L003,2024-09-01,16
P0042,L003,2024-09-01,99
P0043,L003,2024-09-01,170
P0044,L003,2024-09-01,160
P0045,L003,2024-09-01,46
P0046,L003,2024-09-01,10
P0047,L003,2024-09-01,51
P0048,L003,2024-09-01,15
P0049,L003,2024-09-01,87
P0050,L003,2024-09-01,24
P0051,L003,2024-09-01,67
P0052,L003,2024-09-01,7
P0053,L003,2024-09-01,91
P0054,L003,2024-09-01,124
P0055,L003,2024-09-01,38
P0056,L003,2024-09-01,108
P0057,L003,2024-09-01,51
P0058,L003,2024-09-01,172
P0059,L003,2024-09-01,156
P0060,L003,2024-09-01,70
P0061,L003,2024-09-01,30
P0062,L003,2024-09-01,17
P0063,L003,2024-09-01,113
P0064,L003,2024-09-01,193
P0065,L003,2024-09-01,40
P0066,L003,2024-09-01,56
P0067,L003,2024-09-01,175
P0068,L003,2024-09-01,42
P0069,L003,2024-09-01,178
P0070,L003,2024-09-01,6
P0071,L003,2024-09-01,96
P0072,L003,2024-09-01,10
P0073,L003,2024-09-01,48
P0074,L003,2024-09-01,197
P0075,L003,2024-09-01,192
P0076,L003,2024-09-01,90
P0077,L003,2024-09-01,121
P0078,L003,2024-09-01,165
P0079,L003,2024-09-01,133
P0080,L003,2024-09-01,180
P0081,L003,2024-09-01,48
P0082,L003,2024-09-01,38
P0083,L003,2024-09-01,11
P0084,L003,2024-09-01,18
P0085,L003,2024-09-01,156
P0086,L003,2024-09-01,50
P0087,L003,2024-09-01,170
P0088,L003,2024-09-01,62
P0089,L003,2024-09-01,70
P0090,L003,2024-09-01,4
P0091,L003,2024-09-01,159
P0092,L003,2024-09-01,95
P0093,L003,2024-09-01,34
P0094,L003,2024-09-01,194
P0095,L003,2024-09-01,130
P0096,L003,2024-09-01,162
P0097,L003,2024-09-01,79
P0098,L003,2024-09-01,160
P0099,L003,2024-09-01,2
P0100,L003,2024-09-01,109
P0101,L003,2024-09-01,41
P0102,L003,2024-09-01,70
P0103,L003,2024-09-01,175
P0104,L003,2024-09-01,135
P0105,L003,2024-09-01,96
P0106,L003,2024-09-01,57
P0107,L003,2024-09-01,116
P0108,L003,2024-09-01,121
P0109,L003,2024-09-01,74
P0110,L003,2024-09-01,24
P0111,L003,2024-09-01,40
P0112,L003,2024-09-01,144
P0113,L003,2024-09-01,120
P0114,L003,2024-09-01,22
P0115,L003,2024-09-01,97
P0116,L003,2024-09-01,98
P0117,L003,2024-09-01,190
P0118,L003,2024-09-01,198
P0119,L003,2024-09-01,19
P0120,L003,2024-09-01,116
P0121,L003,2024-09-01,150
P0122,L003,2024-09-01,155
P0123,L003,2024-09-01,121
P0124,L003,2024-09-01,49
P0125,L003,2024-09-01,166
P0126,L003,2024-09-01,33
P0127,L003,2024-09-01,72
P0128,L003,2024-09-01,145
P0129,L003,2024-09-01,33
P0130,L003,2024-09-01,83
P0131,L003,2024-09-01,143
P0132,L003,2024-09-01,0
P0133,L003,2024-09-01,27
P0134,L003,2024-09-01,186
P0135,L003,2024-09-01,152
P0136,L003,2024-09-01,147
P0137,L003,2024-09-01,107
P0138,L003,2024-09-01,66
P0139,L003,2024-09-01,105
P0140,L003,2024-09-01,55
P0141,L003,2024-09-01,4
P0142,L003,2024-09-01,6
P0143,L003,2024-09-01,104
P0144,L003,2024-09-01,69
P0145,L003,2024-09-01,-2
P0146,L003,2024-09-01,171
P0147,L003,2024-09-01,81
P0148,L003,2024-09-01,61
P0149,L003,2024-09-01,168
P0150,L003,2024-09-01,40
P0001,L004,2024-09-01,151
P0002,L004,2024-09-01,66
P0003,L004,2024-09-01,98
P0004,L004,2024-09-01,95
P0005,L004,2024-09-01,155
P0006,L004,2024-09-01,185
P0007,L004,2024-09-01,114
P0008,L004,2024-09-01,195
P0009,L004,2024-09-01,170
P0010,L004,2024-09-01,142
P0011,L004,2024-09-01,139
P0012,L004,2024-09-01,94
P0013,L004,2024-09-01,187
P0014,L004,2024-09-01,115
P0015,L004,2024-09-01,19
P0016,L004,2024-09-01,39
P0017,L004,2024-09-01,74
P0018,L004,2024-09-01,124
P0019,L004,2024-09-01,96
P0020,L004,2024-09-01,164
P0021,L004,2024-09-01,68
P0022,L004,2024-09-01,40
P0023,L004,2024-09-01,70
P0024,L004,2024-09-01,177
P0025,L004,2024-09-01,100
P0026,L004,2024-09-01,11
P0027,L004,2024-09-01,7
P0028,L004,2024-09-01,94
P0029,L004,2024-09-01,167
P0030,L004,2024-09-01,54
P0031,L004,2024-09-01,5
P0032,L004,2024-09-01,85
P0033,L004,2024-09-01,25
P0034,L004,2024-09-01,135
P0035,L004,2024-09-01,189
P0036,L004,2024-09-01,39
P0037,L004,2024-09-01,155
P0038,L004,2024-09-01,32
P0039,L004,2024-09-01,15
P0040,L004,2024-09-01,0
P0041,L004,2024-09-01,156
P0042,L004,2024-09-01,180
P0043,L004,2024-09-01,199
P0044,L004,2024-09-01,186
P0045,L004,2024-09-01,156
P0046,L004,2024-09-01,177
P0047,L004,2024-09-01,142
P0048,L004,2024-09-01,142
P0049,L004,2024-09-01,195
P0050,L004,2024-09-01,37
P0051,L004,2024-09-01,17
P0052,L004,2024-09-01,51
P0053,L004,2024-09-01,91
P0054,L004,2024-09-01,168
P0055,L004,2024-09-01,151
P0056,L004,2024-09-01,34
P0057,L004,2024-09-01,24
P0058,L004,2024-09-01,29
P0059,L004,2024-09-01,161
P0060,L004,2024-09-01,67
P0061,L004,2024-09-01,30
P0062,L004,2024-09-01,85
P0063,L004,2024-09-01,139
P0064,L004,2024-09-01,19
P0065,L004,2024-09-01,104
P0066,L004,2024-09-01,197
P0067,L004,2024-09-01,146
P0068,L004,2024-09-01,64
P0069,L004,2024-09-01,57
P0070,L004,2024-09-01,121
P0071,L004,2024-09-01,142
P0072,L004,2024-09-01,19
P0073,L004,2024-09-01,16
P0074,L004,2024-09-01,109
P0075,L004,2024-09-01,91
P0076,L004,2024-09-01,60
P0077,L004,2024-09-01,59
P0078,L004,2024-09-01,139
P0079,L004,2024-09-01,126
P0080,L004,2024-09-01,43
P0081,L004,2024-09-01,135
P0082,L004,2024-09-01,74
P0083,L004,2024-09-01,119
P0084,L004,2024-09-01,122
P0085,L004,2024-09-01,30
P0086,L004,2024-09-01,77
P0087,L004,2024-09-01,179
P0088,L004,2024-09-01,177
P0089,L004,2024-09-01,39
P0090,L004,2024-09-01,40
P0091,L004,2024-09-01,163
P0092,L004,2024-09-01,195
P0093,L004,2024-09-01,51
P0094,L004,2024-09-01,198
P0095,L004,2024-09-01,98
P0096,L004,2024-09-01,177
P0097,L004,2024-09-01,49
P0098,L004,2024-09-01,89
P0099,L004,2024-09-01,103
P0100,L004,2024-09-01,3
P0101,L004,2024-09-01,96
P0102,L004,2024-09-01,15
P0103,L004,2024-09-01,173
P0104,L004,2024-09-01,164
P0105,L004,2024-09-01,43
P0106,L004,2024-09-01,97
P0107,L004,2024-09-01,160
P0108,L004,2024-09-01,155
P0109,L004,2024-09-01,97
P0110,L004,2024-09-01,116
P0111,L004,2024-09-01,136
P0112,L004,2024-09-01,145
P0113,L004,2024-09-01,155
P0114,L004,2024-09-01,118
P0115,L004,2024-09-01,125
P0116,L004,2024-09-01,14
P0117,L004,2024-09-01,192
P0118,L004,2024-09-01,182
P0119,L004,2024-09-01,181
P0120,L004,2024-09-01,123
P0121,L004,2024-09-01,163
P0122,L004,2024-09-01,174
P0123,L004,2024-09-01,105
P0124,L004,2024-09-01,104
P0125,L004,2024-09-01,41
P0126,L004,2024-09-01,92
P0127,L004,2024-09-01,96
P0128,L004,2024-09-01,-8
P0129,L004,2024-09-01,6
P0130,L004,2024-09-01,30
P0131,L004,2024-09-01,145
P0132,L004,2024-09-01,182
P0133,L004,2024-09-01,44
P0134,L004,2024-09-01,146
P0135,L004,2024-09-01,24
P0136,L004,2024-09-01,26
P0137,L004,2024-09-01,146
P0138,L004,2024-09-01,161
P0139,L004,2024-09-01,175
P0140,L004,2024-09-01,85
P0141,L004,2024-09-01,56
P0142,L004,2024-09-01,67
P0143,L004,2024-09-01,144
P0144,L004,2024-09-01,114
P0145,L004,2024-09-01,72
P0146,L004,2024-09-01,27
P0147,L004,2024-09-01,166
P0148,L004,2024-09-01,36
P0149,L004,2024-09-01,185
P0150,L004,2024-09-01,45
P0001,L005,2024-09-01,177
P0002,L005,2024-09-01,132
P0003,L005,2024-09-01,96
P0004,L005,2024-09-01,109
P0005,L005,2024-09-01,24
P0006,L005,2024-09-01,60
P0007,L005,2024-09-01,113
P0008,L005,2024-09-01,136
P0009,L005,2024-09-01,181
P0010,L005,2024-09-01,7
P0011,L005,2024-09-01,32
P0012,L005,2024-09-01,31
P0013,L005,2024-09-01,16
P0014,L005,2024-09-01,107
P0015,L005,2024-09-01,103
P0016,L005,2024-09-01,165
P0017,L005,2024-09-01,12
P0018,L005,2024-09-01,188
P0019,L005,2024-09-01,25
P0020,L005,2024-09-01,145
P0021,L005,2024-09-01,112
P0022,L005,2024-09-01,149
P0023,L005,2024-09-01,94
P0024,L005,2024-09-01,72
P0025,L005,2024-09-01,35
P0026,L005,2024-09-01,81
P0027,L005,2024-09-01,153
P0028,L005,2024-09-01,161
P0029,L005,2024-09-01,38
P0030,L005,2024-09-01,83
P0031,L005,2024-09-01,174
P0032,L005,2024-09-01,143
P0033,L005,2024-09-01,122
P0034,L005,2024-09-01,153
P0035,L005,2024-09-01,126
P0036,L005,2024-09-01,121
P0037,L005,2024-09-01,92
P0038,L005,2024-09-01,179
P0039,L005,2024-09-01,172
P0040,L005,2024-09-01,122
P0041,L005,2024-09-01,160
P0042,L005,2024-09-01,135
P0043,L005,2024-09-01,127
P0044,L005,2024-09-01,140
P0045,L005,2024-09-01,46
P0046,L005,2024-09-01,68
P0047,L005,2024-09-01,144
P0048,L005,2024-09-01,46
P0049,L005,2024-09-01,107
P0050,L005,2024-09-01,122
P0051,L005,2024-09-01,65
P0052,L005,2024-09-01,7
P0053,L005,2024-09-01,29
P0054,L005,2024-09-01,-8
P0055,L005,2024-09-01,35
P0056,L005,2024-09-01,101
P0057,L005,2024-09-01,107
P0058,L005,2024-09-01,44
P0059,L005,2024-09-01,190
P0060,L005,2024-09-01,22
P0061,L005,2024-09-01,150
P0062,L005,2024-09-01,13
P0063,L005,2024-09-01,161
P0064,L005,2024-09-01,120
P0065,L005,2024-09-01,50
P0066,L005,2024-09-01,17
P0067,L005,2024-09-01,117
P0068,L005,2024-09-01,96
P0069,L005,2024-09-01,111
P0070,L005,2024-09-01,148
P0071,L005,2024-09-01,166
P0072,L005,2024-09-01,108
P0073,L005,2024-09-01,69
P0074,L005,2024-09-01,155
P0075,L005,2024-09-01,122
P0076,L005,2024-09-01,195
P0077,L005,2024-09-01,193
P0078,L005,2024-09-01,140
P0079,L005,2024-09-01,151
P0080,L005,2024-09-01,115
P0081,L005,2024-09-01,73
P0082,L005,2024-09-01,93
P0083,L005,2024-09-01,118
P0084,L005,2024-09-01,59
P0085,L005,2024-09-01,34
P0086,L005,2024-09-01,195
P0087,L005,2024-09-01,93
P0088,L005,2024-09-01,106
P0089,L005,2024-09-01,115
P0090,L005,2024-09-01,44
P0091,L005,2024-09-01,199
P0092,L005,2024-09-01,6
P0093,L005,2024-09-01,141
P0094,L005,2024-09-01,166
P0095,L005,2024-09-01,79
P0096,L005,2024-09-01,6
P0097,L005,2024-09-01,113
P0098,L005,2024-09-01,184
P0099,L005,2024-09-01,195
P0100,L005,2024-09-01,188
P0101,L005,2024-09-01,197
P0102,L005,2024-09-01,180
P0103,L005,2024-09-01,49
P0104,L005,2024-09-01,177
P0105,L005,2024-09-01,148
P0106,L005,2024-09-01,108
P0107,L005,2024-09-01,24
P0108,L005,2024-09-01,13
P0109,L005,2024-09-01,130
P0110,L005,2024-09-01,40
P0111,L005,2024-09-01,90
P0112,L005,2024-09-01,188
P0113,L005,2024-09-01,161
P0114,L005,2024-09-01,47
P0115,L005,2024-09-01,121
P0116,L005,2024-09-01,97
P0117,L005,2024-09-01,132
P0118,L005,2024-09-01,-4
P0119,L005,2024-09-01,176
P0120,L005,2024-09-01,84
P0121,L005,2024-09-01,48
P0122,L005,2024-09-01,192
P0123,L005,2024-09-01,187
P0124,L005,2024-09-01,110
P0125,L005,2024-09-01,38
P0126,L005,2024-09-01,177
P0127,L005,2024-09-01,109
P0128,L005,2024-09-01,29
P0129,L005,2024-09-01,138
P0130,L005,2024-09-01,72
P0131,L005,2024-09-01,175
P0132,L005,2024-09-01,148
P0133,L005,2024-09-01,169
P0134,L005,2024-09-01,104
P9020,L005,2024-09-01,178
P0136,L005,2024-09-01,134
P0137,L005,2024-09-01,2
P0138,L005,2024-09-01,76
P0139,L005,2024-09-01,37
P0140,L005,2024-09-01,11
P0141,L005,2024-09-01,100
P0142,L005,2024-09-01,155
P0143,L005,2024-09-01,171
P0144,L005,2024-09-01,92
P0145,L005,2024-09-01,154
P0146,L005,2024-09-01,133
P0147,L005,2024-09-01,40
P0148,L005,2024-09-01,180
P0149,L005,2024-09-01,145
P0150,L005,2024-09-01,35
P0001,L006,2024-09-01,163
P0002,L006,2024-09-01,29
P0003,L006,2024-09-01,85
P0004,L006,2024-09-01,45
P0005,L006,2024-09-01,62
P0006,L006,2024-09-01,127
P0007,L006,2024-09-01,101
P0008,L006,2024-09-01,65
P0009,L006,2024-09-01,152
P0010,L006,2024-09-01,113
P0011,L006,2024-09-01,139
P0012,L006,2024-09-01,171
P0013,L006,2024-09-01,49
P0014,L006,2024-09-01,111
P0015,L006,2024-09-01,108
P0016,L006,2024-09-01,25
P0017,L006,2024-09-01,5
P0018,L006,2024-09-01,31
P0019,L006,2024-09-01,190
P0020,L006,2024-09-01,44
P0021,L006,2024-09-01,121
P0022,L006,2024-09-01,37
P0023,L006,2024-09-01,137
P0024,L006,2024-09-01,184
P0025,L006,2024-09-01,26
P0026,L006,2024-09-01,6
P0027,L006,2024-09-01,177
P0028,L006,2024-09-01,159
P0029,L006,2024-09-01,39
P0030,L006,2024-09-01,195
P0031,L006,2024-09-01,172
P0032,L006,2024-09-01,127
P0033,L006,2024-09-01,135
P0034,L006,2024-09-01,95
P0035,L006,2024-09-01,154
P0036,L006,2024-09-01,44
P0037,L006,2024-09-01,44
P0038,L006,2024-09-01,-14
P0039,L006,2024-09-01,154
P0040,L006,2024-09-01,61
P0041,L006,2024-09-01,97
P0042,L006,2024-09-01,43
P0043,L006,2024-09-01,16
P0044,L006,2024-09-01,56
P0045,L006,2024-09-01,46
P0046,L006,2024-09-01,62
P0047,L006,2024-09-01,194
P0048,L006,2024-09-01,88
P0049,L006,2024-09-01,57
P0050,L006,2024-09-01,19
P0051,L006,2024-09-01,19
P0052,L006,2024-09-01,76
P0053,L006,2024-09-01,2
P0054,L006,2024-09-01,132
P0055,L006,2024-09-01,122
P0056,L006,2024-09-01,79
P0057,L006,2024-09-01,184
P0058,L006,2024-09-01,146
P0059,L006,2024-09-01,75
P0060,L006,2024-09-01,143
P0061,L006,2024-09-01,98
P0062,L006,2024-09-01,131
P0063,L006,2024-09-01,186
P0064,L006,2024-09-01,40
P0065,L006,2024-09-01,71
P0066,L006,2024-09-01,133
P0067,L006,2024-09-01,4
P0068,L006,2024-09-01,144
P0069,L006,2024-09-01,30
P0070,L006,2024-09-01,166
P0071,L006,2024-09-01,123
P0072,L006,2024-09-01,26
P0073,L006,2024-09-01,39
P0074,L006,2024-09-01,81
P0075,L006,2024-09-01,172
P0076,L006,2024-09-01,78
P0077,L006,2024-09-01,36
P0078,L006,2024-09-01,5
P0079,L006,2024-09-01,196
P0080,L006,2024-09-01,173
P0081,L006,2024-09-01,58
P0082,L006,2024-09-01,137
P0083,L006,2024-09-01,86
P0084,L006,2024-09-01,102
P0085,L006,2024-09-01,102
P0086,L006,2024-09-01,51
P0087,L006,2024-09-01,6
P0088,L006,2024-09-01,90
P0089,L006,2024-09-01,116
P0090,L006,2024-09-01,24
P0091,L006,2024-09-01,199
P0092,L006,2024-09-01,39
P0093,L006,2024-09-01,198
P0094,L006,2024-09-01,146
P0095,L006,2024-09-01,0
P0096,L006,2024-09-01,131
P0097,L006,2024-09-01,42
P0098,L006,2024-09-01,24
P0099,L006,2024-09-01,91
P0100,L006,2024-09-01,119
P0101,L006,2024-09-01,58
P0102,L006,2024-09-01,80
P0103,L006,2024-09-01,18
P0104,L006,2024-09-01,35
P0105,L006,2024-09-01,34
P0106,L006,2024-09-01,40
P0107,L006,2024-09-01,161
P0108,L006,2024-09-01,173
P0109,L006,2024-09-01,181
P0110,L006,2024-09-01,177
P0111,L006,2024-09-01,1
P0112,L006,2024-09-01,13
P0113,L006,2024-09-01,144
P0114,L006,2024-09-01,185
P0115,L006,2024-09-01,151
P0116,L006,2024-09-01,101
P0117,L006,2024-09-01,196
P0118,L006,2024-09-01,8
P0119,L006,2024-09-01,29
P0120,L006,2024-09-01,173
P0121,L006,2024-09-01,32
P0122,L006,2024-09-01,127
P0123,L006,2024-09-01,173
P0124,L006,2024-09-01,91
P0125,L006,2024-09-01,197
P0126,L006,2024-09-01,118
P0127,L006,2024-09-01,140
P0128,L006,2024-09-01,169
P0129,L006,2024-09-01,166
P0130,L006,2024-09-01,4
P0131,L006,2024-09-01,96
P0132,L006,2024-09-01,117
P0133,L006,2024-09-01,21
P0134,L006,2024-09-01,179
P0135,L006,2024-09-01,79
P0136,L006,2024-09-01,193
P0137,L006,2024-09-01,160
P0138,L006,2024-09-01,176
P0139,L006,2024-09-01,158
P0140,L006,2024-09-01,191
P0141,L006,2024-09-01,33
P0142,L006,2024-09-01,190
P0143,L006,2024-09-01,130
P0144,L006,2024-09-01,128
P0145,L006,2024-09-01,10
P0146,L006,2024-09-01,57
P0147,L006,2024-09-01,69
P0148,L006,2024-09-01,68
P0149,L006,2024-09-01,194
P0150,L006,2024-09-01,60
P0001,L100,2024-09-01,102
P0002,L100,2024-09-01,111
P0003,L100,2024-09-01,105
P0004,L100,2024-09-01,199
P0005,L100,2024-09-01,31
P0006,L100,2024-09-01,50
P0007,L100,2024-09-01,110
P0008,L100,2024-09-01,23
P0009,L100,2024-09-01,132
P0010,L100,2024-09-01,110
P0011,L100,2024-09-01,20
P0012,L100,2024-09-01,100
P0013,L100,2024-09-01,149
P0014,L100,2024-09-01,154
P0015,L100,2024-09-01,172
P0016,L100,2024-09-01,115
P0017,L100,2024-09-01,48
P0018,L100,2024-09-01,122
P0019,L100,2024-09-01,23
P0020,L100,2024-09-01,80
P0021,L100,2024-09-01,110
P0022,L100,2024-09-01,138
P0023,L100,2024-09-01,117
P0024,L100,2024-09-01,195
P0025,L100,2024-09-01,6
P0026,L100,2024-09-01,190
P0027,L100,2024-09-01,162
P0028,L100,2024-09-01,90
P0029,L100,2024-09-01,108
P0030,L100,2024-09-01,199
P0031,L100,2024-09-01,188
P0032,L100,2024-09-01,99
P0033,L100,2024-09-01,127
P0034,L100,2024-09-01,179
P0035,L100,2024-09-01,42
P0036,L100,2024-09-01,79
P0037,L100,2024-09-01,68
P0038,L100,2024-09-01,183
P0039,L100,2024-09-01,104
P0040,L100,2024-09-01,115
P0041,L100,2024-09-01,72
P0042,L100,2024-09-01,81
P0043,L100,2024-09-01,94
P0044,L100,2024-09-01,69
P0045,L100,2024-09-01,182
P0046,L100,2024-09-01,177
P0047,L100,2024-09-01,169
P0048,L100,2024-09-01,108
P0049,L100,2024-09-01,13
P0050,L100,2024-09-01,194
P0051,L100,2024-09-01,126
P0052,L100,2024-09-01,5
P0053,L100,2024-09-01,161
P0054,L100,2024-09-01,1
P0055,L100,2024-09-01,137
P0056,L100,2024-09-01,137
P0057,L100,2024-09-01,166
P9057,L100,2024-09-01,18
P0059,L100,2024-09-01,57
P0060,L100,2024-09-01,96
P0061,L100,2024-09-01,165
P0062,L100,2024-09-01,134
P0063,L100,2024-09-01,162
P0064,L100,2024-09-01,49
P0065,L100,2024-09-01,94
P0066,L100,2024-09-01,65
P0067,L100,2024-09-01,0
P0068,L100,2024-09-01,88
P0069,L100,2024-09-01,168
P0070,L100,2024-09-01,53
P0071,L100,2024-09-01,165
P0072,L100,2024-09-01,10
P0073,L100,2024-09-01,168
P0074,L100,2024-09-01,38
P0075,L100,2024-09-01,182
P0076,L100,2024-09-01,132
P0077,L100,2024-09-01,68
P0078,L100,2024-09-01,9
P0079,L100,2024-09-01,16
P0080,L100,2024-09-01,44
P0081,L100,2024-09-01,10
P0082,L100,2024-09-01,155
P0083,L100,2024-09-01,50
P0084,L100,2024-09-01,125
P0085,L100,2024-09-01,146
P0086,L100,2024-09-01,101
P0087,L100,2024-09-01,35
P0088,L100,2024-09-01,102
P0089,L100,2024-09-01,107
P0090,L100,2024-09-01,82
P0091,L100,2024-09-01,49
P0092,L100,2024-09-01,-6
P0093,L100,2024-09-01,84
P0094,L100,2024-09-01,134
P0095,L100,2024-09-01,84
P0096,L100,2024-09-01,194
P0097,L100,2024-09-01,161
P0098,L100,2024-09-01,102
P0099,L100,2024-09-01,72
P0100,L100,2024-09-01,0
P0101,L100,2024-09-01,126
P0102,L100,2024-09-01,76
P0103,L100,2024-09-01,100
P0104,L100,2024-09-01,154
P0105,L100,2024-09-01,84
P0106,L100,2024-09-01,94
P0107,L100,2024-09-01,46
P0108,L100,2024-09-01,76
P0109,L100,2024-09-01,17
P0110,L100,2024-09-01,52
P0111,L100,2024-09-01,117
P0112,L100,2024-09-01,86
P0113,L100,2024-09-01,115
P0114,L100,2024-09-01,56
P0115,L100,2024-09-01,119
P0116,L100,2024-09-01,190
P0117,L100,2024-09-01,151
P0118,L100,2024-09-01,170
P0119,L100,2024-09-01,169
P0120,L100,2024-09-01,38
P0121,L100,2024-09-01,40
P0122,L100,2024-09-01,75
P0123,L100,2024-09-01,143
P0124,L100,2024-09-01,189
P0125,L100,2024-09-01,29
P0126,L100,2024-09-01,115
P0127,L100,2024-09-01,44
P0128,L100,2024-09-01,48
P0129,L100,2024-09-01,32
P0130,L100,2024-09-01,104
P0131,L100,2024-09-01,34
P0132,L100,2024-09-01,68
P0133,L100,2024-09-01,5
P0134,L100,2024-09-01,23
P0135,L100,2024-09-01,157
P0136,L100,2024-09-01,74
P0137,L100,2024-09-01,36
P0138,L100,2024-09-01,60
P0139,L100,2024-09-01,75
P0140,L100,2024-09-01,18
P0141,L100,2024-09-01,17
P0142,L100,2024-09-01,89
P0143,L100,2024-09-01,8
P0144,L100,2024-09-01,48
P0145,L100,2024-09-01,23
P0146,L100,2024-09-01,185
P0147,L100,2024-09-01,145
P0148,L100,2024-09-01,151
P0149,L100,2024-09-01,198
P0150,L100,2024-09-01,97
P0001,L001,2024-10-01,91
P0002,L001,2024-10-01,186
P0003,L001,2024-10-01,74
P0004,L001,2024-10-01,74
P0005,L001,2024-10-01,109
P0006,L001,2024-10-01,69
P0007,L001,2024-10-01,34
P0008,L001,2024-10-01,57
P0009,L001,2024-10-01,105
P0010,L001,2024-10-01,49
P0011,L001,2024-10-01,128
P0012,L001,2024-10-01,191
P0013,L001,2024-10-01,193
P0014,L001,2024-10-01,32
P0015,L001,2024-10-01,129
P0016,L001,2024-10-01,69
P0017,L001,2024-10-01,148
P0018,L001,2024-10-01,130
P0019,L001,2024-10-01,119
P0020,L001,2024-10-01,157
P0021,L001,2024-10-01,27
P0022,L001,2024-10-01,3
P0023,L001,2024-10-01,115
P0024,L001,2024-10-01,198
P0025,L001,2024-10-01,2
P0026,L001,2024-10-01,90
P0027,L001,2024-10-01,21
P0028,L001,2024-10-01,156
P0029,L001,2024-10-01,89
P0030,L001,2024-10-01,61
P0031,L001,2024-10-01,179
P0032,L001,2024-10-01,163
P0033,L001,2024-10-01,198
P0034,L001,2024-10-01,100
P0035,L001,2024-10-01,115
P0036,L001,2024-10-01,147
P0037,L001,2024-10-01,56
P0038,L001,2024-10-01,63
P0039,L001,2024-10-01,12
P0040,L001,2024-10-01,59
P0041,L001,2024-10-01,112
P0042,L001,2024-10-01,88
P0043,L001,2024-10-01,50
P0044,L001,2024-10-01,42
P0045,L001,2024-10-01,189
P0046,L001,2024-10-01,141
P0047,L001,2024-10-01,21
P0048,L001,2024-10-01,70
P0049,L001,2024-10-01,89
P0050,L001,2024-10-01,166
P0051,L001,2024-10-01,186
P0052,L001,2024-10-01,193
P0053,L001,2024-10-01,19
P0054,L001,2024-10-01,106
P0055,L001,2024-10-01,156
P0056,L001,2024-10-01,188
P0057,L001,2024-10-01,59
P0058,L001,2024-10-01,19
P0059,L001,2024-10-01,188
P0060,L001,2024-10-01,198
P0061,L001,2024-10-01,104
P0062,L001,2024-10-01,153
P0063,L001,2024-10-01,189
P0064,L001,2024-10-01,188
P0065,L001,2024-10-01,20
P0066,L001,2024-10-01,112
P0067,L001,2024-10-01,25
P0068,L001,2024-10-01,154
P0069,L001,2024-10-01,3
P0070,L001,2024-10-01,3
P0071,L001,2024-10-01,150
P0072,L001,2024-10-01,187
P0073,L001,2024-10-01,190
P0074,L001,2024-10-01,148
P0075,L001,2024-10-01,85
P0076,L001,2024-10-01,107
P0077,L001,2024-10-01,127
P0078,L001,2024-10-01,125
P0079,L001,2024-10-01,89
P0080,L001,2024-10-01,85
P0081,L001,2024-10-01,169
P0082,L001,2024-10-01,120
P0083,L001,2024-10-01,150
P0084,L001,2024-10-01,78
P0085,L001,2024-10-01,193
P0086,L001,2024-10-01,117
P0087,L001,2024-10-01,16
P0088,L001,2024-10-01,191
P0089,L001,2024-10-01,95
P0090,L001,2024-10-01,45
P0091,L001,2024-10-01,67
P0092,L001,2024-10-01,20
P0093,L001,2024-10-01,48
P0094,L001,2024-10-01,179
P0095,L001,2024-10-01,166
P0096,L001,2024-10-01,142
P0097,L001,2024-10-01,118
P0098,L001,2024-10-01,171
P0099,L001,2024-10-01,162
P0100,L001,2024-10-01,25
P0101,L001,2024-10-01,14
P0102,L001,2024-10-01,183
P0103,L001,2024-10-01,133
P0104,L001,2024-10-01,120
P0105,L001,2024-10-01,122
P0106,L001,2024-10-01,35
P0107,L001,2024-10-01,52
P0108,L001,2024-10-01,14
P0109,L001,2024-10-01,193
P0110,L001,2024-10-01,147
P0111,L001,2024-10-01,52
P0112,L001,2024-10-01,107
P0113,L001,2024-10-01,98
P0114,L001,2024-10-01,95
P0115,L001,2024-10-01,50
P0116,L001,2024-10-01,100
P0117,L001,2024-10-01,125
P0118,L001,2024-10-01,139
P0119,L001,2024-10-01,60
P0120,L001,2024-10-01,106
P0121,L001,2024-10-01,18
P0122,L001,2024-10-01,102
P0123,L001,2024-10-01,167
P0124,L001,2024-10-01,169
P0125,L001,2024-10-01,85
P0126,L001,2024-10-01,121
P0127,L001,2024-10-01,7
P0128,L001,2024-10-01,138
P0129,L001,2024-10-01,181
P0130,L001,2024-10-01,92
P0131,L001,2024-10-01,112
P0132,L001,2024-10-01,173
P0133,L001,2024-10-01,150
P0134,L001,2024-10-01,46
P0135,L001,2024-10-01,40
P0136,L001,2024-10-01,25
P0137,L001,2024-10-01,65
P0138,L001,2024-10-01,132
P0139,L001,2024-10-01,85
P0140,L001,2024-10-01,51
P0141,L001,2024-10-01,63
P0142,L001,2024-10-01,50
P0143,L001,2024-10-01,3
P0144,L001,2024-10-01,148
P0145,L001,2024-10-01,190
P0146,L001,2024-10-01,13
P0147,L001,2024-10-01,134
P0148,L001,2024-10-01,52
P0149,L001,2024-10-01,158
P0150,L001,2024-10-01,7
P0001,L002,2024-10-01,136
P0002,L002,2024-10-01,190
P0003,L002,2024-10-01,135
P0004,L002,2024-10-01,4
P0005,L002,2024-10-01,171
P0006,L002,2024-10-01,44
P0007,L002,2024-10-01,15
P0008,L002,2024-10-01,62
P0009,L002,2024-10-01,179
P0010,L002,2024-10-01,2
P0011,L002,2024-10-01,154
P0012,L002,2024-10-01,172
P0013,L002,2024-10-01,18
P0014,L002,2024-10-01,166
P0015,L002,2024-10-01,163
P0016,L002,2024-10-01,179
P0017,L002,2024-10-01,48
P0018,L002,2024-10-01,81
P0019,L002,2024-10-01,199
P0020,L002,2024-10-01,44
P0021,L002,2024-10-01,92
P0022,L002,2024-10-01,164
P0023,L002,2024-10-01,65
P0024,L002,2024-10-01,158
P0025,L002,2024-10-01,101
P0026,L002,2024-10-01,69
P0027,L002,2024-10-01,177
P0028,L002,2024-10-01,135
P0029,L002,2024-10-01,103
P0030,L002,2024-10-01,14
P0031,L002,2024-10-01,166
P0032,L002,2024-10-01,109
P0033,L002,2024-10-01,35
P0034,L002,2024-10-01,183
P0035,L002,2024-10-01,103
P0036,L002,2024-10-01,13
P0037,L002,2024-10-01,148
P0038,L002,2024-10-01,146
P0039,L002,2024-10-01,165
P0040,L002,2024-10-01,13
P0041,L002,2024-10-01,87
P0042,L002,2024-10-01,40
P0043,L002,2024-10-01,100
P0044,L002,2024-10-01,76
P0045,L002,2024-10-01,156
P0046,L002,2024-10-01,77
P0047,L002,2024-10-01,176
P0048,L002,2024-10-01,97
P0049,L002,2024-10-01,69
P0050,L002,2024-10-01,88
P0051,L002,2024-10-01,198
P0052,L002,2024-10-01,119
P0053,L002,2024-10-01,139
P0054,L002,2024-10-01,36
P0055,L002,2024-10-01,164
P0056,L002,2024-10-01,186
P0057,L002,2024-10-01,94
P0058,L002,2024-10-01,49
P0059,L002,2024-10-01,97
P0060,L002,2024-10-01,187
P0061,L002,2024-10-01,-5
P0062,L002,2024-10-01,140
P0063,L002,2024-10-01,53
P0064,L002,2024-10-01,55
P0065,L002,2024-10-01,88
P0066,L002,2024-10-01,38
P0067,L002,2024-10-01,168
P0068,L002,2024-10-01,110
P0069,L002,2024-10-01,76
P0070,L002,2024-10-01,103
P0071,L002,2024-10-01,44
P0072,L002,2024-10-01,199
P0073,L002,2024-10-01,39
P0074,L002,2024-10-01,187
P0075,L002,2024-10-01,23
P0076,L002,2024-10-01,7
P0077,L002,2024-10-01,20
P0078,L002,2024-10-01,110
P0079,L002,2024-10-01,8
P0080,L002,2024-10-01,180
P0081,L002,2024-10-01,144
P0082,L002,2024-10-01,118
P0083,L002,2024-10-01,181
P0084,L002,2024-10-01,49
P0085,L002,2024-10-01,73
P0086,L002,2024-10-01,33
P0087,L002,2024-10-01,63
P0088,L002,2024-10-01,135
P0089,L002,2024-10-01,56
P0090,L002,2024-10-01,192
P0091,L002,2024-10-01,9
P0092,L002,2024-10-01,87
P0093,L002,2024-10-01,151
P0094,L002,2024-10-01,39
P0095,L002,2024-10-01,75
P0096,L002,2024-10-01,187
P0097,L002,2024-10-01,193
P0098,L002,2024-10-01,97
P0099,L002,2024-10-01,82
P0100,L002,2024-10-01,73
P0101,L002,2024-10-01,62
P0102,L002,2024-10-01,52
P0103,L002,2024-10-01,65
P0104,L002,2024-10-01,157
P0105,L002,2024-10-01,71
P0106,L002,2024-10-01,7
P0107,L002,2024-10-01,112
P0108,L002,2024-10-01,76
P0109,L002,2024-10-01,7
P0110,L002,2024-10-01,137
P0111,L002,2024-10-01,9
P0112,L002,2024-10-01,145
P0113,L002,2024-10-01,131
P0114,L002,2024-10-01,7
P0115,L002,2024-10-01,41
P0116,L002,2024-10-01,168
P0117,L002,2024-10-01,198
P0118,L002,2024-10-01,69
P0119,L002,2024-10-01,56
P0120,L002,2024-10-01,66
P0121,L002,2024-10-01,79
P0122,L002,2024-10-01,113
P0123,L002,2024-10-01,6
P0124,L002,2024-10-01,174
P0125,L002,2024-10-01,134
P0126,L002,2024-10-01,100
P0127,L002,2024-10-01,58
P0128,L002,2024-10-01,52
P0129,L002,2024-10-01,117
P0130,L002,2024-10-01,158
P0131,L002,2024-10-01,19
P0132,L002,2024-10-01,19
P0133,L002,2024-10-01,119
P0134,L002,2024-10-01,76
P0135,L002,2024-10-01,-3
P0136,L002,2024-10-01,97
P0137,L002,2024-10-01,69
P0138,L002,2024-10-01,41
P0139,L002,2024-10-01,84
P0140,L002,2024-10-01,27
P0141,L002,2024-10-01,9
P0142,L002,2024-10-01,177
P0143,L002,2024-10-01,195
P0144,L002,2024-10-01,158
P0145,L002,2024-10-01,18
P0146,L002,2024-10-01,91
P0147,L002,2024-10-01,25
P0148,L002,2024-10-01,143
P0149,L002,2024-10-01,169
P0150,L002,2024-10-01,177
P0001,L003,2024-10-01,-17
P0002,L003,2024-10-01,96
P0003,L003,2024-10-01,53
P0004,L003,2024-10-01,133
P0005,L003,2024-10-01,26
P0006,L003,2024-10-01,197
P0007,L003,2024-10-01,50
P0008,L003,2024-10-01,191
P0009,L003,2024-10-01,183
P0010,L003,2024-10-01,196
P0011,L003,2024-10-01,70
P0012,L003,2024-10-01,143
P0013,L003,2024-10-01,57
P0014,L003,2024-10-01,177
P0015,L003,2024-10-01,27
P0016,L003,2024-10-01,98
P0017,L003,2024-10-01,11
P0018,L003,2024-10-01,127
P0019,L003,2024-10-01,48
P0020,L003,2024-10-01,176
P0021,L003,2024-10-01,119
P0022,L003,2024-10-01,126
P0023,L003,2024-10-01,70
P0024,L003,2024-10-01,134
P0025,L003,2024-10-01,184
P0026,L003,2024-10-01,195
P0027,L003,2024-10-01,21
P0028,L003,2024-10-01,71
P0029,L003,2024-10-01,21
P0030,L003,2024-10-01,52
P0031,L003,2024-10-01,102
P0032,L003,2024-10-01,41
P0033,L003,2024-10-01,100
P0034,L003,2024-10-01,16
P0035,L003,2024-10-01,43
P0036,L003,2024-10-01,156
P0037,L003,2024-10-01,8
P0038,L003,2024-10-01,5
P0039,L003,2024-10-01,58
P0040,L003,2024-10-01,23
P0041,L003,2024-10-01,61
P0042,L003,2024-10-01,190
P0043,L003,2024-10-01,114
P0044,L003,2024-10-01,150
P0045,L003,2024-10-01,94
P0046,L003,2024-10-01,22
P0047,L003,2024-10-01,26
P0048,L003,2024-10-01,-2
P0049,L003,2024-10-01,16
P0050,L003,2024-10-01,28
P0051,L003,2024-10-01,29
P0052,L003,2024-10-01,184
P0053,L003,2024-10-01,169
P0054,L003,2024-10-01,126
P0055,L003,2024-10-01,72
P0056,L003,2024-10-01,45
P0057,L003,2024-10-01,174
P0058,L003,2024-10-01,16
P0059,L003,2024-10-01,170
P0060,L003,2024-10-01,112
P0061,L003,2024-10-01,102
P0062,L003,2024-10-01,27
P0063,L003,2024-10-01,98
P0064,L003,2024-10-01,100
P0065,L003,2024-10-01,107
P0066,L003,2024-10-01,105
P0067,L003,2024-10-01,137
P0068,L003,2024-10-01,108
P0069,L003,2024-10-01,92
P0070,L003,2024-10-01,88
P0071,L003,2024-10-01,178
P0072,L003,2024-10-01,179
P0073,L003,2024-10-01,23
P0074,L003,2024-10-01,112
P0075,L003,2024-10-01,138
P0076,L003,2024-10-01,141
P0077,L003,2024-10-01,64
P0078,L003,2024-10-01,75
P0079,L003,2024-10-01,1
P0080,L003,2024-10-01,39
P0081,L003,2024-10-01,142
P0082,L003,2024-10-01,140
P0083,L003,2024-10-01,63
P0084,L003,2024-10-01,26
P0085,L003,2024-10-01,175
P0086,L003,2024-10-01,93
P0087,L003,2024-10-01,141
P0088,L003,2024-10-01,7
P0089,L003,2024-10-01,91
P0090,L003,2024-10-01,178
P0091,L003,2024-10-01,139
P0092,L003,2024-10-01,55
P0093,L003,2024-10-01,13
P0094,L003,2024-10-01,131
P0095,L003,2024-10-01,141
P0096,L003,2024-10-01,68
P0097,L003,2024-10-01,62
P0098,L003,2024-10-01,119
P0099,L003,2024-10-01,158
P0100,L003,2024-10-01,190
P0101,L003,2024-10-01,74
P0102,L003,2024-10-01,178
P0103,L003,2024-10-01,59
P0104,L003,2024-10-01,190
P0105,L003,2024-10-01,153
P0106,L003,2024-10-01,64
P0107,L003,2024-10-01,189
P0108,L003,2024-10-01,171
P0109,L003,2024-10-01,7
P0110,L003,2024-10-01,-2
P0111,L003,2024-10-01,59
P0112,L003,2024-10-01,169
P0113,L003,2024-10-01,2
P0114,L003,2024-10-01,62
P0115,L003,2024-10-01,38
P0116,L003,2024-10-01,92
P0117,L003,2024-10-01,22
P0118,L003,2024-10-01,46
P0119,L003,2024-10-01,196
P0120,L003,2024-10-01,153
P0121,L003,2024-10-01,28
P0122,L003,2024-10-01,120
P0123,L003,2024-10-01,6
P0124,L003,2024-10-01,127
P0125,L003,2024-10-01,197
P0126,L003,2024-10-01,23
P0127,L003,2024-10-01,86
P0128,L003,2024-10-01,183
P0129,L003,2024-10-01,157
P0130,L003,2024-10-01,6
P0131,L003,2024-10-01,91
P0132,L003,2024-10-01,2
P0133,L003,2024-10-01,62
P0134,L003,2024-10-01,80
P0135,L003,2024-10-01,141
P0136,L003,2024-10-01,62
P0137,L003,2024-10-01,184
P0138,L003,2024-10-01,3
P0139,L003,2024-10-01,34
P0140,L003,2024-10-01,61
P0141,L003,2024-10-01,127
P0142,L003,2024-10-01,180
P0143,L003,2024-10-01,98
P0144,L003,2024-10-01,105
P0145,L003,2024-10-01,66
P0146,L003,2024-10-01,93
P0147,L003,2024-10-01,130
P0148,L003,2024-10-01,58
P0149,L003,2024-10-01,42
P0150,L003,2024-10-01,14
P0001,L004,2024-10-01,117
P0002,L004,2024-10-01,18
P9044,L004,2024-10-01,56
P0004,L004,2024-10-01,73
P0005,L004,2024-10-01,180
P0006,L004,2024-10-01,179
P0007,L004,2024-10-01,115
P0008,L004,2024-10-01,103
P0009,L004,2024-10-01,30
P0010,L004,2024-10-01,26
P0011,L004,2024-10-01,52
P0012,L004,2024-10-01,7
P0013,L004,2024-10-01,184
P0014,L004,2024-10-01,173
P0015,L004,2024-10-01,173
P0016,L004,2024-10-01,55
P0017,L004,2024-10-01,72
P0018,L004,2024-10-01,36
P0019,L004,2024-10-01,134
P0020,L004,2024-10-01,20
P0021,L004,2024-10-01,193
P0022,L004,2024-10-01,3
P0023,L004,2024-10-01,193
P0024,L004,2024-10-01,11
P0025,L004,2024-10-01,126
P0026,L004,2024-10-01,165
P0027,L004,2024-10-01,54
P0028,L004,2024-10-01,160
P0029,L004,2024-10-01,125
P0030,L004,2024-10-01,33
P0031,L004,2024-10-01,25
P0032,L004,2024-10-01,21
P0033,L004,2024-10-01,150
P0034,L004,2024-10-01,12
P0035,L004,2024-10-01,184
P0036,L004,2024-10-01,83
P0037,L004,2024-10-01,122
P0038,L004,2024-10-01,94
P0039,L004,2024-10-01,114
P0040,L004,2024-10-01,135
P0041,L004,2024-10-01,77
P0042,L004,2024-10-01,192
P0043,L004,2024-10-01,54
P0044,L004,2024-10-01,137
P0045,L004,2024-10-01,137
P0046,L004,2024-10-01,36
P0047,L004,2024-10-01,38
P0048,L004,2024-10-01,142
P0049,L004,2024-10-01,81
P0050,L004,2024-10-01,127
P0051,L004,2024-10-01,2
P0052,L004,2024-10-01,150
P0053,L004,2024-10-01,189
P0054,L004,2024-10-01,141
P0055,L004,2024-10-01,158
P0056,L004,2024-10-01,14
P0057,L004,2024-10-01,44
P0058,L004,2024-10-01,128
P0059,L004,2024-10-01,98
P0060,L004,2024-10-01,137
P0061,L004,2024-10-01,89
P0062,L004,2024-10-01,14
P0063,L004,2024-10-01,67
P0064,L004,2024-10-01,36
P0065,L004,2024-10-01,100
P0066,L004,2024-10-01,116
P0067,L004,2024-10-01,144
P0068,L004,2024-10-01,127
P0069,L004,2024-10-01,27
P0070,L004,2024-10-01,140
P0071,L004,2024-10-01,195
P0072,L004,2024-10-01,189
P0073,L004,2024-10-01,169
P0074,L004,2024-10-01,110
P0075,L004,2024-10-01,157
P0076,L004,2024-10-01,195
P0077,L004,2024-10-01,136
P0078,L004,2024-10-01,86
P0079,L004,2024-10-01,120
P0080,L004,2024-10-01,21
P0081,L004,2024-10-01,29
P0082,L004,2024-10-01,23
P0083,L004,2024-10-01,21
P0084,L004,2024-10-01,112
P0085,L004,2024-10-01,169
P0086,L004,2024-10-01,138
P0087,L004,2024-10-01,184
P0088,L004,2024-10-01,99
P0089,L004,2024-10-01,42
P0090,L004,2024-10-01,90
P0091,L004,2024-10-01,98
P0092,L004,2024-10-01,166
P0093,L004,2024-10-01,4
P0094,L004,2024-10-01,102
P0095,L004,2024-10-01,137
P0096,L004,2024-10-01,182
P0097,L004,2024-10-01,123
P0098,L004,2024-10-01,15
P0099,L004,2024-10-01,41
P0100,L004,2024-10-01,162
P0101,L004,2024-10-01,99
P0102,L004,2024-10-01,198
P0103,L004,2024-10-01,161
P0104,L004,2024-10-01,62
P0105,L004,2024-10-01,40
P0106,L004,2024-10-01,164
P0107,L004,2024-10-01,82
P0108,L004,2024-10-01,122
P0109,L004,2024-10-01,108
P0110,L004,2024-10-01,75
P0111,L004,2024-10-01,115
P0112,L004,2024-10-01,111
P0113,L004,2024-10-01,96
P0114,L004,2024-10-01,164
P0115,L004,2024-10-01,105
P0116,L004,2024-10-01,13
P0117,L004,2024-10-01,148
P0118,L004,2024-10-01,138
P0119,L004,2024-10-01,115
P0120,L004,2024-10-01,171
P0121,L004,2024-10-01,190
P0122,L004,2024-10-01,89
P0123,L004,2024-10-01,110
P0124,L004,2024-10-01,103
P0125,L004,2024-10-01,179
P0126,L004,2024-10-01,137
P0127,L004,2024-10-01,55
P0128,L004,2024-10-01,124
P0129,L004,2024-10-01,48
P0130,L004,2024-10-01,186
P0131,L004,2024-10-01,24
P0132,L004,2024-10-01,132
P0133,L004,2024-10-01,109
P0134,L004,2024-10-01,77
P0135,L004,2024-10-01,152
P0136,L004,2024-10-01,106
P0137,L004,2024-10-01,93
P0138,L004,2024-10-01,18
P0139,L004,2024-10-01,27
P0140,L004,2024-10-01,136
P0141,L004,2024-10-01,27
P0142,L004,2024-10-01,42
P0143,L004,2024-10-01,184
P0144,L004,2024-10-01,177
P0145,L004,2024-10-01,192
P0146,L004,2024-10-01,197
P0147,L004,2024-10-01,43
P0148,L004,2024-10-01,155
P0149,L004,2024-10-01,41
P0150,L004,2024-10-01,171
P0001,L005,2024-10-01,24
P0002,L005,2024-10-01,16
P0003,L005,2024-10-01,128
P0004,L005,2024-10-01,149
P0005,L005,2024-10-01,73
P0006,L005,2024-10-01,8
P0007,L005,2024-10-01,104
P0008,L005,2024-10-01,56
P0009,L005,2024-10-01,86
P0010,L005,2024-10-01,128
P0011,L005,2024-10-01,15
P0012,L005,2024-10-01,33
P0013,L005,2024-10-01,92
P0014,L005,2024-10-01,148
P0015,L005,2024-10-01,27
P0016,L005,2024-10-01,12
P0017,L005,2024-10-01,47
P0018,L005,2024-10-01,153
P0019,L005,2024-10-01,176
P0020,L005,2024-10-01,143
P0021,L005,2024-10-01,197
P0022,L005,2024-10-01,162
P0023,L005,2024-10-01,11
P0024,L005,2024-10-01,109
P0025,L005,2024-10-01,108
P0026,L005,2024-10-01,188
P0027,L005,2024-10-01,137
P0028,L005,2024-10-01,93
P0029,L005,2024-10-01,39
P0030,L005,2024-10-01,157
P0031,L005,2024-10-01,29
P0032,L005,2024-10-01,168
P0033,L005,2024-10-01,3
P0034,L005,2024-10-01,78
P0035,L005,2024-10-01,37
P0036,L005,2024-10-01,156
P0037,L005,2024-10-01,8
P0038,L005,2024-10-01,176
P0039,L005,2024-10-01,87
P0040,L005,2024-10-01,152
P0041,L005,2024-10-01,92
P0042,L005,2024-10-01,151
P0043,L005,2024-10-01,183
P0044,L005,2024-10-01,46
P0045,L005,2024-10-01,171
P0046,L005,2024-10-01,160
P0047,L005,2024-10-01,26
P0048,L005,2024-10-01,125
P0049,L005,2024-10-01,56
P0050,L005,2024-10-01,148
P0051,L005,2024-10-01,24
P0052,L005,2024-10-01,63
P0053,L005,2024-10-01,43
P0054,L005,2024-10-01,36
P0055,L005,2024-10-01,98
P0056,L005,2024-10-01,163
P0057,L005,2024-10-01,181
P0058,L005,2024-10-01,144
P0059,L005,2024-10-01,156
P0060,L005,2024-10-01,164
P0061,L005,2024-10-01,16
P0062,L005,2024-10-01,25
P0063,L005,2024-10-01,170
P0064,L005,2024-10-01,126
P0065,L005,2024-10-01,60
P0066,L005,2024-10-01,154
P0067,L005,2024-10-01,148
P0068,L005,2024-10-01,91
P0069,L005,2024-10-01,136
P0070,L005,2024-10-01,170
P0071,L005,2024-10-01,137
P0072,L005,2024-10-01,54
P0073,L005,2024-10-01,33
P0074,L005,2024-10-01,31
P0075,L005,2024-10-01,55
P0076,L005,2024-10-01,167
P0077,L005,2024-10-01,171
P0078,L005,2024-10-01,150
P0079,L005,2024-10-01,78
P0080,L005,2024-10-01,49
P0081,L005,2024-10-01,139
P0082,L005,2024-10-01,94
P0083,L005,2024-10-01,35
P0084,L005,2024-10-01,84
P0085,L005,2024-10-01,24
P0086,L005,2024-10-01,48
P0087,L005,2024-10-01,52
P0088,L005,2024-10-01,88
P0089,L005,2024-10-01,141
P0090,L005,2024-10-01,73
P0091,L005,2024-10-01,139
P0092,L005,2024-10-01,80
P0093,L005,2024-10-01,10
P0094,L005,2024-10-01,48
P0095,L005,2024-10-01,68
P0096,L005,2024-10-01,114
P0097,L005,2024-10-01,99
P0098,L005,2024-10-01,34
P0099,L005,2024-10-01,32
P0100,L005,2024-10-01,25
P0101,L005,2024-10-01,62
P0102,L005,2024-10-01,85
P0103,L005,2024-10-01,196
P0104,L005,2024-10-01,86
P0105,L005,2024-10-01,8
P0106,L005,2024-10-01,108
P0107,L005,2024-10-01,14
P0108,L005,2024-10-01,57
P0109,L005,2024-10-01,179
P0110,L005,2024-10-01,121
P0111,L005,2024-10-01,162
P0112,L005,2024-10-01,46
P0113,L005,2024-10-01,193
P0114,L005,2024-10-01,163
P0115,L005,2024-10-01,8
P0116,L005,2024-10-01,21
P0117,L005,2024-10-01,183
P0118,L005,2024-10-01,173
P0119,L005,2024-10-01,66
P0120,L005,2024-10-01,153
P0121,L005,2024-10-01,139
P0122,L005,2024-10-01,106
P0123,L005,2024-10-01,87
P0124,L005,2024-10-01,163
P0125,L005,2024-10-01,180
P0126,L005,2024-10-01,146
P0127,L005,2024-10-01,196
P0128,L005,2024-10-01,69
P0129,L005,2024-10-01,124
P0130,L005,2024-10-01,48
P0131,L005,2024-10-01,48
P0132,L005,2024-10-01,9
P0133,L005,2024-10-01,123
P0134,L005,2024-10-01,113
P0135,L005,2024-10-01,151
P0136,L005,2024-10-01,47
P0137,L005,2024-10-01,30
P0138,L005,2024-10-01,78
P0139,L005,2024-10-01,78
P0140,L005,2024-10-01,154
P0141,L005,2024-10-01,180
P0142,L005,2024-10-01,136
P0143,L005,2024-10-01,77
P0144,L005,2024-10-01,97
P0145,L005,2024-10-01,191
P0146,L005,2024-10-01,178
P0147,L005,2024-10-01,126
P0148,L005,2024-10-01,153
P0149,L005,2024-10-01,126
P0150,L005,2024-10-01,78
P0001,L006,2024-10-01,13
P0002,L006,2024-10-01,76
P0003,L006,2024-10-01,191
P0004,L006,2024-10-01,160
P0005,L006,2024-10-01,197
P0006,L006,2024-10-01,162
P0007,L006,2024-10-01,161
P0008,L006,2024-10-01,178
P0009,L006,2024-10-01,23
P0010,L006,2024-10-01,31
P0011,L006,2024-10-01,22
P0012,L006,2024-10-01,103
P0013,L006,2024-10-01,55
P0014,L006,2024-10-01,28
P0015,L006,2024-10-01,100
P0016,L006,2024-10-01,91
P0017,L006,2024-10-01,19
P0018,L006,2024-10-01,142
P0019,L006,2024-10-01,189
P0020,L006,2024-10-01,187
P0021,L006,2024-10-01,12
P0022,L006,2024-10-01,72
P0023,L006,2024-10-01,23
P0024,L006,2024-10-01,180
P0025,L006,2024-10-01,114
P0026,L006,2024-10-01,79
P0027,L006,2024-10-01,45
P0028,L006,2024-10-01,55
P0029,L006,2024-10-01,0
P0030,L006,2024-10-01,6
P0031,L006,2024-10-01,163
P0032,L006,2024-10-01,68
P0033,L006,2024-10-01,32
P0034,L006,2024-10-01,150
P0035,L006,2024-10-01,120
P0036,L006,2024-10-01,9
P0037,L006,2024-10-01,106
P0038,L006,2024-10-01,58
P0039,L006,2024-10-01,102
P0040,L006,2024-10-01,105
P0041,L006,2024-10-01,75
P0042,L006,2024-10-01,3
P0043,L006,2024-10-01,58
P0044,L006,2024-10-01,195
P0045,L006,2024-10-01,130
P0046,L006,2024-10-01,56
P0047,L006,2024-10-01,114
P0048,L006,2024-10-01,112
P0049,L006,2024-10-01,78
P0050,L006,2024-10-01,157
P0051,L006,2024-10-01,64
P0052,L006,2024-10-01,161
P0053,L006,2024-10-01,121
P0054,L006,2024-10-01,21
P0055,L006,2024-10-01,155
P0056,L006,2024-10-01,135
P0057,L006,2024-10-01,11
P0058,L006,2024-10-01,117
P0059,L006,2024-10-01,128
P0060,L006,2024-10-01,162
P0061,L006,2024-10-01,78
P0062,L006,2024-10-01,163
P0063,L006,2024-10-01,27
P0064,L006,2024-10-01,109
P0065,L006,2024-10-01,35
P0066,L006,2024-10-01,72
P0067,L006,2024-10-01,169
P0068,L006,2024-10-01,9
P0069,L006,2024-10-01,107
P0070,L006,2024-10-01,126
P0071,L006,2024-10-01,198
P0072,L006,2024-10-01,104
P0073,L006,2024-10-01,185
P0074,L006,2024-10-01,171
P0075,L006,2024-10-01,142
P0076,L006,2024-10-01,135
P0077,L006,2024-10-01,130
P0078,L006,2024-10-01,139
P0079,L006,2024-10-01,119
P0080,L006,2024-10-01,109
P0081,L006,2024-10-01,127
P0082,L006,2024-10-01,137
P0083,L006,2024-10-01,62
P0084,L006,2024-10-01,122
P0085,L006,2024-10-01,76
P0086,L006,2024-10-01,142
P0087,L006,2024-10-01,171
P0088,L006,2024-10-01,53
P0089,L006,2024-10-01,114
P0090,L006,2024-10-01,50
P0091,L006,2024-10-01,158
P0092,L006,2024-10-01,193
P0093,L006,2024-10-01,85
P0094,L006,2024-10-01,39
P0095,L006,2024-10-01,109
P0096,L006,2024-10-01,69
P0097,L006,2024-10-01,21
P0098,L006,2024-10-01,199
P0099,L006,2024-10-01,6
P0100,L006,2024-10-01,35
P0101,L006,2024-10-01,161
P0102,L006,2024-10-01,32
P0103,L006,2024-10-01,179
P0104,L006,2024-10-01,2
P0105,L006,2024-10-01,42
P0106,L006,2024-10-01,125
P0107,L006,2024-10-01,100
P0108,L006,2024-10-01,191
P0109,L006,2024-10-01,12
P0110,L006,2024-10-01,90
P0111,L006,2024-10-01,157
P0112,L006,2024-10-01,41
P0113,L006,2024-10-01,108
P0114,L006,2024-10-01,17
P0115,L006,2024-10-01,55
P0116,L006,2024-10-01,174
P0117,L006,2024-10-01,73
P0118,L006,2024-10-01,20
P0119,L006,2024-10-01,47
P9001,L006,2024-10-01,70
P0121,L006,2024-10-01,163
P0122,L006,2024-10-01,61
P0123,L006,2024-10-01,148
P0124,L006,2024-10-01,89
P0125,L006,2024-10-01,80
P0126,L006,2024-10-01,22
P0127,L006,2024-10-01,139
P0128,L006,2024-10-01,70
P0129,L006,2024-10-01,190
P0130,L006,2024-10-01,148
P0131,L006,2024-10-01,61
P0132,L006,2024-10-01,27
P0133,L006,2024-10-01,113
P0134,L006,2024-10-01,48
P0135,L006,2024-10-01,160
P0136,L006,2024-10-01,104
P0137,L006,2024-10-01,71
P0138,L006,2024-10-01,175
P0139,L006,2024-10-01,132
P0140,L006,2024-10-01,85
P0141,L006,2024-10-01,133
P0142,L006,2024-10-01,154
P0143,L006,2024-10-01,174
P0144,L006,2024-10-01,89
P0145,L006,2024-10-01,48
P0146,L006,2024-10-01,108
P0147,L006,2024-10-01,176
P0148,L006,2024-10-01,28
P0149,L006,2024-10-01,100
P0150,L006,2024-10-01,39
P0001,L100,2024-10-01,70
P0002,L100,2024-10-01,13
P0003,L100,2024-10-01,120
P0004,L100,2024-10-01,84
P0005,L100,2024-10-01,140
P0006,L100,2024-10-01,99
P0007,L100,2024-10-01,34
P0008,L100,2024-10-01,56
P0009,L100,2024-10-01,135
P0010,L100,2024-10-01,110
P0011,L100,2024-10-01,47
P0012,L100,2024-10-01,64
P0013,L100,2024-10-01,102
P0014,L100,2024-10-01,53
P0015,L100,2024-10-01,6
P0016,L100,2024-10-01,193
P0017,L100,2024-10-01,157
P0018,L100,2024-10-01,174
P0019,L100,2024-10-01,178
P0020,L100,2024-10-01,128
P0021,L100,2024-10-01,169
P0022,L100,2024-10-01,41
P0023,L100,2024-10-01,130
P0024,L100,2024-10-01,20
P0025,L100,2024-10-01,48
P0026,L100,2024-10-01,97
P0027,L100,2024-10-01,3
P0028,L100,2024-10-01,118
P0029,L100,2024-10-01,58
P0030,L100,2024-10-01,153
P0031,L100,2024-10-01,119
P0032,L100,2024-10-01,110
P0033,L100,2024-10-01,180
P0034,L100,2024-10-01,33
P0035,L100,2024-10-01,1
P0036,L100,2024-10-01,81
P0037,L100,2024-10-01,18
P0038,L100,2024-10-01,198
P0039,L100,2024-10-01,66
P0040,L100,2024-10-01,79
P0041,L100,2024-10-01,68
P0042,L100,2024-10-01,57
P0043,L100,2024-10-01,13
P0044,L100,2024-10-01,139
P0045,L100,2024-10-01,106
P0046,L100,2024-10-01,81
P0047,L100,2024-10-01,189
P0048,L100,2024-10-01,165
P0049,L100,2024-10-01,77
P0050,L100,2024-10-01,54
P0051,L100,2024-10-01,28
P0052,L100,2024-10-01,12
P0053,L100,2024-10-01,115
P0054,L100,2024-10-01,102
P0055,L100,2024-10-01,120
P0056,L100,2024-10-01,190
P0057,L100,2024-10-01,155
P0058,L100,2024-10-01,58
P0059,L100,2024-10-01,91
P0060,L100,2024-10-01,43
P0061,L100,2024-10-01,82
P0062,L100,2024-10-01,50
P0063,L100,2024-10-01,165
P0064,L100,2024-10-01,136
P0065,L100,2024-10-01,195
P0066,L100,2024-10-01,152
P0067,L100,2024-10-01,150
P0068,L100,2024-10-01,77
P0069,L100,2024-10-01,123
P0070,L100,2024-10-01,188
P0071,L100,2024-10-01,85
P0072,L100,2024-10-01,190
P0073,L100,2024-10-01,120
P0074,L100,2024-10-01,169
P0075,L100,2024-10-01,61
P0076,L100,2024-10-01,168
P0077,L100,2024-10-01,23
P0078,L100,2024-10-01,191
P0079,L100,2024-10-01,116
P0080,L100,2024-10-01,3
P0081,L100,2024-10-01,143
P0082,L100,2024-10-01,134
P0083,L100,2024-10-01,183
P0084,L100,2024-10-01,140
P0085,L100,2024-10-01,129
P0086,L100,2024-10-01,70
P0087,L100,2024-10-01,39
P0088,L100,2024-10-01,66
P0089,L100,2024-10-01,80
P0090,L100,2024-10-01,19
P0091,L100,2024-10-01,84
P0092,L100,2024-10-01,195
P0093,L100,2024-10-01,173
P0094,L100,2024-10-01,164
P0095,L100,2024-10-01,66
P0096,L100,2024-10-01,3
P0097,L100,2024-10-01,70
P0098,L100,2024-10-01,77
P0099,L100,2024-10-01,142
P0100,L100,2024-10-01,121
P0101,L100,2024-10-01,103
P0102,L100,2024-10-01,192
P0103,L100,2024-10-01,178
P0104,L100,2024-10-01,71
P0105,L100,2024-10-01,198
P0106,L100,2024-10-01,145
P0107,L100,2024-10-01,5
P0108,L100,2024-10-01,149
P0109,L100,2024-10-01,140
P0110,L100,2024-10-01,182
P0111,L100,2024-10-01,174
P0112,L100,2024-10-01,164
P0113,L100,2024-10-01,84
P0114,L100,2024-10-01,100
P0115,L100,2024-10-01,69
P0116,L100,2024-10-01,46
P0117,L100,2024-10-01,177
P0118,L100,2024-10-01,38
P0119,L100,2024-10-01,104
P9025,L100,2024-10-01,134
P0121,L100,2024-10-01,73
P0122,L100,2024-10-01,164
P0123,L100,2024-10-01,63
P0124,L100,2024-10-01,21
P0125,L100,2024-10-01,76
P0126,L100,2024-10-01,40
P0127,L100,2024-10-01,126
P0128,L100,2024-10-01,56
P0129,L100,2024-10-01,188
P0130,L100,2024-10-01,124
P0131,L100,2024-10-01,14
P0132,L100,2024-10-01,79
P0133,L100,2024-10-01,43
P0134,L100,2024-10-01,123
P0135,L100,2024-10-01,138
P0136,L100,2024-10-01,37
P0137,L100,2024-10-01,7
P0138,L100,2024-10-01,30
P0139,L100,2024-10-01,68
P0140,L100,2024-10-01,10
P0141,L100,2024-10-01,192
P0142,L100,2024-10-01,152
P0143,L100,2024-10-01,112
P0144,L100,2024-10-01,154
P0145,L100,2024-10-01,165
P0146,L100,2024-10-01,146
P0147,L100,2024-10-01,19
P0148,L100,2024-10-01,13
P0149,L100,2024-10-01,140
P0150,L100,2024-10-01,142
P0001,L001,2024-11-01,146
P0002,L001,2024-11-01,134
P0003,L001,2024-11-01,131
P0004,L001,2024-11-01,103
P0005,L001,2024-11-01,108
P0006,L001,2024-11-01,151
P0007,L001,2024-11-01,121
P0008,L001,2024-11-01,144
P0009,L001,2024-11-01,14
P0010,L001,2024-11-01,5
P0011,L001,2024-11-01,181
P0012,L001,2024-11-01,28
P0013,L001,2024-11-01,93
P0014,L001,2024-11-01,119
P0015,L001,2024-11-01,56
P0016,L001,2024-11-01,105
P0017,L001,2024-11-01,156
P0018,L001,2024-11-01,195
P0019,L001,2024-11-01,64
P9056,L001,2024-11-01,20
P0021,L001,2024-11-01,131
P0022,L001,2024-11-01,178
P0023,L001,2024-11-01,176
P0024,L001,2024-11-01,185
P0025,L001,2024-11-01,163
P0026,L001,2024-11-01,91
P0027,L001,2024-11-01,22
P0028,L001,2024-11-01,180
P0029,L001,2024-11-01,80
P0030,L001,2024-11-01,54
P0031,L001,2024-11-01,170
P0032,L001,2024-11-01,113
P9035,L001,2024-11-01,148
P0034,L001,2024-11-01,78
P0035,L001,2024-11-01,96
P0036,L001,2024-11-01,72
P0037,L001,2024-11-01,7
P0038,L001,2024-11-01,44
P0039,L001,2024-11-01,160
P0040,L001,2024-11-01,109
P0041,L001,2024-11-01,73
P0042,L001,2024-11-01,168
P0043,L001,2024-11-01,98
P0044,L001,2024-11-01,29
P0045,L001,2024-11-01,55
P9022,L001,2024-11-01,139
P0047,L001,2024-11-01,91
P0048,L001,2024-11-01,60
P0049,L001,2024-11-01,109
P0050,L001,2024-11-01,107
P0051,L001,2024-11-01,30
P0052,L001,2024-11-01,129
P0053,L001,2024-11-01,8
P0054,L001,2024-11-01,114
P0055,L001,2024-11-01,98
P0056,L001,2024-11-01,179
P0057,L001,2024-11-01,52
P0058,L001,2024-11-01,161
P0059,L001,2024-11-01,72
P0060,L001,2024-11-01,161
P0061,L001,2024-11-01,12
P0062,L001,2024-11-01,57
P0063,L001,2024-11-01,91
P0064,L001,2024-11-01,52
P0065,L001,2024-11-01,159
P0066,L001,2024-11-01,-19
P0067,L001,2024-11-01,176
P0068,L001,2024-11-01,161
P0069,L001,2024-11-01,8
P0070,L001,2024-11-01,10
P0071,L001,2024-11-01,59
P0072,L001,2024-11-01,181
P0073,L001,2024-11-01,152
P0074,L001,2024-11-01,14
P0075,L001,2024-11-01,59
P0076,L001,2024-11-01,20
P0077,L001,2024-11-01,96
P0078,L001,2024-11-01,35
P0079,L001,2024-11-01,7
P0080,L001,2024-11-01,38
P0081,L001,2024-11-01,155
P0082,L001,2024-11-01,107
P0083,L001,2024-11-01,123
P0084,L001,2024-11-01,135
P0085,L001,2024-11-01,50
P0086,L001,2024-11-01,15
P0087,L001,2024-11-01,160
P0088,L001,2024-11-01,145
P0089,L001,2024-11-01,134
P0090,L001,2024-11-01,29
P0091,L001,2024-11-01,9
P0092,L001,2024-11-01,86
P0093,L001,2024-11-01,36
P0094,L001,2024-11-01,102
P0095,L001,2024-11-01,183
P0096,L001,2024-11-01,178
P0097,L001,2024-11-01,167
P0098,L001,2024-11-01,59
P0099,L001,2024-11-01,105
P0100,L001,2024-11-01,42
P0101,L001,2024-11-01,29
P0102,L001,2024-11-01,77
P0103,L001,2024-11-01,189
P0104,L001,2024-11-01,169
P0105,L001,2024-11-01,16
P0106,L001,2024-11-01,126
P0107,L001,2024-11-01,56
P0108,L001,2024-11-01,156
P0109,L001,2024-11-01,49
P0110,L001,2024-11-01,142
P0111,L001,2024-11-01,104
P0112,L001,2024-11-01,8
P0113,L001,2024-11-01,24
P0114,L001,2024-11-01,44
P0115,L001,2024-11-01,178
P0116,L001,2024-11-01,61
P0117,L001,2024-11-01,111
P0118,L001,2024-11-01,36
P0119,L001,2024-11-01,101
P0120,L001,2024-11-01,66
P0121,L001,2024-11-01,92
P0122,L001,2024-11-01,181
P0123,L001,2024-11-01,90
P0124,L001,2024-11-01,73
P0125,L001,2024-11-01,87
P0126,L001,2024-11-01,47
P0127,L001,2024-11-01,195
P0128,L001,2024-11-01,144
P0129,L001,2024-11-01,133
P0130,L001,2024-11-01,103
P0131,L001,2024-11-01,142
P0132,L001,2024-11-01,152
P0133,L001,2024-11-01,119
P0134,L001,2024-11-01,3
P0135,L001,2024-11-01,44
P0136,L001,2024-11-01,113
P0137,L001,2024-11-01,47
P0138,L001,2024-11-01,157
P0139,L001,2024-11-01,160
P0140,L001,2024-11-01,13
P0141,L001,2024-11-01,144
P0142,L001,2024-11-01,9
P0143,L001,2024-11-01,21
P0144,L001,2024-11-01,147
P0145,L001,2024-11-01,159
P9043,L001,2024-11-01,121
P0147,L001,2024-11-01,61
P0148,L001,2024-11-01,119
P0149,L001,2024-11-01,112
P0150,L001,2024-11-01,166
P0001,L002,2024-11-01,124
P0002,L002,2024-11-01,140
P0003,L002,2024-11-01,41
P0004,L002,2024-11-01,91
P0005,L002,2024-11-01,194
P0006,L002,2024-11-01,118
P0007,L002,2024-11-01,106
P0008,L002,2024-11-01,185
P0009,L002,2024-11-01,74
P0010,L002,2024-11-01,96
P0011,L002,2024-11-01,13
P0012,L002,2024-11-01,154
P0013,L002,2024-11-01,188
P0014,L002,2024-11-01,30
P0015,L002,2024-11-01,12
P0016,L002,2024-11-01,160
P0017,L002,2024-11-01,103
P0018,L002,2024-11-01,142
P0019,L002,2024-11-01,142
P0020,L002,2024-11-01,94
P0021,L002,2024-11-01,116
P0022,L002,2024-11-01,18
P0023,L002,2024-11-01,91
P0024,L002,2024-11-01,128
P0025,L002,2024-11-01,131
P9017,L002,2024-11-01,11
P0027,L002,2024-11-01,176
P0028,L002,2024-11-01,48
P0029,L002,2024-11-01,93
P0030,L002,2024-11-01,66
P0031,L002,2024-11-01,4
P0032,L002,2024-11-01,19
P0033,L002,2024-11-01,190
P0034,L002,2024-11-01,128
P0035,L002,2024-11-01,189
P0036,L002,2024-11-01,8
P0037,L002,2024-11-01,190
P0038,L002,2024-11-01,144
P0039,L002,2024-11-01,50
P0040,L002,2024-11-01,131
P0041,L002,2024-11-01,150
P0042,L002,2024-11-01,191
P0043,L002,2024-11-01,67
P0044,L002,2024-11-01,18
P0045,L002,2024-11-01,159
P0046,L002,2024-11-01,142
P0047,L002,2024-11-01,77
P0048,L002,2024-11-01,77
P0049,L002,2024-11-01,25
P0050,L002,2024-11-01,19
P0051,L002,2024-11-01,5
P0052,L002,2024-11-01,133
P0053,L002,2024-11-01,193
P0054,L002,2024-11-01,110
P0055,L002,2024-11-01,95
P0056,L002,2024-11-01,191
P0057,L002,2024-11-01,137
P0058,L002,2024-11-01,31
P0059,L002,2024-11-01,175
P0060,L002,2024-11-01,14
P0061,L002,2024-11-01,7
P0062,L002,2024-11-01,123
P0063,L002,2024-11-01,167
P0064,L002,2024-11-01,25
P0065,L002,2024-11-01,71
P0066,L002,2024-11-01,21
P0067,L002,2024-11-01,189
P0068,L002,2024-11-01,134
P0069,L002,2024-11-01,112
P0070,L002,2024-11-01,136
P0071,L002,2024-11-01,176
P0072,L002,2024-11-01,141
P0073,L002,2024-11-01,69
P0074,L002,2024-11-01,77
P0075,L002,2024-11-01,187
P0076,L002,2024-11-01,93
P0077,L002,2024-11-01,47
P0078,L002,2024-11-01,94
P0079,L002,2024-11-01,138
P0080,L002,2024-11-01,23
P0081,L002,2024-11-01,143
P0082,L002,2024-11-01,128
P0083,L002,2024-11-01,58
P0084,L002,2024-11-01,43
P0085,L002,2024-11-01,25
P0086,L002,2024-11-01,116
P0087,L002,2024-11-01,123
P0088,L002,2024-11-01,104
P0089,L002,2024-11-01,49
P0090,L002,2024-11-01,155
P0091,L002,2024-11-01,193
P0092,L002,2024-11-01,22
P0093,L002,2024-11-01,86
P0094,L002,2024-11-01,81
P0095,L002,2024-11-01,76
P0096,L002,2024-11-01,8
P0097,L002,2024-11-01,29
P0098,L002,2024-11-01,165
P0099,L002,2024-11-01,14
P0100,L002,2024-11-01,181
P0101,L002,2024-11-01,23
P0102,L002,2024-11-01,114
P0103,L002,2024-11-01,141
P0104,L002,2024-11-01,96
P0105,L002,2024-11-01,49
P0106,L002,2024-11-01,5
P0107,L002,2024-11-01,8
P0108,L002,2024-11-01,151
P0109,L002,2024-11-01,166
P0110,L002,2024-11-01,188
P0111,L002,2024-11-01,186
P0112,L002,2024-11-01,182
P0113,L002,2024-11-01,18
P0114,L002,2024-11-01,98
P0115,L002,2024-11-01,99
P0116,L002,2024-11-01,156
P0117,L002,2024-11-01,166
P0118,L002,2024-11-01,185
P0119,L002,2024-11-01,163
P0120,L002,2024-11-01,42
P0121,L002,2024-11-01,97
P0122,L002,2024-11-01,171
P0123,L002,2024-11-01,51
P0124,L002,2024-11-01,35
P0125,L002,2024-11-01,169
P0126,L002,2024-11-01,107
P0127,L002,2024-11-01,144
P0128,L002,2024-11-01,53
P0129,L002,2024-11-01,139
P0130,L002,2024-11-01,4
P0131,L002,2024-11-01,23
P0132,L002,2024-11-01,46
P0133,L002,2024-11-01,60
P0134,L002,2024-11-01,80
P0135,L002,2024-11-01,47
P0136,L002,2024-11-01,119
P0137,L002,2024-11-01,159
P0138,L002,2024-11-01,53
P0139,L002,2024-11-01,92
P9048,L002,2024-11-01,146
P0141,L002,2024-11-01,118
P0142,L002,2024-11-01,151
P0143,L002,2024-11-01,147
P0144,L002,2024-11-01,37
P0145,L002,2024-11-01,165
P0146,L002,2024-11-01,150
P0147,L002,2024-11-01,5
P0148,L002,2024-11-01,82
P0149,L002,2024-11-01,91
P0150,L002,2024-11-01,18
P0001,L003,2024-11-01,191
P0002,L003,2024-11-01,-15
P0003,L003,2024-11-01,79
P0004,L003,2024-11-01,197
P0005,L003,2024-11-01,65
P0006,L003,2024-11-01,95
P0007,L003,2024-11-01,92
P0008,L003,2024-11-01,199
P0009,L003,2024-11-01,189
P0010,L003,2024-11-01,47
P0011,L003,2024-11-01,78
P0012,L003,2024-11-01,147
P0013,L003,2024-11-01,10
P0014,L003,2024-11-01,132
P0015,L003,2024-11-01,116
P0016,L003,2024-11-01,26
P0017,L003,2024-11-01,134
P0018,L003,2024-11-01,167
P0019,L003,2024-11-01,-15
P0020,L003,2024-11-01,88
P0021,L003,2024-11-01,162
P0022,L003,2024-11-01,27
P0023,L003,2024-11-01,72
P0024,L003,2024-11-01,157
P0025,L003,2024-11-01,143
P0026,L003,2024-11-01,75
P0027,L003,2024-11-01,171
P0028,L003,2024-11-01,136
P0029,L003,2024-11-01,166
P0030,L003,2024-11-01,117
P0031,L003,2024-11-01,65
P0032,L003,2024-11-01,197
P0033,L003,2024-11-01,63
P0034,L003,2024-11-01,165
P0035,L003,2024-11-01,67
P0036,L003,2024-11-01,75
P0037,L003,2024-11-01,189
P0038,L003,2024-11-01,35
P0039,L003,2024-11-01,23
P0040,L003,2024-11-01,101
P0041,L003,2024-11-01,110
P0042,L003,2024-11-01,87
P0043,L003,2024-11-01,72
P0044,L003,2024-11-01,178
P0045,L003,2024-11-01,4
P0046,L003,2024-11-01,193
P0047,L003,2024-11-01,107
P0048,L003,2024-11-01,11
P0049,L003,2024-11-01,125
P0050,L003,2024-11-01,198
P0051,L003,2024-11-01,57
P0052,L003,2024-11-01,140
P0053,L003,2024-11-01,97
P0054,L003,2024-11-01,158
P0055,L003,2024-11-01,65
P0056,L003,2024-11-01,60
P0057,L003,2024-11-01,110
P0058,L003,2024-11-01,173
P0059,L003,2024-11-01,107
P0060,L003,2024-11-01,170
P0061,L003,2024-11-01,197
P0062,L003,2024-11-01,107
P0063,L003,2024-11-01,52
P0064,L003,2024-11-01,100
P0065,L003,2024-11-01,105
P0066,L003,2024-11-01,96
P0067,L003,2024-11-01,173
P0068,L003,2024-11-01,166
P0069,L003,2024-11-01,15
P0070,L003,2024-11-01,142
P0071,L003,2024-11-01,125
P0072,L003,2024-11-01,50
P0073,L003,2024-11-01,194
P0074,L003,2024-11-01,93
P0075,L003,2024-11-01,199
P0076,L003,2024-11-01,198
P0077,L003,2024-11-01,139
P0078,L003,2024-11-01,57
P0079,L003,2024-11-01,64
P0080,L003,2024-11-01,51
P0081,L003,2024-11-01,161
P0082,L003,2024-11-01,196
P0083,L003,2024-11-01,37
P0084,L003,2024-11-01,147
P0085,L003,2024-11-01,31
P0086,L003,2024-11-01,189
P0087,L003,2024-11-01,188
P0088,L003,2024-11-01,123
P0089,L003,2024-11-01,3
P0090,L003,2024-11-01,18
P0091,L003,2024-11-01,36
P0092,L003,2024-11-01,14
P0093,L003,2024-11-01,42
P0094,L003,2024-11-01,65
P0095,L003,2024-11-01,168
P0096,L003,2024-11-01,60
P0097,L003,2024-11-01,190
P0098,L003,2024-11-01,41
P0099,L003,2024-11-01,88
P0100,L003,2024-11-01,163
P0101,L003,2024-11-01,14
P0102,L003,2024-11-01,59
P0103,L003,2024-11-01,47
P0104,L003,2024-11-01,134
P0105,L003,2024-11-01,66
P0106,L003,2024-11-01,120
P0107,L003,2024-11-01,107
P0108,L003,2024-11-01,156
P0109,L003,2024-11-01,112
P0110,L003,2024-11-01,193
P0111,L003,2024-11-01,32
P0112,L003,2024-11-01,126
P0113,L003,2024-11-01,126
P0114,L003,2024-11-01,196
P0115,L003,2024-11-01,100
P0116,L003,2024-11-01,138
P0117,L003,2024-11-01,198
P0118,L003,2024-11-01,171
P0119,L003,2024-11-01,76
P0120,L003,2024-11-01,17
P0121,L003,2024-11-01,116
P0122,L003,2024-11-01,118
P0123,L003,2024-11-01,114
P0124,L003,2024-11-01,169
P0125,L003,2024-11-01,130
P0126,L003,2024-11-01,41
P0127,L003,2024-11-01,49
P0128,L003,2024-11-01,145
P0129,L003,2024-11-01,22
P0130,L003,2024-11-01,95
P0131,L003,2024-11-01,183
P0132,L003,2024-11-01,34
P0133,L003,2024-11-01,101
P0134,L003,2024-11-01,102
P0135,L003,2024-11-01,184
P0136,L003,2024-11-01,25
P0137,L003,2024-11-01,53
P0138,L003,2024-11-01,96
P0139,L003,2024-11-01,112
P0140,L003,2024-11-01,5
P0141,L003,2024-11-01,172
P0142,L003,2024-11-01,137
P0143,L003,2024-11-01,146
P0144,L003,2024-11-01,101
P0145,L003,2024-11-01,149
P0146,L003,2024-11-01,58
P0147,L003,2024-11-01,72
P0148,L003,2024-11-01,92
P0149,L003,2024-11-01,178
P0150,L003,2024-11-01,145
P0001,L004,2024-11-01,6
P0002,L004,2024-11-01,48
P0003,L004,2024-11-01,176
P0004,L004,2024-11-01,121
P0005,L004,2024-11-01,148
P0006,L004,2024-11-01,148
P0007,L004,2024-11-01,173
P9000,L004,2024-11-01,154
P0009,L004,2024-11-01,136
P0010,L004,2024-11-01,139
P0011,L004,2024-11-01,73
P0012,L004,2024-11-01,102
P0013,L004,2024-11-01,95
P0014,L004,2024-11-01,-11
P0015,L004,2024-11-01,145
P0016,L004,2024-11-01,81
P0017,L004,2024-11-01,26
P0018,L004,2024-11-01,43
P0019,L004,2024-11-01,117
P0020,L004,2024-11-01,149
P0021,L004,2024-11-01,162
P0022,L004,2024-11-01,46
P0023,L004,2024-11-01,108
P0024,L004,2024-11-01,133
P0025,L004,2024-11-01,116
P0026,L004,2024-11-01,44
P0027,L004,2024-11-01,113
P0028,L004,2024-11-01,79
P0029,L004,2024-11-01,47
P0030,L004,2024-11-01,14
P0031,L004,2024-11-01,153
P0032,L004,2024-11-01,89
P0033,L004,2024-11-01,76
P0034,L004,2024-11-01,56
P0035,L004,2024-11-01,-13
P0036,L004,2024-11-01,56
P0037,L004,2024-11-01,158
P0038,L004,2024-11-01,104
P0039,L004,2024-11-01,142
P0040,L004,2024-11-01,23
P0041,L004,2024-11-01,17
P0042,L004,2024-11-01,30
P0043,L004,2024-11-01,98
P0044,L004,2024-11-01,162
P0045,L004,2024-11-01,27
P0046,L004,2024-11-01,165
P0047,L004,2024-11-01,146
P0048,L004,2024-11-01,180
P0049,L004,2024-11-01,86
P0050,L004,2024-11-01,-19
P0051,L004,2024-11-01,25
P0052,L004,2024-11-01,4
P0053,L004,2024-11-01,19
P0054,L004,2024-11-01,26
P0055,L004,2024-11-01,110
P0056,L004,2024-11-01,110
P0057,L004,2024-11-01,89
P0058,L004,2024-11-01,131
P0059,L004,2024-11-01,179
P0060,L004,2024-11-01,169
P0061,L004,2024-11-01,119
P0062,L004,2024-11-01,106
P0063,L004,2024-11-01,56
P0064,L004,2024-11-01,182
P0065,L004,2024-11-01,56
P0066,L004,2024-11-01,165
P0067,L004,2024-11-01,15
P0068,L004,2024-11-01,191
P0069,L004,2024-11-01,24
P0070,L004,2024-11-01,137
P0071,L004,2024-11-01,18
P0072,L004,2024-11-01,124
P0073,L004,2024-11-01,54
P0074,L004,2024-11-01,91
P0075,L004,2024-11-01,162
P0076,L004,2024-11-01,71
P0077,L004,2024-11-01,55
P0078,L004,2024-11-01,54
P0079,L004,2024-11-01,86
P0080,L004,2024-11-01,141
P0081,L004,2024-11-01,75
P0082,L004,2024-11-01,1
P0083,L004,2024-11-01,30
P0084,L004,2024-11-01,166
P0085,L004,2024-11-01,119
P0086,L004,2024-11-01,70
P0087,L004,2024-11-01,147
P0088,L004,2024-11-01,32
P0089,L004,2024-11-01,183
P0090,L004,2024-11-01,6
P0091,L004,2024-11-01,24
P0092,L004,2024-11-01,186
P0093,L004,2024-11-01,117
P0094,L004,2024-11-01,107
P0095,L004,2024-11-01,133
P0096,L004,2024-11-01,165
P0097,L004,2024-11-01,88
P0098,L004,2024-11-01,173
P0099,L004,2024-11-01,184
P0100,L004,2024-11-01,94
P0101,L004,2024-11-01,184
P0102,L004,2024-11-01,40
P0103,L004,2024-11-01,13
P0104,L004,2024-11-01,178
P0105,L004,2024-11-01,109
P0106,L004,2024-11-01,0
P0107,L004,2024-11-01,74
P0108,L004,2024-11-01,194
P0109,L004,2024-11-01,145
P0110,L004,2024-11-01,103
P0111,L004,2024-11-01,142
P0112,L004,2024-11-01,87
P0113,L004,2024-11-01,132
P0114,L004,2024-11-01,195
P0115,L004,2024-11-01,187
P0116,L004,2024-11-01,38
P0117,L004,2024-11-01,189
P0118,L004,2024-11-01,150
P0119,L004,2024-11-01,4
P0120,L004,2024-11-01,35
P0121,L004,2024-11-01,55
P0122,L004,2024-11-01,125
P0123,L004,2024-11-01,55
P0124,L004,2024-11-01,193
P0125,L004,2024-11-01,191
P0126,L004,2024-11-01,88
P0127,L004,2024-11-01,121
P0128,L004,2024-11-01,34
P0129,L004,2024-11-01,90
P0130,L004,2024-11-01,64
P0131,L004,2024-11-01,144
P0132,L004,2024-11-01,191
P0133,L004,2024-11-01,125
P0134,L004,2024-11-01,153
P0135,L004,2024-11-01,198
P0136,L004,2024-11-01,144
P0137,L004,2024-11-01,98
P0138,L004,2024-11-01,91
P0139,L004,2024-11-01,105
P0140,L004,2024-11-01,180
P0141,L004,2024-11-01,135
P0142,L004,2024-11-01,24
P0143,L004,2024-11-01,150
P0144,L004,2024-11-01,184
P0145,L004,2024-11-01,11
P0146,L004,2024-11-01,89
P0147,L004,2024-11-01,21
P0148,L004,2024-11-01,116
P0149,L004,2024-11-01,199
P0150,L004,2024-11-01,192
P0001,L005,2024-11-01,5
P0002,L005,2024-11-01,186
P0003,L005,2024-11-01,79
P0004,L005,2024-11-01,92
P0005,L005,2024-11-01,51
P0006,L005,2024-11-01,185
P0007,L005,2024-11-01,182
P0008,L005,2024-11-01,38
P0009,L005,2024-11-01,134
P0010,L005,2024-11-01,126
P0011,L005,2024-11-01,144
P0012,L005,2024-11-01,41
P0013,L005,2024-11-01,155
P0014,L005,2024-11-01,120
P0015,L005,2024-11-01,1
P0016,L005,2024-11-01,144
P0017,L005,2024-11-01,95
P0018,L005,2024-11-01,54
P0019,L005,2024-11-01,120
P0020,L005,2024-11-01,197
P0021,L005,2024-11-01,41
P0022,L005,2024-11-01,22
P0023,L005,2024-11-01,121
P0024,L005,2024-11-01,199
P0025,L005,2024-11-01,44
P0026,L005,2024-11-01,37
P0027,L005,2024-11-01,10
P0028,L005,2024-11-01,90
P0029,L005,2024-11-01,193
P0030,L005,2024-11-01,106
P0031,L005,2024-11-01,163
P0032,L005,2024-11-01,138
P0033,L005,2024-11-01,40
P0034,L005,2024-11-01,169
P0035,L005,2024-11-01,102
P0036,L005,2024-11-01,13
P0037,L005,2024-11-01,173
P0038,L005,2024-11-01,90
P0039,L005,2024-11-01,112
P0040,L005,2024-11-01,121
P0041,L005,2024-11-01,95
P0042,L005,2024-11-01,56
P0043,L005,2024-11-01,41
P0044,L005,2024-11-01,72
P0045,L005,2024-11-01,8
P0046,L005,2024-11-01,25
P0047,L005,2024-11-01,78
P0048,L005,2024-11-01,167
P0049,L005,2024-11-01,108
P0050,L005,2024-11-01,106
P0051,L005,2024-11-01,120
P0052,L005,2024-11-01,158
P0053,L005,2024-11-01,68
P0054,L005,2024-11-01,43
P0055,L005,2024-11-01,166
P0056,L005,2024-11-01,141
P0057,L005,2024-11-01,124
P0058,L005,2024-11-01,91
P0059,L005,2024-11-01,161
P0060,L005,2024-11-01,99
P0061,L005,2024-11-01,147
P0062,L005,2024-11-01,51
P0063,L005,2024-11-01,46
P0064,L005,2024-11-01,141
P0065,L005,2024-11-01,123
P0066,L005,2024-11-01,120
P0067,L005,2024-11-01,98
P0068,L005,2024-11-01,-4
P0069,L005,2024-11-01,146
P0070,L005,2024-11-01,115
P0071,L005,2024-11-01,175
P0072,L005,2024-11-01,176
P0073,L005,2024-11-01,172
P0074,L005,2024-11-01,97
P0075,L005,2024-11-01,45
P0076,L005,2024-11-01,118
P0077,L005,2024-11-01,37
P0078,L005,2024-11-01,70
P0079,L005,2024-11-01,67
P0080,L005,2024-11-01,44
P0081,L005,2024-11-01,31
P0082,L005,2024-11-01,18
P0083,L005,2024-11-01,55
P0084,L005,2024-11-01,16
P0085,L005,2024-11-01,82
P0086,L005,2024-11-01,7
P0087,L005,2024-11-01,97
P0088,L005,2024-11-01,60
P0089,L005,2024-11-01,7
P0090,L005,2024-11-01,7
P0091,L005,2024-11-01,59
P0092,L005,2024-11-01,184
P0093,L005,2024-11-01,42
P0094,L005,2024-11-01,27
P0095,L005,2024-11-01,131
P0096,L005,2024-11-01,183
P0097,L005,2024-11-01,187
P0098,L005,2024-11-01,2
P0099,L005,2024-11-01,107
P0100,L005,2024-11-01,61
P0101,L005,2024-11-01,83
P0102,L005,2024-11-01,41
P0103,L005,2024-11-01,112
P0104,L005,2024-11-01,55
P0105,L005,2024-11-01,148
P0106,L005,2024-11-01,85
P0107,L005,2024-11-01,158
P0108,L005,2024-11-01,121
P0109,L005,2024-11-01,180
P0110,L005,2024-11-01,61
P0111,L005,2024-11-01,199
P0112,L005,2024-11-01,103
P0113,L005,2024-11-01,188
P0114,L005,2024-11-01,81
P0115,L005,2024-11-01,191
P0116,L005,2024-11-01,63
P0117,L005,2024-11-01,65
P0118,L005,2024-11-01,181
P0119,L005,2024-11-01,116
P0120,L005,2024-11-01,76
P0121,L005,2024-11-01,88
P0122,L005,2024-11-01,139
P0123,L005,2024-11-01,27
P0124,L005,2024-11-01,175
P0125,L005,2024-11-01,85
P0126,L005,2024-11-01,73
P0127,L005,2024-11-01,94
P0128,L005,2024-11-01,141
P0129,L005,2024-11-01,66
P0130,L005,2024-11-01,57
P0131,L005,2024-11-01,177
P0132,L005,2024-11-01,101
P0133,L005,2024-11-01,120
P0134,L005,2024-11-01,138
P0135,L005,2024-11-01,169
P0136,L005,2024-11-01,89
P0137,L005,2024-11-01,79
P0138,L005,2024-11-01,21
P0139,L005,2024-11-01,174
P0140,L005,2024-11-01,86
P0141,L005,2024-11-01,54
P0142,L005,2024-11-01,83
P0143,L005,2024-11-01,86
P0144,L005,2024-11-01,54
P0145,L005,2024-11-01,185
P0146,L005,2024-11-01,137
P0147,L005,2024-11-01,33
P0148,L005,2024-11-01,180
P0149,L005,2024-11-01,46
P0150,L005,2024-11-01,90
P0001,L006,2024-11-01,187
P0002,L006,2024-11-01,51
P0003,L006,2024-11-01,99
P0004,L006,2024-11-01,171
P0005,L006,2024-11-01,103
P0006,L006,2024-11-01,53
P0007,L006,2024-11-01,135
P0008,L006,2024-11-01,95
P0009,L006,2024-11-01,6
P0010,L006,2024-11-01,140
P0011,L006,2024-11-01,47
P0012,L006,2024-11-01,154
P0013,L006,2024-11-01,129
P0014,L006,2024-11-01,115
P0015,L006,2024-11-01,195
P0016,L006,2024-11-01,64
P0017,L006,2024-11-01,36
P0018,L006,2024-11-01,163
P0019,L006,2024-11-01,119
P0020,L006,2024-11-01,124
P0021,L006,2024-11-01,39
P0022,L006,2024-11-01,48
P0023,L006,2024-11-01,104
P0024,L006,2024-11-01,197
P0025,L006,2024-11-01,11
P0026,L006,2024-11-01,114
P0027,L006,2024-11-01,49
P0028,L006,2024-11-01,181
P0029,L006,2024-11-01,21
P0030,L006,2024-11-01,89
P0031,L006,2024-11-01,97
P0032,L006,2024-11-01,156
P0033,L006,2024-11-01,130
P0034,L006,2024-11-01,3
P0035,L006,2024-11-01,91
P0036,L006,2024-11-01,156
P0037,L006,2024-11-01,129
P0038,L006,2024-11-01,176
P0039,L006,2024-11-01,126
P0040,L006,2024-11-01,89
P0041,L006,2024-11-01,39
P0042,L006,2024-11-01,104
P0043,L006,2024-11-01,1
P0044,L006,2024-11-01,95
P0045,L006,2024-11-01,37
P0046,L006,2024-11-01,76
P0047,L006,2024-11-01,162
P0048,L006,2024-11-01,6
P0049,L006,2024-11-01,191
P0050,L006,2024-11-01,168
P0051,L006,2024-11-01,55
P0052,L006,2024-11-01,17
P0053,L006,2024-11-01,31
P0054,L006,2024-11-01,83
P0055,L006,2024-11-01,138
P0056,L006,2024-11-01,174
P0057,L006,2024-11-01,64
P0058,L006,2024-11-01,123
P0059,L006,2024-11-01,135
P0060,L006,2024-11-01,59
P0061,L006,2024-11-01,75
P0062,L006,2024-11-01,31
P0063,L006,2024-11-01,69
P0064,L006,2024-11-01,146
P0065,L006,2024-11-01,94
P0066,L006,2024-11-01,25
P0067,L006,2024-11-01,92
P0068,L006,2024-11-01,98
P0069,L006,2024-11-01,183
P0070,L006,2024-11-01,199
P0071,L006,2024-11-01,16
P0072,L006,2024-11-01,66
P0073,L006,2024-11-01,195
P0074,L006,2024-11-01,87
P0075,L006,2024-11-01,152
P0076,L006,2024-11-01,167
P0077,L006,2024-11-01,39
P0078,L006,2024-11-01,39
P0079,L006,2024-11-01,179
P0080,L006,2024-11-01,65
P0081,L006,2024-11-01,140
P0082,L006,2024-11-01,120
P0083,L006,2024-11-01,153
P0084,L006,2024-11-01,54
P0085,L006,2024-11-01,127
P0086,L006,2024-11-01,145
P0087,L006,2024-11-01,37
P0088,L006,2024-11-01,127
P0089,L006,2024-11-01,127
P0090,L006,2024-11-01,92
P0091,L006,2024-11-01,18
P0092,L006,2024-11-01,176
P0093,L006,2024-11-01,148
P0094,L006,2024-11-01,73
P0095,L006,2024-11-01,15
P0096,L006,2024-11-01,126
P0097,L006,2024-11-01,51
P0098,L006,2024-11-01,144
P0099,L006,2024-11-01,41
P0100,L006,2024-11-01,136
P0101,L006,2024-11-01,5
P0102,L006,2024-11-01,190
P0103,L006,2024-11-01,128
P0104,L006,2024-11-01,39
P0105,L006,2024-11-01,58
P0106,L006,2024-11-01,168
P0107,L006,2024-11-01,55
P0108,L006,2024-11-01,168
P0109,L006,2024-11-01,93
P0110,L006,2024-11-01,7
P0111,L006,2024-11-01,80
P0112,L006,2024-11-01,88
P0113,L006,2024-11-01,103
P0114,L006,2024-11-01,16
P0115,L006,2024-11-01,171
P0116,L006,2024-11-01,153
P0117,L006,2024-11-01,172
P0118,L006,2024-11-01,155
P0119,L006,2024-11-01,159
P0120,L006,2024-11-01,41
P0121,L006,2024-11-01,174
P0122,L006,2024-11-01,112
P0123,L006,2024-11-01,72
P0124,L006,2024-11-01,81
P0125,L006,2024-11-01,184
P0126,L006,2024-11-01,121
P0127,L006,2024-11-01,54
P0128,L006,2024-11-01,160
P0129,L006,2024-11-01,118
P0130,L006,2024-11-01,188
P0131,L006,2024-11-01,102
P0132,L006,2024-11-01,66
P0133,L006,2024-11-01,4
P0134,L006,2024-11-01,103
P0135,L006,2024-11-01,19
P0136,L006,2024-11-01,192
P0137,L006,2024-11-01,88
P0138,L006,2024-11-01,62
P0139,L006,2024-11-01,182
P0140,L006,2024-11-01,116
P0141,L006,2024-11-01,136
P0142,L006,2024-11-01,118
P0143,L006,2024-11-01,15
P0144,L006,2024-11-01,127
P0145,L006,2024-11-01,50
P0146,L006,2024-11-01,74
P0147,L006,2024-11-01,144
P0148,L006,2024-11-01,109
P0149,L006,2024-11-01,170
P0150,L006,2024-11-01,34
P0001,L100,2024-11-01,147
P0002,L100,2024-11-01,35
P0003,L100,2024-11-01,127
P0004,L100,2024-11-01,153
P0005,L100,2024-11-01,65
P0006,L100,2024-11-01,83
P0007,L100,2024-11-01,102
P0008,L100,2024-11-01,164
P0009,L100,2024-11-01,137
P0010,L100,2024-11-01,4
P0011,L100,2024-11-01,9
P0012,L100,2024-11-01,9
P0013,L100,2024-11-01,28
P0014,L100,2024-11-01,158
P0015,L100,2024-11-01,77
P0016,L100,2024-11-01,17
P0017,L100,2024-11-01,79
P0018,L100,2024-11-01,176
P0019,L100,2024-11-01,158
P0020,L100,2024-11-01,77
P0021,L100,2024-11-01,187
P0022,L100,2024-11-01,30
P0023,L100,2024-11-01,118
P0024,L100,2024-11-01,23
P0025,L100,2024-11-01,114
P0026,L100,2024-11-01,125
P0027,L100,2024-11-01,197
P0028,L100,2024-11-01,162
P0029,L100,2024-11-01,93
P0030,L100,2024-11-01,24
P0031,L100,2024-11-01,104
P0032,L100,2024-11-01,115
P0033,L100,2024-11-01,95
P0034,L100,2024-11-01,30
P0035,L100,2024-11-01,4
P0036,L100,2024-11-01,42
P0037,L100,2024-11-01,17
P0038,L100,2024-11-01,22
P9046,L100,2024-11-01,24
P0040,L100,2024-11-01,173
P0041,L100,2024-11-01,97
P0042,L100,2024-11-01,145
P0043,L100,2024-11-01,54
P0044,L100,2024-11-01,129
P0045,L100,2024-11-01,116
P0046,L100,2024-11-01,191
P0047,L100,2024-11-01,172
P0048,L100,2024-11-01,93
P0049,L100,2024-11-01,40
P0050,L100,2024-11-01,179
P0051,L100,2024-11-01,83
P0052,L100,2024-11-01,6
P0053,L100,2024-11-01,134
P0054,L100,2024-11-01,68
P0055,L100,2024-11-01,111
P0056,L100,2024-11-01,111
P0057,L100,2024-11-01,51
P0058,L100,2024-11-01,22
P0059,L100,2024-11-01,131
P0060,L100,2024-11-01,196
P0061,L100,2024-11-01,20
P0062,L100,2024-11-01,54
P0063,L100,2024-11-01,88
P0064,L100,2024-11-01,173
P0065,L100,2024-11-01,50
P0066,L100,2024-11-01,125
P0067,L100,2024-11-01,168
P0068,L100,2024-11-01,166
P0069,L100,2024-11-01,68
P0070,L100,2024-11-01,179
P0071,L100,2024-11-01,30
P0072,L100,2024-11-01,115
P0073,L100,2024-11-01,150
P0074,L100,2024-11-01,88
P0075,L100,2024-11-01,59
P0076,L100,2024-11-01,33
P0077,L100,2024-11-01,14
P0078,L100,2024-11-01,82
P0079,L100,2024-11-01,26
P0080,L100,2024-11-01,55
P0081,L100,2024-11-01,43
P0082,L100,2024-11-01,181
P0083,L100,2024-11-01,71
P0084,L100,2024-11-01,56
P0085,L100,2024-11-01,187
P0086,L100,2024-11-01,120
P0087,L100,2024-11-01,93
P0088,L100,2024-11-01,88
P0089,L100,2024-11-01,-19
P0090,L100,2024-11-01,123
P0091,L100,2024-11-01,188
P0092,L100,2024-11-01,198
P0093,L100,2024-11-01,198
P0094,L100,2024-11-01,189
P0095,L100,2024-11-01,184
P0096,L100,2024-11-01,183
P0097,L100,2024-11-01,186
P0098,L100,2024-11-01,168
P0099,L100,2024-11-01,113
P0100,L100,2024-11-01,77
P0101,L100,2024-11-01,133
P0102,L100,2024-11-01,35
P0103,L100,2024-11-01,146
P0104,L100,2024-11-01,51
P0105,L100,2024-11-01,193
P0106,L100,2024-11-01,58
P0107,L100,2024-11-01,31
P0108,L100,2024-11-01,114
P0109,L100,2024-11-01,11
P0110,L100,2024-11-01,15
P0111,L100,2024-11-01,10
P0112,L100,2024-11-01,156
P0113,L100,2024-11-01,-9
P0114,L100,2024-11-01,166
P0115,L100,2024-11-01,7
P0116,L100,2024-11-01,-7
P0117,L100,2024-11-01,3
P0118,L100,2024-11-01,37
P0119,L100,2024-11-01,147
P0120,L100,2024-11-01,40
P0121,L100,2024-11-01,0
P0122,L100,2024-11-01,135
P0123,L100,2024-11-01,79
P0124,L100,2024-11-01,100
P0125,L100,2024-11-01,9
P0126,L100,2024-11-01,24
P0127,L100,2024-11-01,160
P0128,L100,2024-11-01,171
P0129,L100,2024-11-01,178
P0130,L100,2024-11-01,46
P0131,L100,2024-11-01,46
P0132,L100,2024-11-01,49
P0133,L100,2024-11-01,38
P0134,L100,2024-11-01,175
P0135,L100,2024-11-01,176
P0136,L100,2024-11-01,134
P0137,L100,2024-11-01,119
P0138,L100,2024-11-01,75
P0139,L100,2024-11-01,19
P0140,L100,2024-11-01,185
P0141,L100,2024-11-01,31
P0142,L100,2024-11-01,120
P0143,L100,2024-11-01,101
P0144,L100,2024-11-01,112
P0145,L100,2024-11-01,94
P0146,L100,2024-11-01,21
P0147,L100,2024-11-01,123
P0148,L100,2024-11-01,42
P0149,L100,2024-11-01,146
P0150,L100,2024-11-01,68
P0001,L001,2024-12-01,44
P0002,L001,2024-12-01,0
P0003,L001,2024-12-01,0
P0004,L001,2024-12-01,105
P0005,L001,2024-12-01,103
P0006,L001,2024-12-01,126
P0007,L001,2024-12-01,54
P0008,L001,2024-12-01,26
P0009,L001,2024-12-01,195
P0010,L001,2024-12-01,104
P0011,L001,2024-12-01,173
P0012,L001,2024-12-01,139
P0013,L001,2024-12-01,22
P0014,L001,2024-12-01,179
P0015,L001,2024-12-01,18
P0016,L001,2024-12-01,194
P0017,L001,2024-12-01,-2
P0018,L001,2024-12-01,157
P0019,L001,2024-12-01,121
P0020,L001,2024-12-01,143
P0021,L001,2024-12-01,183
P0022,L001,2024-12-01,161
P0023,L001,2024-12-01,81
P0024,L001,2024-12-01,101
P0025,L001,2024-12-01,106
P0026,L001,2024-12-01,153
P0027,L001,2024-12-01,192
P0028,L001,2024-12-01,20
P0029,L001,2024-12-01,22
P0030,L001,2024-12-01,84
P0031,L001,2024-12-01,113
P0032,L001,2024-12-01,153
P0033,L001,2024-12-01,19
P0034,L001,2024-12-01,83
P0035,L001,2024-12-01,19
P0036,L001,2024-12-01,46
P0037,L001,2024-12-01,33
P0038,L001,2024-12-01,125
P0039,L001,2024-12-01,91
P0040,L001,2024-12-01,91
P0041,L001,2024-12-01,66
P0042,L001,2024-12-01,157
P0043,L001,2024-12-01,162
P0044,L001,2024-12-01,38
P0045,L001,2024-12-01,87
P0046,L001,2024-12-01,126
P0047,L001,2024-12-01,171
P0048,L001,2024-12-01,35
P0049,L001,2024-12-01,15
P0050,L001,2024-12-01,144
P0051,L001,2024-12-01,36
P0052,L001,2024-12-01,14
P0053,L001,2024-12-01,116
P9006,L001,2024-12-01,55
P0055,L001,2024-12-01,97
P0056,L001,2024-12-01,57
P0057,L001,2024-12-01,134
P0058,L001,2024-12-01,100
P0059,L001,2024-12-01,167
P0060,L001,2024-12-01,83
P0061,L001,2024-12-01,172
P0062,L001,2024-12-01,196
P0063,L001,2024-12-01,35
P0064,L001,2024-12-01,49
P0065,L001,2024-12-01,71
P0066,L001,2024-12-01,98
P0067,L001,2024-12-01,94
P0068,L001,2024-12-01,26
P0069,L001,2024-12-01,160
P0070,L001,2024-12-01,37
P0071,L001,2024-12-01,25
P0072,L001,2024-12-01,20
P0073,L001,2024-12-01,4
P0074,L001,2024-12-01,192
P0075,L001,2024-12-01,162
P0076,L001,2024-12-01,46
P0077,L001,2024-12-01,195
P0078,L001,2024-12-01,110
P0079,L001,2024-12-01,105
P0080,L001,2024-12-01,172
P0081,L001,2024-12-01,143
P0082,L001,2024-12-01,74
P0083,L001,2024-12-01,42
P0084,L001,2024-12-01,173
P0085,L001,2024-12-01,101
P0086,L001,2024-12-01,46
P0087,L001,2024-12-01,29
P0088,L001,2024-12-01,36
P0089,L001,2024-12-01,194
P0090,L001,2024-12-01,22
P0091,L001,2024-12-01,23
P0092,L001,2024-12-01,46
P0093,L001,2024-12-01,95
P0094,L001,2024-12-01,70
P0095,L001,2024-12-01,106
P0096,L001,2024-12-01,84
P0097,L001,2024-12-01,144
P0098,L001,2024-12-01,103
P0099,L001,2024-12-01,167
P0100,L001,2024-12-01,144
P0101,L001,2024-12-01,58
P0102,L001,2024-12-01,170
P0103,L001,2024-12-01,186
P0104,L001,2024-12-01,101
P0105,L001,2024-12-01,88
P0106,L001,2024-12-01,122
P0107,L001,2024-12-01,79
P0108,L001,2024-12-01,72
P0109,L001,2024-12-01,196
P0110,L001,2024-12-01,-16
P0111,L001,2024-12-01,43
P0112,L001,2024-12-01,31
P0113,L001,2024-12-01,34
P0114,L001,2024-12-01,195
P0115,L001,2024-12-01,167
P0116,L001,2024-12-01,178
P0117,L001,2024-12-01,167
P0118,L001,2024-12-01,79
P0119,L001,2024-12-01,108
P0120,L001,2024-12-01,74
P0121,L001,2024-12-01,37
P0122,L001,2024-12-01,28
P0123,L001,2024-12-01,195
P0124,L001,2024-12-01,25
P0125,L001,2024-12-01,114
P0126,L001,2024-12-01,133
P0127,L001,2024-12-01,49
P0128,L001,2024-12-01,165
P0129,L001,2024-12-01,65
P0130,L001,2024-12-01,154
P0131,L001,2024-12-01,76
P0132,L001,2024-12-01,1
P0133,L001,2024-12-01,26
P0134,L001,2024-12-01,112
P0135,L001,2024-12-01,198
P0136,L001,2024-12-01,40
P0137,L001,2024-12-01,56
P0138,L001,2024-12-01,137
P0139,L001,2024-12-01,84
P0140,L001,2024-12-01,46
P0141,L001,2024-12-01,83
P0142,L001,2024-12-01,2
P0143,L001,2024-12-01,50
P0144,L001,2024-12-01,83
P0145,L001,2024-12-01,20
P0146,L001,2024-12-01,98
P0147,L001,2024-12-01,60
P0148,L001,2024-12-01,114
P0149,L001,2024-12-01,172
P0150,L001,2024-12-01,36
P0001,L002,2024-12-01,141
P0002,L002,2024-12-01,199
P0003,L002,2024-12-01,80
P0004,L002,2024-12-01,166
P0005,L002,2024-12-01,188
P0006,L002,2024-12-01,63
P0007,L002,2024-12-01,163
P0008,L002,2024-12-01,127
P0009,L002,2024-12-01,65
P0010,L002,2024-12-01,13
P0011,L002,2024-12-01,95
P0012,L002,2024-12-01,151
P0013,L002,2024-12-01,48
P0014,L002,2024-12-01,166
P0015,L002,2024-12-01,11
P0016,L002,2024-12-01,5
P0017,L002,2024-12-01,140
P0018,L002,2024-12-01,45
P0019,L002,2024-12-01,105
P0020,L002,2024-12-01,34
P0021,L002,2024-12-01,49
P0022,L002,2024-12-01,18
P0023,L002,2024-12-01,100
P0024,L002,2024-12-01,184
P0025,L002,2024-12-01,126
P0026,L002,2024-12-01,3
P0027,L002,2024-12-01,148
P0028,L002,2024-12-01,85
P0029,L002,2024-12-01,197
P0030,L002,2024-12-01,97
P0031,L002,2024-12-01,112
P0032,L002,2024-12-01,150
P0033,L002,2024-12-01,131
P0034,L002,2024-12-01,187
P0035,L002,2024-12-01,1
P0036,L002,2024-12-01,3
P0037,L002,2024-12-01,142
P0038,L002,2024-12-01,130
P0039,L002,2024-12-01,88
P0040,L002,2024-12-01,131
P0041,L002,2024-12-01,22
P0042,L002,2024-12-01,132
P0043,L002,2024-12-01,14
P0044,L002,2024-12-01,105
P0045,L002,2024-12-01,186
P0046,L002,2024-12-01,129
P0047,L002,2024-12-01,35
P0048,L002,2024-12-01,30
P0049,L002,2024-12-01,10
P0050,L002,2024-12-01,31
P0051,L002,2024-12-01,125
P0052,L002,2024-12-01,99
P0053,L002,2024-12-01,65
P0054,L002,2024-12-01,49
P0055,L002,2024-12-01,68
P0056,L002,2024-12-01,0
P0057,L002,2024-12-01,139
P0058,L002,2024-12-01,-12
P0059,L002,2024-12-01,-16
P0060,L002,2024-12-01,119
P0061,L002,2024-12-01,115
P0062,L002,2024-12-01,80
P0063,L002,2024-12-01,46
P0064,L002,2024-12-01,176
P0065,L002,2024-12-01,18
P0066,L002,2024-12-01,104
P0067,L002,2024-12-01,167
P0068,L002,2024-12-01,179
P0069,L002,2024-12-01,174
P0070,L002,2024-12-01,70
P0071,L002,2024-12-01,196
P0072,L002,2024-12-01,199
P0073,L002,2024-12-01,65
P0074,L002,2024-12-01,101
P0075,L002,2024-12-01,99
P0076,L002,2024-12-01,71
P0077,L002,2024-12-01,5
P0078,L002,2024-12-01,99
P0079,L002,2024-12-01,97
P0080,L002,2024-12-01,108
P0081,L002,2024-12-01,88
P0082,L002,2024-12-01,2
P0083,L002,2024-12-01,86
P0084,L002,2024-12-01,80
P0085,L002,2024-12-01,164
P0086,L002,2024-12-01,13
P0087,L002,2024-12-01,132
P0088,L002,2024-12-01,35
P0089,L002,2024-12-01,108
P0090,L002,2024-12-01,25
P0091,L002,2024-12-01,73
P0092,L002,2024-12-01,37
P0093,L002,2024-12-01,98
P0094,L002,2024-12-01,171
P0095,L002,2024-12-01,185
P0096,L002,2024-12-01,150
P0097,L002,2024-12-01,149
P0098,L002,2024-12-01,88
P0099,L002,2024-12-01,169
P0100,L002,2024-12-01,21
P0101,L002,2024-12-01,40
P0102,L002,2024-12-01,33
P0103,L002,2024-12-01,114
P0104,L002,2024-12-01,187
P0105,L002,2024-12-01,157
P0106,L002,2024-12-01,112
P0107,L002,2024-12-01,21
P0108,L002,2024-12-01,112
P0109,L002,2024-12-01,145
P0110,L002,2024-12-01,72
P0111,L002,2024-12-01,131
P0112,L002,2024-12-01,4
P0113,L002,2024-12-01,77
P0114,L002,2024-12-01,192
P0115,L002,2024-12-01,42
P0116,L002,2024-12-01,173
P0117,L002,2024-12-01,136
P0118,L002,2024-12-01,50
P0119,L002,2024-12-01,148
P0120,L002,2024-12-01,86
P0121,L002,2024-12-01,103
P0122,L002,2024-12-01,186
P0123,L002,2024-12-01,170
P0124,L002,2024-12-01,85
P0125,L002,2024-12-01,16
P0126,L002,2024-12-01,31
P0127,L002,2024-12-01,38
P0128,L002,2024-12-01,153
P0129,L002,2024-12-01,69
P0130,L002,2024-12-01,74
P0131,L002,2024-12-01,103
P0132,L002,2024-12-01,46
P0133,L002,2024-12-01,33
P0134,L002,2024-12-01,48
P0135,L002,2024-12-01,5
P0136,L002,2024-12-01,160
P0137,L002,2024-12-01,40
P0138,L002,2024-12-01,97
P0139,L002,2024-12-01,143
P0140,L002,2024-12-01,74
P0141,L002,2024-12-01,137
P0142,L002,2024-12-01,148
P0143,L002,2024-12-01,152
P0144,L002,2024-12-01,117
P0145,L002,2024-12-01,126
P0146,L002,2024-12-01,163
P0147,L002,2024-12-01,4
P0148,L002,2024-12-01,140
P0149,L002,2024-12-01,35
P0150,L002,2024-12-01,129
P0001,L003,2024-12-01,39
P0002,L003,2024-12-01,5
P0003,L003,2024-12-01,194
P0004,L003,2024-12-01,153
P0005,L003,2024-12-01,70
P0006,L003,2024-12-01,106
P0007,L003,2024-12-01,115
P0008,L003,2024-12-01,13
P0009,L003,2024-12-01,62
P0010,L003,2024-12-01,115
P0011,L003,2024-12-01,64
P0012,L003,2024-12-01,193
P0013,L003,2024-12-01,-16
P0014,L003,2024-12-01,186
P0015,L003,2024-12-01,28
P0016,L003,2024-12-01,193
P0017,L003,2024-12-01,102
P0018,L003,2024-12-01,107
P0019,L003,2024-12-01,41
P0020,L003,2024-12-01,141
P0021,L003,2024-12-01,120
P0022,L003,2024-12-01,93
P0023,L003,2024-12-01,47
P0024,L003,2024-12-01,44
P0025,L003,2024-12-01,21
P0026,L003,2024-12-01,99
P0027,L003,2024-12-01,31
P0028,L003,2024-12-01,53
P0029,L003,2024-12-01,27
P0030,L003,2024-12-01,26
P0031,L003,2024-12-01,52
P0032,L003,2024-12-01,74
P0033,L003,2024-12-01,194
P0034,L003,2024-12-01,46
P0035,L003,2024-12-01,114
P0036,L003,2024-12-01,153
P0037,L003,2024-12-01,65
P0038,L003,2024-12-01,27
P0039,L003,2024-12-01,81
P0040,L003,2024-12-01,62
P0041,L003,2024-12-01,191
P0042,L003,2024-12-01,183
P0043,L003,2024-12-01,132
P0044,L003,2024-12-01,189
P0045,L003,2024-12-01,100
P0046,L003,2024-12-01,175
P0047,L003,2024-12-01,68
P0048,L003,2024-12-01,64
P0049,L003,2024-12-01,190
P0050,L003,2024-12-01,28
P0051,L003,2024-12-01,112
P0052,L003,2024-12-01,126
P0053,L003,2024-12-01,167
P0054,L003,2024-12-01,9
P0055,L003,2024-12-01,182
P0056,L003,2024-12-01,150
P0057,L003,2024-12-01,93
P0058,L003,2024-12-01,134
P0059,L003,2024-12-01,107
P0060,L003,2024-12-01,0
P0061,L003,2024-12-01,18
P0062,L003,2024-12-01,90
P0063,L003,2024-12-01,48
P0064,L003,2024-12-01,130
P0065,L003,2024-12-01,158
P0066,L003,2024-12-01,142
P0067,L003,2024-12-01,69
P0068,L003,2024-12-01,174
P0069,L003,2024-12-01,134
P0070,L003,2024-12-01,62
P0071,L003,2024-12-01,156
P0072,L003,2024-12-01,65
P0073,L003,2024-12-01,62
P0074,L003,2024-12-01,164
P0075,L003,2024-12-01,120
P0076,L003,2024-12-01,106
P0077,L003,2024-12-01,146
P0078,L003,2024-12-01,15
P0079,L003,2024-12-01,101
P0080,L003,2024-12-01,1
P0081,L003,2024-12-01,47
P0082,L003,2024-12-01,186
P0083,L003,2024-12-01,188
P0084,L003,2024-12-01,105
P0085,L003,2024-12-01,109
P0086,L003,2024-12-01,135
P0087,L003,2024-12-01,2
P0088,L003,2024-12-01,152
P0089,L003,2024-12-01,6
P0090,L003,2024-12-01,123
P0091,L003,2024-12-01,96
P0092,L003,2024-12-01,96
P0093,L003,2024-12-01,6
P0094,L003,2024-12-01,54
P0095,L003,2024-12-01,75
P0096,L003,2024-12-01,192
P0097,L003,2024-12-01,148
P0098,L003,2024-12-01,196
P0099,L003,2024-12-01,168
P0100,L003,2024-12-01,41
P0101,L003,2024-12-01,147
P0102,L003,2024-12-01,163
P0103,L003,2024-12-01,46
P0104,L003,2024-12-01,36
P0105,L003,2024-12-01,12
P0106,L003,2024-12-01,49
P0107,L003,2024-12-01,76
P0108,L003,2024-12-01,14
P0109,L003,2024-12-01,16
P0110,L003,2024-12-01,86
P0111,L003,2024-12-01,32
P0112,L003,2024-12-01,56
P0113,L003,2024-12-01,33
P0114,L003,2024-12-01,110
P0115,L003,2024-12-01,52
P0116,L003,2024-12-01,164
P0117,L003,2024-12-01,105
P0118,L003,2024-12-01,24
P0119,L003,2024-12-01,32
P0120,L003,2024-12-01,125
P0121,L003,2024-12-01,136
P0122,L003,2024-12-01,149
P0123,L003,2024-12-01,90
P0124,L003,2024-12-01,199
P0125,L003,2024-12-01,76
P0126,L003,2024-12-01,198
P0127,L003,2024-12-01,181
P0128,L003,2024-12-01,14
P0129,L003,2024-12-01,68
P0130,L003,2024-12-01,84
P0131,L003,2024-12-01,173
P0132,L003,2024-12-01,157
P0133,L003,2024-12-01,157
P0134,L003,2024-12-01,177
P0135,L003,2024-12-01,83
P0136,L003,2024-12-01,155
P0137,L003,2024-12-01,195
P0138,L003,2024-12-01,196
P0139,L003,2024-12-01,158
P0140,L003,2024-12-01,168
P0141,L003,2024-12-01,167
P0142,L003,2024-12-01,46
P0143,L003,2024-12-01,48
P0144,L003,2024-12-01,83
P0145,L003,2024-12-01,106
P0146,L003,2024-12-01,176
P0147,L003,2024-12-01,90
P0148,L003,2024-12-01,110
P0149,L003,2024-12-01,87
P0150,L003,2024-12-01,70
P0001,L004,2024-12-01,197
P0002,L004,2024-12-01,9
P0003,L004,2024-12-01,108
P0004,L004,2024-12-01,52
P0005,L004,2024-12-01,151
P0006,L004,2024-12-01,152
P0007,L004,2024-12-01,143
P0008,L004,2024-12-01,136
P0009,L004,2024-12-01,75
P0010,L004,2024-12-01,46
P0011,L004,2024-12-01,190
P0012,L004,2024-12-01,124
P0013,L004,2024-12-01,156
P0014,L004,2024-12-01,197
P0015,L004,2024-12-01,121
P0016,L004,2024-12-01,167
P0017,L004,2024-12-01,71
P0018,L004,2024-12-01,185
P0019,L004,2024-12-01,178
P0020,L004,2024-12-01,161
P0021,L004,2024-12-01,24
P0022,L004,2024-12-01,38
P0023,L004,2024-12-01,16
P0024,L004,2024-12-01,166
P0025,L004,2024-12-01,51
P0026,L004,2024-12-01,180
P0027,L004,2024-12-01,114
P0028,L004,2024-12-01,178
P0029,L004,2024-12-01,108
P0030,L004,2024-12-01,187
P0031,L004,2024-12-01,149
P0032,L004,2024-12-01,13
P0033,L004,2024-12-01,56
P0034,L004,2024-12-01,123
P0035,L004,2024-12-01,183
P0036,L004,2024-12-01,13
P0037,L004,2024-12-01,54
P0038,L004,2024-12-01,70
P0039,L004,2024-12-01,42
P0040,L004,2024-12-01,175
P0041,L004,2024-12-01,91
P0042,L004,2024-12-01,66
P0043,L004,2024-12-01,144
P0044,L004,2024-12-01,199
P0045,L004,2024-12-01,177
P0046,L004,2024-12-01,152
P0047,L004,2024-12-01,127
P0048,L004,2024-12-01,93
P0049,L004,2024-12-01,134
P0050,L004,2024-12-01,77
P0051,L004,2024-12-01,182
P0052,L004,2024-12-01,78
P0053,L004,2024-12-01,132
P0054,L004,2024-12-01,7
P0055,L004,2024-12-01,46
P0056,L004,2024-12-01,146
P0057,L004,2024-12-01,74
P0058,L004,2024-12-01,0
P0059,L004,2024-12-01,178
P0060,L004,2024-12-01,127
P0061,L004,2024-12-01,33
P0062,L004,2024-12-01,83
P0063,L004,2024-12-01,88
P0064,L004,2024-12-01,139
P0065,L004,2024-12-01,4
P0066,L004,2024-12-01,108
P0067,L004,2024-12-01,145
P0068,L004,2024-12-01,65
P0069,L004,2024-12-01,177
P0070,L004,2024-12-01,10
P0071,L004,2024-12-01,114
P0072,L004,2024-12-01,25
P0073,L004,2024-12-01,28
P0074,L004,2024-12-01,32
P0075,L004,2024-12-01,147
P0076,L004,2024-12-01,135
P0077,L004,2024-12-01,35
P0078,L004,2024-12-01,152
P0079,L004,2024-12-01,163
P0080,L004,2024-12-01,180
P0081,L004,2024-12-01,31
P0082,L004,2024-12-01,37
P0083,L004,2024-12-01,122
P0084,L004,2024-12-01,174
P0085,L004,2024-12-01,44
P0086,L004,2024-12-01,77
P0087,L004,2024-12-01,192
P0088,L004,2024-12-01,7
P0089,L004,2024-12-01,180
P0090,L004,2024-12-01,149
P0091,L004,2024-12-01,57
P0092,L004,2024-12-01,42
P0093,L004,2024-12-01,60
P0094,L004,2024-12-01,137
P0095,L004,2024-12-01,196
P0096,L004,2024-12-01,169
P0097,L004,2024-12-01,21
P0098,L004,2024-12-01,1
P0099,L004,2024-12-01,57
P0100,L004,2024-12-01,171
P0101,L004,2024-12-01,11
P0102,L004,2024-12-01,88
P0103,L004,2024-12-01,56
P0104,L004,2024-12-01,76
P0105,L004,2024-12-01,4
P0106,L004,2024-12-01,23
P0107,L004,2024-12-01,185
P0108,L004,2024-12-01,189
P0109,L004,2024-12-01,161
P0110,L004,2024-12-01,6
P0111,L004,2024-12-01,168
P0112,L004,2024-12-01,128
P0113,L004,2024-12-01,189
P0114,L004,2024-12-01,166
P0115,L004,2024-12-01,95
P0116,L004,2024-12-01,68
P0117,L004,2024-12-01,92
P0118,L004,2024-12-01,141
P0119,L004,2024-12-01,156
P0120,L004,2024-12-01,9
P0121,L004,2024-12-01,182
P0122,L004,2024-12-01,112
P0123,L004,2024-12-01,126
P0124,L004,2024-12-01,144
P0125,L004,2024-12-01,166
P0126,L004,2024-12-01,80
P0127,L004,2024-12-01,145
P0128,L004,2024-12-01,112
P0129,L004,2024-12-01,11
P0130,L004,2024-12-01,7
P0131,L004,2024-12-01,52
P0132,L004,2024-12-01,85
P0133,L004,2024-12-01,35
P0134,L004,2024-12-01,170
P0135,L004,2024-12-01,140
P0136,L004,2024-12-01,136
P0137,L004,2024-12-01,18
P0138,L004,2024-12-01,68
P0139,L004,2024-12-01,174
P0140,L004,2024-12-01,39
P0141,L004,2024-12-01,196
P0142,L004,2024-12-01,71
P0143,L004,2024-12-01,18
P0144,L004,2024-12-01,47
P0145,L004,2024-12-01,61
P0146,L004,2024-12-01,150
P0147,L004,2024-12-01,96
P0148,L004,2024-12-01,168
P0149,L004,2024-12-01,81
P0150,L004,2024-12-01,120
P0001,L005,2024-12-01,102
P0002,L005,2024-12-01,45
P0003,L005,2024-12-01,9
P0004,L005,2024-12-01,61
P0005,L005,2024-12-01,128
P0006,L005,2024-12-01,174
P0007,L005,2024-12-01,32
P0008,L005,2024-12-01,55
P0009,L005,2024-12-01,188
P0010,L005,2024-12-01,2
P0011,L005,2024-12-01,89
P0012,L005,2024-12-01,45
P0013,L005,2024-12-01,156
P0014,L005,2024-12-01,142
P0015,L005,2024-12-01,136
P0016,L005,2024-12-01,183
P0017,L005,2024-12-01,11
P0018,L005,2024-12-01,55
P0019,L005,2024-12-01,7
P0020,L005,2024-12-01,162
P0021,L005,2024-12-01,1
P0022,L005,2024-12-01,91
P0023,L005,2024-12-01,10
P0024,L005,2024-12-01,140
P0025,L005,2024-12-01,31
P0026,L005,2024-12-01,161
P0027,L005,2024-12-01,34
P0028,L005,2024-12-01,137
P0029,L005,2024-12-01,47
P0030,L005,2024-12-01,119
P0031,L005,2024-12-01,180
P0032,L005,2024-12-01,194
P0033,L005,2024-12-01,123
P0034,L005,2024-12-01,146
P0035,L005,2024-12-01,80
P0036,L005,2024-12-01,165
P0037,L005,2024-12-01,150
P0038,L005,2024-12-01,179
P0039,L005,2024-12-01,37
P0040,L005,2024-12-01,143
P0041,L005,2024-12-01,194
P0042,L005,2024-12-01,83
P0043,L005,2024-12-01,89
P0044,L005,2024-12-01,77
P0045,L005,2024-12-01,99
P0046,L005,2024-12-01,55
P0047,L005,2024-12-01,62
P0048,L005,2024-12-01,6
P0049,L005,2024-12-01,151
P0050,L005,2024-12-01,131
P0051,L005,2024-12-01,2
P0052,L005,2024-12-01,50
P0053,L005,2024-12-01,97
P0054,L005,2024-12-01,170
P0055,L005,2024-12-01,60
P0056,L005,2024-12-01,94
P0057,L005,2024-12-01,100
P0058,L005,2024-12-01,167
P0059,L005,2024-12-01,139
P0060,L005,2024-12-01,44
P0061,L005,2024-12-01,84
P0062,L005,2024-12-01,129
P0063,L005,2024-12-01,113
P0064,L005,2024-12-01,128
P0065,L005,2024-12-01,22
P0066,L005,2024-12-01,61
P0067,L005,2024-12-01,122
P0068,L005,2024-12-01,112
P0069,L005,2024-12-01,110
P0070,L005,2024-12-01,-9
P0071,L005,2024-12-01,69
P0072,L005,2024-12-01,8
P0073,L005,2024-12-01,80
P0074,L005,2024-12-01,108
P0075,L005,2024-12-01,126
P0076,L005,2024-12-01,175
P0077,L005,2024-12-01,128
P0078,L005,2024-12-01,45
P0079,L005,2024-12-01,106
P0080,L005,2024-12-01,63
P0081,L005,2024-12-01,28
P0082,L005,2024-12-01,72
P0083,L005,2024-12-01,0
P0084,L005,2024-12-01,171
P0085,L005,2024-12-01,-9
P0086,L005,2024-12-01,9
P0087,L005,2024-12-01,178
P0088,L005,2024-12-01,162
P0089,L005,2024-12-01,183
P0090,L005,2024-12-01,189
P0091,L005,2024-12-01,188
P0092,L005,2024-12-01,89
P0093,L005,2024-12-01,75
P0094,L005,2024-12-01,99
P0095,L005,2024-12-01,140
P0096,L005,2024-12-01,181
P0097,L005,2024-12-01,94
P0098,L005,2024-12-01,48
P0099,L005,2024-12-01,17
P0100,L005,2024-12-01,118
P0101,L005,2024-12-01,159
P0102,L005,2024-12-01,115
P0103,L005,2024-12-01,3
P0104,L005,2024-12-01,43
P0105,L005,2024-12-01,90
P0106,L005,2024-12-01,116
P0107,L005,2024-12-01,13
P0108,L005,2024-12-01,80
P0109,L005,2024-12-01,159
P0110,L005,2024-12-01,154
P0111,L005,2024-12-01,7
P0112,L005,2024-12-01,31
P0113,L005,2024-12-01,152
P0114,L005,2024-12-01,11
P0115,L005,2024-12-01,37
P0116,L005,2024-12-01,148
P0117,L005,2024-12-01,29
P0118,L005,2024-12-01,56
P0119,L005,2024-12-01,154
P0120,L005,2024-12-01,154
P0121,L005,2024-12-01,58
P0122,L005,2024-12-01,157
P0123,L005,2024-12-01,84
P0124,L005,2024-12-01,193
P0125,L005,2024-12-01,-3
P0126,L005,2024-12-01,5
P0127,L005,2024-12-01,114
P0128,L005,2024-12-01,147
P0129,L005,2024-12-01,156
P0130,L005,2024-12-01,23
P0131,L005,2024-12-01,24
P0132,L005,2024-12-01,17
P0133,L005,2024-12-01,198
P0134,L005,2024-12-01,64
P0135,L005,2024-12-01,39
P0136,L005,2024-12-01,90
P0137,L005,2024-12-01,117
P0138,L005,2024-12-01,74
P0139,L005,2024-12-01,148
P0140,L005,2024-12-01,83
P0141,L005,2024-12-01,83
P0142,L005,2024-12-01,158
P0143,L005,2024-12-01,32
P0144,L005,2024-12-01,15
P0145,L005,2024-12-01,38
P0146,L005,2024-12-01,67
P0147,L005,2024-12-01,66
P0148,L005,2024-12-01,186
P0149,L005,2024-12-01,197
P0150,L005,2024-12-01,98
P0001,L006,2024-12-01,150
P0002,L006,2024-12-01,77
P0003,L006,2024-12-01,35
P0004,L006,2024-12-01,114
P0005,L006,2024-12-01,67
P0006,L006,2024-12-01,193
P0007,L006,2024-12-01,66
P0008,L006,2024-12-01,11
P0009,L006,2024-12-01,143
P0010,L006,2024-12-01,158
P0011,L006,2024-12-01,34
P0012,L006,2024-12-01,9
P0013,L006,2024-12-01,162
P0014,L006,2024-12-01,115
P0015,L006,2024-12-01,47
P0016,L006,2024-12-01,73
P0017,L006,2024-12-01,68
P0018,L006,2024-12-01,27
P0019,L006,2024-12-01,163
P0020,L006,2024-12-01,190
P0021,L006,2024-12-01,16
P0022,L006,2024-12-01,106
P0023,L006,2024-12-01,61
P0024,L006,2024-12-01,118
P0025,L006,2024-12-01,69
P0026,L006,2024-12-01,49
P0027,L006,2024-12-01,145
P0028,L006,2024-12-01,68
P0029,L006,2024-12-01,142
P0030,L006,2024-12-01,194
P0031,L006,2024-12-01,35
P0032,L006,2024-12-01,166
P0033,L006,2024-12-01,112
P0034,L006,2024-12-01,157
P0035,L006,2024-12-01,179
P0036,L006,2024-12-01,90
P0037,L006,2024-12-01,189
P0038,L006,2024-12-01,70
P0039,L006,2024-12-01,48
P0040,L006,2024-12-01,126
P0041,L006,2024-12-01,97
P0042,L006,2024-12-01,187
P0043,L006,2024-12-01,44
P0044,L006,2024-12-01,55
P0045,L006,2024-12-01,8
P0046,L006,2024-12-01,123
P0047,L006,2024-12-01,109
P0048,L006,2024-12-01,198
P0049,L006,2024-12-01,143
P0050,L006,2024-12-01,146
P0051,L006,2024-12-01,154
P0052,L006,2024-12-01,5
P0053,L006,2024-12-01,132
P0054,L006,2024-12-01,82
P0055,L006,2024-12-01,24
P0056,L006,2024-12-01,148
P0057,L006,2024-12-01,29
P0058,L006,2024-12-01,56
P0059,L006,2024-12-01,57
P0060,L006,2024-12-01,87
P0061,L006,2024-12-01,159
P0062,L006,2024-12-01,33
P0063,L006,2024-12-01,25
P0064,L006,2024-12-01,156
P0065,L006,2024-12-01,11
P0066,L006,2024-12-01,33
P0067,L006,2024-12-01,161
P0068,L006,2024-12-01,3
P0069,L006,2024-12-01,28
P0070,L006,2024-12-01,199
P0071,L006,2024-12-01,66
P0072,L006,2024-12-01,105
P0073,L006,2024-12-01,14
P0074,L006,2024-12-01,143
P0075,L006,2024-12-01,189
P0076,L006,2024-12-01,135
P0077,L006,2024-12-01,54
P0078,L006,2024-12-01,16
P0079,L006,2024-12-01,80
P0080,L006,2024-12-01,145
P0081,L006,2024-12-01,82
P0082,L006,2024-12-01,118
P0083,L006,2024-12-01,77
P0084,L006,2024-12-01,80
P0085,L006,2024-12-01,25
P9071,L006,2024-12-01,147
P0087,L006,2024-12-01,155
P0088,L006,2024-12-01,199
P0089,L006,2024-12-01,164
P0090,L006,2024-12-01,50
P0091,L006,2024-12-01,149
P0092,L006,2024-12-01,60
P0093,L006,2024-12-01,13
P0094,L006,2024-12-01,132
P0095,L006,2024-12-01,126
P0096,L006,2024-12-01,138
P0097,L006,2024-12-01,72
P0098,L006,2024-12-01,32
P0099,L006,2024-12-01,1
P0100,L006,2024-12-01,62
P0101,L006,2024-12-01,124
P0102,L006,2024-12-01,28
P0103,L006,2024-12-01,124
P0104,L006,2024-12-01,13
P0105,L006,2024-12-01,70
P0106,L006,2024-12-01,5
P0107,L006,2024-12-01,168
P0108,L006,2024-12-01,52
P0109,L006,2024-12-01,65
P0110,L006,2024-12-01,153
P0111,L006,2024-12-01,177
P0112,L006,2024-12-01,161
P0113,L006,2024-12-01,105
P0114,L006,2024-12-01,144
P0115,L006,2024-12-01,138
P0116,L006,2024-12-01,52
P0117,L006,2024-12-01,174
P0118,L006,2024-12-01,142
P0119,L006,2024-12-01,56
P0120,L006,2024-12-01,137
P0121,L006,2024-12-01,170
P0122,L006,2024-12-01,91
P0123,L006,2024-12-01,159
P0124,L006,2024-12-01,142
P0125,L006,2024-12-01,146
P0126,L006,2024-12-01,163
P0127,L006,2024-12-01,65
P0128,L006,2024-12-01,124
P0129,L006,2024-12-01,115
P0130,L006,2024-12-01,192
P0131,L006,2024-12-01,18
P0132,L006,2024-12-01,170
P0133,L006,2024-12-01,38
P0134,L006,2024-12-01,45
P0135,L006,2024-12-01,166
P0136,L006,2024-12-01,16
P0137,L006,2024-12-01,185
P0138,L006,2024-12-01,155
P0139,L006,2024-12-01,154
P0140,L006,2024-12-01,169
P0141,L006,2024-12-01,189
P0142,L006,2024-12-01,32
P0143,L006,2024-12-01,9
P0144,L006,2024-12-01,103
P0145,L006,2024-12-01,118
P0146,L006,2024-12-01,112
P0147,L006,2024-12-01,184
P0148,L006,2024-12-01,134
P0149,L006,2024-12-01,41
P0150,L006,2024-12-01,82
P0001,L100,2024-12-01,15
P0002,L100,2024-12-01,47
P0003,L100,2024-12-01,125
P0004,L100,2024-12-01,59
P0005,L100,2024-12-01,149
P0006,L100,2024-12-01,30
P0007,L100,2024-12-01,174
P0008,L100,2024-12-01,118
P0009,L100,2024-12-01,150
P0010,L100,2024-12-01,146
P0011,L100,2024-12-01,134
P0012,L100,2024-12-01,15
P0013,L100,2024-12-01,197
P0014,L100,2024-12-01,95
P0015,L100,2024-12-01,116
P0016,L100,2024-12-01,106
P0017,L100,2024-12-01,144
P0018,L100,2024-12-01,123
P0019,L100,2024-12-01,1
P0020,L100,2024-12-01,165
P0021,L100,2024-12-01,49
P0022,L100,2024-12-01,141
P0023,L100,2024-12-01,7
P0024,L100,2024-12-01,54
P0025,L100,2024-12-01,180
P0026,L100,2024-12-01,172
P0027,L100,2024-12-01,111
P0028,L100,2024-12-01,34
P0029,L100,2024-12-01,146
P0030,L100,2024-12-01,173
P0031,L100,2024-12-01,25
P0032,L100,2024-12-01,145
P0033,L100,2024-12-01,21
P0034,L100,2024-12-01,117
P0035,L100,2024-12-01,137
P0036,L100,2024-12-01,136
P0037,L100,2024-12-01,102
P0038,L100,2024-12-01,85
P0039,L100,2024-12-01,173
P0040,L100,2024-12-01,126
P0041,L100,2024-12-01,73
P0042,L100,2024-12-01,1
P0043,L100,2024-12-01,194
P0044,L100,2024-12-01,111
P0045,L100,2024-12-01,81
P0046,L100,2024-12-01,121
P0047,L100,2024-12-01,109
P0048,L100,2024-12-01,158
P0049,L100,2024-12-01,147
P0050,L100,2024-12-01,51
P0051,L100,2024-12-01,109
P0052,L100,2024-12-01,17
P0053,L100,2024-12-01,146
P0054,L100,2024-12-01,194
P0055,L100,2024-12-01,41
P0056,L100,2024-12-01,68
P0057,L100,2024-12-01,135
P0058,L100,2024-12-01,73
P0059,L100,2024-12-01,70
P0060,L100,2024-12-01,29
P0061,L100,2024-12-01,198
P0062,L100,2024-12-01,17
P0063,L100,2024-12-01,56
P0064,L100,2024-12-01,8
P0065,L100,2024-12-01,119
P0066,L100,2024-12-01,51
P0067,L100,2024-12-01,195
P0068,L100,2024-12-01,58
P0069,L100,2024-12-01,82
P0070,L100,2024-12-01,2
P0071,L100,2024-12-01,134
P0072,L100,2024-12-01,49
P0073,L100,2024-12-01,52
P0074,L100,2024-12-01,199
P0075,L100,2024-12-01,118
P0076,L100,2024-12-01,13
P0077,L100,2024-12-01,145
P0078,L100,2024-12-01,26
P0079,L100,2024-12-01,115
P0080,L100,2024-12-01,64
P0081,L100,2024-12-01,168
P0082,L100,2024-12-01,147
P0083,L100,2024-12-01,181
P0084,L100,2024-12-01,16
P0085,L100,2024-12-01,86
P0086,L100,2024-12-01,167
P0087,L100,2024-12-01,190
P0088,L100,2024-12-01,14
P0089,L100,2024-12-01,46
P0090,L100,2024-12-01,66
P0091,L100,2024-12-01,100
P0092,L100,2024-12-01,112
P0093,L100,2024-12-01,73
P0094,L100,2024-12-01,32
P0095,L100,2024-12-01,28
P0096,L100,2024-12-01,185
P0097,L100,2024-12-01,127
P0098,L100,2024-12-01,42
P0099,L100,2024-12-01,118
P0100,L100,2024-12-01,34
P0101,L100,2024-12-01,120
P0102,L100,2024-12-01,140
P0103,L100,2024-12-01,137
P0104,L100,2024-12-01,176
P0105,L100,2024-12-01,120
P0106,L100,2024-12-01,189
P0107,L100,2024-12-01,140
P0108,L100,2024-12-01,23
P0109,L100,2024-12-01,158
P0110,L100,2024-12-01,2
P0111,L100,2024-12-01,189
P0112,L100,2024-12-01,106
P0113,L100,2024-12-01,-8
P0114,L100,2024-12-01,1
P0115,L100,2024-12-01,129
P0116,L100,2024-12-01,113
P0117,L100,2024-12-01,147
P0118,L100,2024-12-01,126
P0119,L100,2024-12-01,20
P0120,L100,2024-12-01,55
P0121,L100,2024-12-01,115
P0122,L100,2024-12-01,52
P0123,L100,2024-12-01,117
P0124,L100,2024-12-01,116
P0125,L100,2024-12-01,31
P0126,L100,2024-12-01,155
P0127,L100,2024-12-01,-1
P0128,L100,2024-12-01,17
P0129,L100,2024-12-01,171
P0130,L100,2024-12-01,12
P0131,L100,2024-12-01,82
P0132,L100,2024-12-01,45
P0133,L100,2024-12-01,142
P0134,L100,2024-12-01,12
P0135,L100,2024-12-01,29
P0136,L100,2024-12-01,14
P0137,L100,2024-12-01,14
P0138,L100,2024-12-01,85
P0139,L100,2024-12-01,73
P0140,L100,2024-12-01,91
P0141,L100,2024-12-01,13
P0142,L100,2024-12-01,27
P0143,L100,2024-12-01,192
P0144,L100,2024-12-01,97
P0145,L100,2024-12-01,4
P0146,L100,2024-12-01,173
P0147,L100,2024-12-01,172
P0148,L100,2024-12-01,129
P0149,L100,2024-12-01,59
P0150,L100,2024-12-01,174
P0001,L001,2025-01-01,104
P0002,L001,2025-01-01,-12
P0003,L001,2025-01-01,30
P0004,L001,2025-01-01,89
P0005,L001,2025-01-01,8
P0006,L001,2025-01-01,42
P0007,L001,2025-01-01,148
P0008,L001,2025-01-01,186
P0009,L001,2025-01-01,56
P0010,L001,2025-01-01,138
P0011,L001,2025-01-01,181
P0012,L001,2025-01-01,118
P0013,L001,2025-01-01,12
P0014,L001,2025-01-01,162
P0015,L001,2025-01-01,12
P0016,L001,2025-01-01,42
P0017,L001,2025-01-01,143
P0018,L001,2025-01-01,191
P0019,L001,2025-01-01,182
P0020,L001,2025-01-01,142
P0021,L001,2025-01-01,46
P0022,L001,2025-01-01,24
P0023,L001,2025-01-01,131
P0024,L001,2025-01-01,196
P0025,L001,2025-01-01,34
P0026,L001,2025-01-01,56
P0027,L001,2025-01-01,87
P0028,L001,2025-01-01,22
P0029,L001,2025-01-01,79
P0030,L001,2025-01-01,4
P0031,L001,2025-01-01,54
P0032,L001,2025-01-01,179
P0033,L001,2025-01-01,154
P0034,L001,2025-01-01,89
P0035,L001,2025-01-01,96
P0036,L001,2025-01-01,99
P0037,L001,2025-01-01,184
P0038,L001,2025-01-01,72
P0039,L001,2025-01-01,189
P0040,L001,2025-01-01,198
P0041,L001,2025-01-01,131
P0042,L001,2025-01-01,176
P0043,L001,2025-01-01,65
P0044,L001,2025-01-01,157
P0045,L001,2025-01-01,49
P0046,L001,2025-01-01,195
P0047,L001,2025-01-01,171
P0048,L001,2025-01-01,134
P0049,L001,2025-01-01,19
P0050,L001,2025-01-01,51
P0051,L001,2025-01-01,184
P0052,L001,2025-01-01,180
P0053,L001,2025-01-01,174
P0054,L001,2025-01-01,111
P0055,L001,2025-01-01,24
P0056,L001,2025-01-01,115
P0057,L001,2025-01-01,72
P0058,L001,2025-01-01,152
P0059,L001,2025-01-01,146
P0060,L001,2025-01-01,21
P0061,L001,2025-01-01,57
P0062,L001,2025-01-01,139
P0063,L001,2025-01-01,94
P0064,L001,2025-01-01,197
P0065,L001,2025-01-01,178
P0066,L001,2025-01-01,127
P0067,L001,2025-01-01,195
P0068,L001,2025-01-01,164
P0069,L001,2025-01-01,194
P0070,L001,2025-01-01,88
P0071,L001,2025-01-01,91
P0072,L001,2025-01-01,50
P0073,L001,2025-01-01,121
P0074,L001,2025-01-01,22
P0075,L001,2025-01-01,103
P0076,L001,2025-01-01,79
P0077,L001,2025-01-01,36
P0078,L001,2025-01-01,106
P0079,L001,2025-01-01,91
P0080,L001,2025-01-01,126
P0081,L001,2025-01-01,50
P0082,L001,2025-01-01,112
P0083,L001,2025-01-01,0
P0084,L001,2025-01-01,50
P0085,L001,2025-01-01,12
P0086,L001,2025-01-01,-2
P0087,L001,2025-01-01,15
P0088,L001,2025-01-01,23
P0089,L001,2025-01-01,91
P0090,L001,2025-01-01,153
P0091,L001,2025-01-01,77
P0092,L001,2025-01-01,134
P0093,L001,2025-01-01,197
P0094,L001,2025-01-01,188
P0095,L001,2025-01-01,61
P0096,L001,2025-01-01,34
P0097,L001,2025-01-01,38
P0098,L001,2025-01-01,109
P0099,L001,2025-01-01,129
P0100,L001,2025-01-01,170
P0101,L001,2025-01-01,73
P0102,L001,2025-01-01,35
P0103,L001,2025-01-01,98
P0104,L001,2025-01-01,154
P0105,L001,2025-01-01,7
P0106,L001,2025-01-01,89
P0107,L001,2025-01-01,194
P0108,L001,2025-01-01,76
P0109,L001,2025-01-01,176
P0110,L001,2025-01-01,150
P0111,L001,2025-01-01,170
P0112,L001,2025-01-01,152
P0113,L001,2025-01-01,67
P0114,L001,2025-01-01,183
P0115,L001,2025-01-01,84
P0116,L001,2025-01-01,133
P0117,L001,2025-01-01,28
P0118,L001,2025-01-01,165
P0119,L001,2025-01-01,1
P0120,L001,2025-01-01,58
P0121,L001,2025-01-01,160
P0122,L001,2025-01-01,178
P0123,L001,2025-01-01,140
P0124,L001,2025-01-01,12
P0125,L001,2025-01-01,109
P0126,L001,2025-01-01,101
P0127,L001,2025-01-01,86
P0128,L001,2025-01-01,106
P0129,L001,2025-01-01,161
P0130,L001,2025-01-01,121
P0131,L001,2025-01-01,110
P0132,L001,2025-01-01,129
P0133,L001,2025-01-01,49
P0134,L001,2025-01-01,35
P0135,L001,2025-01-01,71
P0136,L001,2025-01-01,58
P0137,L001,2025-01-01,37
P0138,L001,2025-01-01,56
P0139,L001,2025-01-01,52
P0140,L001,2025-01-01,44
P0141,L001,2025-01-01,142
P0142,L001,2025-01-01,4
P0143,L001,2025-01-01,108
P0144,L001,2025-01-01,12
P0145,L001,2025-01-01,164
P0146,L001,2025-01-01,43
P0147,L001,2025-01-01,32
P0148,L001,2025-01-01,79
P0149,L001,2025-01-01,168
P0150,L001,2025-01-01,5
P0001,L002,2025-01-01,-4
P0002,L002,2025-01-01,194
P0003,L002,2025-01-01,196
P0004,L002,2025-01-01,60
P0005,L002,2025-01-01,18
P0006,L002,2025-01-01,193
P0007,L002,2025-01-01,160
P0008,L002,2025-01-01,37
P0009,L002,2025-01-01,145
P0010,L002,2025-01-01,6
P0011,L002,2025-01-01,117
P0012,L002,2025-01-01,67
P0013,L002,2025-01-01,36
P0014,L002,2025-01-01,148
P0015,L002,2025-01-01,31
P0016,L002,2025-01-01,165
P0017,L002,2025-01-01,49
P0018,L002,2025-01-01,66
P0019,L002,2025-01-01,172
P0020,L002,2025-01-01,99
P0021,L002,2025-01-01,166
P0022,L002,2025-01-01,27
P0023,L002,2025-01-01,45
P0024,L002,2025-01-01,63
P0025,L002,2025-01-01,98
P0026,L002,2025-01-01,97
P0027,L002,2025-01-01,135
P0028,L002,2025-01-01,43
P0029,L002,2025-01-01,114
P0030,L002,2025-01-01,117
P0031,L002,2025-01-01,72
P0032,L002,2025-01-01,24
P0033,L002,2025-01-01,189
P0034,L002,2025-01-01,94
P0035,L002,2025-01-01,157
P0036,L002,2025-01-01,84
P0037,L002,2025-01-01,13
P0038,L002,2025-01-01,124
P0039,L002,2025-01-01,88
P0040,L002,2025-01-01,143
P0041,L002,2025-01-01,1
P0042,L002,2025-01-01,27
P0043,L002,2025-01-01,92
P0044,L002,2025-01-01,61
P0045,L002,2025-01-01,108
P0046,L002,2025-01-01,48
P0047,L002,2025-01-01,134
P0048,L002,2025-01-01,12
P0049,L002,2025-01-01,92
P0050,L002,2025-01-01,90
P0051,L002,2025-01-01,171
P0052,L002,2025-01-01,141
P0053,L002,2025-01-01,66
P0054,L002,2025-01-01,111
P0055,L002,2025-01-01,3
P0056,L002,2025-01-01,146
P0057,L002,2025-01-01,45
P0058,L002,2025-01-01,177
P0059,L002,2025-01-01,113
P0060,L002,2025-01-01,145
P0061,L002,2025-01-01,84
P0062,L002,2025-01-01,142
P0063,L002,2025-01-01,164
P0064,L002,2025-01-01,192
P0065,L002,2025-01-01,166
P0066,L002,2025-01-01,19
P0067,L002,2025-01-01,61
P0068,L002,2025-01-01,64
P0069,L002,2025-01-01,8
P0070,L002,2025-01-01,34
P0071,L002,2025-01-01,128
P0072,L002,2025-01-01,22
P0073,L002,2025-01-01,126
P0074,L002,2025-01-01,67
P0075,L002,2025-01-01,97
P0076,L002,2025-01-01,61
P0077,L002,2025-01-01,175
P0078,L002,2025-01-01,164
P0079,L002,2025-01-01,39
P0080,L002,2025-01-01,106
P0081,L002,2025-01-01,9
P0082,L002,2025-01-01,118
P0083,L002,2025-01-01,189
P0084,L002,2025-01-01,123
P0085,L002,2025-01-01,197
P0086,L002,2025-01-01,120
P0087,L002,2025-01-01,15
P0088,L002,2025-01-01,107
P0089,L002,2025-01-01,78
P0090,L002,2025-01-01,46
P0091,L002,2025-01-01,23
P0092,L002,2025-01-01,10
P0093,L002,2025-01-01,106
P0094,L002,2025-01-01,88
P0095,L002,2025-01-01,64
P0096,L002,2025-01-01,16
P0097,L002,2025-01-01,8
P0098,L002,2025-01-01,114
P0099,L002,2025-01-01,83
P0100,L002,2025-01-01,1
P0101,L002,2025-01-01,52
P0102,L002,2025-01-01,15
P0103,L002,2025-01-01,119
P0104,L002,2025-01-01,3
P0105,L002,2025-01-01,113
P0106,L002,2025-01-01,170
P0107,L002,2025-01-01,96
P0108,L002,2025-01-01,72
P0109,L002,2025-01-01,40
P0110,L002,2025-01-01,169
P0111,L002,2025-01-01,189
P0112,L002,2025-01-01,3
P0113,L002,2025-01-01,30
P0114,L002,2025-01-01,4
P0115,L002,2025-01-01,99
P0116,L002,2025-01-01,110
P0117,L002,2025-01-01,84
P0118,L002,2025-01-01,146
P0119,L002,2025-01-01,194
P0120,L002,2025-01-01,89
P0121,L002,2025-01-01,54
P0122,L002,2025-01-01,119
P0123,L002,2025-01-01,89
P0124,L002,2025-01-01,82
P0125,L002,2025-01-01,159
P0126,L002,2025-01-01,57
P0127,L002,2025-01-01,103
P0128,L002,2025-01-01,165
P0129,L002,2025-01-01,86
P0130,L002,2025-01-01,86
P0131,L002,2025-01-01,56
P0132,L002,2025-01-01,113
P0133,L002,2025-01-01,101
P0134,L002,2025-01-01,72
P0135,L002,2025-01-01,121
P0136,L002,2025-01-01,163
P0137,L002,2025-01-01,198
P0138,L002,2025-01-01,150
P0139,L002,2025-01-01,168
P0140,L002,2025-01-01,193
P0141,L002,2025-01-01,45
P0142,L002,2025-01-01,49
P0143,L002,2025-01-01,154
P0144,L002,2025-01-01,112
P0145,L002,2025-01-01,145
P0146,L002,2025-01-01,38
P0147,L002,2025-01-01,73
P0148,L002,2025-01-01,19
P0149,L002,2025-01-01,31
P0150,L002,2025-01-01,2
P0001,L003,2025-01-01,56
P0002,L003,2025-01-01,12
P0003,L003,2025-01-01,135
P0004,L003,2025-01-01,124
P0005,L003,2025-01-01,124
P0006,L003,2025-01-01,171
P0007,L003,2025-01-01,112
P0008,L003,2025-01-01,12
P0009,L003,2025-01-01,198
P0010,L003,2025-01-01,177
P0011,L003,2025-01-01,1
P0012,L003,2025-01-01,23
P0013,L003,2025-01-01,188
P0014,L003,2025-01-01,183
P0015,L003,2025-01-01,19
P0016,L003,2025-01-01,123
P0017,L003,2025-01-01,45
P0018,L003,2025-01-01,36
P0019,L003,2025-01-01,112
P0020,L003,2025-01-01,91
P0021,L003,2025-01-01,15
P0022,L003,2025-01-01,146
P0023,L003,2025-01-01,3
P0024,L003,2025-01-01,9
P0025,L003,2025-01-01,155
P0026,L003,2025-01-01,72
P0027,L003,2025-01-01,193
P0028,L003,2025-01-01,186
P0029,L003,2025-01-01,0
P0030,L003,2025-01-01,125
P0031,L003,2025-01-01,13
P0032,L003,2025-01-01,127
P0033,L003,2025-01-01,81
P0034,L003,2025-01-01,3
P0035,L003,2025-01-01,54
P0036,L003,2025-01-01,5
P0037,L003,2025-01-01,80
P0038,L003,2025-01-01,172
P0039,L003,2025-01-01,159
P0040,L003,2025-01-01,102
P0041,L003,2025-01-01,-4
P0042,L003,2025-01-01,148
P0043,L003,2025-01-01,124
P0044,L003,2025-01-01,109
P0045,L003,2025-01-01,24
P0046,L003,2025-01-01,38
P0047,L003,2025-01-01,77
P0048,L003,2025-01-01,43
P0049,L003,2025-01-01,190
P0050,L003,2025-01-01,174
P0051,L003,2025-01-01,57
P0052,L003,2025-01-01,51
P0053,L003,2025-01-01,65
P0054,L003,2025-01-01,68
P0055,L003,2025-01-01,26
P0056,L003,2025-01-01,133
P0057,L003,2025-01-01,84
P0058,L003,2025-01-01,178
P0059,L003,2025-01-01,32
P0060,L003,2025-01-01,34
P0061,L003,2025-01-01,99
P0062,L003,2025-01-01,5
P0063,L003,2025-01-01,27
P0064,L003,2025-01-01,117
P0065,L003,2025-01-01,59
P0066,L003,2025-01-01,-13
P0067,L003,2025-01-01,49
P0068,L003,2025-01-01,79
P0069,L003,2025-01-01,187
P0070,L003,2025-01-01,115
P0071,L003,2025-01-01,1
P0072,L003,2025-01-01,13
P0073,L003,2025-01-01,-16
P0074,L003,2025-01-01,101
P0075,L003,2025-01-01,77
P0076,L003,2025-01-01,10
P0077,L003,2025-01-01,12
P0078,L003,2025-01-01,19
P0079,L003,2025-01-01,158
P0080,L003,2025-01-01,109
P0081,L003,2025-01-01,10
P0082,L003,2025-01-01,121
P0083,L003,2025-01-01,12
P0084,L003,2025-01-01,110
P0085,L003,2025-01-01,8
P0086,L003,2025-01-01,194
P0087,L003,2025-01-01,106
P0088,L003,2025-01-01,10
P0089,L003,2025-01-01,169
P0090,L003,2025-01-01,102
P0091,L003,2025-01-01,75
P0092,L003,2025-01-01,155
P0093,L003,2025-01-01,169
P0094,L003,2025-01-01,195
P0095,L003,2025-01-01,21
P0096,L003,2025-01-01,48
P0097,L003,2025-01-01,20
P0098,L003,2025-01-01,106
P0099,L003,2025-01-01,59
P0100,L003,2025-01-01,138
P0101,L003,2025-01-01,58
P0102,L003,2025-01-01,123
P0103,L003,2025-01-01,144
P0104,L003,2025-01-01,169
P0105,L003,2025-01-01,153
P0106,L003,2025-01-01,17
P0107,L003,2025-01-01,65
P0108,L003,2025-01-01,137
P0109,L003,2025-01-01,91
P0110,L003,2025-01-01,46
P0111,L003,2025-01-01,167
P0112,L003,2025-01-01,85
P0113,L003,2025-01-01,136
P0114,L003,2025-01-01,159
P0115,L003,2025-01-01,99
P0116,L003,2025-01-01,101
P0117,L003,2025-01-01,197
P0118,L003,2025-01-01,186
P0119,L003,2025-01-01,111
P0120,L003,2025-01-01,178
P0121,L003,2025-01-01,137
P0122,L003,2025-01-01,99
P0123,L003,2025-01-01,34
P0124,L003,2025-01-01,175
P0125,L003,2025-01-01,57
P0126,L003,2025-01-01,89
P0127,L003,2025-01-01,-14
P0128,L003,2025-01-01,47
P0129,L003,2025-01-01,136
P0130,L003,2025-01-01,156
P0131,L003,2025-01-01,13
P0132,L003,2025-01-01,103
P0133,L003,2025-01-01,167
P0134,L003,2025-01-01,47
P0135,L003,2025-01-01,-3
P0136,L003,2025-01-01,24
P0137,L003,2025-01-01,75
P0138,L003,2025-01-01,121
P0139,L003,2025-01-01,122
P0140,L003,2025-01-01,145
P0141,L003,2025-01-01,52
P0142,L003,2025-01-01,4
P0143,L003,2025-01-01,67
P0144,L003,2025-01-01,64
P0145,L003,2025-01-01,76
P0146,L003,2025-01-01,0
P0147,L003,2025-01-01,146
P0148,L003,2025-01-01,171
P0149,L003,2025-01-01,58
P0150,L003,2025-01-01,173
P0001,L004,2025-01-01,32
P0002,L004,2025-01-01,157
P0003,L004,2025-01-01,50
P0004,L004,2025-01-01,100
P0005,L004,2025-01-01,160
P0006,L004,2025-01-01,181
P0007,L004,2025-01-01,73
P0008,L004,2025-01-01,168
P0009,L004,2025-01-01,142
P0010,L004,2025-01-01,0
P0011,L004,2025-01-01,94
P0012,L004,2025-01-01,158
P0013,L004,2025-01-01,55
P0014,L004,2025-01-01,138
P0015,L004,2025-01-01,187
P0016,L004,2025-01-01,70
P0017,L004,2025-01-01,48
P0018,L004,2025-01-01,128
P0019,L004,2025-01-01,175
P0020,L004,2025-01-01,97
P0021,L004,2025-01-01,193
P0022,L004,2025-01-01,154
P0023,L004,2025-01-01,153
P0024,L004,2025-01-01,190
P0025,L004,2025-01-01,104
P0026,L004,2025-01-01,48
P0027,L004,2025-01-01,128
P0028,L004,2025-01-01,121
P0029,L004,2025-01-01,66
P0030,L004,2025-01-01,13
P0031,L004,2025-01-01,145
P0032,L004,2025-01-01,166
P0033,L004,2025-01-01,7
P0034,L004,2025-01-01,122
P0035,L004,2025-01-01,106
P0036,L004,2025-01-01,12
P0037,L004,2025-01-01,142
P0038,L004,2025-01-01,170
P0039,L004,2025-01-01,61
P0040,L004,2025-01-01,109
P0041,L004,2025-01-01,181
P0042,L004,2025-01-01,46
P0043,L004,2025-01-01,85
P0044,L004,2025-01-01,76
P0045,L004,2025-01-01,120
P0046,L004,2025-01-01,104
P0047,L004,2025-01-01,0
P0048,L004,2025-01-01,96
P0049,L004,2025-01-01,124
P0050,L004,2025-01-01,184
P0051,L004,2025-01-01,110
P0052,L004,2025-01-01,141
P0053,L004,2025-01-01,166
P0054,L004,2025-01-01,44
P0055,L004,2025-01-01,131
P0056,L004,2025-01-01,191
P0057,L004,2025-01-01,182
P0058,L004,2025-01-01,96
P0059,L004,2025-01-01,130
P0060,L004,2025-01-01,75
P0061,L004,2025-01-01,75
P0062,L004,2025-01-01,38
P0063,L004,2025-01-01,132
P0064,L004,2025-01-01,86
P0065,L004,2025-01-01,136
P0066,L004,2025-01-01,57
P0067,L004,2025-01-01,162
P0068,L004,2025-01-01,172
P9069,L004,2025-01-01,71
P0070,L004,2025-01-01,161
P0071,L004,2025-01-01,62
P0072,L004,2025-01-01,108
P0073,L004,2025-01-01,123
P0074,L004,2025-01-01,55
P0075,L004,2025-01-01,35
P0076,L004,2025-01-01,60
P0077,L004,2025-01-01,166
P0078,L004,2025-01-01,189
P0079,L004,2025-01-01,81
P0080,L004,2025-01-01,40
P0081,L004,2025-01-01,32
P0082,L004,2025-01-01,133
P0083,L004,2025-01-01,29
P0084,L004,2025-01-01,199
P0085,L004,2025-01-01,104
P0086,L004,2025-01-01,28
P0087,L004,2025-01-01,111
P0088,L004,2025-01-01,90
P0089,L004,2025-01-01,49
P0090,L004,2025-01-01,150
P0091,L004,2025-01-01,182
P0092,L004,2025-01-01,149
P0093,L004,2025-01-01,66
P0094,L004,2025-01-01,83
P0095,L004,2025-01-01,139
P0096,L004,2025-01-01,43
P0097,L004,2025-01-01,90
P0098,L004,2025-01-01,62
P0099,L004,2025-01-01,120
P0100,L004,2025-01-01,183
P0101,L004,2025-01-01,63
P0102,L004,2025-01-01,45
P0103,L004,2025-01-01,101
P0104,L004,2025-01-01,191
P0105,L004,2025-01-01,57
P0106,L004,2025-01-01,2
P0107,L004,2025-01-01,117
P0108,L004,2025-01-01,11
P0109,L004,2025-01-01,137
P0110,L004,2025-01-01,100
P0111,L004,2025-01-01,159
P0112,L004,2025-01-01,160
P0113,L004,2025-01-01,69
P0114,L004,2025-01-01,99
P0115,L004,2025-01-01,183
P0116,L004,2025-01-01,184
P0117,L004,2025-01-01,124
P0118,L004,2025-01-01,84
P0119,L004,2025-01-01,117
P0120,L004,2025-01-01,84
P0121,L004,2025-01-01,101
P0122,L004,2025-01-01,56
P0123,L004,2025-01-01,184
P0124,L004,2025-01-01,114
P0125,L004,2025-01-01,92
P0126,L004,2025-01-01,58
P0127,L004,2025-01-01,170
P0128,L004,2025-01-01,126
P0129,L004,2025-01-01,25
P0130,L004,2025-01-01,4
P0131,L004,2025-01-01,88
P0132,L004,2025-01-01,192
P0133,L004,2025-01-01,18
P0134,L004,2025-01-01,136
P0135,L004,2025-01-01,167
P0136,L004,2025-01-01,57
P0137,L004,2025-01-01,67
P0138,L004,2025-01-01,137
P0139,L004,2025-01-01,54
P0140,L004,2025-01-01,87
P0141,L004,2025-01-01,2
P0142,L004,2025-01-01,20
P0143,L004,2025-01-01,26
P0144,L004,2025-01-01,122
P0145,L004,2025-01-01,30
P0146,L004,2025-01-01,2
P0147,L004,2025-01-01,104
P0148,L004,2025-01-01,3
P0149,L004,2025-01-01,3
P0150,L004,2025-01-01,45
P0001,L005,2025-01-01,62
P0002,L005,2025-01-01,141
P0003,L005,2025-01-01,5
P0004,L005,2025-01-01,169
P0005,L005,2025-01-01,175
P0006,L005,2025-01-01,98
P0007,L005,2025-01-01,48
P0008,L005,2025-01-01,101
P0009,L005,2025-01-01,85
P0010,L005,2025-01-01,105
P0011,L005,2025-01-01,71
P0012,L005,2025-01-01,37
P0013,L005,2025-01-01,195
P0014,L005,2025-01-01,154
P0015,L005,2025-01-01,174
P0016,L005,2025-01-01,118
P0017,L005,2025-01-01,64
P0018,L005,2025-01-01,28
P0019,L005,2025-01-01,27
P0020,L005,2025-01-01,36
P0021,L005,2025-01-01,79
P0022,L005,2025-01-01,79
P0023,L005,2025-01-01,187
P0024,L005,2025-01-01,19
P0025,L005,2025-01-01,19
P0026,L005,2025-01-01,3
P0027,L005,2025-01-01,136
P0028,L005,2025-01-01,184
P0029,L005,2025-01-01,191
P0030,L005,2025-01-01,17
P0031,L005,2025-01-01,157
P0032,L005,2025-01-01,147
P0033,L005,2025-01-01,155
P0034,L005,2025-01-01,156
P0035,L005,2025-01-01,133
P0036,L005,2025-01-01,89
P0037,L005,2025-01-01,80
P0038,L005,2025-01-01,150
P0039,L005,2025-01-01,71
P0040,L005,2025-01-01,22
P0041,L005,2025-01-01,24
P0042,L005,2025-01-01,42
P0043,L005,2025-01-01,169
P0044,L005,2025-01-01,129
P0045,L005,2025-01-01,55
P0046,L005,2025-01-01,81
P0047,L005,2025-01-01,8
P0048,L005,2025-01-01,102
P0049,L005,2025-01-01,62
P0050,L005,2025-01-01,31
P0051,L005,2025-01-01,141
P0052,L005,2025-01-01,151
P0053,L005,2025-01-01,2
P0054,L005,2025-01-01,18
P0055,L005,2025-01-01,36
P0056,L005,2025-01-01,14
P0057,L005,2025-01-01,77
P0058,L005,2025-01-01,106
P0059,L005,2025-01-01,86
P0060,L005,2025-01-01,155
P0061,L005,2025-01-01,145
P0062,L005,2025-01-01,188
P0063,L005,2025-01-01,144
P0064,L005,2025-01-01,127
P0065,L005,2025-01-01,83
P0066,L005,2025-01-01,117
P0067,L005,2025-01-01,176
P0068,L005,2025-01-01,86
P0069,L005,2025-01-01,85
P0070,L005,2025-01-01,171
P0071,L005,2025-01-01,23
P0072,L005,2025-01-01,191
P0073,L005,2025-01-01,194
P0074,L005,2025-01-01,33
P0075,L005,2025-01-01,124
P0076,L005,2025-01-01,98
P0077,L005,2025-01-01,139
P0078,L005,2025-01-01,13
P0079,L005,2025-01-01,146
P0080,L005,2025-01-01,62
P0081,L005,2025-01-01,94
P0082,L005,2025-01-01,50
P0083,L005,2025-01-01,122
P0084,L005,2025-01-01,185
P0085,L005,2025-01-01,184
P0086,L005,2025-01-01,109
P0087,L005,2025-01-01,185
P0088,L005,2025-01-01,80
P0089,L005,2025-01-01,111
P0090,L005,2025-01-01,173
P0091,L005,2025-01-01,157
P0092,L005,2025-01-01,86
P0093,L005,2025-01-01,3
P0094,L005,2025-01-01,45
P0095,L005,2025-01-01,82
P0096,L005,2025-01-01,82
P0097,L005,2025-01-01,62
P0098,L005,2025-01-01,123
P0099,L005,2025-01-01,56
P0100,L005,2025-01-01,153
P0101,L005,2025-01-01,189
P0102,L005,2025-01-01,123
P0103,L005,2025-01-01,146
P0104,L005,2025-01-01,68
P0105,L005,2025-01-01,63
P0106,L005,2025-01-01,110
P0107,L005,2025-01-01,97
P0108,L005,2025-01-01,80
P0109,L005,2025-01-01,64
P0110,L005,2025-01-01,129
P0111,L005,2025-01-01,121
P0112,L005,2025-01-01,45
P0113,L005,2025-01-01,107
P0114,L005,2025-01-01,99
P0115,L005,2025-01-01,198
P0116,L005,2025-01-01,14
P0117,L005,2025-01-01,46
P0118,L005,2025-01-01,172
P0119,L005,2025-01-01,34
P0120,L005,2025-01-01,70
P0121,L005,2025-01-01,36
P0122,L005,2025-01-01,190
P0123,L005,2025-01-01,22
P0124,L005,2025-01-01,51
P0125,L005,2025-01-01,70
P0126,L005,2025-01-01,143
P0127,L005,2025-01-01,13
P0128,L005,2025-01-01,194
P0129,L005,2025-01-01,131
P0130,L005,2025-01-01,91
P0131,L005,2025-01-01,184
P0132,L005,2025-01-01,82
P0133,L005,2025-01-01,171
P0134,L005,2025-01-01,-18
P0135,L005,2025-01-01,91
P0136,L005,2025-01-01,54
P0137,L005,2025-01-01,177
P0138,L005,2025-01-01,138
P0139,L005,2025-01-01,82
P0140,L005,2025-01-01,2
P0141,L005,2025-01-01,55
P0142,L005,2025-01-01,41
P0143,L005,2025-01-01,72
P0144,L005,2025-01-01,138
P0145,L005,2025-01-01,93
P0146,L005,2025-01-01,84
P0147,L005,2025-01-01,12
P0148,L005,2025-01-01,4
P0149,L005,2025-01-01,196
P0150,L005,2025-01-01,185
P0001,L006,2025-01-01,45
P0002,L006,2025-01-01,46
P0003,L006,2025-01-01,191
P0004,L006,2025-01-01,199
P0005,L006,2025-01-01,63
P0006,L006,2025-01-01,42
P0007,L006,2025-01-01,174
P0008,L006,2025-01-01,-15
P0009,L006,2025-01-01,182
P0010,L006,2025-01-01,73
P0011,L006,2025-01-01,186
P0012,L006,2025-01-01,74
P0013,L006,2025-01-01,12
P0014,L006,2025-01-01,39
P0015,L006,2025-01-01,122
P0016,L006,2025-01-01,170
P0017,L006,2025-01-01,23
P0018,L006,2025-01-01,164
P0019,L006,2025-01-01,178
P0020,L006,2025-01-01,137
P0021,L006,2025-01-01,156
P0022,L006,2025-01-01,190
P0023,L006,2025-01-01,120
P0024,L006,2025-01-01,123
P0025,L006,2025-01-01,163
P0026,L006,2025-01-01,10
P0027,L006,2025-01-01,82
P0028,L006,2025-01-01,175
P0029,L006,2025-01-01,71
P0030,L006,2025-01-01,134
P0031,L006,2025-01-01,173
P0032,L006,2025-01-01,107
P0033,L006,2025-01-01,179
P0034,L006,2025-01-01,173
P0035,L006,2025-01-01,189
P0036,L006,2025-01-01,195
P0037,L006,2025-01-01,189
P0038,L006,2025-01-01,159
P0039,L006,2025-01-01,39
P0040,L006,2025-01-01,106
P0041,L006,2025-01-01,121
P0042,L006,2025-01-01,137
P0043,L006,2025-01-01,95
P0044,L006,2025-01-01,153
P0045,L006,2025-01-01,198
P0046,L006,2025-01-01,22
P0047,L006,2025-01-01,127
P0048,L006,2025-01-01,168
P0049,L006,2025-01-01,154
P0050,L006,2025-01-01,161
P0051,L006,2025-01-01,154
P0052,L006,2025-01-01,65
P0053,L006,2025-01-01,24
P0054,L006,2025-01-01,136
P0055,L006,2025-01-01,43
P0056,L006,2025-01-01,147
P0057,L006,2025-01-01,0
P0058,L006,2025-01-01,50
P0059,L006,2025-01-01,116
P0060,L006,2025-01-01,10
P0061,L006,2025-01-01,29
P0062,L006,2025-01-01,8
P0063,L006,2025-01-01,5
P0064,L006,2025-01-01,7
P0065,L006,2025-01-01,32
P0066,L006,2025-01-01,110
P0067,L006,2025-01-01,45
P0068,L006,2025-01-01,178
P0069,L006,2025-01-01,0
P0070,L006,2025-01-01,73
P0071,L006,2025-01-01,155
P0072,L006,2025-01-01,136
P0073,L006,2025-01-01,138
P0074,L006,2025-01-01,133
P0075,L006,2025-01-01,47
P0076,L006,2025-01-01,188
P0077,L006,2025-01-01,114
P0078,L006,2025-01-01,195
P0079,L006,2025-01-01,9
P0080,L006,2025-01-01,97
P0081,L006,2025-01-01,197
P0082,L006,2025-01-01,152
P0083,L006,2025-01-01,34
P0084,L006,2025-01-01,30
P0085,L006,2025-01-01,16
P0086,L006,2025-01-01,47
P0087,L006,2025-01-01,91
P0088,L006,2025-01-01,139
P0089,L006,2025-01-01,140
P0090,L006,2025-01-01,132
P0091,L006,2025-01-01,63
P0092,L006,2025-01-01,61
P0093,L006,2025-01-01,89
P0094,L006,2025-01-01,9
P0095,L006,2025-01-01,66
P0096,L006,2025-01-01,65
P0097,L006,2025-01-01,61
P0098,L006,2025-01-01,58
P0099,L006,2025-01-01,36
P0100,L006,2025-01-01,20
P0101,L006,2025-01-01,188
P0102,L006,2025-01-01,193
P0103,L006,2025-01-01,152
P0104,L006,2025-01-01,186
P0105,L006,2025-01-01,160
P0106,L006,2025-01-01,192
P0107,L006,2025-01-01,23
P0108,L006,2025-01-01,96
P0109,L006,2025-01-01,32
P0110,L006,2025-01-01,173
P0111,L006,2025-01-01,112
P0112,L006,2025-01-01,9
P0113,L006,2025-01-01,115
P0114,L006,2025-01-01,177
P0115,L006,2025-01-01,13
P0116,L006,2025-01-01,81
P0117,L006,2025-01-01,33
P0118,L006,2025-01-01,180
P0119,L006,2025-01-01,143
P0120,L006,2025-01-01,125
P0121,L006,2025-01-01,95
P0122,L006,2025-01-01,82
P0123,L006,2025-01-01,51
P0124,L006,2025-01-01,154
P0125,L006,2025-01-01,160
P0126,L006,2025-01-01,171
P0127,L006,2025-01-01,69
P0128,L006,2025-01-01,127
P0129,L006,2025-01-01,149
P0130,L006,2025-01-01,103
P0131,L006,2025-01-01,82
P0132,L006,2025-01-01,198
P0133,L006,2025-01-01,96
P0134,L006,2025-01-01,171
P0135,L006,2025-01-01,163
P0136,L006,2025-01-01,52
P0137,L006,2025-01-01,154
P0138,L006,2025-01-01,68
P0139,L006,2025-01-01,125
P0140,L006,2025-01-01,133
P0141,L006,2025-01-01,147
P0142,L006,2025-01-01,21
P0143,L006,2025-01-01,154
P0144,L006,2025-01-01,187
P0145,L006,2025-01-01,113
P0146,L006,2025-01-01,91
P0147,L006,2025-01-01,78
P0148,L006,2025-01-01,197
P0149,L006,2025-01-01,14
P0150,L006,2025-01-01,178
P0001,L100,2025-01-01,153
P0002,L100,2025-01-01,122
P0003,L100,2025-01-01,178
P0004,L100,2025-01-01,-12
P0005,L100,2025-01-01,150
P0006,L100,2025-01-01,114
P0007,L100,2025-01-01,134
P0008,L100,2025-01-01,150
P0009,L100,2025-01-01,15
P0010,L100,2025-01-01,52
P0011,L100,2025-01-01,8
P0012,L100,2025-01-01,137
P0013,L100,2025-01-01,54
P0014,L100,2025-01-01,90
P0015,L100,2025-01-01,77
P0016,L100,2025-01-01,101
P0017,L100,2025-01-01,30
P0018,L100,2025-01-01,24
P0019,L100,2025-01-01,8
P0020,L100,2025-01-01,26
P0021,L100,2025-01-01,13
P0022,L100,2025-01-01,63
P0023,L100,2025-01-01,99
P0024,L100,2025-01-01,76
P0025,L100,2025-01-01,53
P0026,L100,2025-01-01,199
P0027,L100,2025-01-01,110
P0028,L100,2025-01-01,144
P0029,L100,2025-01-01,23
P0030,L100,2025-01-01,91
P0031,L100,2025-01-01,17
P0032,L100,2025-01-01,19
P0033,L100,2025-01-01,69
P0034,L100,2025-01-01,14
P0035,L100,2025-01-01,188
P0036,L100,2025-01-01,5
P0037,L100,2025-01-01,64
P0038,L100,2025-01-01,115
P0039,L100,2025-01-01,174
P0040,L100,2025-01-01,84
P0041,L100,2025-01-01,84
P0042,L100,2025-01-01,142
P0043,L100,2025-01-01,162
P0044,L100,2025-01-01,15
P0045,L100,2025-01-01,44
P0046,L100,2025-01-01,17
P0047,L100,2025-01-01,117
P0048,L100,2025-01-01,67
P0049,L100,2025-01-01,133
P0050,L100,2025-01-01,176
P0051,L100,2025-01-01,94
P0052,L100,2025-01-01,163
P0053,L100,2025-01-01,148
P0054,L100,2025-01-01,107
P0055,L100,2025-01-01,83
P0056,L100,2025-01-01,112
P0057,L100,2025-01-01,193
P0058,L100,2025-01-01,74
P0059,L100,2025-01-01,168
P0060,L100,2025-01-01,143
P0061,L100,2025-01-01,198
P0062,L100,2025-01-01,85
P0063,L100,2025-01-01,55
P0064,L100,2025-01-01,14
P0065,L100,2025-01-01,63
P0066,L100,2025-01-01,95
P0067,L100,2025-01-01,156
P0068,L100,2025-01-01,107
P0069,L100,2025-01-01,13
P0070,L100,2025-01-01,90
P0071,L100,2025-01-01,139
P0072,L100,2025-01-01,50
P0073,L100,2025-01-01,143
P0074,L100,2025-01-01,104
P0075,L100,2025-01-01,138
P0076,L100,2025-01-01,164
P0077,L100,2025-01-01,122
P0078,L100,2025-01-01,6
P0079,L100,2025-01-01,0
P0080,L100,2025-01-01,168
P0081,L100,2025-01-01,134
P0082,L100,2025-01-01,191
P9066,L100,2025-01-01,49
P0084,L100,2025-01-01,105
P0085,L100,2025-01-01,37
P0086,L100,2025-01-01,68
P0087,L100,2025-01-01,172
P0088,L100,2025-01-01,65
P0089,L100,2025-01-01,51
P0090,L100,2025-01-01,105
P0091,L100,2025-01-01,42
P0092,L100,2025-01-01,36
P0093,L100,2025-01-01,149
P0094,L100,2025-01-01,31
P0095,L100,2025-01-01,50
P0096,L100,2025-01-01,167
P0097,L100,2025-01-01,192
P0098,L100,2025-01-01,111
P0099,L100,2025-01-01,22
P0100,L100,2025-01-01,66
P0101,L100,2025-01-01,139
P0102,L100,2025-01-01,51
P0103,L100,2025-01-01,68
P0104,L100,2025-01-01,106
P0105,L100,2025-01-01,17
P0106,L100,2025-01-01,149
P0107,L100,2025-01-01,190
P0108,L100,2025-01-01,129
P0109,L100,2025-01-01,176
P0110,L100,2025-01-01,19
P0111,L100,2025-01-01,28
P0112,L100,2025-01-01,49
P0113,L100,2025-01-01,62
P0114,L100,2025-01-01,10
P0115,L100,2025-01-01,166
P0116,L100,2025-01-01,189
P0117,L100,2025-01-01,191
P0118,L100,2025-01-01,57
P0119,L100,2025-01-01,4
P0120,L100,2025-01-01,69
P0121,L100,2025-01-01,34
P0122,L100,2025-01-01,151
P0123,L100,2025-01-01,57
P0124,L100,2025-01-01,83
P0125,L100,2025-01-01,75
P0126,L100,2025-01-01,11
P0127,L100,2025-01-01,156
P0128,L100,2025-01-01,6
P0129,L100,2025-01-01,92
P0130,L100,2025-01-01,129
P0131,L100,2025-01-01,13
P0132,L100,2025-01-01,165
P0133,L100,2025-01-01,165
P0134,L100,2025-01-01,108
P0135,L100,2025-01-01,157
P0136,L100,2025-01-01,192
P0137,L100,2025-01-01,51
P0138,L100,2025-01-01,84
P0139,L100,2025-01-01,138
P0140,L100,2025-01-01,180
P0141,L100,2025-01-01,125
P0142,L100,2025-01-01,55
P0143,L100,2025-01-01,97
P0144,L100,2025-01-01,-9
P0145,L100,2025-01-01,157
P0146,L100,2025-01-01,22
P0147,L100,2025-01-01,69
P0148,L100,2025-01-01,1
P0149,L100,2025-01-01,70
P0150,L100,2025-01-01,110
P0001,L001,2025-02-01,79
P0002,L001,2025-02-01,186
P0003,L001,2025-02-01,63
P0004,L001,2025-02-01,5
P0005,L001,2025-02-01,121
P0006,L001,2025-02-01,128
P0007,L001,2025-02-01,29
P0008,L001,2025-02-01,164
P0009,L001,2025-02-01,174
P0010,L001,2025-02-01,147
P0011,L001,2025-02-01,156
P0012,L001,2025-02-01,131
P0013,L001,2025-02-01,64
P0014,L001,2025-02-01,176
P0015,L001,2025-02-01,150
P0016,L001,2025-02-01,79
P0017,L001,2025-02-01,146
P0018,L001,2025-02-01,192
P0019,L001,2025-02-01,31
P0020,L001,2025-02-01,127
P0021,L001,2025-02-01,82
P0022,L001,2025-02-01,173
P0023,L001,2025-02-01,130
P0024,L001,2025-02-01,182
P0025,L001,2025-02-01,143
P0026,L001,2025-02-01,86
P0027,L001,2025-02-01,190
P0028,L001,2025-02-01,190
P0029,L001,2025-02-01,89
P0030,L001,2025-02-01,43
P0031,L001,2025-02-01,36
P0032,L001,2025-02-01,81
P0033,L001,2025-02-01,121
P0034,L001,2025-02-01,21
P0035,L001,2025-02-01,197
P0036,L001,2025-02-01,68
P0037,L001,2025-02-01,100
P0038,L001,2025-02-01,128
P0039,L001,2025-02-01,174
P0040,L001,2025-02-01,81
P0041,L001,2025-02-01,115
P0042,L001,2025-02-01,136
P0043,L001,2025-02-01,130
P0044,L001,2025-02-01,174
P0045,L001,2025-02-01,150
P0046,L001,2025-02-01,36
P0047,L001,2025-02-01,66
P0048,L001,2025-02-01,199
P0049,L001,2025-02-01,119
P0050,L001,2025-02-01,78
P0051,L001,2025-02-01,58
P0052,L001,2025-02-01,156
P0053,L001,2025-02-01,20
P0054,L001,2025-02-01,133
P0055,L001,2025-02-01,191
P0056,L001,2025-02-01,92
P0057,L001,2025-02-01,85
P0058,L001,2025-02-01,3
P0059,L001,2025-02-01,100
P0060,L001,2025-02-01,97
P0061,L001,2025-02-01,113
P0062,L001,2025-02-01,188
P0063,L001,2025-02-01,116
P9013,L001,2025-02-01,9
P0065,L001,2025-02-01,65
P0066,L001,2025-02-01,135
P0067,L001,2025-02-01,185
P0068,L001,2025-02-01,140
P0069,L001,2025-02-01,154
P0070,L001,2025-02-01,197
P0071,L001,2025-02-01,77
P0072,L001,2025-02-01,41
P0073,L001,2025-02-01,142
P0074,L001,2025-02-01,162
P0075,L001,2025-02-01,29
P0076,L001,2025-02-01,186
P0077,L001,2025-02-01,139
P0078,L001,2025-02-01,54
P0079,L001,2025-02-01,56
P0080,L001,2025-02-01,163
P0081,L001,2025-02-01,41
P0082,L001,2025-02-01,126
P0083,L001,2025-02-01,168
P0084,L001,2025-02-01,42
P0085,L001,2025-02-01,9
P0086,L001,2025-02-01,176
P0087,L001,2025-02-01,176
P0088,L001,2025-02-01,89
P0089,L001,2025-02-01,198
P0090,L001,2025-02-01,69
P0091,L001,2025-02-01,95
P0092,L001,2025-02-01,136
P0093,L001,2025-02-01,153
P0094,L001,2025-02-01,84
P0095,L001,2025-02-01,73
P0096,L001,2025-02-01,199
P0097,L001,2025-02-01,68
P0098,L001,2025-02-01,65
P0099,L001,2025-02-01,162
P0100,L001,2025-02-01,35
P0101,L001,2025-02-01,148
P0102,L001,2025-02-01,75
P0103,L001,2025-02-01,8
P0104,L001,2025-02-01,106
P0105,L001,2025-02-01,189
P0106,L001,2025-02-01,182
P0107,L001,2025-02-01,143
P0108,L001,2025-02-01,4
P0109,L001,2025-02-01,84
P0110,L001,2025-02-01,106
P0111,L001,2025-02-01,45
P0112,L001,2025-02-01,106
P0113,L001,2025-02-01,169
P0114,L001,2025-02-01,81
P0115,L001,2025-02-01,35
P0116,L001,2025-02-01,48
P0117,L001,2025-02-01,34
P0118,L001,2025-02-01,172
P0119,L001,2025-02-01,65
P0120,L001,2025-02-01,161
P0121,L001,2025-02-01,36
P0122,L001,2025-02-01,180
P0123,L001,2025-02-01,198
P0124,L001,2025-02-01,173
P0125,L001,2025-02-01,67
P0126,L001,2025-02-01,5
P0127,L001,2025-02-01,145
P0128,L001,2025-02-01,48
P0129,L001,2025-02-01,30
P0130,L001,2025-02-01,95
P0131,L001,2025-02-01,34
P0132,L001,2025-02-01,152
P0133,L001,2025-02-01,178
P0134,L001,2025-02-01,91
P0135,L001,2025-02-01,194
P0136,L001,2025-02-01,28
P9062,L001,2025-02-01,10
P0138,L001,2025-02-01,122
P0139,L001,2025-02-01,198
P0140,L001,2025-02-01,122
P0141,L001,2025-02-01,191
P0142,L001,2025-02-01,103
P0143,L001,2025-02-01,95
P0144,L001,2025-02-01,3
P0145,L001,2025-02-01,103
P0146,L001,2025-02-01,122
P0147,L001,2025-02-01,146
P0148,L001,2025-02-01,36
P0149,L001,2025-02-01,163
P0150,L001,2025-02-01,13
P0001,L002,2025-02-01,67
P0002,L002,2025-02-01,1
P0003,L002,2025-02-01,170
P0004,L002,2025-02-01,44
P0005,L002,2025-02-01,196
P0006,L002,2025-02-01,69
P0007,L002,2025-02-01,150
P0008,L002,2025-02-01,151
P0009,L002,2025-02-01,60
P0010,L002,2025-02-01,180
P0011,L002,2025-02-01,65
P0012,L002,2025-02-01,115
P0013,L002,2025-02-01,197
P0014,L002,2025-02-01,14
P0015,L002,2025-02-01,158
P0016,L002,2025-02-01,102
P0017,L002,2025-02-01,78
P0018,L002,2025-02-01,10
P0019,L002,2025-02-01,86
P0020,L002,2025-02-01,115
P0021,L002,2025-02-01,159
P0022,L002,2025-02-01,42
P0023,L002,2025-02-01,57
P0024,L002,2025-02-01,51
P0025,L002,2025-02-01,73
P0026,L002,2025-02-01,8
P0027,L002,2025-02-01,102
P0028,L002,2025-02-01,80
P0029,L002,2025-02-01,120
P0030,L002,2025-02-01,59
P0031,L002,2025-02-01,161
P0032,L002,2025-02-01,171
P0033,L002,2025-02-01,113
P0034,L002,2025-02-01,130
P0035,L002,2025-02-01,83
P0036,L002,2025-02-01,74
P0037,L002,2025-02-01,142
P0038,L002,2025-02-01,93
P0039,L002,2025-02-01,98
P0040,L002,2025-02-01,31
P0041,L002,2025-02-01,80
P0042,L002,2025-02-01,50
P0043,L002,2025-02-01,31
P0044,L002,2025-02-01,27
P0045,L002,2025-02-01,176
P0046,L002,2025-02-01,166
P0047,L002,2025-02-01,151
P0048,L002,2025-02-01,35
P0049,L002,2025-02-01,77
P0050,L002,2025-02-01,94
P0051,L002,2025-02-01,146
P0052,L002,2025-02-01,38
P0053,L002,2025-02-01,121
P0054,L002,2025-02-01,174
P0055,L002,2025-02-01,24
P0056,L002,2025-02-01,147
P0057,L002,2025-02-01,27
P0058,L002,2025-02-01,45
P0059,L002,2025-02-01,139
P0060,L002,2025-02-01,101
P0061,L002,2025-02-01,137
P0062,L002,2025-02-01,86
P0063,L002,2025-02-01,17
P0064,L002,2025-02-01,156
P0065,L002,2025-02-01,96
P0066,L002,2025-02-01,47
P0067,L002,2025-02-01,190
P0068,L002,2025-02-01,112
P0069,L002,2025-02-01,185
P0070,L002,2025-02-01,31
P0071,L002,2025-02-01,40
P0072,L002,2025-02-01,32
P0073,L002,2025-02-01,132
P0074,L002,2025-02-01,131
P0075,L002,2025-02-01,33
P0076,L002,2025-02-01,96
P0077,L002,2025-02-01,27
P0078,L002,2025-02-01,196
P0079,L002,2025-02-01,163
P0080,L002,2025-02-01,12
P0081,L002,2025-02-01,111
P0082,L002,2025-02-01,76
P0083,L002,2025-02-01,19
P0084,L002,2025-02-01,125
P0085,L002,2025-02-01,28
P0086,L002,2025-02-01,193
P0087,L002,2025-02-01,-3
P0088,L002,2025-02-01,162
P0089,L002,2025-02-01,134
P0090,L002,2025-02-01,6
P0091,L002,2025-02-01,39
P0092,L002,2025-02-01,-9
P0093,L002,2025-02-01,139
P0094,L002,2025-02-01,164
P0095,L002,2025-02-01,46
P0096,L002,2025-02-01,82
P0097,L002,2025-02-01,14
P0098,L002,2025-02-01,61
P0099,L002,2025-02-01,144
P0100,L002,2025-02-01,197
P0101,L002,2025-02-01,8
P0102,L002,2025-02-01,16
P0103,L002,2025-02-01,164
P0104,L002,2025-02-01,130
P0105,L002,2025-02-01,63
P0106,L002,2025-02-01,143
P0107,L002,2025-02-01,95
P0108,L002,2025-02-01,191
P0109,L002,2025-02-01,136
P0110,L002,2025-02-01,57
P0111,L002,2025-02-01,60
P0112,L002,2025-02-01,107
P0113,L002,2025-02-01,28
P0114,L002,2025-02-01,24
P0115,L002,2025-02-01,147
P0116,L002,2025-02-01,84
P0117,L002,2025-02-01,116
P0118,L002,2025-02-01,194
P0119,L002,2025-02-01,17
P0120,L002,2025-02-01,69
P0121,L002,2025-02-01,39
P0122,L002,2025-02-01,23
P0123,L002,2025-02-01,105
P0124,L002,2025-02-01,191
P0125,L002,2025-02-01,19
P0126,L002,2025-02-01,186
P0127,L002,2025-02-01,26
P0128,L002,2025-02-01,141
P0129,L002,2025-02-01,179
P0130,L002,2025-02-01,33
P0131,L002,2025-02-01,111
P0132,L002,2025-02-01,109
P0133,L002,2025-02-01,160
P0134,L002,2025-02-01,6
P0135,L002,2025-02-01,17
P0136,L002,2025-02-01,59
P0137,L002,2025-02-01,131
P0138,L002,2025-02-01,27
P0139,L002,2025-02-01,150
P0140,L002,2025-02-01,193
P0141,L002,2025-02-01,60
P0142,L002,2025-02-01,133
P0143,L002,2025-02-01,115
P0144,L002,2025-02-01,64
P0145,L002,2025-02-01,165
P0146,L002,2025-02-01,97
P0147,L002,2025-02-01,132
P0148,L002,2025-02-01,109
P0149,L002,2025-02-01,20
P0150,L002,2025-02-01,28
P0001,L003,2025-02-01,167
P0002,L003,2025-02-01,13
P0003,L003,2025-02-01,101
P0004,L003,2025-02-01,174
P0005,L003,2025-02-01,175
P0006,L003,2025-02-01,95
P0007,L003,2025-02-01,108
P0008,L003,2025-02-01,165
P0009,L003,2025-02-01,99
P0010,L003,2025-02-01,147
P0011,L003,2025-02-01,127
P0012,L003,2025-02-01,198
P0013,L003,2025-02-01,114
P0014,L003,2025-02-01,83
P0015,L003,2025-02-01,107
P0016,L003,2025-02-01,82
P0017,L003,2025-02-01,31
P0018,L003,2025-02-01,193
P0019,L003,2025-02-01,178
P0020,L003,2025-02-01,8
P0021,L003,2025-02-01,27
P0022,L003,2025-02-01,169
P0023,L003,2025-02-01,126
P0024,L003,2025-02-01,34
P0025,L003,2025-02-01,37
P0026,L003,2025-02-01,188
P0027,L003,2025-02-01,66
P0028,L003,2025-02-01,117
P0029,L003,2025-02-01,88
P0030,L003,2025-02-01,55
P0031,L003,2025-02-01,75
P0032,L003,2025-02-01,1
P0033,L003,2025-02-01,64
P0034,L003,2025-02-01,125
P0035,L003,2025-02-01,55
P0036,L003,2025-02-01,11
P0037,L003,2025-02-01,135
P0038,L003,2025-02-01,114
P0039,L003,2025-02-01,178
P0040,L003,2025-02-01,2
P0041,L003,2025-02-01,126
P0042,L003,2025-02-01,171
P0043,L003,2025-02-01,187
P0044,L003,2025-02-01,133
P0045,L003,2025-02-01,180
P0046,L003,2025-02-01,96
P0047,L003,2025-02-01,105
P0048,L003,2025-02-01,38
P0049,L003,2025-02-01,117
P0050,L003,2025-02-01,35
P0051,L003,2025-02-01,195
P0052,L003,2025-02-01,105
P0053,L003,2025-02-01,69
P0054,L003,2025-02-01,103
P0055,L003,2025-02-01,125
P0056,L003,2025-02-01,55
P0057,L003,2025-02-01,36
P0058,L003,2025-02-01,115
P0059,L003,2025-02-01,111
P0060,L003,2025-02-01,137
P0061,L003,2025-02-01,184
P0062,L003,2025-02-01,106
P0063,L003,2025-02-01,134
P0064,L003,2025-02-01,39
P0065,L003,2025-02-01,93
P0066,L003,2025-02-01,115
P0067,L003,2025-02-01,181
P0068,L003,2025-02-01,93
P0069,L003,2025-02-01,192
P0070,L003,2025-02-01,154
P0071,L003,2025-02-01,17
P0072,L003,2025-02-01,192
P0073,L003,2025-02-01,22
P0074,L003,2025-02-01,88
P0075,L003,2025-02-01,8
P0076,L003,2025-02-01,114
P0077,L003,2025-02-01,143
P0078,L003,2025-02-01,105
P0079,L003,2025-02-01,195
P0080,L003,2025-02-01,153
P0081,L003,2025-02-01,133
P0082,L003,2025-02-01,93
P0083,L003,2025-02-01,-19
P0084,L003,2025-02-01,47
P0085,L003,2025-02-01,122
P0086,L003,2025-02-01,117
P0087,L003,2025-02-01,60
P0088,L003,2025-02-01,10
P0089,L003,2025-02-01,160
P0090,L003,2025-02-01,156
P0091,L003,2025-02-01,5
P0092,L003,2025-02-01,181
P0093,L003,2025-02-01,56
P0094,L003,2025-02-01,42
P0095,L003,2025-02-01,36
P0096,L003,2025-02-01,54
P0097,L003,2025-02-01,154
P0098,L003,2025-02-01,132
P0099,L003,2025-02-01,136
P0100,L003,2025-02-01,197
P0101,L003,2025-02-01,151
P0102,L003,2025-02-01,133
P0103,L003,2025-02-01,73
P0104,L003,2025-02-01,176
P0105,L003,2025-02-01,109
P0106,L003,2025-02-01,11
P0107,L003,2025-02-01,69
P0108,L003,2025-02-01,158
P0109,L003,2025-02-01,132
P0110,L003,2025-02-01,198
P0111,L003,2025-02-01,68
P0112,L003,2025-02-01,38
P0113,L003,2025-02-01,10
P0114,L003,2025-02-01,30
P0115,L003,2025-02-01,70
P0116,L003,2025-02-01,176
P0117,L003,2025-02-01,97
P0118,L003,2025-02-01,72
P0119,L003,2025-02-01,108
P0120,L003,2025-02-01,87
P0121,L003,2025-02-01,40
P0122,L003,2025-02-01,69
P0123,L003,2025-02-01,11
P0124,L003,2025-02-01,87
P0125,L003,2025-02-01,105
P0126,L003,2025-02-01,117
P0127,L003,2025-02-01,13
P0128,L003,2025-02-01,45
P0129,L003,2025-02-01,67
P0130,L003,2025-02-01,76
P0131,L003,2025-02-01,168
P0132,L003,2025-02-01,123
P0133,L003,2025-02-01,196
P0134,L003,2025-02-01,25
P0135,L003,2025-02-01,196
P0136,L003,2025-02-01,140
P0137,L003,2025-02-01,2
P0138,L003,2025-02-01,149
P0139,L003,2025-02-01,30
P0140,L003,2025-02-01,170
P0141,L003,2025-02-01,7
P0142,L003,2025-02-01,142
P0143,L003,2025-02-01,179
P0144,L003,2025-02-01,141
P0145,L003,2025-02-01,185
P0146,L003,2025-02-01,63
P0147,L003,2025-02-01,159
P0148,L003,2025-02-01,30
P0149,L003,2025-02-01,53
P0150,L003,2025-02-01,82
P0001,L004,2025-02-01,172
P0002,L004,2025-02-01,165
P0003,L004,2025-02-01,183
P0004,L004,2025-02-01,47
P0005,L004,2025-02-01,78
P0006,L004,2025-02-01,124
P0007,L004,2025-02-01,141
P0008,L004,2025-02-01,10
P0009,L004,2025-02-01,16
P0010,L004,2025-02-01,42
P0011,L004,2025-02-01,76
P0012,L004,2025-02-01,18
P0013,L004,2025-02-01,-4
P0014,L004,2025-02-01,132
P0015,L004,2025-02-01,78
P0016,L004,2025-02-01,132
P0017,L004,2025-02-01,63
P0018,L004,2025-02-01,64
P0019,L004,2025-02-01,7
P0020,L004,2025-02-01,37
P0021,L004,2025-02-01,38
P0022,L004,2025-02-01,122
P0023,L004,2025-02-01,174
P0024,L004,2025-02-01,126
P0025,L004,2025-02-01,133
P0026,L004,2025-02-01,11
P0027,L004,2025-02-01,135
P0028,L004,2025-02-01,3
P0029,L004,2025-02-01,167
P0030,L004,2025-02-01,172
P0031,L004,2025-02-01,197
P0032,L004,2025-02-01,110
P0033,L004,2025-02-01,128
P0034,L004,2025-02-01,115
P0035,L004,2025-02-01,154
P0036,L004,2025-02-01,2
P0037,L004,2025-02-01,120
P0038,L004,2025-02-01,32
P0039,L004,2025-02-01,196
P0040,L004,2025-02-01,67
P0041,L004,2025-02-01,158
P0042,L004,2025-02-01,39
P0043,L004,2025-02-01,189
P0044,L004,2025-02-01,45
P0045,L004,2025-02-01,99
P0046,L004,2025-02-01,70
P0047,L004,2025-02-01,66
P0048,L004,2025-02-01,121
P0049,L004,2025-02-01,82
P0050,L004,2025-02-01,-11
P0051,L004,2025-02-01,86
P0052,L004,2025-02-01,49
P0053,L004,2025-02-01,124
P0054,L004,2025-02-01,124
P0055,L004,2025-02-01,130
P0056,L004,2025-02-01,103
P0057,L004,2025-02-01,188
P0058,L004,2025-02-01,62
P0059,L004,2025-02-01,96
P0060,L004,2025-02-01,36
P0061,L004,2025-02-01,185
P9004,L004,2025-02-01,125
P0063,L004,2025-02-01,90
P0064,L004,2025-02-01,136
P0065,L004,2025-02-01,154
P0066,L004,2025-02-01,88
P0067,L004,2025-02-01,142
P0068,L004,2025-02-01,173
P0069,L004,2025-02-01,67
P0070,L004,2025-02-01,61
P0071,L004,2025-02-01,90
P0072,L004,2025-02-01,165
P0073,L004,2025-02-01,4
P0074,L004,2025-02-01,156
P0075,L004,2025-02-01,17
P0076,L004,2025-02-01,121
P0077,L004,2025-02-01,125
P0078,L004,2025-02-01,128
P0079,L004,2025-02-01,159
P0080,L004,2025-02-01,88
P0081,L004,2025-02-01,100
P0082,L004,2025-02-01,154
P0083,L004,2025-02-01,88
P0084,L004,2025-02-01,197
P0085,L004,2025-02-01,184
P0086,L004,2025-02-01,52
P0087,L004,2025-02-01,78
P0088,L004,2025-02-01,129
P0089,L004,2025-02-01,126
P0090,L004,2025-02-01,165
P0091,L004,2025-02-01,133
P0092,L004,2025-02-01,186
P0093,L004,2025-02-01,44
P0094,L004,2025-02-01,148
P0095,L004,2025-02-01,7
P0096,L004,2025-02-01,3
P0097,L004,2025-02-01,140
P0098,L004,2025-02-01,181
P0099,L004,2025-02-01,69
P0100,L004,2025-02-01,178
P0101,L004,2025-02-01,184
P0102,L004,2025-02-01,68
P0103,L004,2025-02-01,4
P0104,L004,2025-02-01,67
P0105,L004,2025-02-01,48
P0106,L004,2025-02-01,170
P0107,L004,2025-02-01,168
P0108,L004,2025-02-01,61
P0109,L004,2025-02-01,186
P0110,L004,2025-02-01,92
P0111,L004,2025-02-01,171
P0112,L004,2025-02-01,186
P0113,L004,2025-02-01,59
P0114,L004,2025-02-01,180
P0115,L004,2025-02-01,165
P0116,L004,2025-02-01,28
P0117,L004,2025-02-01,149
P0118,L004,2025-02-01,24
P0119,L004,2025-02-01,62
P0120,L004,2025-02-01,191
P0121,L004,2025-02-01,27
P0122,L004,2025-02-01,30
P0123,L004,2025-02-01,48
P0124,L004,2025-02-01,171
P0125,L004,2025-02-01,60
P0126,L004,2025-02-01,32
P0127,L004,2025-02-01,22
P0128,L004,2025-02-01,12
P0129,L004,2025-02-01,76
P0130,L004,2025-02-01,198
P0131,L004,2025-02-01,135
P0132,L004,2025-02-01,50
P0133,L004,2025-02-01,127
P0134,L004,2025-02-01,77
P0135,L004,2025-02-01,58
P0136,L004,2025-02-01,42
P0137,L004,2025-02-01,121
P0138,L004,2025-02-01,155
P0139,L004,2025-02-01,18
P0140,L004,2025-02-01,131
P0141,L004,2025-02-01,61
P0142,L004,2025-02-01,77
P0143,L004,2025-02-01,54
P0144,L004,2025-02-01,181
P0145,L004,2025-02-01,60
P0146,L004,2025-02-01,195
P0147,L004,2025-02-01,13
P0148,L004,2025-02-01,13
P0149,L004,2025-02-01,179
P0150,L004,2025-02-01,26
P0001,L005,2025-02-01,12
P0002,L005,2025-02-01,175
P0003,L005,2025-02-01,146
P0004,L005,2025-02-01,8
P0005,L005,2025-02-01,39
P0006,L005,2025-02-01,176
P0007,L005,2025-02-01,23
P0008,L005,2025-02-01,160
P0009,L005,2025-02-01,25
P0010,L005,2025-02-01,115
P0011,L005,2025-02-01,172
P0012,L005,2025-02-01,37
P0013,L005,2025-02-01,150
P0014,L005,2025-02-01,85
P0015,L005,2025-02-01,93
P0016,L005,2025-02-01,18
P0017,L005,2025-02-01,193
P0018,L005,2025-02-01,58
P0019,L005,2025-02-01,80
P0020,L005,2025-02-01,97
P0021,L005,2025-02-01,144
P0022,L005,2025-02-01,50
P0023,L005,2025-02-01,134
P0024,L005,2025-02-01,113
P0025,L005,2025-02-01,38
P0026,L005,2025-02-01,102
P0027,L005,2025-02-01,59
P0028,L005,2025-02-01,124
P0029,L005,2025-02-01,190
P0030,L005,2025-02-01,130
P0031,L005,2025-02-01,187
P0032,L005,2025-02-01,31
P0033,L005,2025-02-01,181
P0034,L005,2025-02-01,24
P0035,L005,2025-02-01,50
P0036,L005,2025-02-01,25
P0037,L005,2025-02-01,49
P0038,L005,2025-02-01,116
P0039,L005,2025-02-01,67
P0040,L005,2025-02-01,157
P0041,L005,2025-02-01,59
P0042,L005,2025-02-01,124
P0043,L005,2025-02-01,132
P0044,L005,2025-02-01,19
P0045,L005,2025-02-01,129
P0046,L005,2025-02-01,172
P0047,L005,2025-02-01,56
P0048,L005,2025-02-01,10
P0049,L005,2025-02-01,121
P0050,L005,2025-02-01,144
P0051,L005,2025-02-01,66
P0052,L005,2025-02-01,158
P0053,L005,2025-02-01,102
P0054,L005,2025-02-01,96
P0055,L005,2025-02-01,89
P0056,L005,2025-02-01,149
P0057,L005,2025-02-01,184
P0058,L005,2025-02-01,120
P0059,L005,2025-02-01,164
P0060,L005,2025-02-01,175
P0061,L005,2025-02-01,173
P0062,L005,2025-02-01,94
P0063,L005,2025-02-01,92
P0064,L005,2025-02-01,-9
P0065,L005,2025-02-01,46
P0066,L005,2025-02-01,162
P0067,L005,2025-02-01,70
P0068,L005,2025-02-01,23
P0069,L005,2025-02-01,154
P0070,L005,2025-02-01,110
P0071,L005,2025-02-01,86
P0072,L005,2025-02-01,16
P0073,L005,2025-02-01,153
P0074,L005,2025-02-01,161
P0075,L005,2025-02-01,179
P0076,L005,2025-02-01,175
P0077,L005,2025-02-01,102
P0078,L005,2025-02-01,145
P0079,L005,2025-02-01,19
P0080,L005,2025-02-01,125
P0081,L005,2025-02-01,117
P0082,L005,2025-02-01,96
P0083,L005,2025-02-01,25
P0084,L005,2025-02-01,123
P0085,L005,2025-02-01,152
P0086,L005,2025-02-01,48
P0087,L005,2025-02-01,199
P0088,L005,2025-02-01,67
P0089,L005,2025-02-01,171
P0090,L005,2025-02-01,183
P0091,L005,2025-02-01,56
P0092,L005,2025-02-01,-12
P0093,L005,2025-02-01,71
P0094,L005,2025-02-01,171
P0095,L005,2025-02-01,51
P0096,L005,2025-02-01,163
P0097,L005,2025-02-01,110
P0098,L005,2025-02-01,99
P0099,L005,2025-02-01,175
P0100,L005,2025-02-01,1
P0101,L005,2025-02-01,71
P0102,L005,2025-02-01,34
P0103,L005,2025-02-01,23
P0104,L005,2025-02-01,69
P0105,L005,2025-02-01,80
P0106,L005,2025-02-01,53
P0107,L005,2025-02-01,34
P0108,L005,2025-02-01,94
P0109,L005,2025-02-01,156
P0110,L005,2025-02-01,21
P0111,L005,2025-02-01,24
P0112,L005,2025-02-01,174
P0113,L005,2025-02-01,172
P0114,L005,2025-02-01,102
P0115,L005,2025-02-01,-11
P0116,L005,2025-02-01,173
P0117,L005,2025-02-01,105
P0118,L005,2025-02-01,38
P0119,L005,2025-02-01,132
P0120,L005,2025-02-01,67
P0121,L005,2025-02-01,99
P0122,L005,2025-02-01,168
P0123,L005,2025-02-01,6
P0124,L005,2025-02-01,170
P0125,L005,2025-02-01,29
P0126,L005,2025-02-01,94
P0127,L005,2025-02-01,181
P0128,L005,2025-02-01,36
P0129,L005,2025-02-01,147
P0130,L005,2025-02-01,186
P0131,L005,2025-02-01,163
P0132,L005,2025-02-01,103
P0133,L005,2025-02-01,129
P0134,L005,2025-02-01,11
P0135,L005,2025-02-01,134
P0136,L005,2025-02-01,71
P0137,L005,2025-02-01,55
P0138,L005,2025-02-01,161
P0139,L005,2025-02-01,51
P0140,L005,2025-02-01,114
P0141,L005,2025-02-01,45
P0142,L005,2025-02-01,32
P0143,L005,2025-02-01,131
P0144,L005,2025-02-01,114
P0145,L005,2025-02-01,112
P0146,L005,2025-02-01,108
P0147,L005,2025-02-01,139
P0148,L005,2025-02-01,61
P0149,L005,2025-02-01,27
P0150,L005,2025-02-01,190
P0001,L006,2025-02-01,65
P0002,L006,2025-02-01,196
P0003,L006,2025-02-01,110
P0004,L006,2025-02-01,100
P0005,L006,2025-02-01,119
P0006,L006,2025-02-01,114
P0007,L006,2025-02-01,31
P0008,L006,2025-02-01,34
P0009,L006,2025-02-01,19
P0010,L006,2025-02-01,54
P0011,L006,2025-02-01,162
P0012,L006,2025-02-01,169
P0013,L006,2025-02-01,165
P0014,L006,2025-02-01,21
P0015,L006,2025-02-01,180
P0016,L006,2025-02-01,56
P0017,L006,2025-02-01,167
P0018,L006,2025-02-01,121
P0019,L006,2025-02-01,139
P0020,L006,2025-02-01,132
P0021,L006,2025-02-01,31
P0022,L006,2025-02-01,45
P0023,L006,2025-02-01,161
P0024,L006,2025-02-01,148
P0025,L006,2025-02-01,139
P0026,L006,2025-02-01,72
P0027,L006,2025-02-01,63
P0028,L006,2025-02-01,118
P0029,L006,2025-02-01,134
P0030,L006,2025-02-01,128
P0031,L006,2025-02-01,55
P0032,L006,2025-02-01,188
P0033,L006,2025-02-01,25
P0034,L006,2025-02-01,39
P0035,L006,2025-02-01,186
P0036,L006,2025-02-01,135
P0037,L006,2025-02-01,172
P0038,L006,2025-02-01,71
P0039,L006,2025-02-01,52
P0040,L006,2025-02-01,94
P0041,L006,2025-02-01,3
P0042,L006,2025-02-01,111
P0043,L006,2025-02-01,186
P0044,L006,2025-02-01,28
P0045,L006,2025-02-01,107
P0046,L006,2025-02-01,186
P0047,L006,2025-02-01,175
P0048,L006,2025-02-01,171
P0049,L006,2025-02-01,103
P0050,L006,2025-02-01,189
P0051,L006,2025-02-01,17
P0052,L006,2025-02-01,162
P0053,L006,2025-02-01,83
P0054,L006,2025-02-01,178
P0055,L006,2025-02-01,94
P0056,L006,2025-02-01,166
P0057,L006,2025-02-01,87
P0058,L006,2025-02-01,53
P0059,L006,2025-02-01,84
P0060,L006,2025-02-01,199
P0061,L006,2025-02-01,140
P0062,L006,2025-02-01,51
P0063,L006,2025-02-01,55
P0064,L006,2025-02-01,30
P0065,L006,2025-02-01,17
P0066,L006,2025-02-01,102
P0067,L006,2025-02-01,155
P0068,L006,2025-02-01,175
P0069,L006,2025-02-01,163
P0070,L006,2025-02-01,12
P0071,L006,2025-02-01,20
P0072,L006,2025-02-01,182
P0073,L006,2025-02-01,139
P0074,L006,2025-02-01,135
P0075,L006,2025-02-01,68
P0076,L006,2025-02-01,177
P0077,L006,2025-02-01,70
P0078,L006,2025-02-01,111
P0079,L006,2025-02-01,44
P0080,L006,2025-02-01,148
P0081,L006,2025-02-01,194
P0082,L006,2025-02-01,63
P0083,L006,2025-02-01,91
P0084,L006,2025-02-01,0
P0085,L006,2025-02-01,142
P0086,L006,2025-02-01,177
P0087,L006,2025-02-01,17
P0088,L006,2025-02-01,106
P0089,L006,2025-02-01,56
P0090,L006,2025-02-01,2
P0091,L006,2025-02-01,186
P0092,L006,2025-02-01,17
P0093,L006,2025-02-01,125
P0094,L006,2025-02-01,45
P0095,L006,2025-02-01,64
P0096,L006,2025-02-01,126
P0097,L006,2025-02-01,134
P0098,L006,2025-02-01,66
P0099,L006,2025-02-01,114
P0100,L006,2025-02-01,129
P0101,L006,2025-02-01,178
P0102,L006,2025-02-01,1
P0103,L006,2025-02-01,107
P0104,L006,2025-02-01,191
P0105,L006,2025-02-01,21
P0106,L006,2025-02-01,143
P0107,L006,2025-02-01,26
P0108,L006,2025-02-01,70
P0109,L006,2025-02-01,62
P0110,L006,2025-02-01,180
P0111,L006,2025-02-01,17
P0112,L006,2025-02-01,74
P0113,L006,2025-02-01,86
P0114,L006,2025-02-01,171
P0115,L006,2025-02-01,56
P0116,L006,2025-02-01,195
P0117,L006,2025-02-01,73
P0118,L006,2025-02-01,47
P0119,L006,2025-02-01,191
P0120,L006,2025-02-01,22
P0121,L006,2025-02-01,197
P0122,L006,2025-02-01,175
P0123,L006,2025-02-01,10
P0124,L006,2025-02-01,180
P0125,L006,2025-02-01,173
P0126,L006,2025-02-01,150
P0127,L006,2025-02-01,50
P0128,L006,2025-02-01,80
P0129,L006,2025-02-01,1
P0130,L006,2025-02-01,120
P0131,L006,2025-02-01,142
P0132,L006,2025-02-01,157
P0133,L006,2025-02-01,198
P0134,L006,2025-02-01,77
P0135,L006,2025-02-01,92
P0136,L006,2025-02-01,64
P0137,L006,2025-02-01,16
P0138,L006,2025-02-01,17
P0139,L006,2025-02-01,82
P0140,L006,2025-02-01,147
P0141,L006,2025-02-01,7
P0142,L006,2025-02-01,110
P0143,L006,2025-02-01,175
P0144,L006,2025-02-01,30
P0145,L006,2025-02-01,133
P0146,L006,2025-02-01,73
P0147,L006,2025-02-01,162
P0148,L006,2025-02-01,10
P0149,L006,2025-02-01,24
P0150,L006,2025-02-01,154
P0001,L100,2025-02-01,21
P0002,L100,2025-02-01,54
P0003,L100,2025-02-01,73
P0004,L100,2025-02-01,181
P0005,L100,2025-02-01,94
P0006,L100,2025-02-01,156
P0007,L100,2025-02-01,192
P0008,L100,2025-02-01,81
P0009,L100,2025-02-01,14
P0010,L100,2025-02-01,20
P0011,L100,2025-02-01,84
P0012,L100,2025-02-01,44
P0013,L100,2025-02-01,114
P0014,L100,2025-02-01,24
P0015,L100,2025-02-01,7
P0016,L100,2025-02-01,167
P0017,L100,2025-02-01,112
P0018,L100,2025-02-01,62
P0019,L100,2025-02-01,93
P0020,L100,2025-02-01,196
P0021,L100,2025-02-01,176
P0022,L100,2025-02-01,163
P0023,L100,2025-02-01,37
P0024,L100,2025-02-01,64
P0025,L100,2025-02-01,75
P0026,L100,2025-02-01,40
P0027,L100,2025-02-01,128
P0028,L100,2025-02-01,60
P0029,L100,2025-02-01,17
P0030,L100,2025-02-01,34
P0031,L100,2025-02-01,34
P0032,L100,2025-02-01,98
P0033,L100,2025-02-01,186
P0034,L100,2025-02-01,43
P0035,L100,2025-02-01,103
P0036,L100,2025-02-01,107
P0037,L100,2025-02-01,165
P0038,L100,2025-02-01,21
P0039,L100,2025-02-01,47
P0040,L100,2025-02-01,92
P0041,L100,2025-02-01,4
P0042,L100,2025-02-01,50
P0043,L100,2025-02-01,89
P0044,L100,2025-02-01,63
P0045,L100,2025-02-01,193
P0046,L100,2025-02-01,80
P0047,L100,2025-02-01,159
P0048,L100,2025-02-01,100
P0049,L100,2025-02-01,82
P0050,L100,2025-02-01,17
P0051,L100,2025-02-01,100
P0052,L100,2025-02-01,45
P0053,L100,2025-02-01,165
P0054,L100,2025-02-01,12
P0055,L100,2025-02-01,146
P0056,L100,2025-02-01,161
P0057,L100,2025-02-01,32
P0058,L100,2025-02-01,2
P0059,L100,2025-02-01,175
P0060,L100,2025-02-01,120
P0061,L100,2025-02-01,36
P0062,L100,2025-02-01,17
P0063,L100,2025-02-01,130
P0064,L100,2025-02-01,118
P0065,L100,2025-02-01,188
P0066,L100,2025-02-01,129
P0067,L100,2025-02-01,35
P0068,L100,2025-02-01,73
P0069,L100,2025-02-01,171
P0070,L100,2025-02-01,130
P0071,L100,2025-02-01,114
P0072,L100,2025-02-01,164
P0073,L100,2025-02-01,146
P0074,L100,2025-02-01,62
P0075,L100,2025-02-01,22
P0076,L100,2025-02-01,52
P0077,L100,2025-02-01,45
P0078,L100,2025-02-01,6
P0079,L100,2025-02-01,5
P0080,L100,2025-02-01,169
P0081,L100,2025-02-01,118
P0082,L100,2025-02-01,3
P0083,L100,2025-02-01,87
P0084,L100,2025-02-01,19
P0085,L100,2025-02-01,0
P0086,L100,2025-02-01,50
P0087,L100,2025-02-01,60
P0088,L100,2025-02-01,17
P0089,L100,2025-02-01,40
P0090,L100,2025-02-01,112
P0091,L100,2025-02-01,53
P0092,L100,2025-02-01,124
P0093,L100,2025-02-01,-11
P0094,L100,2025-02-01,30
P0095,L100,2025-02-01,80
P0096,L100,2025-02-01,186
P0097,L100,2025-02-01,150
P0098,L100,2025-02-01,81
P0099,L100,2025-02-01,152
P0100,L100,2025-02-01,99
P0101,L100,2025-02-01,172
P0102,L100,2025-02-01,157
P0103,L100,2025-02-01,146
P0104,L100,2025-02-01,83
P0105,L100,2025-02-01,178
P0106,L100,2025-02-01,32
P0107,L100,2025-02-01,78
P0108,L100,2025-02-01,175
P0109,L100,2025-02-01,89
P0110,L100,2025-02-01,198
P0111,L100,2025-02-01,166
P0112,L100,2025-02-01,190
P0113,L100,2025-02-01,151
P0114,L100,2025-02-01,174
P0115,L100,2025-02-01,67
P0116,L100,2025-02-01,57
P0117,L100,2025-02-01,56
P0118,L100,2025-02-01,85
P0119,L100,2025-02-01,188
P0120,L100,2025-02-01,144
P0121,L100,2025-02-01,99
P0122,L100,2025-02-01,138
P0123,L100,2025-02-01,69
P0124,L100,2025-02-01,101
P0125,L100,2025-02-01,165
P0126,L100,2025-02-01,123
P0127,L100,2025-02-01,119
P0128,L100,2025-02-01,173
P0129,L100,2025-02-01,106
P0130,L100,2025-02-01,4
P0131,L100,2025-02-01,111
P0132,L100,2025-02-01,5
P0133,L100,2025-02-01,127
P0134,L100,2025-02-01,111
P0135,L100,2025-02-01,12
P0136,L100,2025-02-01,182
P0137,L100,2025-02-01,169
P0138,L100,2025-02-01,162
P0139,L100,2025-02-01,8
P0140,L100,2025-02-01,196
P0141,L100,2025-02-01,163
P0142,L100,2025-02-01,10
P0143,L100,2025-02-01,194
P0144,L100,2025-02-01,27
P0145,L100,2025-02-01,39
P0146,L100,2025-02-01,56
P0147,L100,2025-02-01,142
P0148,L100,2025-02-01,41
P0149,L100,2025-02-01,82
P0150,L100,2025-02-01,177
P0001,L001,2025-03-01,19
P0002,L001,2025-03-01,74
P0003,L001,2025-03-01,54
P0004,L001,2025-03-01,65
P0005,L001,2025-03-01,152
P0006,L001,2025-03-01,82
P0007,L001,2025-03-01,19
P0008,L001,2025-03-01,132
P0009,L001,2025-03-01,177
P0010,L001,2025-03-01,6
P0011,L001,2025-03-01,67
P0012,L001,2025-03-01,86
P0013,L001,2025-03-01,68
P0014,L001,2025-03-01,4
P0015,L001,2025-03-01,198
P0016,L001,2025-03-01,86
P0017,L001,2025-03-01,94
P0018,L001,2025-03-01,64
P0019,L001,2025-03-01,103
P0020,L001,2025-03-01,102
P0021,L001,2025-03-01,7
P0022,L001,2025-03-01,145
P0023,L001,2025-03-01,109
P0024,L001,2025-03-01,175
P0025,L001,2025-03-01,65
P0026,L001,2025-03-01,165
P0027,L001,2025-03-01,158
P0028,L001,2025-03-01,42
P0029,L001,2025-03-01,23
P0030,L001,2025-03-01,191
P0031,L001,2025-03-01,49
P0032,L001,2025-03-01,58
P0033,L001,2025-03-01,188
P0034,L001,2025-03-01,81
P0035,L001,2025-03-01,174
P0036,L001,2025-03-01,19
P0037,L001,2025-03-01,-3
P0038,L001,2025-03-01,94
P0039,L001,2025-03-01,71
P0040,L001,2025-03-01,120
P0041,L001,2025-03-01,26
P0042,L001,2025-03-01,45
P0043,L001,2025-03-01,12
P0044,L001,2025-03-01,123
P0045,L001,2025-03-01,9
P0046,L001,2025-03-01,27
P0047,L001,2025-03-01,116
P0048,L001,2025-03-01,25
P0049,L001,2025-03-01,4
P0050,L001,2025-03-01,139
P0051,L001,2025-03-01,109
P0052,L001,2025-03-01,30
P0053,L001,2025-03-01,41
P0054,L001,2025-03-01,111
P0055,L001,2025-03-01,108
P0056,L001,2025-03-01,104
P0057,L001,2025-03-01,119
P0058,L001,2025-03-01,148
P0059,L001,2025-03-01,54
P0060,L001,2025-03-01,194
P0061,L001,2025-03-01,50
P0062,L001,2025-03-01,141
P0063,L001,2025-03-01,156
P0064,L001,2025-03-01,76
P0065,L001,2025-03-01,80
P0066,L001,2025-03-01,69
P0067,L001,2025-03-01,173
P0068,L001,2025-03-01,196
P0069,L001,2025-03-01,112
P0070,L001,2025-03-01,155
P0071,L001,2025-03-01,113
P0072,L001,2025-03-01,59
P0073,L001,2025-03-01,57
P0074,L001,2025-03-01,20
P0075,L001,2025-03-01,169
P0076,L001,2025-03-01,89
P0077,L001,2025-03-01,82
P0078,L001,2025-03-01,49
P0079,L001,2025-03-01,104
P0080,L001,2025-03-01,7
P0081,L001,2025-03-01,165
P0082,L001,2025-03-01,114
P0083,L001,2025-03-01,151
P0084,L001,2025-03-01,195
P0085,L001,2025-03-01,143
P0086,L001,2025-03-01,10
P0087,L001,2025-03-01,117
P0088,L001,2025-03-01,70
P0089,L001,2025-03-01,16
P0090,L001,2025-03-01,58
P0091,L001,2025-03-01,117
P0092,L001,2025-03-01,172
P0093,L001,2025-03-01,119
P0094,L001,2025-03-01,102
P0095,L001,2025-03-01,138
P0096,L001,2025-03-01,105
P0097,L001,2025-03-01,99
P0098,L001,2025-03-01,168
P0099,L001,2025-03-01,125
P0100,L001,2025-03-01,28
P0101,L001,2025-03-01,169
P0102,L001,2025-03-01,160
P0103,L001,2025-03-01,53
P0104,L001,2025-03-01,28
P0105,L001,2025-03-01,-3
P0106,L001,2025-03-01,58
P0107,L001,2025-03-01,69
P0108,L001,2025-03-01,109
P0109,L001,2025-03-01,32
P0110,L001,2025-03-01,128
P0111,L001,2025-03-01,112
P0112,L001,2025-03-01,23
P0113,L001,2025-03-01,130
P0114,L001,2025-03-01,54
P0115,L001,2025-03-01,42
P0116,L001,2025-03-01,31
P0117,L001,2025-03-01,13
P0118,L001,2025-03-01,100
P0119,L001,2025-03-01,109
P0120,L001,2025-03-01,94
P0121,L001,2025-03-01,173
P0122,L001,2025-03-01,116
P0123,L001,2025-03-01,9
P0124,L001,2025-03-01,189
P0125,L001,2025-03-01,20
P0126,L001,2025-03-01,5
P0127,L001,2025-03-01,199
P0128,L001,2025-03-01,60
P0129,L001,2025-03-01,33
P0130,L001,2025-03-01,45
P0131,L001,2025-03-01,194
P0132,L001,2025-03-01,199
P0133,L001,2025-03-01,89
P0134,L001,2025-03-01,0
P0135,L001,2025-03-01,74
P0136,L001,2025-03-01,153
P0137,L001,2025-03-01,27
P0138,L001,2025-03-01,194
P0139,L001,2025-03-01,54
P0140,L001,2025-03-01,92
P0141,L001,2025-03-01,161
P0142,L001,2025-03-01,6
P0143,L001,2025-03-01,72
P0144,L001,2025-03-01,107
P0145,L001,2025-03-01,79
P0146,L001,2025-03-01,156
P0147,L001,2025-03-01,151
P0148,L001,2025-03-01,185
P0149,L001,2025-03-01,30
P0150,L001,2025-03-01,174
P0001,L002,2025-03-01,29
P0002,L002,2025-03-01,109
P0003,L002,2025-03-01,17
P0004,L002,2025-03-01,8
P0005,L002,2025-03-01,25
P0006,L002,2025-03-01,156
P0007,L002,2025-03-01,198
P0008,L002,2025-03-01,93
P0009,L002,2025-03-01,133
P0010,L002,2025-03-01,129
P0011,L002,2025-03-01,101
P0012,L002,2025-03-01,187
P0013,L002,2025-03-01,105
P0014,L002,2025-03-01,58
P0015,L002,2025-03-01,148
P0016,L002,2025-03-01,12
P0017,L002,2025-03-01,112
P0018,L002,2025-03-01,144
P0019,L002,2025-03-01,80
P0020,L002,2025-03-01,114
P0021,L002,2025-03-01,115
P0022,L002,2025-03-01,120
P0023,L002,2025-03-01,40
P0024,L002,2025-03-01,7
P0025,L002,2025-03-01,110
P0026,L002,2025-03-01,141
P0027,L002,2025-03-01,124
P0028,L002,2025-03-01,159
P0029,L002,2025-03-01,21
P0030,L002,2025-03-01,111
P0031,L002,2025-03-01,70
P0032,L002,2025-03-01,19
P0033,L002,2025-03-01,161
P0034,L002,2025-03-01,82
P0035,L002,2025-03-01,93
P0036,L002,2025-03-01,188
P0037,L002,2025-03-01,55
P0038,L002,2025-03-01,52
P0039,L002,2025-03-01,47
P0040,L002,2025-03-01,48
P0041,L002,2025-03-01,17
P0042,L002,2025-03-01,97
P0043,L002,2025-03-01,101
P0044,L002,2025-03-01,145
P0045,L002,2025-03-01,135
P0046,L002,2025-03-01,54
P0047,L002,2025-03-01,138
P0048,L002,2025-03-01,66
P0049,L002,2025-03-01,57
P0050,L002,2025-03-01,7
P0051,L002,2025-03-01,80
P0052,L002,2025-03-01,165
P0053,L002,2025-03-01,97
P0054,L002,2025-03-01,10
P0055,L002,2025-03-01,7
P0056,L002,2025-03-01,179
P0057,L002,2025-03-01,185
P0058,L002,2025-03-01,16
P0059,L002,2025-03-01,25
P0060,L002,2025-03-01,11
P0061,L002,2025-03-01,125
P0062,L002,2025-03-01,17
P0063,L002,2025-03-01,196
P0064,L002,2025-03-01,146
P0065,L002,2025-03-01,104
P0066,L002,2025-03-01,121
P0067,L002,2025-03-01,14
P0068,L002,2025-03-01,70
P0069,L002,2025-03-01,144
P0070,L002,2025-03-01,192
P0071,L002,2025-03-01,47
P0072,L002,2025-03-01,36
P0073,L002,2025-03-01,166
P0074,L002,2025-03-01,54
P0075,L002,2025-03-01,77
P0076,L002,2025-03-01,127
P0077,L002,2025-03-01,69
P0078,L002,2025-03-01,85
P0079,L002,2025-03-01,181
P0080,L002,2025-03-01,191
P0081,L002,2025-03-01,162
P0082,L002,2025-03-01,36
P0083,L002,2025-03-01,152
P0084,L002,2025-03-01,67
P0085,L002,2025-03-01,130
P0086,L002,2025-03-01,73
P0087,L002,2025-03-01,192
P0088,L002,2025-03-01,121
P0089,L002,2025-03-01,36
P0090,L002,2025-03-01,33
P0091,L002,2025-03-01,130
P0092,L002,2025-03-01,155
P0093,L002,2025-03-01,192
P0094,L002,2025-03-01,86
P0095,L002,2025-03-01,-16
P0096,L002,2025-03-01,165
P0097,L002,2025-03-01,160
P0098,L002,2025-03-01,198
P0099,L002,2025-03-01,23
P0100,L002,2025-03-01,100
P0101,L002,2025-03-01,180
P0102,L002,2025-03-01,184
P0103,L002,2025-03-01,199
P0104,L002,2025-03-01,78
P0105,L002,2025-03-01,189
P0106,L002,2025-03-01,64
P0107,L002,2025-03-01,182
P0108,L002,2025-03-01,45
P0109,L002,2025-03-01,146
P0110,L002,2025-03-01,122
P0111,L002,2025-03-01,3
P0112,L002,2025-03-01,186
P0113,L002,2025-03-01,187
P0114,L002,2025-03-01,197
P0115,L002,2025-03-01,63
P0116,L002,2025-03-01,108
P0117,L002,2025-03-01,160
P0118,L002,2025-03-01,187
P0119,L002,2025-03-01,147
P0120,L002,2025-03-01,151
P0121,L002,2025-03-01,55
P0122,L002,2025-03-01,15
P0123,L002,2025-03-01,166
P0124,L002,2025-03-01,51
P0125,L002,2025-03-01,137
P0126,L002,2025-03-01,152
P0127,L002,2025-03-01,181
P0128,L002,2025-03-01,36
P0129,L002,2025-03-01,26
P0130,L002,2025-03-01,47
P0131,L002,2025-03-01,56
P0132,L002,2025-03-01,81
P0133,L002,2025-03-01,5
P0134,L002,2025-03-01,37
P0135,L002,2025-03-01,19
P0136,L002,2025-03-01,96
P0137,L002,2025-03-01,18
P0138,L002,2025-03-01,34
P0139,L002,2025-03-01,53
P0140,L002,2025-03-01,153
P0141,L002,2025-03-01,54
P0142,L002,2025-03-01,159
P0143,L002,2025-03-01,177
P0144,L002,2025-03-01,69
P0145,L002,2025-03-01,29
P0146,L002,2025-03-01,187
P0147,L002,2025-03-01,22
P0148,L002,2025-03-01,135
P0149,L002,2025-03-01,63
P0150,L002,2025-03-01,54
P0001,L003,2025-03-01,172
P0002,L003,2025-03-01,54
P0003,L003,2025-03-01,120
P0004,L003,2025-03-01,179
P0005,L003,2025-03-01,79
P0006,L003,2025-03-01,195
P0007,L003,2025-03-01,51
P0008,L003,2025-03-01,101
P0009,L003,2025-03-01,194
P0010,L003,2025-03-01,44
P0011,L003,2025-03-01,178
P0012,L003,2025-03-01,125
P0013,L003,2025-03-01,84
P0014,L003,2025-03-01,47
P0015,L003,2025-03-01,164
P0016,L003,2025-03-01,122
P0017,L003,2025-03-01,174
P0018,L003,2025-03-01,8
P0019,L003,2025-03-01,107
P0020,L003,2025-03-01,122
P0021,L003,2025-03-01,179
P0022,L003,2025-03-01,58
P0023,L003,2025-03-01,78
P0024,L003,2025-03-01,48
P0025,L003,2025-03-01,83
P0026,L003,2025-03-01,35
P0027,L003,2025-03-01,109
P0028,L003,2025-03-01,93
P0029,L003,2025-03-01,24
P0030,L003,2025-03-01,126
P0031,L003,2025-03-01,83
P0032,L003,2025-03-01,14
P0033,L003,2025-03-01,165
P0034,L003,2025-03-01,27
P0035,L003,2025-03-01,61
P0036,L003,2025-03-01,68
P0037,L003,2025-03-01,115
P0038,L003,2025-03-01,58
P0039,L003,2025-03-01,-18
P0040,L003,2025-03-01,57
P0041,L003,2025-03-01,73
P0042,L003,2025-03-01,141
P0043,L003,2025-03-01,87
P0044,L003,2025-03-01,14
P0045,L003,2025-03-01,70
P0046,L003,2025-03-01,130
P0047,L003,2025-03-01,84
P0048,L003,2025-03-01,24
P0049,L003,2025-03-01,31
P0050,L003,2025-03-01,80
P0051,L003,2025-03-01,117
P0052,L003,2025-03-01,22
P0053,L003,2025-03-01,131
P0054,L003,2025-03-01,71
P0055,L003,2025-03-01,197
P0056,L003,2025-03-01,143
P0057,L003,2025-03-01,111
P0058,L003,2025-03-01,9
P0059,L003,2025-03-01,52
P0060,L003,2025-03-01,193
P0061,L003,2025-03-01,20
P0062,L003,2025-03-01,85
P0063,L003,2025-03-01,140
P0064,L003,2025-03-01,17
P0065,L003,2025-03-01,176
P0066,L003,2025-03-01,62
P0067,L003,2025-03-01,61
P0068,L003,2025-03-01,68
P0069,L003,2025-03-01,166
P0070,L003,2025-03-01,57
P0071,L003,2025-03-01,7
P0072,L003,2025-03-01,60
P0073,L003,2025-03-01,57
P0074,L003,2025-03-01,34
P0075,L003,2025-03-01,53
P0076,L003,2025-03-01,72
P0077,L003,2025-03-01,173
P0078,L003,2025-03-01,23
P0079,L003,2025-03-01,150
P0080,L003,2025-03-01,81
P0081,L003,2025-03-01,99
P0082,L003,2025-03-01,165
P0083,L003,2025-03-01,186
P0084,L003,2025-03-01,18
P0085,L003,2025-03-01,0
P0086,L003,2025-03-01,134
P0087,L003,2025-03-01,71
P0088,L003,2025-03-01,14
P0089,L003,2025-03-01,165
P0090,L003,2025-03-01,158
P0091,L003,2025-03-01,70
P0092,L003,2025-03-01,180
P0093,L003,2025-03-01,14
P0094,L003,2025-03-01,10
P0095,L003,2025-03-01,130
P0096,L003,2025-03-01,198
P0097,L003,2025-03-01,141
P0098,L003,2025-03-01,95
P0099,L003,2025-03-01,156
P0100,L003,2025-03-01,2
P0101,L003,2025-03-01,17
P0102,L003,2025-03-01,149
P0103,L003,2025-03-01,119
P0104,L003,2025-03-01,70
P0105,L003,2025-03-01,146
P0106,L003,2025-03-01,119
P0107,L003,2025-03-01,48
P0108,L003,2025-03-01,9
P0109,L003,2025-03-01,156
P0110,L003,2025-03-01,125
P0111,L003,2025-03-01,94
P0112,L003,2025-03-01,189
P0113,L003,2025-03-01,25
P0114,L003,2025-03-01,89
P0115,L003,2025-03-01,178
P0116,L003,2025-03-01,137
P0117,L003,2025-03-01,32
P0118,L003,2025-03-01,145
P0119,L003,2025-03-01,199
P0120,L003,2025-03-01,197
P0121,L003,2025-03-01,185
P0122,L003,2025-03-01,175
P0123,L003,2025-03-01,67
P0124,L003,2025-03-01,86
P0125,L003,2025-03-01,104
P0126,L003,2025-03-01,43
P0127,L003,2025-03-01,97
P0128,L003,2025-03-01,63
P0129,L003,2025-03-01,196
P0130,L003,2025-03-01,64
P0131,L003,2025-03-01,141
P0132,L003,2025-03-01,107
P0133,L003,2025-03-01,42
P0134,L003,2025-03-01,185
P0135,L003,2025-03-01,117
P0136,L003,2025-03-01,100
P0137,L003,2025-03-01,70
P0138,L003,2025-03-01,147
P0139,L003,2025-03-01,190
P0140,L003,2025-03-01,-8
P0141,L003,2025-03-01,86
P0142,L003,2025-03-01,124
P0143,L003,2025-03-01,109
P0144,L003,2025-03-01,44
P0145,L003,2025-03-01,119
P0146,L003,2025-03-01,132
P0147,L003,2025-03-01,134
P0148,L003,2025-03-01,68
P0149,L003,2025-03-01,138
P0150,L003,2025-03-01,22
P0001,L004,2025-03-01,81
P0002,L004,2025-03-01,151
P0003,L004,2025-03-01,152
P0004,L004,2025-03-01,77
P0005,L004,2025-03-01,64
P0006,L004,2025-03-01,127
P0007,L004,2025-03-01,40
P0008,L004,2025-03-01,180
P0009,L004,2025-03-01,142
P0010,L004,2025-03-01,112
P0011,L004,2025-03-01,76
P0012,L004,2025-03-01,158
P0013,L004,2025-03-01,147
P0014,L004,2025-03-01,121
P0015,L004,2025-03-01,146
P0016,L004,2025-03-01,101
P0017,L004,2025-03-01,105
P0018,L004,2025-03-01,119
P0019,L004,2025-03-01,16
P0020,L004,2025-03-01,29
P0021,L004,2025-03-01,113
P0022,L004,2025-03-01,175
P0023,L004,2025-03-01,85
P0024,L004,2025-03-01,27
P0025,L004,2025-03-01,78
P0026,L004,2025-03-01,49
P0027,L004,2025-03-01,114
P0028,L004,2025-03-01,7
P0029,L004,2025-03-01,95
P0030,L004,2025-03-01,151
P0031,L004,2025-03-01,104
P0032,L004,2025-03-01,1
P0033,L004,2025-03-01,137
P0034,L004,2025-03-01,4
P0035,L004,2025-03-01,91
P0036,L004,2025-03-01,151
P0037,L004,2025-03-01,63
P0038,L004,2025-03-01,56
P0039,L004,2025-03-01,157
P0040,L004,2025-03-01,190
P0041,L004,2025-03-01,62
P0042,L004,2025-03-01,118
P0043,L004,2025-03-01,0
P0044,L004,2025-03-01,135
P0045,L004,2025-03-01,28
P0046,L004,2025-03-01,178
P0047,L004,2025-03-01,170
P0048,L004,2025-03-01,197
P0049,L004,2025-03-01,178
P0050,L004,2025-03-01,92
P0051,L004,2025-03-01,11
P0052,L004,2025-03-01,38
P0053,L004,2025-03-01,74
P0054,L004,2025-03-01,46
P0055,L004,2025-03-01,187
P0056,L004,2025-03-01,165
P0057,L004,2025-03-01,142
P0058,L004,2025-03-01,13
P0059,L004,2025-03-01,55
P0060,L004,2025-03-01,61
P0061,L004,2025-03-01,132
P0062,L004,2025-03-01,20
P0063,L004,2025-03-01,25
P9033,L004,2025-03-01,177
P0065,L004,2025-03-01,109
P0066,L004,2025-03-01,46
P0067,L004,2025-03-01,103
P0068,L004,2025-03-01,152
P0069,L004,2025-03-01,22
P0070,L004,2025-03-01,195
P0071,L004,2025-03-01,79
P0072,L004,2025-03-01,120
P0073,L004,2025-03-01,11
P0074,L004,2025-03-01,196
P0075,L004,2025-03-01,170
P0076,L004,2025-03-01,15
P0077,L004,2025-03-01,11
P0078,L004,2025-03-01,151
P0079,L004,2025-03-01,27
P0080,L004,2025-03-01,137
P0081,L004,2025-03-01,125
P0082,L004,2025-03-01,50
P0083,L004,2025-03-01,151
P0084,L004,2025-03-01,195
P0085,L004,2025-03-01,174
P0086,L004,2025-03-01,28
P0087,L004,2025-03-01,157
P0088,L004,2025-03-01,38
P0089,L004,2025-03-01,72
P0090,L004,2025-03-01,159
P0091,L004,2025-03-01,5
P0092,L004,2025-03-01,95
P0093,L004,2025-03-01,141
P0094,L004,2025-03-01,79
P0095,L004,2025-03-01,86
P0096,L004,2025-03-01,20
P0097,L004,2025-03-01,116
P0098,L004,2025-03-01,125
P0099,L004,2025-03-01,3
P0100,L004,2025-03-01,154
P0101,L004,2025-03-01,67
P0102,L004,2025-03-01,78
P0103,L004,2025-03-01,178
P0104,L004,2025-03-01,169
P0105,L004,2025-03-01,198
P0106,L004,2025-03-01,61
P0107,L004,2025-03-01,192
P0108,L004,2025-03-01,31
P0109,L004,2025-03-01,192
P0110,L004,2025-03-01,119
P0111,L004,2025-03-01,22
P0112,L004,2025-03-01,22
P0113,L004,2025-03-01,3
P0114,L004,2025-03-01,13
P0115,L004,2025-03-01,177
P0116,L004,2025-03-01,130
P0117,L004,2025-03-01,95
P0118,L004,2025-03-01,167
P0119,L004,2025-03-01,160
P0120,L004,2025-03-01,96
P0121,L004,2025-03-01,78
P0122,L004,2025-03-01,92
P0123,L004,2025-03-01,78
P0124,L004,2025-03-01,188
P0125,L004,2025-03-01,3
P0126,L004,2025-03-01,83
P0127,L004,2025-03-01,-1
P0128,L004,2025-03-01,31
P0129,L004,2025-03-01,116
P0130,L004,2025-03-01,86
P0131,L004,2025-03-01,87
P0132,L004,2025-03-01,88
P0133,L004,2025-03-01,28
P0134,L004,2025-03-01,3
P0135,L004,2025-03-01,99
P0136,L004,2025-03-01,182
P0137,L004,2025-03-01,197
P0138,L004,2025-03-01,113
P0139,L004,2025-03-01,-8
P0140,L004,2025-03-01,177
P0141,L004,2025-03-01,120
P0142,L004,2025-03-01,159
P0143,L004,2025-03-01,27
P0144,L004,2025-03-01,61
P0145,L004,2025-03-01,0
P0146,L004,2025-03-01,153
P0147,L004,2025-03-01,169
P0148,L004,2025-03-01,105
P0149,L004,2025-03-01,25
P0150,L004,2025-03-01,42
P0001,L005,2025-03-01,129
P0002,L005,2025-03-01,126
P0003,L005,2025-03-01,121
P0004,L005,2025-03-01,197
P0005,L005,2025-03-01,73
P0006,L005,2025-03-01,196
P0007,L005,2025-03-01,52
P0008,L005,2025-03-01,152
P0009,L005,2025-03-01,66
P0010,L005,2025-03-01,170
P0011,L005,2025-03-01,50
P0012,L005,2025-03-01,33
P0013,L005,2025-03-01,82
P0014,L005,2025-03-01,96
P0015,L005,2025-03-01,128
P0016,L005,2025-03-01,187
P0017,L005,2025-03-01,93
P0018,L005,2025-03-01,130
P0019,L005,2025-03-01,172
P0020,L005,2025-03-01,18
P0021,L005,2025-03-01,38
P0022,L005,2025-03-01,195
P0023,L005,2025-03-01,56
P0024,L005,2025-03-01,170
P0025,L005,2025-03-01,75
P0026,L005,2025-03-01,149
P0027,L005,2025-03-01,195
P0028,L005,2025-03-01,35
P0029,L005,2025-03-01,-19
P0030,L005,2025-03-01,188
P0031,L005,2025-03-01,100
P0032,L005,2025-03-01,43
P0033,L005,2025-03-01,181
P0034,L005,2025-03-01,67
P0035,L005,2025-03-01,32
P0036,L005,2025-03-01,197
P0037,L005,2025-03-01,192
P0038,L005,2025-03-01,34
P0039,L005,2025-03-01,63
P0040,L005,2025-03-01,165
P0041,L005,2025-03-01,146
P0042,L005,2025-03-01,185
P0043,L005,2025-03-01,121
P0044,L005,2025-03-01,109
P0045,L005,2025-03-01,53
P0046,L005,2025-03-01,25
P0047,L005,2025-03-01,10
P0048,L005,2025-03-01,189
P0049,L005,2025-03-01,189
P0050,L005,2025-03-01,122
P0051,L005,2025-03-01,47
P0052,L005,2025-03-01,157
P0053,L005,2025-03-01,171
P0054,L005,2025-03-01,119
P0055,L005,2025-03-01,9
P0056,L005,2025-03-01,138
P0057,L005,2025-03-01,104
P0058,L005,2025-03-01,124
P0059,L005,2025-03-01,4
P0060,L005,2025-03-01,138
P0061,L005,2025-03-01,117
P0062,L005,2025-03-01,179
P0063,L005,2025-03-01,193
P0064,L005,2025-03-01,75
P0065,L005,2025-03-01,49
P0066,L005,2025-03-01,13
P0067,L005,2025-03-01,191
P0068,L005,2025-03-01,149
P0069,L005,2025-03-01,110
P0070,L005,2025-03-01,142
P0071,L005,2025-03-01,182
P0072,L005,2025-03-01,110
P0073,L005,2025-03-01,161
P0074,L005,2025-03-01,136
P0075,L005,2025-03-01,82
P0076,L005,2025-03-01,3
P0077,L005,2025-03-01,59
P0078,L005,2025-03-01,149
P0079,L005,2025-03-01,179
P0080,L005,2025-03-01,15
P0081,L005,2025-03-01,125
P0082,L005,2025-03-01,172
P0083,L005,2025-03-01,22
P0084,L005,2025-03-01,83
P0085,L005,2025-03-01,117
P0086,L005,2025-03-01,170
P0087,L005,2025-03-01,179
P0088,L005,2025-03-01,138
P0089,L005,2025-03-01,119
P0090,L005,2025-03-01,55
P0091,L005,2025-03-01,161
P0092,L005,2025-03-01,82
P0093,L005,2025-03-01,49
P0094,L005,2025-03-01,178
P0095,L005,2025-03-01,0
P0096,L005,2025-03-01,160
P0097,L005,2025-03-01,120
P0098,L005,2025-03-01,80
P0099,L005,2025-03-01,155
P0100,L005,2025-03-01,11
P0101,L005,2025-03-01,158
P0102,L005,2025-03-01,16
P0103,L005,2025-03-01,104
P0104,L005,2025-03-01,194
P0105,L005,2025-03-01,154
P0106,L005,2025-03-01,74
P0107,L005,2025-03-01,110
P0108,L005,2025-03-01,152
P0109,L005,2025-03-01,97
P0110,L005,2025-03-01,195
P0111,L005,2025-03-01,179
P0112,L005,2025-03-01,46
P0113,L005,2025-03-01,143
P0114,L005,2025-03-01,-18
P0115,L005,2025-03-01,157
P0116,L005,2025-03-01,144
P0117,L005,2025-03-01,195
P0118,L005,2025-03-01,97
P0119,L005,2025-03-01,38
P0120,L005,2025-03-01,184
P0121,L005,2025-03-01,163
P0122,L005,2025-03-01,191
P0123,L005,2025-03-01,43
P0124,L005,2025-03-01,42
P0125,L005,2025-03-01,46
P0126,L005,2025-03-01,81
P0127,L005,2025-03-01,49
P0128,L005,2025-03-01,5
P0129,L005,2025-03-01,190
P0130,L005,2025-03-01,84
P0131,L005,2025-03-01,42
P0132,L005,2025-03-01,116
P0133,L005,2025-03-01,58
P0134,L005,2025-03-01,150
P0135,L005,2025-03-01,73
P0136,L005,2025-03-01,137
P0137,L005,2025-03-01,133
P0138,L005,2025-03-01,59
P0139,L005,2025-03-01,11
P0140,L005,2025-03-01,63
P0141,L005,2025-03-01,81
P0142,L005,2025-03-01,78
P0143,L005,2025-03-01,13
P0144,L005,2025-03-01,7
P0145,L005,2025-03-01,179
P0146,L005,2025-03-01,137
P0147,L005,2025-03-01,158
P0148,L005,2025-03-01,103
P0149,L005,2025-03-01,51
P0150,L005,2025-03-01,58
P0001,L006,2025-03-01,142
P0002,L006,2025-03-01,87
P0003,L006,2025-03-01,188
P0004,L006,2025-03-01,105
P0005,L006,2025-03-01,85
P0006,L006,2025-03-01,134
P0007,L006,2025-03-01,60
P0008,L006,2025-03-01,36
P0009,L006,2025-03-01,9
P0010,L006,2025-03-01,89
P0011,L006,2025-03-01,135
P0012,L006,2025-03-01,133
P0013,L006,2025-03-01,139
P0014,L006,2025-03-01,75
P0015,L006,2025-03-01,74
P0016,L006,2025-03-01,125
P0017,L006,2025-03-01,49
P0018,L006,2025-03-01,170
P0019,L006,2025-03-01,145
P0020,L006,2025-03-01,45
P0021,L006,2025-03-01,153
P0022,L006,2025-03-01,188
P0023,L006,2025-03-01,147
P0024,L006,2025-03-01,31
P0025,L006,2025-03-01,157
P0026,L006,2025-03-01,18
P0027,L006,2025-03-01,143
P0028,L006,2025-03-01,34
P0029,L006,2025-03-01,188
P0030,L006,2025-03-01,23
P0031,L006,2025-03-01,17
P0032,L006,2025-03-01,21
P0033,L006,2025-03-01,89
P9041,L006,2025-03-01,196
P0035,L006,2025-03-01,111
P0036,L006,2025-03-01,145
P0037,L006,2025-03-01,73
P0038,L006,2025-03-01,123
P0039,L006,2025-03-01,5
P0040,L006,2025-03-01,10
P0041,L006,2025-03-01,91
P0042,L006,2025-03-01,111
P0043,L006,2025-03-01,125
P0044,L006,2025-03-01,109
P0045,L006,2025-03-01,98
P0046,L006,2025-03-01,111
P0047,L006,2025-03-01,60
P0048,L006,2025-03-01,59
P0049,L006,2025-03-01,20
P0050,L006,2025-03-01,55
P0051,L006,2025-03-01,81
P0052,L006,2025-03-01,4
P0053,L006,2025-03-01,1
P0054,L006,2025-03-01,153
P0055,L006,2025-03-01,183
P0056,L006,2025-03-01,98
P0057,L006,2025-03-01,122
P0058,L006,2025-03-01,4
P0059,L006,2025-03-01,144
P0060,L006,2025-03-01,175
P0061,L006,2025-03-01,160
P0062,L006,2025-03-01,8
P0063,L006,2025-03-01,85
P0064,L006,2025-03-01,125
P0065,L006,2025-03-01,52
P0066,L006,2025-03-01,127
P0067,L006,2025-03-01,31
P0068,L006,2025-03-01,178
P0069,L006,2025-03-01,56
P0070,L006,2025-03-01,72
P0071,L006,2025-03-01,95
P0072,L006,2025-03-01,191
P0073,L006,2025-03-01,110
P0074,L006,2025-03-01,152
P0075,L006,2025-03-01,182
P0076,L006,2025-03-01,71
P0077,L006,2025-03-01,84
P0078,L006,2025-03-01,20
P0079,L006,2025-03-01,196
P0080,L006,2025-03-01,151
P0081,L006,2025-03-01,130
P0082,L006,2025-03-01,101
P0083,L006,2025-03-01,162
P0084,L006,2025-03-01,159
P0085,L006,2025-03-01,49
P0086,L006,2025-03-01,39
P0087,L006,2025-03-01,56
P0088,L006,2025-03-01,167
P0089,L006,2025-03-01,180
P0090,L006,2025-03-01,153
P0091,L006,2025-03-01,186
P0092,L006,2025-03-01,44
P0093,L006,2025-03-01,99
P0094,L006,2025-03-01,141
P0095,L006,2025-03-01,127
P0096,L006,2025-03-01,112
P0097,L006,2025-03-01,53
P0098,L006,2025-03-01,40
P0099,L006,2025-03-01,182
P0100,L006,2025-03-01,179
P0101,L006,2025-03-01,58
P0102,L006,2025-03-01,178
P0103,L006,2025-03-01,23
P0104,L006,2025-03-01,129
P0105,L006,2025-03-01,184
P0106,L006,2025-03-01,10
P0107,L006,2025-03-01,155
P0108,L006,2025-03-01,39
P0109,L006,2025-03-01,99
P0110,L006,2025-03-01,136
P0111,L006,2025-03-01,167
P0112,L006,2025-03-01,152
P0113,L006,2025-03-01,129
P0114,L006,2025-03-01,29
P0115,L006,2025-03-01,129
P0116,L006,2025-03-01,110
P0117,L006,2025-03-01,104
P0118,L006,2025-03-01,178
P0119,L006,2025-03-01,66
P0120,L006,2025-03-01,2
P0121,L006,2025-03-01,141
P0122,L006,2025-03-01,98
P0123,L006,2025-03-01,55
P0124,L006,2025-03-01,139
P0125,L006,2025-03-01,147
P0126,L006,2025-03-01,70
P0127,L006,2025-03-01,35
P0128,L006,2025-03-01,36
P0129,L006,2025-03-01,44
P0130,L006,2025-03-01,1
P0131,L006,2025-03-01,159
P0132,L006,2025-03-01,165
P0133,L006,2025-03-01,37
P0134,L006,2025-03-01,11
P0135,L006,2025-03-01,190
P0136,L006,2025-03-01,29
P0137,L006,2025-03-01,100
P0138,L006,2025-03-01,18
P0139,L006,2025-03-01,198
P0140,L006,2025-03-01,3
P0141,L006,2025-03-01,3
P0142,L006,2025-03-01,87
P0143,L006,2025-03-01,163
P0144,L006,2025-03-01,134
P0145,L006,2025-03-01,25
P0146,L006,2025-03-01,27
P0147,L006,2025-03-01,116
P0148,L006,2025-03-01,57
P0149,L006,2025-03-01,126
P0150,L006,2025-03-01,42
P0001,L100,2025-03-01,180
P0002,L100,2025-03-01,177
P0003,L100,2025-03-01,194
P0004,L100,2025-03-01,177
P0005,L100,2025-03-01,47
P0006,L100,2025-03-01,136
P0007,L100,2025-03-01,3
P0008,L100,2025-03-01,162
P0009,L100,2025-03-01,187
P0010,L100,2025-03-01,100
P0011,L100,2025-03-01,163
P0012,L100,2025-03-01,182
P0013,L100,2025-03-01,114
P0014,L100,2025-03-01,172
P0015,L100,2025-03-01,156
P0016,L100,2025-03-01,74
P0017,L100,2025-03-01,159
P0018,L100,2025-03-01,145
P0019,L100,2025-03-01,49
P0020,L100,2025-03-01,95
P0021,L100,2025-03-01,149
P0022,L100,2025-03-01,176
P0023,L100,2025-03-01,35
P0024,L100,2025-03-01,125
P0025,L100,2025-03-01,100
P0026,L100,2025-03-01,19
P0027,L100,2025-03-01,70
P0028,L100,2025-03-01,170
P0029,L100,2025-03-01,127
P0030,L100,2025-03-01,84
P0031,L100,2025-03-01,179
P0032,L100,2025-03-01,198
P0033,L100,2025-03-01,151
P0034,L100,2025-03-01,26
P0035,L100,2025-03-01,128
P0036,L100,2025-03-01,59
P0037,L100,2025-03-01,1
P0038,L100,2025-03-01,65
P0039,L100,2025-03-01,190
P0040,L100,2025-03-01,5
P0041,L100,2025-03-01,120
P0042,L100,2025-03-01,-2
P0043,L100,2025-03-01,78
P0044,L100,2025-03-01,161
P0045,L100,2025-03-01,147
P0046,L100,2025-03-01,111
P0047,L100,2025-03-01,152
P0048,L100,2025-03-01,18
P0049,L100,2025-03-01,165
P0050,L100,2025-03-01,175
P0051,L100,2025-03-01,63
P0052,L100,2025-03-01,73
P0053,L100,2025-03-01,189
P0054,L100,2025-03-01,30
P0055,L100,2025-03-01,180
P0056,L100,2025-03-01,189
P0057,L100,2025-03-01,113
P0058,L100,2025-03-01,9
P0059,L100,2025-03-01,54
P0060,L100,2025-03-01,0
P0061,L100,2025-03-01,30
P0062,L100,2025-03-01,68
P0063,L100,2025-03-01,178
P0064,L100,2025-03-01,52
P0065,L100,2025-03-01,165
P0066,L100,2025-03-01,89
P0067,L100,2025-03-01,43
P0068,L100,2025-03-01,126
P0069,L100,2025-03-01,154
P0070,L100,2025-03-01,128
P0071,L100,2025-03-01,43
P0072,L100,2025-03-01,168
P0073,L100,2025-03-01,188
P0074,L100,2025-03-01,95
P0075,L100,2025-03-01,156
P0076,L100,2025-03-01,64
P0077,L100,2025-03-01,11
P0078,L100,2025-03-01,85
P0079,L100,2025-03-01,14
P0080,L100,2025-03-01,116
P0081,L100,2025-03-01,123
P0082,L100,2025-03-01,125
P0083,L100,2025-03-01,20
P0084,L100,2025-03-01,2
P0085,L100,2025-03-01,52
P0086,L100,2025-03-01,113
P0087,L100,2025-03-01,36
P0088,L100,2025-03-01,103
P0089,L100,2025-03-01,108
P0090,L100,2025-03-01,134
P0091,L100,2025-03-01,159
P0092,L100,2025-03-01,49
P0093,L100,2025-03-01,147
P0094,L100,2025-03-01,16
P0095,L100,2025-03-01,145
P0096,L100,2025-03-01,129
P0097,L100,2025-03-01,114
P0098,L100,2025-03-01,171
P0099,L100,2025-03-01,39
P0100,L100,2025-03-01,163
P0101,L100,2025-03-01,80
P0102,L100,2025-03-01,30
P0103,L100,2025-03-01,61
P0104,L100,2025-03-01,44
P0105,L100,2025-03-01,115
P0106,L100,2025-03-01,120
P0107,L100,2025-03-01,171
P0108,L100,2025-03-01,8
P0109,L100,2025-03-01,177
P0110,L100,2025-03-01,5
P0111,L100,2025-03-01,11
P0112,L100,2025-03-01,125
P0113,L100,2025-03-01,89
P0114,L100,2025-03-01,178
P0115,L100,2025-03-01,47
P0116,L100,2025-03-01,181
P0117,L100,2025-03-01,135
P0118,L100,2025-03-01,100
P0119,L100,2025-03-01,48
P0120,L100,2025-03-01,19
P0121,L100,2025-03-01,167
P0122,L100,2025-03-01,73
P0123,L100,2025-03-01,40
P0124,L100,2025-03-01,129
P0125,L100,2025-03-01,26
P0126,L100,2025-03-01,98
P0127,L100,2025-03-01,0
P0128,L100,2025-03-01,57
P0129,L100,2025-03-01,120
P0130,L100,2025-03-01,149
P0131,L100,2025-03-01,11
P0132,L100,2025-03-01,92
P0133,L100,2025-03-01,133
P0134,L100,2025-03-01,76
P0135,L100,2025-03-01,54
P0136,L100,2025-03-01,11
P0137,L100,2025-03-01,176
P0138,L100,2025-03-01,94
P0139,L100,2025-03-01,116
P0140,L100,2025-03-01,-4
P0141,L100,2025-03-01,92
P0142,L100,2025-03-01,24
P0143,L100,2025-03-01,121
P0144,L100,2025-03-01,128
P0145,L100,2025-03-01,87
P0146,L100,2025-03-01,12
P0147,L100,2025-03-01,151
P0148,L100,2025-03-01,199
P0149,L100,2025-03-01,66
P0150,L100,2025-03-01,98
P0001,L001,2025-04-01,159
P0002,L001,2025-04-01,29
P0003,L001,2025-04-01,61
P0004,L001,2025-04-01,40
P0005,L001,2025-04-01,177
P0006,L001,2025-04-01,176
P0007,L001,2025-04-01,82
P0008,L001,2025-04-01,42
P0009,L001,2025-04-01,130
P0010,L001,2025-04-01,189
P0011,L001,2025-04-01,25
P0012,L001,2025-04-01,49
P0013,L001,2025-04-01,163
P0014,L001,2025-04-01,114
P0015,L001,2025-04-01,61
P0016,L001,2025-04-01,107
P0017,L001,2025-04-01,122
P0018,L001,2025-04-01,48
P0019,L001,2025-04-01,82
P0020,L001,2025-04-01,175
P0021,L001,2025-04-01,158
P0022,L001,2025-04-01,36
P0023,L001,2025-04-01,66
P0024,L001,2025-04-01,23
P0025,L001,2025-04-01,178
P0026,L001,2025-04-01,137
P0027,L001,2025-04-01,9
P0028,L001,2025-04-01,114
P0029,L001,2025-04-01,100
P0030,L001,2025-04-01,112
P0031,L001,2025-04-01,116
P0032,L001,2025-04-01,179
P0033,L001,2025-04-01,55
P0034,L001,2025-04-01,129
P0035,L001,2025-04-01,60
P0036,L001,2025-04-01,25
P0037,L001,2025-04-01,92
P0038,L001,2025-04-01,109
P0039,L001,2025-04-01,187
P0040,L001,2025-04-01,164
P0041,L001,2025-04-01,193
P0042,L001,2025-04-01,176
P0043,L001,2025-04-01,37
P0044,L001,2025-04-01,56
P0045,L001,2025-04-01,161
P0046,L001,2025-04-01,89
P0047,L001,2025-04-01,24
P0048,L001,2025-04-01,74
P0049,L001,2025-04-01,134
P0050,L001,2025-04-01,129
P0051,L001,2025-04-01,84
P0052,L001,2025-04-01,192
P0053,L001,2025-04-01,84
P0054,L001,2025-04-01,136
P0055,L001,2025-04-01,105
P0056,L001,2025-04-01,165
P0057,L001,2025-04-01,182
P0058,L001,2025-04-01,169
P0059,L001,2025-04-01,144
P0060,L001,2025-04-01,176
P0061,L001,2025-04-01,95
P0062,L001,2025-04-01,23
P0063,L001,2025-04-01,83
P0064,L001,2025-04-01,79
P0065,L001,2025-04-01,19
P0066,L001,2025-04-01,167
P0067,L001,2025-04-01,179
P0068,L001,2025-04-01,186
P0069,L001,2025-04-01,154
P0070,L001,2025-04-01,38
P0071,L001,2025-04-01,7
P0072,L001,2025-04-01,88
P0073,L001,2025-04-01,181
P0074,L001,2025-04-01,70
P0075,L001,2025-04-01,70
P0076,L001,2025-04-01,46
P0077,L001,2025-04-01,137
P0078,L001,2025-04-01,82
P0079,L001,2025-04-01,165
P0080,L001,2025-04-01,5
P0081,L001,2025-04-01,113
P0082,L001,2025-04-01,34
P0083,L001,2025-04-01,68
P0084,L001,2025-04-01,192
P0085,L001,2025-04-01,61
P0086,L001,2025-04-01,104
P0087,L001,2025-04-01,57
P0088,L001,2025-04-01,32
P0089,L001,2025-04-01,12
P0090,L001,2025-04-01,2
P0091,L001,2025-04-01,157
P0092,L001,2025-04-01,143
P0093,L001,2025-04-01,118
P0094,L001,2025-04-01,185
P0095,L001,2025-04-01,17
P0096,L001,2025-04-01,32
P0097,L001,2025-04-01,92
P0098,L001,2025-04-01,181
P0099,L001,2025-04-01,193
P0100,L001,2025-04-01,0
P0101,L001,2025-04-01,121
P0102,L001,2025-04-01,155
P0103,L001,2025-04-01,90
P0104,L001,2025-04-01,46
P0105,L001,2025-04-01,16
P0106,L001,2025-04-01,68
P0107,L001,2025-04-01,197
P0108,L001,2025-04-01,98
P0109,L001,2025-04-01,135
P0110,L001,2025-04-01,95
P0111,L001,2025-04-01,105
P0112,L001,2025-04-01,182
P0113,L001,2025-04-01,-10
P0114,L001,2025-04-01,195
P0115,L001,2025-04-01,195
P0116,L001,2025-04-01,40
P0117,L001,2025-04-01,14
P0118,L001,2025-04-01,12
P0119,L001,2025-04-01,134
P0120,L001,2025-04-01,140
P0121,L001,2025-04-01,182
P0122,L001,2025-04-01,9
P0123,L001,2025-04-01,24
P0124,L001,2025-04-01,179
P0125,L001,2025-04-01,104
P0126,L001,2025-04-01,169
P0127,L001,2025-04-01,106
P0128,L001,2025-04-01,179
P0129,L001,2025-04-01,174
P0130,L001,2025-04-01,84
P0131,L001,2025-04-01,83
P0132,L001,2025-04-01,186
P0133,L001,2025-04-01,185
P0134,L001,2025-04-01,133
P0135,L001,2025-04-01,75
P0136,L001,2025-04-01,41
P0137,L001,2025-04-01,134
P0138,L001,2025-04-01,174
P0139,L001,2025-04-01,40
P0140,L001,2025-04-01,130
P0141,L001,2025-04-01,6
P0142,L001,2025-04-01,96
P0143,L001,2025-04-01,167
P0144,L001,2025-04-01,120
P0145,L001,2025-04-01,153
P0146,L001,2025-04-01,42
P0147,L001,2025-04-01,190
P0148,L001,2025-04-01,155
P0149,L001,2025-04-01,127
P0150,L001,2025-04-01,45
P0001,L002,2025-04-01,108
P0002,L002,2025-04-01,60
P0003,L002,2025-04-01,118
P0004,L002,2025-04-01,181
P0005,L002,2025-04-01,69
P0006,L002,2025-04-01,25
P0007,L002,2025-04-01,29
P0008,L002,2025-04-01,63
P0009,L002,2025-04-01,75
P0010,L002,2025-04-01,159
P0011,L002,2025-04-01,153
P0012,L002,2025-04-01,136
P0013,L002,2025-04-01,72
P0014,L002,2025-04-01,116
P0015,L002,2025-04-01,183
P0016,L002,2025-04-01,190
P0017,L002,2025-04-01,158
P0018,L002,2025-04-01,129
P0019,L002,2025-04-01,129
P0020,L002,2025-04-01,66
P0021,L002,2025-04-01,147
P0022,L002,2025-04-01,29
P0023,L002,2025-04-01,124
P0024,L002,2025-04-01,90
P0025,L002,2025-04-01,75
P0026,L002,2025-04-01,68
P0027,L002,2025-04-01,121
P0028,L002,2025-04-01,36
P0029,L002,2025-04-01,120
P0030,L002,2025-04-01,60
P0031,L002,2025-04-01,140
P0032,L002,2025-04-01,140
P0033,L002,2025-04-01,23
P0034,L002,2025-04-01,53
P0035,L002,2025-04-01,62
P0036,L002,2025-04-01,105
P0037,L002,2025-04-01,16
P0038,L002,2025-04-01,84
P0039,L002,2025-04-01,24
P0040,L002,2025-04-01,73
P0041,L002,2025-04-01,78
P0042,L002,2025-04-01,153
P0043,L002,2025-04-01,106
P0044,L002,2025-04-01,133
P0045,L002,2025-04-01,13
P0046,L002,2025-04-01,114
P0047,L002,2025-04-01,100
P0048,L002,2025-04-01,181
P0049,L002,2025-04-01,136
P0050,L002,2025-04-01,95
P0051,L002,2025-04-01,47
P0052,L002,2025-04-01,156
P0053,L002,2025-04-01,151
P0054,L002,2025-04-01,145
P0055,L002,2025-04-01,197
P9039,L002,2025-04-01,100
P0057,L002,2025-04-01,153
P0058,L002,2025-04-01,198
P0059,L002,2025-04-01,61
P0060,L002,2025-04-01,139
P0061,L002,2025-04-01,25
P0062,L002,2025-04-01,136
P0063,L002,2025-04-01,171
P0064,L002,2025-04-01,136
P0065,L002,2025-04-01,6
P0066,L002,2025-04-01,154
P0067,L002,2025-04-01,54
P0068,L002,2025-04-01,62
P0069,L002,2025-04-01,78
P0070,L002,2025-04-01,40
P0071,L002,2025-04-01,18
P0072,L002,2025-04-01,118
P0073,L002,2025-04-01,32
P0074,L002,2025-04-01,186
P0075,L002,2025-04-01,99
P0076,L002,2025-04-01,123
P0077,L002,2025-04-01,65
P0078,L002,2025-04-01,62
P0079,L002,2025-04-01,24
P0080,L002,2025-04-01,86
P0081,L002,2025-04-01,24
P0082,L002,2025-04-01,128
P0083,L002,2025-04-01,36
P0084,L002,2025-04-01,22
P0085,L002,2025-04-01,93
P0086,L002,2025-04-01,29
P0087,L002,2025-04-01,104
P0088,L002,2025-04-01,-15
P0089,L002,2025-04-01,166
P0090,L002,2025-04-01,81
P0091,L002,2025-04-01,32
P0092,L002,2025-04-01,62
P0093,L002,2025-04-01,121
P0094,L002,2025-04-01,51
P0095,L002,2025-04-01,95
P0096,L002,2025-04-01,105
P0097,L002,2025-04-01,185
P0098,L002,2025-04-01,124
P0099,L002,2025-04-01,98
P0100,L002,2025-04-01,113
P0101,L002,2025-04-01,112
P0102,L002,2025-04-01,42
P0103,L002,2025-04-01,158
P0104,L002,2025-04-01,12
P0105,L002,2025-04-01,87
P0106,L002,2025-04-01,67
P0107,L002,2025-04-01,179
P0108,L002,2025-04-01,195
P0109,L002,2025-04-01,174
P0110,L002,2025-04-01,184
P0111,L002,2025-04-01,115
P0112,L002,2025-04-01,14
P0113,L002,2025-04-01,30
P0114,L002,2025-04-01,181
P0115,L002,2025-04-01,198
P0116,L002,2025-04-01,48
P0117,L002,2025-04-01,146
P0118,L002,2025-04-01,145
P0119,L002,2025-04-01,191
P0120,L002,2025-04-01,172
P0121,L002,2025-04-01,167
P0122,L002,2025-04-01,161
P0123,L002,2025-04-01,10
P0124,L002,2025-04-01,182
P0125,L002,2025-04-01,141
P0126,L002,2025-04-01,9
P0127,L002,2025-04-01,33
P0128,L002,2025-04-01,8
P0129,L002,2025-04-01,127
P0130,L002,2025-04-01,196
P0131,L002,2025-04-01,35
P0132,L002,2025-04-01,165
P0133,L002,2025-04-01,191
P0134,L002,2025-04-01,153
P0135,L002,2025-04-01,133
P0136,L002,2025-04-01,46
P0137,L002,2025-04-01,-11
P0138,L002,2025-04-01,32
P0139,L002,2025-04-01,170
P0140,L002,2025-04-01,117
P0141,L002,2025-04-01,81
P0142,L002,2025-04-01,81
P0143,L002,2025-04-01,164
P0144,L002,2025-04-01,179
P0145,L002,2025-04-01,102
P0146,L002,2025-04-01,100
P0147,L002,2025-04-01,109
P0148,L002,2025-04-01,4
P0149,L002,2025-04-01,108
P0150,L002,2025-04-01,88
P0001,L003,2025-04-01,26
P0002,L003,2025-04-01,110
P0003,L003,2025-04-01,199
P0004,L003,2025-04-01,111
P0005,L003,2025-04-01,185
P0006,L003,2025-04-01,128
P0007,L003,2025-04-01,176
P0008,L003,2025-04-01,45
P0009,L003,2025-04-01,199
P0010,L003,2025-04-01,109
P0011,L003,2025-04-01,3
P0012,L003,2025-04-01,158
P0013,L003,2025-04-01,33
P0014,L003,2025-04-01,30
P0015,L003,2025-04-01,146
P0016,L003,2025-04-01,23
P0017,L003,2025-04-01,33
P0018,L003,2025-04-01,29
P0019,L003,2025-04-01,141
P0020,L003,2025-04-01,27
P0021,L003,2025-04-01,198
P0022,L003,2025-04-01,84
P0023,L003,2025-04-01,161
P0024,L003,2025-04-01,68
P0025,L003,2025-04-01,83
P0026,L003,2025-04-01,76
P0027,L003,2025-04-01,58
P0028,L003,2025-04-01,84
P0029,L003,2025-04-01,169
P0030,L003,2025-04-01,127
P0031,L003,2025-04-01,159
P0032,L003,2025-04-01,30
P0033,L003,2025-04-01,188
P0034,L003,2025-04-01,60
P0035,L003,2025-04-01,21
P0036,L003,2025-04-01,33
P0037,L003,2025-04-01,78
P0038,L003,2025-04-01,42
P0039,L003,2025-04-01,6
P0040,L003,2025-04-01,121
P0041,L003,2025-04-01,191
P0042,L003,2025-04-01,145
P0043,L003,2025-04-01,113
P0044,L003,2025-04-01,130
P0045,L003,2025-04-01,141
P0046,L003,2025-04-01,110
P0047,L003,2025-04-01,23
P0048,L003,2025-04-01,181
P0049,L003,2025-04-01,95
P0050,L003,2025-04-01,129
P0051,L003,2025-04-01,83
P0052,L003,2025-04-01,132
P0053,L003,2025-04-01,48
P0054,L003,2025-04-01,185
P0055,L003,2025-04-01,125
P0056,L003,2025-04-01,31
P0057,L003,2025-04-01,171
P0058,L003,2025-04-01,19
P0059,L003,2025-04-01,198
P0060,L003,2025-04-01,44
P0061,L003,2025-04-01,197
P0062,L003,2025-04-01,52
P0063,L003,2025-04-01,10
P0064,L003,2025-04-01,93
P0065,L003,2025-04-01,91
P0066,L003,2025-04-01,64
P0067,L003,2025-04-01,56
P0068,L003,2025-04-01,52
P0069,L003,2025-04-01,37
P0070,L003,2025-04-01,19
P0071,L003,2025-04-01,26
P0072,L003,2025-04-01,144
P0073,L003,2025-04-01,160
P0074,L003,2025-04-01,176
P0075,L003,2025-04-01,199
P0076,L003,2025-04-01,172
P0077,L003,2025-04-01,129
P0078,L003,2025-04-01,83
P0079,L003,2025-04-01,129
P0080,L003,2025-04-01,102
P0081,L003,2025-04-01,29
P0082,L003,2025-04-01,165
P0083,L003,2025-04-01,196
P0084,L003,2025-04-01,52
P0085,L003,2025-04-01,145
P0086,L003,2025-04-01,149
P0087,L003,2025-04-01,52
P0088,L003,2025-04-01,87
P0089,L003,2025-04-01,16
P0090,L003,2025-04-01,86
P0091,L003,2025-04-01,130
P0092,L003,2025-04-01,135
P0093,L003,2025-04-01,132
P0094,L003,2025-04-01,102
P0095,L003,2025-04-01,67
P0096,L003,2025-04-01,192
P0097,L003,2025-04-01,164
P0098,L003,2025-04-01,96
P0099,L003,2025-04-01,171
P0100,L003,2025-04-01,95
P0101,L003,2025-04-01,197
P0102,L003,2025-04-01,150
P0103,L003,2025-04-01,0
P0104,L003,2025-04-01,58
P0105,L003,2025-04-01,23
P0106,L003,2025-04-01,102
P0107,L003,2025-04-01,85
P0108,L003,2025-04-01,181
P0109,L003,2025-04-01,187
P0110,L003,2025-04-01,-15
P0111,L003,2025-04-01,140
P0112,L003,2025-04-01,59
P0113,L003,2025-04-01,18
P0114,L003,2025-04-01,122
P0115,L003,2025-04-01,83
P0116,L003,2025-04-01,5
P0117,L003,2025-04-01,69
P0118,L003,2025-04-01,104
P0119,L003,2025-04-01,161
P0120,L003,2025-04-01,123
P0121,L003,2025-04-01,29
P0122,L003,2025-04-01,104
P0123,L003,2025-04-01,188
P0124,L003,2025-04-01,20
P0125,L003,2025-04-01,22
P0126,L003,2025-04-01,134
P0127,L003,2025-04-01,75
P0128,L003,2025-04-01,50
P0129,L003,2025-04-01,120
P0130,L003,2025-04-01,180
P0131,L003,2025-04-01,62
P0132,L003,2025-04-01,1
P0133,L003,2025-04-01,121
P0134,L003,2025-04-01,144
P0135,L003,2025-04-01,68
P0136,L003,2025-04-01,103
P0137,L003,2025-04-01,147
P0138,L003,2025-04-01,21
P0139,L003,2025-04-01,123
P0140,L003,2025-04-01,98
P0141,L003,2025-04-01,69
P0142,L003,2025-04-01,44
P0143,L003,2025-04-01,162
P0144,L003,2025-04-01,31
P0145,L003,2025-04-01,158
P0146,L003,2025-04-01,110
P0147,L003,2025-04-01,118
P0148,L003,2025-04-01,152
P0149,L003,2025-04-01,89
P0150,L003,2025-04-01,145
P0001,L004,2025-04-01,41
P0002,L004,2025-04-01,180
P0003,L004,2025-04-01,90
P0004,L004,2025-04-01,84
P0005,L004,2025-04-01,1
P0006,L004,2025-04-01,108
P0007,L004,2025-04-01,150
P0008,L004,2025-04-01,182
P0009,L004,2025-04-01,108
P0010,L004,2025-04-01,64
P0011,L004,2025-04-01,114
P0012,L004,2025-04-01,198
P0013,L004,2025-04-01,169
P0014,L004,2025-04-01,45
P0015,L004,2025-04-01,153
P0016,L004,2025-04-01,105
P0017,L004,2025-04-01,21
P0018,L004,2025-04-01,137
P0019,L004,2025-04-01,170
P0020,L004,2025-04-01,116
P0021,L004,2025-04-01,108
P0022,L004,2025-04-01,3
P0023,L004,2025-04-01,131
P0024,L004,2025-04-01,162
P0025,L004,2025-04-01,38
P0026,L004,2025-04-01,32
P0027,L004,2025-04-01,148
P0028,L004,2025-04-01,63
P0029,L004,2025-04-01,199
P0030,L004,2025-04-01,9
P0031,L004,2025-04-01,116
P0032,L004,2025-04-01,29
P0033,L004,2025-04-01,63
P0034,L004,2025-04-01,85
P0035,L004,2025-04-01,198
P0036,L004,2025-04-01,194
P0037,L004,2025-04-01,49
P0038,L004,2025-04-01,113
P0039,L004,2025-04-01,155
P0040,L004,2025-04-01,42
P0041,L004,2025-04-01,22
P0042,L004,2025-04-01,43
P0043,L004,2025-04-01,159
P0044,L004,2025-04-01,76
P0045,L004,2025-04-01,137
P0046,L004,2025-04-01,104
P0047,L004,2025-04-01,60
P0048,L004,2025-04-01,87
P0049,L004,2025-04-01,65
P0050,L004,2025-04-01,152
P0051,L004,2025-04-01,178
P0052,L004,2025-04-01,85
P0053,L004,2025-04-01,23
P0054,L004,2025-04-01,-15
P0055,L004,2025-04-01,60
P0056,L004,2025-04-01,-18
P0057,L004,2025-04-01,34
P0058,L004,2025-04-01,76
P0059,L004,2025-04-01,153
P0060,L004,2025-04-01,101
P0061,L004,2025-04-01,66
P0062,L004,2025-04-01,144
P0063,L004,2025-04-01,17
P0064,L004,2025-04-01,146
P0065,L004,2025-04-01,33
P0066,L004,2025-04-01,21
P0067,L004,2025-04-01,82
P0068,L004,2025-04-01,9
P0069,L004,2025-04-01,178
P0070,L004,2025-04-01,19
P0071,L004,2025-04-01,83
P0072,L004,2025-04-01,79
P0073,L004,2025-04-01,172
P0074,L004,2025-04-01,114
P0075,L004,2025-04-01,138
P0076,L004,2025-04-01,199
P0077,L004,2025-04-01,24
P0078,L004,2025-04-01,122
P0079,L004,2025-04-01,66
P0080,L004,2025-04-01,160
P0081,L004,2025-04-01,189
P0082,L004,2025-04-01,36
P0083,L004,2025-04-01,159
P0084,L004,2025-04-01,135
P0085,L004,2025-04-01,136
P0086,L004,2025-04-01,85
P0087,L004,2025-04-01,169
P0088,L004,2025-04-01,47
P0089,L004,2025-04-01,112
P0090,L004,2025-04-01,148
P0091,L004,2025-04-01,52
P0092,L004,2025-04-01,92
P0093,L004,2025-04-01,170
P0094,L004,2025-04-01,9
P0095,L004,2025-04-01,25
P0096,L004,2025-04-01,155
P0097,L004,2025-04-01,65
P0098,L004,2025-04-01,103
P0099,L004,2025-04-01,17
P0100,L004,2025-04-01,131
P0101,L004,2025-04-01,105
P0102,L004,2025-04-01,126
P0103,L004,2025-04-01,12
P0104,L004,2025-04-01,192
P0105,L004,2025-04-01,99
P0106,L004,2025-04-01,39
P0107,L004,2025-04-01,148
P0108,L004,2025-04-01,15
P0109,L004,2025-04-01,125
P0110,L004,2025-04-01,153
P0111,L004,2025-04-01,190
P0112,L004,2025-04-01,96
P0113,L004,2025-04-01,172
P0114,L004,2025-04-01,161
P0115,L004,2025-04-01,187
P0116,L004,2025-04-01,54
P0117,L004,2025-04-01,102
P0118,L004,2025-04-01,105
P0119,L004,2025-04-01,52
P0120,L004,2025-04-01,150
P0121,L004,2025-04-01,191
P0122,L004,2025-04-01,107
P0123,L004,2025-04-01,16
P0124,L004,2025-04-01,45
P0125,L004,2025-04-01,95
P0126,L004,2025-04-01,23
P0127,L004,2025-04-01,111
P0128,L004,2025-04-01,0
P0129,L004,2025-04-01,116
P0130,L004,2025-04-01,173
P0131,L004,2025-04-01,192
P0132,L004,2025-04-01,22
P0133,L004,2025-04-01,75
P0134,L004,2025-04-01,160
P0135,L004,2025-04-01,46
P0136,L004,2025-04-01,34
P0137,L004,2025-04-01,25
P0138,L004,2025-04-01,147
P0139,L004,2025-04-01,151
P0140,L004,2025-04-01,35
P0141,L004,2025-04-01,66
P0142,L004,2025-04-01,138
P0143,L004,2025-04-01,171
P0144,L004,2025-04-01,41
P0145,L004,2025-04-01,124
P0146,L004,2025-04-01,143
P0147,L004,2025-04-01,23
P0148,L004,2025-04-01,4
P0149,L004,2025-04-01,150
P0150,L004,2025-04-01,188
P0001,L005,2025-04-01,169
P0002,L005,2025-04-01,177
P0003,L005,2025-04-01,157
P0004,L005,2025-04-01,17
P0005,L005,2025-04-01,19
P0006,L005,2025-04-01,178
P0007,L005,2025-04-01,192
P0008,L005,2025-04-01,31
P0009,L005,2025-04-01,158
P0010,L005,2025-04-01,103
P0011,L005,2025-04-01,191
P0012,L005,2025-04-01,83
P0013,L005,2025-04-01,130
P0014,L005,2025-04-01,171
P0015,L005,2025-04-01,90
P0016,L005,2025-04-01,12
P0017,L005,2025-04-01,53
P0018,L005,2025-04-01,114
P0019,L005,2025-04-01,52
P0020,L005,2025-04-01,122
P0021,L005,2025-04-01,112
P0022,L005,2025-04-01,90
P0023,L005,2025-04-01,128
P0024,L005,2025-04-01,131
P0025,L005,2025-04-01,61
P0026,L005,2025-04-01,171
P0027,L005,2025-04-01,146
P0028,L005,2025-04-01,109
P0029,L005,2025-04-01,135
P0030,L005,2025-04-01,90
P0031,L005,2025-04-01,131
P0032,L005,2025-04-01,30
P0033,L005,2025-04-01,103
P0034,L005,2025-04-01,173
P0035,L005,2025-04-01,41
P0036,L005,2025-04-01,97
P0037,L005,2025-04-01,112
P0038,L005,2025-04-01,141
P0039,L005,2025-04-01,95
P0040,L005,2025-04-01,150
P0041,L005,2025-04-01,28
P0042,L005,2025-04-01,33
P0043,L005,2025-04-01,82
P0044,L005,2025-04-01,176
P0045,L005,2025-04-01,46
P0046,L005,2025-04-01,178
P0047,L005,2025-04-01,190
P0048,L005,2025-04-01,52
P0049,L005,2025-04-01,20
P0050,L005,2025-04-01,144
P0051,L005,2025-04-01,126
P0052,L005,2025-04-01,56
P0053,L005,2025-04-01,199
P0054,L005,2025-04-01,33
P0055,L005,2025-04-01,165
P0056,L005,2025-04-01,94
P0057,L005,2025-04-01,68
P0058,L005,2025-04-01,81
P0059,L005,2025-04-01,92
P0060,L005,2025-04-01,31
P0061,L005,2025-04-01,97
P0062,L005,2025-04-01,189
P0063,L005,2025-04-01,111
P0064,L005,2025-04-01,149
P0065,L005,2025-04-01,69
P0066,L005,2025-04-01,176
P0067,L005,2025-04-01,60
P0068,L005,2025-04-01,175
P0069,L005,2025-04-01,171
P0070,L005,2025-04-01,46
P0071,L005,2025-04-01,90
P0072,L005,2025-04-01,146
P0073,L005,2025-04-01,9
P0074,L005,2025-04-01,80
P0075,L005,2025-04-01,40
P0076,L005,2025-04-01,162
P0077,L005,2025-04-01,85
P0078,L005,2025-04-01,114
P0079,L005,2025-04-01,6
P0080,L005,2025-04-01,173
P0081,L005,2025-04-01,89
P0082,L005,2025-04-01,95
P0083,L005,2025-04-01,27
P0084,L005,2025-04-01,6
P0085,L005,2025-04-01,66
P0086,L005,2025-04-01,117
P0087,L005,2025-04-01,86
P0088,L005,2025-04-01,163
P0089,L005,2025-04-01,46
P0090,L005,2025-04-01,50
P0091,L005,2025-04-01,30
P0092,L005,2025-04-01,71
P0093,L005,2025-04-01,144
P0094,L005,2025-04-01,113
P0095,L005,2025-04-01,43
P0096,L005,2025-04-01,198
P0097,L005,2025-04-01,88
P0098,L005,2025-04-01,130
P0099,L005,2025-04-01,20
P0100,L005,2025-04-01,67
P0101,L005,2025-04-01,80
P0102,L005,2025-04-01,199
P0103,L005,2025-04-01,64
P0104,L005,2025-04-01,43
P0105,L005,2025-04-01,8
P0106,L005,2025-04-01,9
P0107,L005,2025-04-01,167
P0108,L005,2025-04-01,97
P0109,L005,2025-04-01,147
P0110,L005,2025-04-01,130
P0111,L005,2025-04-01,80
P0112,L005,2025-04-01,197
P0113,L005,2025-04-01,46
P0114,L005,2025-04-01,168
P0115,L005,2025-04-01,152
P0116,L005,2025-04-01,149
P0117,L005,2025-04-01,42
P0118,L005,2025-04-01,-6
P0119,L005,2025-04-01,18
P0120,L005,2025-04-01,184
P0121,L005,2025-04-01,78
P0122,L005,2025-04-01,54
P0123,L005,2025-04-01,62
P0124,L005,2025-04-01,131
P0125,L005,2025-04-01,16
P0126,L005,2025-04-01,15
P0127,L005,2025-04-01,32
P0128,L005,2025-04-01,164
P0129,L005,2025-04-01,129
P0130,L005,2025-04-01,114
P0131,L005,2025-04-01,119
P0132,L005,2025-04-01,136
P0133,L005,2025-04-01,140
P0134,L005,2025-04-01,56
P0135,L005,2025-04-01,82
P0136,L005,2025-04-01,90
P0137,L005,2025-04-01,113
P0138,L005,2025-04-01,19
P0139,L005,2025-04-01,41
P0140,L005,2025-04-01,79
P0141,L005,2025-04-01,178
P0142,L005,2025-04-01,125
P0143,L005,2025-04-01,96
P0144,L005,2025-04-01,163
P0145,L005,2025-04-01,64
P0146,L005,2025-04-01,17
P0147,L005,2025-04-01,59
P0148,L005,2025-04-01,97
P0149,L005,2025-04-01,117
P0150,L005,2025-04-01,132
P0001,L006,2025-04-01,142
P0002,L006,2025-04-01,106
P0003,L006,2025-04-01,169
P0004,L006,2025-04-01,146
P0005,L006,2025-04-01,124
P0006,L006,2025-04-01,136
P0007,L006,2025-04-01,147
P0008,L006,2025-04-01,79
P0009,L006,2025-04-01,191
P0010,L006,2025-04-01,127
P0011,L006,2025-04-01,188
P0012,L006,2025-04-01,43
P0013,L006,2025-04-01,159
P0014,L006,2025-04-01,78
P0015,L006,2025-04-01,119
P0016,L006,2025-04-01,18
P0017,L006,2025-04-01,95
P0018,L006,2025-04-01,130
P0019,L006,2025-04-01,81
P0020,L006,2025-04-01,114
P0021,L006,2025-04-01,107
P0022,L006,2025-04-01,197
P0023,L006,2025-04-01,51
P0024,L006,2025-04-01,150
P0025,L006,2025-04-01,82
P0026,L006,2025-04-01,1
P0027,L006,2025-04-01,128
P0028,L006,2025-04-01,128
P0029,L006,2025-04-01,81
P0030,L006,2025-04-01,162
P0031,L006,2025-04-01,76
P0032,L006,2025-04-01,189
P0033,L006,2025-04-01,24
P0034,L006,2025-04-01,7
P0035,L006,2025-04-01,187
P0036,L006,2025-04-01,170
P0037,L006,2025-04-01,143
P0038,L006,2025-04-01,69
P0039,L006,2025-04-01,138
P0040,L006,2025-04-01,0
P0041,L006,2025-04-01,90
P0042,L006,2025-04-01,55
P0043,L006,2025-04-01,107
P0044,L006,2025-04-01,139
P0045,L006,2025-04-01,24
P0046,L006,2025-04-01,171
P0047,L006,2025-04-01,47
P0048,L006,2025-04-01,32
P0049,L006,2025-04-01,18
P0050,L006,2025-04-01,17
P0051,L006,2025-04-01,89
P0052,L006,2025-04-01,10
P0053,L006,2025-04-01,34
P0054,L006,2025-04-01,128
P0055,L006,2025-04-01,57
P0056,L006,2025-04-01,190
P0057,L006,2025-04-01,71
P0058,L006,2025-04-01,172
P0059,L006,2025-04-01,105
P0060,L006,2025-04-01,15
P0061,L006,2025-04-01,168
P0062,L006,2025-04-01,171
P0063,L006,2025-04-01,197
P0064,L006,2025-04-01,79
P0065,L006,2025-04-01,178
P0066,L006,2025-04-01,24
P0067,L006,2025-04-01,141
P0068,L006,2025-04-01,43
P0069,L006,2025-04-01,104
P0070,L006,2025-04-01,140
P0071,L006,2025-04-01,48
P0072,L006,2025-04-01,70
P0073,L006,2025-04-01,167
P0074,L006,2025-04-01,162
P0075,L006,2025-04-01,65
P0076,L006,2025-04-01,186
P0077,L006,2025-04-01,100
P0078,L006,2025-04-01,39
P0079,L006,2025-04-01,161
P0080,L006,2025-04-01,25
P0081,L006,2025-04-01,107
P0082,L006,2025-04-01,138
P0083,L006,2025-04-01,28
P0084,L006,2025-04-01,116
P0085,L006,2025-04-01,22
P0086,L006,2025-04-01,67
P0087,L006,2025-04-01,147
P0088,L006,2025-04-01,188
P0089,L006,2025-04-01,4
P0090,L006,2025-04-01,80
P0091,L006,2025-04-01,134
P0092,L006,2025-04-01,6
P0093,L006,2025-04-01,96
P0094,L006,2025-04-01,45
P0095,L006,2025-04-01,165
P0096,L006,2025-04-01,128
P0097,L006,2025-04-01,32
P0098,L006,2025-04-01,113
P0099,L006,2025-04-01,60
P0100,L006,2025-04-01,129
P0101,L006,2025-04-01,96
P0102,L006,2025-04-01,4
P0103,L006,2025-04-01,88
P0104,L006,2025-04-01,20
P0105,L006,2025-04-01,67
P0106,L006,2025-04-01,54
P0107,L006,2025-04-01,73
P0108,L006,2025-04-01,112
P0109,L006,2025-04-01,153
P0110,L006,2025-04-01,88
P0111,L006,2025-04-01,144
P0112,L006,2025-04-01,50
P0113,L006,2025-04-01,170
P0114,L006,2025-04-01,188
P0115,L006,2025-04-01,43
P0116,L006,2025-04-01,57
P0117,L006,2025-04-01,50
P0118,L006,2025-04-01,13
P0119,L006,2025-04-01,194
P0120,L006,2025-04-01,116
P0121,L006,2025-04-01,65
P0122,L006,2025-04-01,95
P0123,L006,2025-04-01,108
P0124,L006,2025-04-01,87
P0125,L006,2025-04-01,90
P0126,L006,2025-04-01,167
P0127,L006,2025-04-01,146
P0128,L006,2025-04-01,183
P0129,L006,2025-04-01,100
P0130,L006,2025-04-01,56
P0131,L006,2025-04-01,21
P0132,L006,2025-04-01,65
P0133,L006,2025-04-01,199
P0134,L006,2025-04-01,136
P0135,L006,2025-04-01,50
P0136,L006,2025-04-01,166
P0137,L006,2025-04-01,68
P0138,L006,2025-04-01,14
P0139,L006,2025-04-01,176
P0140,L006,2025-04-01,59
P0141,L006,2025-04-01,132
P0142,L006,2025-04-01,21
P0143,L006,2025-04-01,165
P0144,L006,2025-04-01,171
P0145,L006,2025-04-01,79
P0146,L006,2025-04-01,12
P0147,L006,2025-04-01,63
P0148,L006,2025-04-01,98
P0149,L006,2025-04-01,98
P0150,L006,2025-04-01,136
P0001,L100,2025-04-01,115
P0002,L100,2025-04-01,161
P0003,L100,2025-04-01,74
P0004,L100,2025-04-01,116
P0005,L100,2025-04-01,85
P0006,L100,2025-04-01,83
P0007,L100,2025-04-01,28
P0008,L100,2025-04-01,60
P0009,L100,2025-04-01,187
P0010,L100,2025-04-01,148
P0011,L100,2025-04-01,14
P0012,L100,2025-04-01,75
P0013,L100,2025-04-01,151
P0014,L100,2025-04-01,175
P0015,L100,2025-04-01,83
P0016,L100,2025-04-01,102
P0017,L100,2025-04-01,60
P0018,L100,2025-04-01,130
P0019,L100,2025-04-01,175
P0020,L100,2025-04-01,38
P0021,L100,2025-04-01,102
P0022,L100,2025-04-01,172
P0023,L100,2025-04-01,96
P0024,L100,2025-04-01,174
P0025,L100,2025-04-01,90
P0026,L100,2025-04-01,65
P0027,L100,2025-04-01,67
P0028,L100,2025-04-01,104
P0029,L100,2025-04-01,165
P0030,L100,2025-04-01,34
P0031,L100,2025-04-01,159
P0032,L100,2025-04-01,181
P0033,L100,2025-04-01,74
P0034,L100,2025-04-01,106
P0035,L100,2025-04-01,73
P0036,L100,2025-04-01,98
P0037,L100,2025-04-01,168
P0038,L100,2025-04-01,1
P0039,L100,2025-04-01,139
P0040,L100,2025-04-01,55
P0041,L100,2025-04-01,35
P0042,L100,2025-04-01,188
P0043,L100,2025-04-01,155
P0044,L100,2025-04-01,52
P0045,L100,2025-04-01,76
P0046,L100,2025-04-01,88
P0047,L100,2025-04-01,102
P0048,L100,2025-04-01,190
P0049,L100,2025-04-01,189
P0050,L100,2025-04-01,189
P0051,L100,2025-04-01,12
P0052,L100,2025-04-01,73
P0053,L100,2025-04-01,89
P0054,L100,2025-04-01,6
P0055,L100,2025-04-01,197
P0056,L100,2025-04-01,4
P0057,L100,2025-04-01,50
P0058,L100,2025-04-01,42
P0059,L100,2025-04-01,7
P0060,L100,2025-04-01,-17
P0061,L100,2025-04-01,31
P0062,L100,2025-04-01,105
P0063,L100,2025-04-01,52
P0064,L100,2025-04-01,16
P0065,L100,2025-04-01,105
P0066,L100,2025-04-01,184
P0067,L100,2025-04-01,155
P0068,L100,2025-04-01,18
P0069,L100,2025-04-01,100
P0070,L100,2025-04-01,128
P0071,L100,2025-04-01,166
P0072,L100,2025-04-01,18
P0073,L100,2025-04-01,100
P0074,L100,2025-04-01,103
P0075,L100,2025-04-01,4
P0076,L100,2025-04-01,69
P0077,L100,2025-04-01,152
P0078,L100,2025-04-01,168
P0079,L100,2025-04-01,136
P0080,L100,2025-04-01,28
P0081,L100,2025-04-01,93
P0082,L100,2025-04-01,31
P0083,L100,2025-04-01,5
P0084,L100,2025-04-01,7
P0085,L100,2025-04-01,164
P0086,L100,2025-04-01,51
P0087,L100,2025-04-01,70
P0088,L100,2025-04-01,179
P0089,L100,2025-04-01,58
P9038,L100,2025-04-01,175
P0091,L100,2025-04-01,166
P0092,L100,2025-04-01,163
P0093,L100,2025-04-01,184
P0094,L100,2025-04-01,85
P0095,L100,2025-04-01,11
P0096,L100,2025-04-01,45
P0097,L100,2025-04-01,38
P0098,L100,2025-04-01,80
P0099,L100,2025-04-01,176
P0100,L100,2025-04-01,1
P0101,L100,2025-04-01,79
P0102,L100,2025-04-01,3
P0103,L100,2025-04-01,87
P0104,L100,2025-04-01,148
P0105,L100,2025-04-01,30
P0106,L100,2025-04-01,165
P0107,L100,2025-04-01,129
P0108,L100,2025-04-01,11
P0109,L100,2025-04-01,120
P0110,L100,2025-04-01,153
P0111,L100,2025-04-01,1
P0112,L100,2025-04-01,60
P0113,L100,2025-04-01,51
P0114,L100,2025-04-01,102
P0115,L100,2025-04-01,22
P0116,L100,2025-04-01,103
P0117,L100,2025-04-01,65
P0118,L100,2025-04-01,118
P0119,L100,2025-04-01,127
P0120,L100,2025-04-01,123
P0121,L100,2025-04-01,140
P0122,L100,2025-04-01,22
P0123,L100,2025-04-01,70
P0124,L100,2025-04-01,28
P0125,L100,2025-04-01,111
P0126,L100,2025-04-01,95
P0127,L100,2025-04-01,119
P0128,L100,2025-04-01,113
P0129,L100,2025-04-01,75
P0130,L100,2025-04-01,116
P0131,L100,2025-04-01,71
P0132,L100,2025-04-01,52
P0133,L100,2025-04-01,46
P0134,L100,2025-04-01,74
P0135,L100,2025-04-01,119
P0136,L100,2025-04-01,158
P0137,L100,2025-04-01,177
P0138,L100,2025-04-01,148
P0139,L100,2025-04-01,76
P0140,L100,2025-04-01,61
P0141,L100,2025-04-01,126
P0142,L100,2025-04-01,151
P0143,L100,2025-04-01,39
P0144,L100,2025-04-01,1
P0145,L100,2025-04-01,182
P0146,L100,2025-04-01,173
P0147,L100,2025-04-01,14
P0148,L100,2025-04-01,128
P0149,L100,2025-04-01,25
P0150,L100,2025-04-01,191
P0001,L001,2025-05-01,82
P0002,L001,2025-05-01,21
P0003,L001,2025-05-01,199
P0004,L001,2025-05-01,22
P0005,L001,2025-05-01,148
P0006,L001,2025-05-01,101
P0007,L001,2025-05-01,-3
P0008,L001,2025-05-01,76
P0009,L001,2025-05-01,32
P0010,L001,2025-05-01,156
P0011,L001,2025-05-01,133
P0012,L001,2025-05-01,30
P0013,L001,2025-05-01,54
P0014,L001,2025-05-01,31
P0015,L001,2025-05-01,89
P0016,L001,2025-05-01,96
P0017,L001,2025-05-01,5
P0018,L001,2025-05-01,162
P0019,L001,2025-05-01,65
P0020,L001,2025-05-01,199
P0021,L001,2025-05-01,87
P0022,L001,2025-05-01,64
P0023,L001,2025-05-01,99
P0024,L001,2025-05-01,157
P0025,L001,2025-05-01,165
P0026,L001,2025-05-01,117
P0027,L001,2025-05-01,89
P0028,L001,2025-05-01,100
P0029,L001,2025-05-01,80
P0030,L001,2025-05-01,141
P0031,L001,2025-05-01,142
P0032,L001,2025-05-01,27
P0033,L001,2025-05-01,129
P0034,L001,2025-05-01,93
P0035,L001,2025-05-01,32
P0036,L001,2025-05-01,197
P0037,L001,2025-05-01,151
P0038,L001,2025-05-01,138
P0039,L001,2025-05-01,111
P0040,L001,2025-05-01,12
P0041,L001,2025-05-01,33
P0042,L001,2025-05-01,197
P0043,L001,2025-05-01,131
P0044,L001,2025-05-01,150
P0045,L001,2025-05-01,6
P0046,L001,2025-05-01,65
P0047,L001,2025-05-01,5
P0048,L001,2025-05-01,143
P0049,L001,2025-05-01,59
P0050,L001,2025-05-01,4
P0051,L001,2025-05-01,198
P0052,L001,2025-05-01,197
P0053,L001,2025-05-01,3
P0054,L001,2025-05-01,47
P0055,L001,2025-05-01,163
P0056,L001,2025-05-01,126
P0057,L001,2025-05-01,36
P0058,L001,2025-05-01,58
P0059,L001,2025-05-01,199
P0060,L001,2025-05-01,56
P0061,L001,2025-05-01,94
P0062,L001,2025-05-01,22
P0063,L001,2025-05-01,61
P0064,L001,2025-05-01,163
P0065,L001,2025-05-01,32
P0066,L001,2025-05-01,22
P0067,L001,2025-05-01,136
P0068,L001,2025-05-01,91
P0069,L001,2025-05-01,146
P0070,L001,2025-05-01,167
P0071,L001,2025-05-01,116
P0072,L001,2025-05-01,119
P0073,L001,2025-05-01,115
P0074,L001,2025-05-01,163
P0075,L001,2025-05-01,165
P0076,L001,2025-05-01,127
P0077,L001,2025-05-01,56
P0078,L001,2025-05-01,130
P0079,L001,2025-05-01,4
P0080,L001,2025-05-01,77
P0081,L001,2025-05-01,149
P0082,L001,2025-05-01,106
P0083,L001,2025-05-01,116
P0084,L001,2025-05-01,165
P0085,L001,2025-05-01,197
P0086,L001,2025-05-01,117
P0087,L001,2025-05-01,159
P0088,L001,2025-05-01,1
P0089,L001,2025-05-01,133
P0090,L001,2025-05-01,50
P0091,L001,2025-05-01,132
P0092,L001,2025-05-01,188
P0093,L001,2025-05-01,192
P0094,L001,2025-05-01,190
P0095,L001,2025-05-01,27
P0096,L001,2025-05-01,78
P0097,L001,2025-05-01,149
P0098,L001,2025-05-01,17
P0099,L001,2025-05-01,82
P0100,L001,2025-05-01,141
P0101,L001,2025-05-01,89
P0102,L001,2025-05-01,43
P0103,L001,2025-05-01,191
P0104,L001,2025-05-01,184
P0105,L001,2025-05-01,95
P0106,L001,2025-05-01,133
P0107,L001,2025-05-01,164
P0108,L001,2025-05-01,172
P0109,L001,2025-05-01,2
P0110,L001,2025-05-01,150
P0111,L001,2025-05-01,175
P0112,L001,2025-05-01,46
P0113,L001,2025-05-01,117
P0114,L001,2025-05-01,9
P0115,L001,2025-05-01,101
P0116,L001,2025-05-01,157
P0117,L001,2025-05-01,51
P0118,L001,2025-05-01,84
P0119,L001,2025-05-01,163
P0120,L001,2025-05-01,36
P0121,L001,2025-05-01,57
P0122,L001,2025-05-01,29
P0123,L001,2025-05-01,54
P0124,L001,2025-05-01,162
P0125,L001,2025-05-01,12
P0126,L001,2025-05-01,180
P0127,L001,2025-05-01,93
P0128,L001,2025-05-01,35
P0129,L001,2025-05-01,113
P0130,L001,2025-05-01,197
P0131,L001,2025-05-01,32
P0132,L001,2025-05-01,180
P0133,L001,2025-05-01,1
P0134,L001,2025-05-01,145
P0135,L001,2025-05-01,7
P0136,L001,2025-05-01,49
P0137,L001,2025-05-01,37
P0138,L001,2025-05-01,74
P0139,L001,2025-05-01,130
P0140,L001,2025-05-01,138
P0141,L001,2025-05-01,184
P0142,L001,2025-05-01,192
P0143,L001,2025-05-01,66
P0144,L001,2025-05-01,178
P0145,L001,2025-05-01,76
P0146,L001,2025-05-01,59
P0147,L001,2025-05-01,31
P0148,L001,2025-05-01,0
P0149,L001,2025-05-01,115
P0150,L001,2025-05-01,39
P0001,L002,2025-05-01,54
P0002,L002,2025-05-01,113
P0003,L002,2025-05-01,46
P0004,L002,2025-05-01,160
P0005,L002,2025-05-01,93
P0006,L002,2025-05-01,3
P0007,L002,2025-05-01,69
P0008,L002,2025-05-01,134
P0009,L002,2025-05-01,86
P0010,L002,2025-05-01,182
P0011,L002,2025-05-01,-8
P9045,L002,2025-05-01,196
P0013,L002,2025-05-01,15
P0014,L002,2025-05-01,194
P0015,L002,2025-05-01,88
P0016,L002,2025-05-01,154
P0017,L002,2025-05-01,44
P0018,L002,2025-05-01,128
P0019,L002,2025-05-01,139
P0020,L002,2025-05-01,58
P0021,L002,2025-05-01,141
P0022,L002,2025-05-01,11
P0023,L002,2025-05-01,62
P0024,L002,2025-05-01,46
P0025,L002,2025-05-01,5
P0026,L002,2025-05-01,152
P0027,L002,2025-05-01,25
P0028,L002,2025-05-01,55
P0029,L002,2025-05-01,184
P0030,L002,2025-05-01,170
P0031,L002,2025-05-01,148
P0032,L002,2025-05-01,15
P0033,L002,2025-05-01,96
P0034,L002,2025-05-01,10
P0035,L002,2025-05-01,157
P0036,L002,2025-05-01,45
P0037,L002,2025-05-01,186
P0038,L002,2025-05-01,123
P0039,L002,2025-05-01,39
P0040,L002,2025-05-01,57
P0041,L002,2025-05-01,161
P0042,L002,2025-05-01,38
P0043,L002,2025-05-01,128
P0044,L002,2025-05-01,48
P0045,L002,2025-05-01,141
P0046,L002,2025-05-01,152
P0047,L002,2025-05-01,126
P0048,L002,2025-05-01,40
P0049,L002,2025-05-01,47
P0050,L002,2025-05-01,141
P0051,L002,2025-05-01,77
P0052,L002,2025-05-01,41
P0053,L002,2025-05-01,196
P0054,L002,2025-05-01,8
P0055,L002,2025-05-01,39
P0056,L002,2025-05-01,112
P0057,L002,2025-05-01,82
P0058,L002,2025-05-01,101
P0059,L002,2025-05-01,9
P0060,L002,2025-05-01,113
P0061,L002,2025-05-01,36
P0062,L002,2025-05-01,74
P0063,L002,2025-05-01,37
P0064,L002,2025-05-01,105
P0065,L002,2025-05-01,100
P0066,L002,2025-05-01,97
P0067,L002,2025-05-01,168
P0068,L002,2025-05-01,19
P0069,L002,2025-05-01,190
P0070,L002,2025-05-01,81
P0071,L002,2025-05-01,172
P0072,L002,2025-05-01,189
P0073,L002,2025-05-01,175
P0074,L002,2025-05-01,176
P0075,L002,2025-05-01,10
P0076,L002,2025-05-01,160
P0077,L002,2025-05-01,137
P0078,L002,2025-05-01,28
P0079,L002,2025-05-01,2
P0080,L002,2025-05-01,34
P0081,L002,2025-05-01,197
P0082,L002,2025-05-01,115
P0083,L002,2025-05-01,34
P0084,L002,2025-05-01,114
P0085,L002,2025-05-01,15
P0086,L002,2025-05-01,199
P0087,L002,2025-05-01,193
P0088,L002,2025-05-01,157
P0089,L002,2025-05-01,199
P0090,L002,2025-05-01,26
P0091,L002,2025-05-01,116
P0092,L002,2025-05-01,199
P0093,L002,2025-05-01,184
P0094,L002,2025-05-01,164
P0095,L002,2025-05-01,190
P0096,L002,2025-05-01,93
P0097,L002,2025-05-01,140
P0098,L002,2025-05-01,53
P0099,L002,2025-05-01,34
P0100,L002,2025-05-01,13
P0101,L002,2025-05-01,124
P0102,L002,2025-05-01,35
P0103,L002,2025-05-01,132
P0104,L002,2025-05-01,129
P0105,L002,2025-05-01,147
P0106,L002,2025-05-01,111
P0107,L002,2025-05-01,82
P0108,L002,2025-05-01,94
P0109,L002,2025-05-01,50
P0110,L002,2025-05-01,52
P0111,L002,2025-05-01,160
P0112,L002,2025-05-01,49
P0113,L002,2025-05-01,176
P0114,L002,2025-05-01,28
P0115,L002,2025-05-01,75
P0116,L002,2025-05-01,133
P0117,L002,2025-05-01,76
P0118,L002,2025-05-01,80
P0119,L002,2025-05-01,108
P0120,L002,2025-05-01,155
P0121,L002,2025-05-01,83
P0122,L002,2025-05-01,30
P0123,L002,2025-05-01,60
P0124,L002,2025-05-01,169
P0125,L002,2025-05-01,121
P0126,L002,2025-05-01,33
P0127,L002,2025-05-01,99
P0128,L002,2025-05-01,106
P0129,L002,2025-05-01,102
P0130,L002,2025-05-01,65
P0131,L002,2025-05-01,60
P0132,L002,2025-05-01,96
P0133,L002,2025-05-01,58
P0134,L002,2025-05-01,4
P0135,L002,2025-05-01,117
P0136,L002,2025-05-01,163
P0137,L002,2025-05-01,163
P0138,L002,2025-05-01,73
P0139,L002,2025-05-01,182
P0140,L002,2025-05-01,1
P0141,L002,2025-05-01,110
P0142,L002,2025-05-01,150
P0143,L002,2025-05-01,8
P0144,L002,2025-05-01,73
P0145,L002,2025-05-01,30
P0146,L002,2025-05-01,123
P0147,L002,2025-05-01,68
P0148,L002,2025-05-01,46
P0149,L002,2025-05-01,57
P0150,L002,2025-05-01,41
P0001,L003,2025-05-01,139
P0002,L003,2025-05-01,101
P0003,L003,2025-05-01,57
P0004,L003,2025-05-01,102
P0005,L003,2025-05-01,47
P0006,L003,2025-05-01,181
P0007,L003,2025-05-01,92
P0008,L003,2025-05-01,136
P0009,L003,2025-05-01,129
P0010,L003,2025-05-01,136
P0011,L003,2025-05-01,106
P0012,L003,2025-05-01,136
P0013,L003,2025-05-01,107
P0014,L003,2025-05-01,-13
P0015,L003,2025-05-01,141
P0016,L003,2025-05-01,178
P0017,L003,2025-05-01,40
P0018,L003,2025-05-01,120
P0019,L003,2025-05-01,4
P0020,L003,2025-05-01,140
P0021,L003,2025-05-01,111
P0022,L003,2025-05-01,92
P0023,L003,2025-05-01,100
P0024,L003,2025-05-01,91
P0025,L003,2025-05-01,40
P0026,L003,2025-05-01,76
P0027,L003,2025-05-01,79
P0028,L003,2025-05-01,180
P0029,L003,2025-05-01,178
P0030,L003,2025-05-01,158
P0031,L003,2025-05-01,8
P0032,L003,2025-05-01,4
P0033,L003,2025-05-01,165
P0034,L003,2025-05-01,63
P0035,L003,2025-05-01,128
P0036,L003,2025-05-01,141
P0037,L003,2025-05-01,76
P0038,L003,2025-05-01,112
P0039,L003,2025-05-01,183
P0040,L003,2025-05-01,136
P0041,L003,2025-05-01,76
P0042,L003,2025-05-01,195
P0043,L003,2025-05-01,133
P0044,L003,2025-05-01,194
P0045,L003,2025-05-01,192
P0046,L003,2025-05-01,89
P0047,L003,2025-05-01,135
P0048,L003,2025-05-01,172
P0049,L003,2025-05-01,50
P0050,L003,2025-05-01,81
P0051,L003,2025-05-01,16
P0052,L003,2025-05-01,81
P0053,L003,2025-05-01,97
P0054,L003,2025-05-01,162
P0055,L003,2025-05-01,18
P0056,L003,2025-05-01,21
P0057,L003,2025-05-01,52
P0058,L003,2025-05-01,19
P0059,L003,2025-05-01,31
P0060,L003,2025-05-01,151
P0061,L003,2025-05-01,142
P0062,L003,2025-05-01,57
P0063,L003,2025-05-01,64
P0064,L003,2025-05-01,192
P0065,L003,2025-05-01,115
P0066,L003,2025-05-01,144
P0067,L003,2025-05-01,86
P0068,L003,2025-05-01,61
P0069,L003,2025-05-01,109
P0070,L003,2025-05-01,144
P0071,L003,2025-05-01,122
P0072,L003,2025-05-01,183
P0073,L003,2025-05-01,136
P0074,L003,2025-05-01,41
P0075,L003,2025-05-01,168
P0076,L003,2025-05-01,147
P0077,L003,2025-05-01,147
P0078,L003,2025-05-01,131
P0079,L003,2025-05-01,15
P0080,L003,2025-05-01,2
P0081,L003,2025-05-01,34
P0082,L003,2025-05-01,13
P0083,L003,2025-05-01,151
P0084,L003,2025-05-01,176
P0085,L003,2025-05-01,15
P0086,L003,2025-05-01,99
P0087,L003,2025-05-01,124
P0088,L003,2025-05-01,122
P0089,L003,2025-05-01,72
P0090,L003,2025-05-01,177
P0091,L003,2025-05-01,12
P0092,L003,2025-05-01,50
P0093,L003,2025-05-01,116
P0094,L003,2025-05-01,111
P0095,L003,2025-05-01,12
P0096,L003,2025-05-01,107
P0097,L003,2025-05-01,127
P0098,L003,2025-05-01,19
P0099,L003,2025-05-01,161
P0100,L003,2025-05-01,197
P0101,L003,2025-05-01,83
P0102,L003,2025-05-01,19
P0103,L003,2025-05-01,96
P0104,L003,2025-05-01,4
P0105,L003,2025-05-01,138
P0106,L003,2025-05-01,2
P0107,L003,2025-05-01,57
P0108,L003,2025-05-01,197
P0109,L003,2025-05-01,16
P0110,L003,2025-05-01,16
P0111,L003,2025-05-01,37
P0112,L003,2025-05-01,16
P0113,L003,2025-05-01,144
P0114,L003,2025-05-01,110
P0115,L003,2025-05-01,19
P0116,L003,2025-05-01,129
P0117,L003,2025-05-01,142
P0118,L003,2025-05-01,12
P0119,L003,2025-05-01,71
P0120,L003,2025-05-01,186
P0121,L003,2025-05-01,117
P0122,L003,2025-05-01,133
P0123,L003,2025-05-01,104
P0124,L003,2025-05-01,85
P0125,L003,2025-05-01,196
P0126,L003,2025-05-01,31
P0127,L003,2025-05-01,173
P0128,L003,2025-05-01,40
P0129,L003,2025-05-01,107
P0130,L003,2025-05-01,123
P0131,L003,2025-05-01,62
P0132,L003,2025-05-01,25
P0133,L003,2025-05-01,125
P0134,L003,2025-05-01,129
P0135,L003,2025-05-01,85
P0136,L003,2025-05-01,175
P0137,L003,2025-05-01,175
P0138,L003,2025-05-01,24
P0139,L003,2025-05-01,151
P0140,L003,2025-05-01,106
P0141,L003,2025-05-01,154
P0142,L003,2025-05-01,197
P0143,L003,2025-05-01,20
P0144,L003,2025-05-01,165
P0145,L003,2025-05-01,39
P0146,L003,2025-05-01,36
P0147,L003,2025-05-01,4
P0148,L003,2025-05-01,161
P0149,L003,2025-05-01,116
P0150,L003,2025-05-01,105
P0001,L004,2025-05-01,196
P0002,L004,2025-05-01,181
P0003,L004,2025-05-01,130
P0004,L004,2025-05-01,11
P0005,L004,2025-05-01,146
P0006,L004,2025-05-01,187
P0007,L004,2025-05-01,162
P0008,L004,2025-05-01,53
P0009,L004,2025-05-01,109
P0010,L004,2025-05-01,152
P0011,L004,2025-05-01,57
P0012,L004,2025-05-01,144
P0013,L004,2025-05-01,61
P0014,L004,2025-05-01,176
P0015,L004,2025-05-01,2
P0016,L004,2025-05-01,105
P0017,L004,2025-05-01,22
P0018,L004,2025-05-01,130
P0019,L004,2025-05-01,124
P0020,L004,2025-05-01,180
P0021,L004,2025-05-01,72
P0022,L004,2025-05-01,157
P0023,L004,2025-05-01,123
P0024,L004,2025-05-01,70
P0025,L004,2025-05-01,194
P0026,L004,2025-05-01,99
P0027,L004,2025-05-01,114
P0028,L004,2025-05-01,146
P0029,L004,2025-05-01,28
P0030,L004,2025-05-01,190
P0031,L004,2025-05-01,60
P0032,L004,2025-05-01,20
P0033,L004,2025-05-01,145
P0034,L004,2025-05-01,136
P0035,L004,2025-05-01,85
P0036,L004,2025-05-01,161
P0037,L004,2025-05-01,117
P0038,L004,2025-05-01,101
P0039,L004,2025-05-01,15
P0040,L004,2025-05-01,98
P0041,L004,2025-05-01,97
P0042,L004,2025-05-01,123
P0043,L004,2025-05-01,187
P0044,L004,2025-05-01,45
P0045,L004,2025-05-01,190
P0046,L004,2025-05-01,151
P0047,L004,2025-05-01,101
P0048,L004,2025-05-01,29
P0049,L004,2025-05-01,42
P0050,L004,2025-05-01,112
P0051,L004,2025-05-01,134
P0052,L004,2025-05-01,158
P0053,L004,2025-05-01,163
P0054,L004,2025-05-01,144
P0055,L004,2025-05-01,33
P0056,L004,2025-05-01,149
P0057,L004,2025-05-01,57
P0058,L004,2025-05-01,107
P0059,L004,2025-05-01,182
P0060,L004,2025-05-01,63
P0061,L004,2025-05-01,10
P0062,L004,2025-05-01,184
P0063,L004,2025-05-01,166
P0064,L004,2025-05-01,33
P0065,L004,2025-05-01,13
P0066,L004,2025-05-01,166
P0067,L004,2025-05-01,13
P0068,L004,2025-05-01,102
P0069,L004,2025-05-01,90
P0070,L004,2025-05-01,164
P0071,L004,2025-05-01,28
P0072,L004,2025-05-01,42
P0073,L004,2025-05-01,126
P0074,L004,2025-05-01,82
P0075,L004,2025-05-01,26
P0076,L004,2025-05-01,189
P0077,L004,2025-05-01,161
P0078,L004,2025-05-01,170
P0079,L004,2025-05-01,112
P0080,L004,2025-05-01,139
P0081,L004,2025-05-01,131
P0082,L004,2025-05-01,83
P0083,L004,2025-05-01,91
P0084,L004,2025-05-01,189
P0085,L004,2025-05-01,138
P0086,L004,2025-05-01,102
P0087,L004,2025-05-01,86
P0088,L004,2025-05-01,196
P0089,L004,2025-05-01,160
P0090,L004,2025-05-01,40
P0091,L004,2025-05-01,181
P0092,L004,2025-05-01,73
P0093,L004,2025-05-01,11
P0094,L004,2025-05-01,24
P0095,L004,2025-05-01,152
P0096,L004,2025-05-01,24
P0097,L004,2025-05-01,105
P0098,L004,2025-05-01,172
P0099,L004,2025-05-01,63
P0100,L004,2025-05-01,156
P0101,L004,2025-05-01,132
P0102,L004,2025-05-01,76
P0103,L004,2025-05-01,186
P0104,L004,2025-05-01,89
P0105,L004,2025-05-01,164
P0106,L004,2025-05-01,81
P0107,L004,2025-05-01,90
P0108,L004,2025-05-01,5
P0109,L004,2025-05-01,3
P0110,L004,2025-05-01,125
P0111,L004,2025-05-01,155
P0112,L004,2025-05-01,73
P0113,L004,2025-05-01,66
P0114,L004,2025-05-01,11
P0115,L004,2025-05-01,64
P0116,L004,2025-05-01,111
P0117,L004,2025-05-01,125
P0118,L004,2025-05-01,29
P0119,L004,2025-05-01,104
P0120,L004,2025-05-01,179
P0121,L004,2025-05-01,107
P0122,L004,2025-05-01,147
P0123,L004,2025-05-01,47
P0124,L004,2025-05-01,164
P0125,L004,2025-05-01,172
P0126,L004,2025-05-01,176
P0127,L004,2025-05-01,187
P0128,L004,2025-05-01,181
P0129,L004,2025-05-01,133
P0130,L004,2025-05-01,62
P0131,L004,2025-05-01,180
P0132,L004,2025-05-01,53
P0133,L004,2025-05-01,120
P0134,L004,2025-05-01,33
P0135,L004,2025-05-01,140
P0136,L004,2025-05-01,197
P0137,L004,2025-05-01,37
P0138,L004,2025-05-01,34
P0139,L004,2025-05-01,135
P0140,L004,2025-05-01,189
P0141,L004,2025-05-01,80
P0142,L004,2025-05-01,27
P0143,L004,2025-05-01,64
P0144,L004,2025-05-01,139
P0145,L004,2025-05-01,26
P0146,L004,2025-05-01,187
P0147,L004,2025-05-01,52
P0148,L004,2025-05-01,159
P0149,L004,2025-05-01,3
P0150,L004,2025-05-01,15
P0001,L005,2025-05-01,52
P0002,L005,2025-05-01,96
P0003,L005,2025-05-01,167
P0004,L005,2025-05-01,64
P0005,L005,2025-05-01,169
P0006,L005,2025-05-01,-1
P0007,L005,2025-05-01,96
P0008,L005,2025-05-01,8
P0009,L005,2025-05-01,42
P0010,L005,2025-05-01,135
P0011,L005,2025-05-01,179
P0012,L005,2025-05-01,23
P0013,L005,2025-05-01,94
P0014,L005,2025-05-01,172
P0015,L005,2025-05-01,4
P0016,L005,2025-05-01,193
P0017,L005,2025-05-01,74
P0018,L005,2025-05-01,93
P0019,L005,2025-05-01,104
P0020,L005,2025-05-01,-4
P0021,L005,2025-05-01,169
P0022,L005,2025-05-01,27
P0023,L005,2025-05-01,180
P0024,L005,2025-05-01,68
P0025,L005,2025-05-01,94
P0026,L005,2025-05-01,110
P0027,L005,2025-05-01,113
P0028,L005,2025-05-01,141
P0029,L005,2025-05-01,153
P0030,L005,2025-05-01,18
P0031,L005,2025-05-01,38
P0032,L005,2025-05-01,135
P0033,L005,2025-05-01,104
P0034,L005,2025-05-01,178
P0035,L005,2025-05-01,187
P0036,L005,2025-05-01,123
P0037,L005,2025-05-01,60
P0038,L005,2025-05-01,33
P0039,L005,2025-05-01,73
P0040,L005,2025-05-01,3
P0041,L005,2025-05-01,164
P0042,L005,2025-05-01,120
P0043,L005,2025-05-01,128
P0044,L005,2025-05-01,107
P0045,L005,2025-05-01,91
P0046,L005,2025-05-01,57
P0047,L005,2025-05-01,177
P0048,L005,2025-05-01,118
P0049,L005,2025-05-01,123
P0050,L005,2025-05-01,50
P0051,L005,2025-05-01,139
P0052,L005,2025-05-01,0
P0053,L005,2025-05-01,187
P0054,L005,2025-05-01,177
P0055,L005,2025-05-01,12
P0056,L005,2025-05-01,26
P0057,L005,2025-05-01,117
P0058,L005,2025-05-01,153
P0059,L005,2025-05-01,158
P0060,L005,2025-05-01,41
P0061,L005,2025-05-01,42
P0062,L005,2025-05-01,127
P0063,L005,2025-05-01,39
P0064,L005,2025-05-01,169
P0065,L005,2025-05-01,69
P0066,L005,2025-05-01,84
P0067,L005,2025-05-01,77
P0068,L005,2025-05-01,199
P0069,L005,2025-05-01,142
P0070,L005,2025-05-01,71
P0071,L005,2025-05-01,109
P0072,L005,2025-05-01,20
P0073,L005,2025-05-01,38
P0074,L005,2025-05-01,25
P0075,L005,2025-05-01,24
P0076,L005,2025-05-01,90
P0077,L005,2025-05-01,182
P0078,L005,2025-05-01,59
P0079,L005,2025-05-01,124
P0080,L005,2025-05-01,197
P0081,L005,2025-05-01,99
P0082,L005,2025-05-01,199
P0083,L005,2025-05-01,115
P0084,L005,2025-05-01,7
P0085,L005,2025-05-01,152
P0086,L005,2025-05-01,29
P0087,L005,2025-05-01,93
P0088,L005,2025-05-01,194
P0089,L005,2025-05-01,66
P0090,L005,2025-05-01,13
P0091,L005,2025-05-01,77
P0092,L005,2025-05-01,116
P0093,L005,2025-05-01,41
P0094,L005,2025-05-01,3
P0095,L005,2025-05-01,188
P0096,L005,2025-05-01,17
P0097,L005,2025-05-01,172
P0098,L005,2025-05-01,0
P0099,L005,2025-05-01,156
P0100,L005,2025-05-01,124
P0101,L005,2025-05-01,54
P0102,L005,2025-05-01,16
P0103,L005,2025-05-01,21
P0104,L005,2025-05-01,80
P0105,L005,2025-05-01,22
P0106,L005,2025-05-01,155
P0107,L005,2025-05-01,135
P0108,L005,2025-05-01,-18
P0109,L005,2025-05-01,131
P0110,L005,2025-05-01,135
P0111,L005,2025-05-01,20
P0112,L005,2025-05-01,13
P0113,L005,2025-05-01,2
P0114,L005,2025-05-01,8
P0115,L005,2025-05-01,108
P0116,L005,2025-05-01,93
P0117,L005,2025-05-01,123
P0118,L005,2025-05-01,187
P0119,L005,2025-05-01,123
P0120,L005,2025-05-01,15
P0121,L005,2025-05-01,127
P0122,L005,2025-05-01,184
P0123,L005,2025-05-01,66
P0124,L005,2025-05-01,-14
P0125,L005,2025-05-01,187
P0126,L005,2025-05-01,28
P0127,L005,2025-05-01,115
P0128,L005,2025-05-01,28
P0129,L005,2025-05-01,93
P0130,L005,2025-05-01,192
P0131,L005,2025-05-01,101
P0132,L005,2025-05-01,159
P0133,L005,2025-05-01,183
P0134,L005,2025-05-01,84
P0135,L005,2025-05-01,24
P0136,L005,2025-05-01,133
P0137,L005,2025-05-01,95
P0138,L005,2025-05-01,1
P0139,L005,2025-05-01,153
P0140,L005,2025-05-01,91
P0141,L005,2025-05-01,37
P0142,L005,2025-05-01,140
P0143,L005,2025-05-01,138
P0144,L005,2025-05-01,150
P0145,L005,2025-05-01,24
P0146,L005,2025-05-01,37
P0147,L005,2025-05-01,97
P0148,L005,2025-05-01,82
P0149,L005,2025-05-01,125
P0150,L005,2025-05-01,87
P0001,L006,2025-05-01,96
P0002,L006,2025-05-01,126
P0003,L006,2025-05-01,87
P0004,L006,2025-05-01,125
P0005,L006,2025-05-01,56
P0006,L006,2025-05-01,186
P0007,L006,2025-05-01,140
P0008,L006,2025-05-01,8
P0009,L006,2025-05-01,78
P0010,L006,2025-05-01,165
P0011,L006,2025-05-01,8
P0012,L006,2025-05-01,43
P0013,L006,2025-05-01,162
P0014,L006,2025-05-01,108
P0015,L006,2025-05-01,143
P0016,L006,2025-05-01,128
P0017,L006,2025-05-01,193
P0018,L006,2025-05-01,2
P0019,L006,2025-05-01,37
P0020,L006,2025-05-01,163
P0021,L006,2025-05-01,180
P0022,L006,2025-05-01,37
P0023,L006,2025-05-01,62
P0024,L006,2025-05-01,130
P0025,L006,2025-05-01,191
P0026,L006,2025-05-01,53
P0027,L006,2025-05-01,124
P0028,L006,2025-05-01,63
P0029,L006,2025-05-01,73
P0030,L006,2025-05-01,37
P0031,L006,2025-05-01,149
P0032,L006,2025-05-01,44
P0033,L006,2025-05-01,184
P0034,L006,2025-05-01,189
P0035,L006,2025-05-01,63
P0036,L006,2025-05-01,196
P0037,L006,2025-05-01,167
P0038,L006,2025-05-01,139
P0039,L006,2025-05-01,103
P0040,L006,2025-05-01,116
P0041,L006,2025-05-01,125
P0042,L006,2025-05-01,6
P0043,L006,2025-05-01,23
P0044,L006,2025-05-01,193
P0045,L006,2025-05-01,18
P0046,L006,2025-05-01,169
P0047,L006,2025-05-01,77
P0048,L006,2025-05-01,6
P0049,L006,2025-05-01,114
P0050,L006,2025-05-01,113
P0051,L006,2025-05-01,91
P0052,L006,2025-05-01,19
P0053,L006,2025-05-01,180
P0054,L006,2025-05-01,92
P0055,L006,2025-05-01,65
P9058,L006,2025-05-01,55
P0057,L006,2025-05-01,61
P0058,L006,2025-05-01,71
P0059,L006,2025-05-01,22
P0060,L006,2025-05-01,164
P0061,L006,2025-05-01,198
P0062,L006,2025-05-01,147
P0063,L006,2025-05-01,159
P0064,L006,2025-05-01,97
P0065,L006,2025-05-01,60
P0066,L006,2025-05-01,74
P0067,L006,2025-05-01,84
P0068,L006,2025-05-01,186
P0069,L006,2025-05-01,109
P0070,L006,2025-05-01,180
P0071,L006,2025-05-01,158
P0072,L006,2025-05-01,29
P0073,L006,2025-05-01,64
P0074,L006,2025-05-01,116
P0075,L006,2025-05-01,79
P0076,L006,2025-05-01,62
P0077,L006,2025-05-01,106
P0078,L006,2025-05-01,18
P0079,L006,2025-05-01,77
P0080,L006,2025-05-01,26
P0081,L006,2025-05-01,103
P0082,L006,2025-05-01,62
P0083,L006,2025-05-01,116
P0084,L006,2025-05-01,182
P0085,L006,2025-05-01,45
P0086,L006,2025-05-01,1
P0087,L006,2025-05-01,103
P0088,L006,2025-05-01,1
P0089,L006,2025-05-01,171
P0090,L006,2025-05-01,105
P0091,L006,2025-05-01,160
P0092,L006,2025-05-01,26
P0093,L006,2025-05-01,143
P0094,L006,2025-05-01,23
P0095,L006,2025-05-01,173
P0096,L006,2025-05-01,95
P0097,L006,2025-05-01,132
P0098,L006,2025-05-01,56
P0099,L006,2025-05-01,103
P0100,L006,2025-05-01,196
P0101,L006,2025-05-01,7
P0102,L006,2025-05-01,106
P0103,L006,2025-05-01,35
P0104,L006,2025-05-01,59
P0105,L006,2025-05-01,65
P0106,L006,2025-05-01,125
P0107,L006,2025-05-01,-2
P0108,L006,2025-05-01,19
P0109,L006,2025-05-01,92
P0110,L006,2025-05-01,93
P0111,L006,2025-05-01,87
P0112,L006,2025-05-01,-7
P0113,L006,2025-05-01,67
P0114,L006,2025-05-01,120
P0115,L006,2025-05-01,196
P0116,L006,2025-05-01,166
P0117,L006,2025-05-01,79
P0118,L006,2025-05-01,30
P0119,L006,2025-05-01,138
P0120,L006,2025-05-01,116
P0121,L006,2025-05-01,180
P0122,L006,2025-05-01,170
P0123,L006,2025-05-01,83
P0124,L006,2025-05-01,134
P0125,L006,2025-05-01,6
P0126,L006,2025-05-01,193
P0127,L006,2025-05-01,24
P0128,L006,2025-05-01,80
P0129,L006,2025-05-01,69
P0130,L006,2025-05-01,86
P0131,L006,2025-05-01,101
P0132,L006,2025-05-01,111
P0133,L006,2025-05-01,5
P0134,L006,2025-05-01,187
P0135,L006,2025-05-01,37
P0136,L006,2025-05-01,141
P0137,L006,2025-05-01,139
P0138,L006,2025-05-01,64
P0139,L006,2025-05-01,100
P0140,L006,2025-05-01,121
P0141,L006,2025-05-01,197
P0142,L006,2025-05-01,179
P0143,L006,2025-05-01,152
P0144,L006,2025-05-01,165
P0145,L006,2025-05-01,1
P0146,L006,2025-05-01,62
P0147,L006,2025-05-01,182
P0148,L006,2025-05-01,54
P0149,L006,2025-05-01,69
P0150,L006,2025-05-01,172
P0001,L100,2025-05-01,74
P0002,L100,2025-05-01,146
P0003,L100,2025-05-01,5
P0004,L100,2025-05-01,39
P0005,L100,2025-05-01,49
P0006,L100,2025-05-01,178
P0007,L100,2025-05-01,23
P0008,L100,2025-05-01,73
P0009,L100,2025-05-01,104
P0010,L100,2025-05-01,5
P0011,L100,2025-05-01,0
P0012,L100,2025-05-01,23
P0013,L100,2025-05-01,51
P0014,L100,2025-05-01,169
P0015,L100,2025-05-01,90
P0016,L100,2025-05-01,172
P0017,L100,2025-05-01,57
P0018,L100,2025-05-01,8
P0019,L100,2025-05-01,90
P0020,L100,2025-05-01,110
P0021,L100,2025-05-01,61
P0022,L100,2025-05-01,40
P0023,L100,2025-05-01,168
P0024,L100,2025-05-01,133
P0025,L100,2025-05-01,170
P0026,L100,2025-05-01,99
P0027,L100,2025-05-01,152
P0028,L100,2025-05-01,140
P0029,L100,2025-05-01,102
P0030,L100,2025-05-01,6
P0031,L100,2025-05-01,43
P0032,L100,2025-05-01,54
P0033,L100,2025-05-01,58
P0034,L100,2025-05-01,89
P0035,L100,2025-05-01,91
P0036,L100,2025-05-01,168
P0037,L100,2025-05-01,128
P0038,L100,2025-05-01,171
P0039,L100,2025-05-01,108
P0040,L100,2025-05-01,64
P0041,L100,2025-05-01,137
P0042,L100,2025-05-01,20
P0043,L100,2025-05-01,46
P9051,L100,2025-05-01,93
P0045,L100,2025-05-01,128
P0046,L100,2025-05-01,75
P0047,L100,2025-05-01,121
P0048,L100,2025-05-01,96
P0049,L100,2025-05-01,103
P0050,L100,2025-05-01,107
P0051,L100,2025-05-01,165
P0052,L100,2025-05-01,189
P0053,L100,2025-05-01,53
P0054,L100,2025-05-01,138
P0055,L100,2025-05-01,48
P0056,L100,2025-05-01,178
P0057,L100,2025-05-01,174
P0058,L100,2025-05-01,37
P0059,L100,2025-05-01,65
P0060,L100,2025-05-01,177
P0061,L100,2025-05-01,29
P0062,L100,2025-05-01,6
P0063,L100,2025-05-01,152
P0064,L100,2025-05-01,18
P0065,L100,2025-05-01,25
P0066,L100,2025-05-01,37
P0067,L100,2025-05-01,199
P0068,L100,2025-05-01,197
P0069,L100,2025-05-01,59
P0070,L100,2025-05-01,113
P0071,L100,2025-05-01,23
P0072,L100,2025-05-01,186
P0073,L100,2025-05-01,86
P0074,L100,2025-05-01,83
P0075,L100,2025-05-01,0
P0076,L100,2025-05-01,35
P0077,L100,2025-05-01,117
P0078,L100,2025-05-01,82
P0079,L100,2025-05-01,100
P0080,L100,2025-05-01,27
P0081,L100,2025-05-01,68
P0082,L100,2025-05-01,54
P0083,L100,2025-05-01,92
P0084,L100,2025-05-01,62
P0085,L100,2025-05-01,9
P0086,L100,2025-05-01,112
P0087,L100,2025-05-01,60
P0088,L100,2025-05-01,159
P0089,L100,2025-05-01,57
P0090,L100,2025-05-01,34
P0091,L100,2025-05-01,156
P0092,L100,2025-05-01,95
P0093,L100,2025-05-01,188
P0094,L100,2025-05-01,11
P0095,L100,2025-05-01,59
P0096,L100,2025-05-01,122
P0097,L100,2025-05-01,28
P0098,L100,2025-05-01,110
P0099,L100,2025-05-01,153
P0100,L100,2025-05-01,7
P0101,L100,2025-05-01,114
P0102,L100,2025-05-01,140
P0103,L100,2025-05-01,138
P0104,L100,2025-05-01,107
P0105,L100,2025-05-01,41
P0106,L100,2025-05-01,19
P0107,L100,2025-05-01,163
P0108,L100,2025-05-01,17
P0109,L100,2025-05-01,195
P0110,L100,2025-05-01,25
P0111,L100,2025-05-01,163
P0112,L100,2025-05-01,130
P0113,L100,2025-05-01,47
P0114,L100,2025-05-01,165
P0115,L100,2025-05-01,177
P0116,L100,2025-05-01,3
P0117,L100,2025-05-01,125
P0118,L100,2025-05-01,77
P0119,L100,2025-05-01,178
P0120,L100,2025-05-01,92
P0121,L100,2025-05-01,64
P0122,L100,2025-05-01,87
P0123,L100,2025-05-01,46
P0124,L100,2025-05-01,139
P0125,L100,2025-05-01,105
P0126,L100,2025-05-01,49
P0127,L100,2025-05-01,114
P0128,L100,2025-05-01,176
P0129,L100,2025-05-01,129
P0130,L100,2025-05-01,179
P0131,L100,2025-05-01,198
P0132,L100,2025-05-01,54
P0133,L100,2025-05-01,47
P0134,L100,2025-05-01,80
P0135,L100,2025-05-01,99
P0136,L100,2025-05-01,79
P0137,L100,2025-05-01,172
P0138,L100,2025-05-01,190
P0139,L100,2025-05-01,38
P0140,L100,2025-05-01,188
P0141,L100,2025-05-01,57
P0142,L100,2025-05-01,84
P0143,L100,2025-05-01,147
P0144,L100,2025-05-01,99
P0145,L100,2025-05-01,119
P0146,L100,2025-05-01,18
P0147,L100,2025-05-01,125
P0148,L100,2025-05-01,190
P0149,L100,2025-05-01,95
P0150,L100,2025-05-01,94
P0001,L001,2025-06-01,193
P0002,L001,2025-06-01,64
P0003,L001,2025-06-01,6
P0004,L001,2025-06-01,77
P0005,L001,2025-06-01,186
P0006,L001,2025-06-01,173
P0007,L001,2025-06-01,70
P0008,L001,2025-06-01,87
P0009,L001,2025-06-01,25
P0010,L001,2025-06-01,193
P0011,L001,2025-06-01,13
P0012,L001,2025-06-01,96
P0013,L001,2025-06-01,31
P0014,L001,2025-06-01,159
P0015,L001,2025-06-01,83
P0016,L001,2025-06-01,3
P0017,L001,2025-06-01,120
P0018,L001,2025-06-01,76
P0019,L001,2025-06-01,149
P0020,L001,2025-06-01,64
P0021,L001,2025-06-01,197
P0022,L001,2025-06-01,129
P0023,L001,2025-06-01,37
P0024,L001,2025-06-01,150
P0025,L001,2025-06-01,114
P0026,L001,2025-06-01,46
P0027,L001,2025-06-01,155
P0028,L001,2025-06-01,97
P0029,L001,2025-06-01,159
P0030,L001,2025-06-01,167
P0031,L001,2025-06-01,-15
P0032,L001,2025-06-01,8
P0033,L001,2025-06-01,102
P0034,L001,2025-06-01,15
P0035,L001,2025-06-01,187
P0036,L001,2025-06-01,164
P0037,L001,2025-06-01,14
P0038,L001,2025-06-01,59
P0039,L001,2025-06-01,130
P0040,L001,2025-06-01,21
P0041,L001,2025-06-01,49
P0042,L001,2025-06-01,63
P0043,L001,2025-06-01,171
P0044,L001,2025-06-01,179
P0045,L001,2025-06-01,128
P0046,L001,2025-06-01,89
P0047,L001,2025-06-01,74
P0048,L001,2025-06-01,64
P0049,L001,2025-06-01,3
P0050,L001,2025-06-01,138
P0051,L001,2025-06-01,126
P0052,L001,2025-06-01,120
P0053,L001,2025-06-01,162
P0054,L001,2025-06-01,158
P0055,L001,2025-06-01,84
P0056,L001,2025-06-01,21
P0057,L001,2025-06-01,122
P0058,L001,2025-06-01,108
P0059,L001,2025-06-01,105
P0060,L001,2025-06-01,110
P0061,L001,2025-06-01,185
P0062,L001,2025-06-01,30
P0063,L001,2025-06-01,87
P0064,L001,2025-06-01,30
P0065,L001,2025-06-01,186
P0066,L001,2025-06-01,164
P0067,L001,2025-06-01,93
P0068,L001,2025-06-01,118
P0069,L001,2025-06-01,139
P0070,L001,2025-06-01,184
P0071,L001,2025-06-01,23
P0072,L001,2025-06-01,154
P0073,L001,2025-06-01,86
P0074,L001,2025-06-01,0
P0075,L001,2025-06-01,17
P0076,L001,2025-06-01,54
P0077,L001,2025-06-01,9
P0078,L001,2025-06-01,151
P0079,L001,2025-06-01,62
P0080,L001,2025-06-01,117
P0081,L001,2025-06-01,46
P0082,L001,2025-06-01,78
P0083,L001,2025-06-01,16
P0084,L001,2025-06-01,33
P0085,L001,2025-06-01,102
P0086,L001,2025-06-01,16
P0087,L001,2025-06-01,191
P0088,L001,2025-06-01,2
P0089,L001,2025-06-01,5
P0090,L001,2025-06-01,94
P0091,L001,2025-06-01,17
P0092,L001,2025-06-01,7
P0093,L001,2025-06-01,33
P0094,L001,2025-06-01,197
P0095,L001,2025-06-01,79
P0096,L001,2025-06-01,4
P0097,L001,2025-06-01,109
P0098,L001,2025-06-01,122
P0099,L001,2025-06-01,197
P0100,L001,2025-06-01,179
P0101,L001,2025-06-01,168
P0102,L001,2025-06-01,164
P0103,L001,2025-06-01,156
P0104,L001,2025-06-01,131
P0105,L001,2025-06-01,63
P0106,L001,2025-06-01,101
P0107,L001,2025-06-01,128
P0108,L001,2025-06-01,85
P9055,L001,2025-06-01,54
P0110,L001,2025-06-01,91
P0111,L001,2025-06-01,194
P0112,L001,2025-06-01,44
P0113,L001,2025-06-01,174
P0114,L001,2025-06-01,127
P0115,L001,2025-06-01,173
P0116,L001,2025-06-01,12
P0117,L001,2025-06-01,176
P0118,L001,2025-06-01,146
P0119,L001,2025-06-01,21
P0120,L001,2025-06-01,190
P0121,L001,2025-06-01,122
P0122,L001,2025-06-01,91
P0123,L001,2025-06-01,126
P0124,L001,2025-06-01,138
P0125,L001,2025-06-01,124
P0126,L001,2025-06-01,72
P0127,L001,2025-06-01,39
P0128,L001,2025-06-01,65
P0129,L001,2025-06-01,105
P0130,L001,2025-06-01,153
P0131,L001,2025-06-01,32
P0132,L001,2025-06-01,192
P0133,L001,2025-06-01,152
P0134,L001,2025-06-01,144
P0135,L001,2025-06-01,168
P0136,L001,2025-06-01,189
P0137,L001,2025-06-01,195
P0138,L001,2025-06-01,91
P0139,L001,2025-06-01,60
P0140,L001,2025-06-01,144
P0141,L001,2025-06-01,96
P0142,L001,2025-06-01,90
P0143,L001,2025-06-01,181
P0144,L001,2025-06-01,90
P0145,L001,2025-06-01,104
P0146,L001,2025-06-01,155
P0147,L001,2025-06-01,61
P0148,L001,2025-06-01,153
P0149,L001,2025-06-01,134
P0150,L001,2025-06-01,189
P0001,L002,2025-06-01,98
P0002,L002,2025-06-01,48
P0003,L002,2025-06-01,186
P0004,L002,2025-06-01,56
P0005,L002,2025-06-01,33
P0006,L002,2025-06-01,191
P0007,L002,2025-06-01,14
P0008,L002,2025-06-01,19
P0009,L002,2025-06-01,56
P0010,L002,2025-06-01,7
P0011,L002,2025-06-01,16
P0012,L002,2025-06-01,195
P0013,L002,2025-06-01,34
P0014,L002,2025-06-01,81
P0015,L002,2025-06-01,15
P0016,L002,2025-06-01,81
P0017,L002,2025-06-01,152
P0018,L002,2025-06-01,127
P0019,L002,2025-06-01,125
P0020,L002,2025-06-01,166
P0021,L002,2025-06-01,170
P0022,L002,2025-06-01,76
P0023,L002,2025-06-01,121
P0024,L002,2025-06-01,4
P0025,L002,2025-06-01,7
P0026,L002,2025-06-01,98
P0027,L002,2025-06-01,93
P0028,L002,2025-06-01,91
P0029,L002,2025-06-01,45
P0030,L002,2025-06-01,13
P0031,L002,2025-06-01,121
P0032,L002,2025-06-01,87
P0033,L002,2025-06-01,82
P0034,L002,2025-06-01,54
P0035,L002,2025-06-01,166
P0036,L002,2025-06-01,160
P0037,L002,2025-06-01,37
P0038,L002,2025-06-01,62
P0039,L002,2025-06-01,168
P0040,L002,2025-06-01,42
P0041,L002,2025-06-01,99
P0042,L002,2025-06-01,84
P0043,L002,2025-06-01,143
P0044,L002,2025-06-01,187
P0045,L002,2025-06-01,187
P0046,L002,2025-06-01,154
P0047,L002,2025-06-01,18
P0048,L002,2025-06-01,156
P0049,L002,2025-06-01,111
P0050,L002,2025-06-01,64
P0051,L002,2025-06-01,170
P0052,L002,2025-06-01,173
P0053,L002,2025-06-01,32
P0054,L002,2025-06-01,159
P0055,L002,2025-06-01,64
P0056,L002,2025-06-01,73
P0057,L002,2025-06-01,153
P0058,L002,2025-06-01,182
P0059,L002,2025-06-01,34
P0060,L002,2025-06-01,191
P0061,L002,2025-06-01,28
P0062,L002,2025-06-01,58
P0063,L002,2025-06-01,29
P0064,L002,2025-06-01,197
P0065,L002,2025-06-01,161
P0066,L002,2025-06-01,71
P0067,L002,2025-06-01,2
P0068,L002,2025-06-01,162
P0069,L002,2025-06-01,8
P0070,L002,2025-06-01,124
P0071,L002,2025-06-01,0
P0072,L002,2025-06-01,186
P0073,L002,2025-06-01,-13
P0074,L002,2025-06-01,69
P0075,L002,2025-06-01,97
P0076,L002,2025-06-01,44
P0077,L002,2025-06-01,92
P0078,L002,2025-06-01,131
P0079,L002,2025-06-01,33
P0080,L002,2025-06-01,62
P0081,L002,2025-06-01,189
P0082,L002,2025-06-01,139
P0083,L002,2025-06-01,48
P0084,L002,2025-06-01,2
P0085,L002,2025-06-01,157
P0086,L002,2025-06-01,92
P0087,L002,2025-06-01,173
P0088,L002,2025-06-01,87
P0089,L002,2025-06-01,24
P0090,L002,2025-06-01,157
P0091,L002,2025-06-01,122
P0092,L002,2025-06-01,180
P0093,L002,2025-06-01,148
P0094,L002,2025-06-01,15
P0095,L002,2025-06-01,113
P0096,L002,2025-06-01,146
P0097,L002,2025-06-01,21
P0098,L002,2025-06-01,185
P0099,L002,2025-06-01,158
P0100,L002,2025-06-01,8
P0101,L002,2025-06-01,7
P0102,L002,2025-06-01,1
P0103,L002,2025-06-01,198
P0104,L002,2025-06-01,146
P0105,L002,2025-06-01,21
P0106,L002,2025-06-01,-11
P0107,L002,2025-06-01,42
P0108,L002,2025-06-01,196
P0109,L002,2025-06-01,141
P0110,L002,2025-06-01,83
P0111,L002,2025-06-01,134
P0112,L002,2025-06-01,181
P0113,L002,2025-06-01,3
P0114,L002,2025-06-01,199
P0115,L002,2025-06-01,62
P0116,L002,2025-06-01,79
P0117,L002,2025-06-01,41
P0118,L002,2025-06-01,123
P0119,L002,2025-06-01,176
P0120,L002,2025-06-01,38
P0121,L002,2025-06-01,121
P0122,L002,2025-06-01,180
P0123,L002,2025-06-01,16
P0124,L002,2025-06-01,145
P0125,L002,2025-06-01,199
P0126,L002,2025-06-01,153
P0127,L002,2025-06-01,179
P0128,L002,2025-06-01,82
P0129,L002,2025-06-01,108
P0130,L002,2025-06-01,47
P0131,L002,2025-06-01,8
P0132,L002,2025-06-01,175
P0133,L002,2025-06-01,90
P0134,L002,2025-06-01,158
P0135,L002,2025-06-01,75
P0136,L002,2025-06-01,174
P0137,L002,2025-06-01,145
P0138,L002,2025-06-01,121
P0139,L002,2025-06-01,27
P9063,L002,2025-06-01,144
P0141,L002,2025-06-01,133
P0142,L002,2025-06-01,13
P0143,L002,2025-06-01,55
P0144,L002,2025-06-01,125
P0145,L002,2025-06-01,180
P0146,L002,2025-06-01,86
P0147,L002,2025-06-01,161
P0148,L002,2025-06-01,164
P0149,L002,2025-06-01,136
P0150,L002,2025-06-01,28
P0001,L003,2025-06-01,33
P0002,L003,2025-06-01,172
P0003,L003,2025-06-01,164
P0004,L003,2025-06-01,103
P0005,L003,2025-06-01,102
P0006,L003,2025-06-01,84
P0007,L003,2025-06-01,21
P0008,L003,2025-06-01,52
P0009,L003,2025-06-01,153
P0010,L003,2025-06-01,161
P0011,L003,2025-06-01,43
P0012,L003,2025-06-01,191
P0013,L003,2025-06-01,87
P0014,L003,2025-06-01,45
P0015,L003,2025-06-01,133
P0016,L003,2025-06-01,184
P0017,L003,2025-06-01,149
P0018,L003,2025-06-01,124
P0019,L003,2025-06-01,-5
P0020,L003,2025-06-01,135
P0021,L003,2025-06-01,129
P0022,L003,2025-06-01,86
P0023,L003,2025-06-01,144
P0024,L003,2025-06-01,110
P0025,L003,2025-06-01,28
P0026,L003,2025-06-01,101
P0027,L003,2025-06-01,118
P0028,L003,2025-06-01,108
P0029,L003,2025-06-01,64
P0030,L003,2025-06-01,139
P0031,L003,2025-06-01,80
P0032,L003,2025-06-01,162
P0033,L003,2025-06-01,27
P0034,L003,2025-06-01,130
P0035,L003,2025-06-01,38
P0036,L003,2025-06-01,182
P0037,L003,2025-06-01,54
P0038,L003,2025-06-01,88
P0039,L003,2025-06-01,5
P0040,L003,2025-06-01,-14
P0041,L003,2025-06-01,159
P0042,L003,2025-06-01,165
P0043,L003,2025-06-01,190
P0044,L003,2025-06-01,60
P0045,L003,2025-06-01,159
P0046,L003,2025-06-01,72
P0047,L003,2025-06-01,137
P0048,L003,2025-06-01,72
P0049,L003,2025-06-01,42
P0050,L003,2025-06-01,178
P0051,L003,2025-06-01,150
P0052,L003,2025-06-01,125
P0053,L003,2025-06-01,21
P0054,L003,2025-06-01,102
P0055,L003,2025-06-01,145
P0056,L003,2025-06-01,99
P0057,L003,2025-06-01,125
P0058,L003,2025-06-01,132
P0059,L003,2025-06-01,-8
P0060,L003,2025-06-01,180
P0061,L003,2025-06-01,32
P0062,L003,2025-06-01,32
P0063,L003,2025-06-01,36
P0064,L003,2025-06-01,175
P0065,L003,2025-06-01,62
P0066,L003,2025-06-01,38
P0067,L003,2025-06-01,157
P0068,L003,2025-06-01,33
P0069,L003,2025-06-01,159
P0070,L003,2025-06-01,126
P0071,L003,2025-06-01,30
P0072,L003,2025-06-01,15
P0073,L003,2025-06-01,37
P0074,L003,2025-06-01,109
P0075,L003,2025-06-01,9
P0076,L003,2025-06-01,4
P0077,L003,2025-06-01,25
P0078,L003,2025-06-01,88
P0079,L003,2025-06-01,17
P0080,L003,2025-06-01,195
P0081,L003,2025-06-01,98
P0082,L003,2025-06-01,158
P0083,L003,2025-06-01,72
P0084,L003,2025-06-01,162
P0085,L003,2025-06-01,48
P0086,L003,2025-06-01,152
P0087,L003,2025-06-01,60
P0088,L003,2025-06-01,80
P0089,L003,2025-06-01,127
P0090,L003,2025-06-01,86
P0091,L003,2025-06-01,180
P0092,L003,2025-06-01,190
P0093,L003,2025-06-01,97
P0094,L003,2025-06-01,3
P0095,L003,2025-06-01,42
P0096,L003,2025-06-01,16
P0097,L003,2025-06-01,141
P0098,L003,2025-06-01,167
P0099,L003,2025-06-01,14
P0100,L003,2025-06-01,45
P0101,L003,2025-06-01,126
P0102,L003,2025-06-01,107
P0103,L003,2025-06-01,94
P0104,L003,2025-06-01,97
P0105,L003,2025-06-01,21
P0106,L003,2025-06-01,42
P0107,L003,2025-06-01,156
P0108,L003,2025-06-01,55
P0109,L003,2025-06-01,128
P0110,L003,2025-06-01,52
P0111,L003,2025-06-01,194
P0112,L003,2025-06-01,98
P0113,L003,2025-06-01,10
P0114,L003,2025-06-01,101
P0115,L003,2025-06-01,47
P0116,L003,2025-06-01,96
P0117,L003,2025-06-01,108
P0118,L003,2025-06-01,110
P0119,L003,2025-06-01,27
P0120,L003,2025-06-01,109
P0121,L003,2025-06-01,179
P0122,L003,2025-06-01,142
P0123,L003,2025-06-01,59
P0124,L003,2025-06-01,185
P0125,L003,2025-06-01,33
P0126,L003,2025-06-01,106
P0127,L003,2025-06-01,195
P0128,L003,2025-06-01,159
P0129,L003,2025-06-01,92
P0130,L003,2025-06-01,194
P0131,L003,2025-06-01,48
P0132,L003,2025-06-01,26
P0133,L003,2025-06-01,184
P0134,L003,2025-06-01,62
P0135,L003,2025-06-01,145
P0136,L003,2025-06-01,1
P0137,L003,2025-06-01,100
P0138,L003,2025-06-01,38
P0139,L003,2025-06-01,145
P0140,L003,2025-06-01,82
P0141,L003,2025-06-01,9
P0142,L003,2025-06-01,3
P0143,L003,2025-06-01,93
P0144,L003,2025-06-01,28
P0145,L003,2025-06-01,164
P0146,L003,2025-06-01,105
P0147,L003,2025-06-01,22
P0148,L003,2025-06-01,186
P0149,L003,2025-06-01,139
P0150,L003,2025-06-01,164
P0001,L004,2025-06-01,70
P0002,L004,2025-06-01,184
P0003,L004,2025-06-01,178
P0004,L004,2025-06-01,139
P0005,L004,2025-06-01,106
P0006,L004,2025-06-01,177
P0007,L004,2025-06-01,58
P0008,L004,2025-06-01,105
P0009,L004,2025-06-01,70
P0010,L004,2025-06-01,101
P0011,L004,2025-06-01,72
P0012,L004,2025-06-01,41
P0013,L004,2025-06-01,105
P0014,L004,2025-06-01,191
P0015,L004,2025-06-01,169
P0016,L004,2025-06-01,192
P0017,L004,2025-06-01,10
P0018,L004,2025-06-01,97
P0019,L004,2025-06-01,199
P0020,L004,2025-06-01,168
P0021,L004,2025-06-01,144
P0022,L004,2025-06-01,136
P0023,L004,2025-06-01,27
P0024,L004,2025-06-01,87
P0025,L004,2025-06-01,8
P0026,L004,2025-06-01,180
P0027,L004,2025-06-01,13
P0028,L004,2025-06-01,150
P0029,L004,2025-06-01,152
P0030,L004,2025-06-01,40
P0031,L004,2025-06-01,143
P0032,L004,2025-06-01,60
P0033,L004,2025-06-01,3
P0034,L004,2025-06-01,190
P0035,L004,2025-06-01,54
P0036,L004,2025-06-01,160
P0037,L004,2025-06-01,20
P0038,L004,2025-06-01,40
P0039,L004,2025-06-01,188
P0040,L004,2025-06-01,33
P0041,L004,2025-06-01,122
P0042,L004,2025-06-01,0
P0043,L004,2025-06-01,60
P0044,L004,2025-06-01,39
P0045,L004,2025-06-01,60
P0046,L004,2025-06-01,142
P0047,L004,2025-06-01,81
P0048,L004,2025-06-01,12
P0049,L004,2025-06-01,162
P0050,L004,2025-06-01,43
P0051,L004,2025-06-01,56
P0052,L004,2025-06-01,159
P0053,L004,2025-06-01,84
P0054,L004,2025-06-01,69
P0055,L004,2025-06-01,126
P0056,L004,2025-06-01,110
P0057,L004,2025-06-01,146
P0058,L004,2025-06-01,11
P0059,L004,2025-06-01,168
P0060,L004,2025-06-01,180
P0061,L004,2025-06-01,190
P0062,L004,2025-06-01,145
P0063,L004,2025-06-01,94
P0064,L004,2025-06-01,149
P0065,L004,2025-06-01,0
P0066,L004,2025-06-01,73
P0067,L004,2025-06-01,1
P0068,L004,2025-06-01,68
P0069,L004,2025-06-01,124
P0070,L004,2025-06-01,4
P0071,L004,2025-06-01,39
P0072,L004,2025-06-01,142
P0073,L004,2025-06-01,156
P0074,L004,2025-06-01,9
P0075,L004,2025-06-01,113
P0076,L004,2025-06-01,70
P0077,L004,2025-06-01,135
P0078,L004,2025-06-01,151
P0079,L004,2025-06-01,76
P0080,L004,2025-06-01,-16
P0081,L004,2025-06-01,106
P0082,L004,2025-06-01,176
P0083,L004,2025-06-01,102
P0084,L004,2025-06-01,58
P0085,L004,2025-06-01,12
P0086,L004,2025-06-01,117
P0087,L004,2025-06-01,154
P0088,L004,2025-06-01,29
P0089,L004,2025-06-01,179
P0090,L004,2025-06-01,96
P0091,L004,2025-06-01,194
P0092,L004,2025-06-01,1
P0093,L004,2025-06-01,27
P0094,L004,2025-06-01,14
P0095,L004,2025-06-01,188
P0096,L004,2025-06-01,14
P0097,L004,2025-06-01,65
P0098,L004,2025-06-01,95
P0099,L004,2025-06-01,153
P0100,L004,2025-06-01,131
P0101,L004,2025-06-01,55
P0102,L004,2025-06-01,61
P0103,L004,2025-06-01,175
P0104,L004,2025-06-01,93
P0105,L004,2025-06-01,47
P0106,L004,2025-06-01,79
P0107,L004,2025-06-01,21
P0108,L004,2025-06-01,114
P0109,L004,2025-06-01,49
P0110,L004,2025-06-01,165
P0111,L004,2025-06-01,72
P0112,L004,2025-06-01,15
P0113,L004,2025-06-01,165
P0114,L004,2025-06-01,111
P0115,L004,2025-06-01,51
P0116,L004,2025-06-01,18
P0117,L004,2025-06-01,10
P0118,L004,2025-06-01,54
P0119,L004,2025-06-01,41
P0120,L004,2025-06-01,152
P0121,L004,2025-06-01,129
P0122,L004,2025-06-01,62
P0123,L004,2025-06-01,87
P0124,L004,2025-06-01,146
P0125,L004,2025-06-01,169
P0126,L004,2025-06-01,11
P0127,L004,2025-06-01,116
P0128,L004,2025-06-01,175
P0129,L004,2025-06-01,195
P0130,L004,2025-06-01,1
P0131,L004,2025-06-01,88
P0132,L004,2025-06-01,143
P0133,L004,2025-06-01,11
P0134,L004,2025-06-01,68
P0135,L004,2025-06-01,94
P0136,L004,2025-06-01,46
P0137,L004,2025-06-01,151
P0138,L004,2025-06-01,74
P0139,L004,2025-06-01,73
P0140,L004,2025-06-01,22
P0141,L004,2025-06-01,189
P0142,L004,2025-06-01,116
P0143,L004,2025-06-01,88
P0144,L004,2025-06-01,197
P0145,L004,2025-06-01,124
P0146,L004,2025-06-01,79
P0147,L004,2025-06-01,196
P0148,L004,2025-06-01,95
P0149,L004,2025-06-01,145
P0150,L004,2025-06-01,191
P0001,L005,2025-06-01,157
P0002,L005,2025-06-01,30
P0003,L005,2025-06-01,127
P0004,L005,2025-06-01,35
P0005,L005,2025-06-01,106
P0006,L005,2025-06-01,101
P0007,L005,2025-06-01,67
P0008,L005,2025-06-01,109
P0009,L005,2025-06-01,181
P0010,L005,2025-06-01,142
P0011,L005,2025-06-01,41
P0012,L005,2025-06-01,98
P0013,L005,2025-06-01,93
P0014,L005,2025-06-01,124
P0015,L005,2025-06-01,160
P0016,L005,2025-06-01,140
P0017,L005,2025-06-01,62
P0018,L005,2025-06-01,59
P0019,L005,2025-06-01,39
P0020,L005,2025-06-01,100
P0021,L005,2025-06-01,44
P0022,L005,2025-06-01,74
P0023,L005,2025-06-01,97
P0024,L005,2025-06-01,199
P0025,L005,2025-06-01,47
P0026,L005,2025-06-01,151
P0027,L005,2025-06-01,19
P0028,L005,2025-06-01,161
P0029,L005,2025-06-01,51
P0030,L005,2025-06-01,181
P0031,L005,2025-06-01,151
P0032,L005,2025-06-01,129
P0033,L005,2025-06-01,87
P0034,L005,2025-06-01,152
P0035,L005,2025-06-01,40
P0036,L005,2025-06-01,199
P0037,L005,2025-06-01,140
P0038,L005,2025-06-01,133
P0039,L005,2025-06-01,164
P0040,L005,2025-06-01,150
P0041,L005,2025-06-01,121
P0042,L005,2025-06-01,69
P0043,L005,2025-06-01,148
P0044,L005,2025-06-01,154
P0045,L005,2025-06-01,177
P0046,L005,2025-06-01,10
P0047,L005,2025-06-01,41
P0048,L005,2025-06-01,45
P0049,L005,2025-06-01,30
P0050,L005,2025-06-01,15
P0051,L005,2025-06-01,130
P0052,L005,2025-06-01,184
P0053,L005,2025-06-01,178
P0054,L005,2025-06-01,173
P0055,L005,2025-06-01,62
P0056,L005,2025-06-01,185
P0057,L005,2025-06-01,85
P0058,L005,2025-06-01,52
P0059,L005,2025-06-01,-18
P0060,L005,2025-06-01,10
P0061,L005,2025-06-01,10
P0062,L005,2025-06-01,12
P0063,L005,2025-06-01,36
P0064,L005,2025-06-01,46
P0065,L005,2025-06-01,1
P0066,L005,2025-06-01,15
P0067,L005,2025-06-01,66
P0068,L005,2025-06-01,55
P0069,L005,2025-06-01,162
P0070,L005,2025-06-01,56
P0071,L005,2025-06-01,146
P0072,L005,2025-06-01,107
P0073,L005,2025-06-01,48
P0074,L005,2025-06-01,148
P0075,L005,2025-06-01,118
P0076,L005,2025-06-01,44
P0077,L005,2025-06-01,45
P0078,L005,2025-06-01,176
P0079,L005,2025-06-01,7
P0080,L005,2025-06-01,190
P0081,L005,2025-06-01,24
P0082,L005,2025-06-01,124
P0083,L005,2025-06-01,154
P0084,L005,2025-06-01,7
P0085,L005,2025-06-01,114
P0086,L005,2025-06-01,-9
P0087,L005,2025-06-01,25
P0088,L005,2025-06-01,24
P0089,L005,2025-06-01,77
P0090,L005,2025-06-01,19
P0091,L005,2025-06-01,0
P0092,L005,2025-06-01,154
P0093,L005,2025-06-01,194
P0094,L005,2025-06-01,35
P0095,L005,2025-06-01,12
P0096,L005,2025-06-01,115
P0097,L005,2025-06-01,73
P0098,L005,2025-06-01,106
P0099,L005,2025-06-01,34
P0100,L005,2025-06-01,24
P0101,L005,2025-06-01,0
P0102,L005,2025-06-01,149
P0103,L005,2025-06-01,156
P0104,L005,2025-06-01,130
P0105,L005,2025-06-01,23
P0106,L005,2025-06-01,163
P0107,L005,2025-06-01,3
P0108,L005,2025-06-01,81
P0109,L005,2025-06-01,-9
P0110,L005,2025-06-01,101
P0111,L005,2025-06-01,189
P0112,L005,2025-06-01,113
P0113,L005,2025-06-01,144
P0114,L005,2025-06-01,141
P0115,L005,2025-06-01,173
P0116,L005,2025-06-01,129
P0117,L005,2025-06-01,58
P0118,L005,2025-06-01,41
P0119,L005,2025-06-01,66
P0120,L005,2025-06-01,128
P0121,L005,2025-06-01,49
P0122,L005,2025-06-01,181
P0123,L005,2025-06-01,62
P0124,L005,2025-06-01,145
P0125,L005,2025-06-01,152
P0126,L005,2025-06-01,179
P0127,L005,2025-06-01,154
P0128,L005,2025-06-01,11
P0129,L005,2025-06-01,56
P0130,L005,2025-06-01,70
P0131,L005,2025-06-01,75
P0132,L005,2025-06-01,122
P0133,L005,2025-06-01,49
P0134,L005,2025-06-01,72
P0135,L005,2025-06-01,108
P0136,L005,2025-06-01,89
P0137,L005,2025-06-01,15
P0138,L005,2025-06-01,89
P0139,L005,2025-06-01,96
P0140,L005,2025-06-01,94
P0141,L005,2025-06-01,146
P0142,L005,2025-06-01,175
P0143,L005,2025-06-01,182
P0144,L005,2025-06-01,135
P0145,L005,2025-06-01,177
P0146,L005,2025-06-01,140
P0147,L005,2025-06-01,19
P0148,L005,2025-06-01,99
P0149,L005,2025-06-01,198
P0150,L005,2025-06-01,117
P0001,L006,2025-06-01,61
P0002,L006,2025-06-01,155
P0003,L006,2025-06-01,117
P0004,L006,2025-06-01,100
P0005,L006,2025-06-01,199
P0006,L006,2025-06-01,35
P0007,L006,2025-06-01,73
P0008,L006,2025-06-01,96
P0009,L006,2025-06-01,73
P0010,L006,2025-06-01,66
P0011,L006,2025-06-01,134
P0012,L006,2025-06-01,29
P0013,L006,2025-06-01,100
P0014,L006,2025-06-01,131
P0015,L006,2025-06-01,95
P0016,L006,2025-06-01,159
P0017,L006,2025-06-01,14
P0018,L006,2025-06-01,166
P0019,L006,2025-06-01,175
P0020,L006,2025-06-01,133
P0021,L006,2025-06-01,145
P0022,L006,2025-06-01,19
P0023,L006,2025-06-01,183
P0024,L006,2025-06-01,148
P0025,L006,2025-06-01,122
P0026,L006,2025-06-01,179
P0027,L006,2025-06-01,88
P0028,L006,2025-06-01,78
P0029,L006,2025-06-01,109
P0030,L006,2025-06-01,70
P0031,L006,2025-06-01,112
P0032,L006,2025-06-01,102
P0033,L006,2025-06-01,4
P0034,L006,2025-06-01,29
P0035,L006,2025-06-01,95
P0036,L006,2025-06-01,85
P0037,L006,2025-06-01,51
P0038,L006,2025-06-01,73
P0039,L006,2025-06-01,149
P0040,L006,2025-06-01,165
P0041,L006,2025-06-01,82
P0042,L006,2025-06-01,169
P0043,L006,2025-06-01,22
P0044,L006,2025-06-01,149
P0045,L006,2025-06-01,96
P0046,L006,2025-06-01,22
P0047,L006,2025-06-01,128
P0048,L006,2025-06-01,85
P0049,L006,2025-06-01,152
P0050,L006,2025-06-01,10
P0051,L006,2025-06-01,45
P0052,L006,2025-06-01,8
P0053,L006,2025-06-01,98
P0054,L006,2025-06-01,73
P0055,L006,2025-06-01,122
P0056,L006,2025-06-01,192
P0057,L006,2025-06-01,112
P0058,L006,2025-06-01,134
P0059,L006,2025-06-01,67
P0060,L006,2025-06-01,131
P0061,L006,2025-06-01,65
P0062,L006,2025-06-01,90
P0063,L006,2025-06-01,-5
P0064,L006,2025-06-01,155
P0065,L006,2025-06-01,153
P0066,L006,2025-06-01,106
P0067,L006,2025-06-01,113
P0068,L006,2025-06-01,139
P0069,L006,2025-06-01,85
P0070,L006,2025-06-01,128
P0071,L006,2025-06-01,26
P0072,L006,2025-06-01,11
P0073,L006,2025-06-01,61
P0074,L006,2025-06-01,155
P0075,L006,2025-06-01,125
P0076,L006,2025-06-01,64
P0077,L006,2025-06-01,173
P0078,L006,2025-06-01,191
P0079,L006,2025-06-01,101
P0080,L006,2025-06-01,11
P0081,L006,2025-06-01,194
P0082,L006,2025-06-01,93
P0083,L006,2025-06-01,40
P0084,L006,2025-06-01,147
P0085,L006,2025-06-01,80
P0086,L006,2025-06-01,85
P0087,L006,2025-06-01,21
P0088,L006,2025-06-01,25
P0089,L006,2025-06-01,77
P0090,L006,2025-06-01,18
P0091,L006,2025-06-01,117
P0092,L006,2025-06-01,148
P0093,L006,2025-06-01,2
P0094,L006,2025-06-01,85
P0095,L006,2025-06-01,14
P0096,L006,2025-06-01,46
P0097,L006,2025-06-01,150
P0098,L006,2025-06-01,9
P0099,L006,2025-06-01,60
P0100,L006,2025-06-01,30
P0101,L006,2025-06-01,71
P0102,L006,2025-06-01,82
P0103,L006,2025-06-01,118
P0104,L006,2025-06-01,7
P0105,L006,2025-06-01,6
P0106,L006,2025-06-01,100
P0107,L006,2025-06-01,187
P0108,L006,2025-06-01,159
P0109,L006,2025-06-01,111
P0110,L006,2025-06-01,74
P0111,L006,2025-06-01,130
P0112,L006,2025-06-01,114
P0113,L006,2025-06-01,17
P0114,L006,2025-06-01,16
P0115,L006,2025-06-01,163
P0116,L006,2025-06-01,56
P0117,L006,2025-06-01,72
P0118,L006,2025-06-01,158
P0119,L006,2025-06-01,139
P0120,L006,2025-06-01,185
P0121,L006,2025-06-01,141
P0122,L006,2025-06-01,196
P0123,L006,2025-06-01,156
P0124,L006,2025-06-01,51
P0125,L006,2025-06-01,68
P0126,L006,2025-06-01,38
P0127,L006,2025-06-01,136
P0128,L006,2025-06-01,129
P0129,L006,2025-06-01,77
P0130,L006,2025-06-01,26
P0131,L006,2025-06-01,133
P0132,L006,2025-06-01,57
P0133,L006,2025-06-01,72
P0134,L006,2025-06-01,18
P0135,L006,2025-06-01,3
P0136,L006,2025-06-01,40
P0137,L006,2025-06-01,84
P0138,L006,2025-06-01,109
P0139,L006,2025-06-01,32
P0140,L006,2025-06-01,13
P0141,L006,2025-06-01,69
P0142,L006,2025-06-01,175
P0143,L006,2025-06-01,175
P0144,L006,2025-06-01,144
P0145,L006,2025-06-01,53
P0146,L006,2025-06-01,98
P0147,L006,2025-06-01,114
P0148,L006,2025-06-01,64
P0149,L006,2025-06-01,105
P0150,L006,2025-06-01,194
P0001,L100,2025-06-01,125
P0002,L100,2025-06-01,142
P0003,L100,2025-06-01,138
P0004,L100,2025-06-01,12
P0005,L100,2025-06-01,4
P0006,L100,2025-06-01,9
P0007,L100,2025-06-01,71
P0008,L100,2025-06-01,115
P0009,L100,2025-06-01,143
P0010,L100,2025-06-01,103
P0011,L100,2025-06-01,76
P0012,L100,2025-06-01,123
P0013,L100,2025-06-01,29
P0014,L100,2025-06-01,96
P0015,L100,2025-06-01,171
P0016,L100,2025-06-01,174
P0017,L100,2025-06-01,8
P0018,L100,2025-06-01,131
P0019,L100,2025-06-01,18
P0020,L100,2025-06-01,145
P0021,L100,2025-06-01,38
P0022,L100,2025-06-01,56
P0023,L100,2025-06-01,148
P0024,L100,2025-06-01,5
P0025,L100,2025-06-01,195
P0026,L100,2025-06-01,187
P0027,L100,2025-06-01,44
P0028,L100,2025-06-01,146
P0029,L100,2025-06-01,116
P0030,L100,2025-06-01,42
P0031,L100,2025-06-01,79
P0032,L100,2025-06-01,12
P0033,L100,2025-06-01,112
P0034,L100,2025-06-01,184
P0035,L100,2025-06-01,154
P0036,L100,2025-06-01,143
P0037,L100,2025-06-01,117
P0038,L100,2025-06-01,159
P0039,L100,2025-06-01,80
P0040,L100,2025-06-01,186
P0041,L100,2025-06-01,6
P0042,L100,2025-06-01,98
P0043,L100,2025-06-01,134
P0044,L100,2025-06-01,164
P9024,L100,2025-06-01,55
P0046,L100,2025-06-01,121
P0047,L100,2025-06-01,27
P0048,L100,2025-06-01,51
P0049,L100,2025-06-01,122
P0050,L100,2025-06-01,103
P0051,L100,2025-06-01,139
P0052,L100,2025-06-01,88
P0053,L100,2025-06-01,124
P0054,L100,2025-06-01,119
P0055,L100,2025-06-01,177
P0056,L100,2025-06-01,154
P0057,L100,2025-06-01,180
P0058,L100,2025-06-01,125
P0059,L100,2025-06-01,7
P0060,L100,2025-06-01,91
P0061,L100,2025-06-01,190
P0062,L100,2025-06-01,127
P0063,L100,2025-06-01,82
P0064,L100,2025-06-01,151
P0065,L100,2025-06-01,9
P0066,L100,2025-06-01,26
P0067,L100,2025-06-01,109
P0068,L100,2025-06-01,133
P0069,L100,2025-06-01,162
P0070,L100,2025-06-01,177
P0071,L100,2025-06-01,51
P0072,L100,2025-06-01,59
P0073,L100,2025-06-01,187
P9053,L100,2025-06-01,181
P0075,L100,2025-06-01,126
P0076,L100,2025-06-01,77
P0077,L100,2025-06-01,153
P0078,L100,2025-06-01,68
P0079,L100,2025-06-01,199
P0080,L100,2025-06-01,9
P0081,L100,2025-06-01,26
P0082,L100,2025-06-01,105
P0083,L100,2025-06-01,11
P0084,L100,2025-06-01,121
P0085,L100,2025-06-01,182
P0086,L100,2025-06-01,4
P0087,L100,2025-06-01,66
P0088,L100,2025-06-01,62
P0089,L100,2025-06-01,156
P0090,L100,2025-06-01,179
P0091,L100,2025-06-01,45
P0092,L100,2025-06-01,195
P0093,L100,2025-06-01,170
P0094,L100,2025-06-01,33
P0095,L100,2025-06-01,70
P0096,L100,2025-06-01,172
P0097,L100,2025-06-01,117
P0098,L100,2025-06-01,51
P0099,L100,2025-06-01,89
P0100,L100,2025-06-01,194
P0101,L100,2025-06-01,56
P0102,L100,2025-06-01,-14
P0103,L100,2025-06-01,22
P0104,L100,2025-06-01,143
P0105,L100,2025-06-01,15
P0106,L100,2025-06-01,195
P0107,L100,2025-06-01,37
P0108,L100,2025-06-01,7
P0109,L100,2025-06-01,79
P0110,L100,2025-06-01,91
P0111,L100,2025-06-01,17
P0112,L100,2025-06-01,142
P0113,L100,2025-06-01,150
P0114,L100,2025-06-01,7
P0115,L100,2025-06-01,146
P0116,L100,2025-06-01,5
P0117,L100,2025-06-01,120
P0118,L100,2025-06-01,23
P0119,L100,2025-06-01,155
P0120,L100,2025-06-01,155
P0121,L100,2025-06-01,76
P0122,L100,2025-06-01,8
P0123,L100,2025-06-01,53
P0124,L100,2025-06-01,57
P0125,L100,2025-06-01,161
P0126,L100,2025-06-01,141
P0127,L100,2025-06-01,154
P0128,L100,2025-06-01,30
P0129,L100,2025-06-01,5
P0130,L100,2025-06-01,184
P0131,L100,2025-06-01,1
P0132,L100,2025-06-01,168
P0133,L100,2025-06-01,149
P0134,L100,2025-06-01,65
P0135,L100,2025-06-01,21
P0136,L100,2025-06-01,27
P0137,L100,2025-06-01,197
P0138,L100,2025-06-01,183
P0139,L100,2025-06-01,101
P0140,L100,2025-06-01,90
P0141,L100,2025-06-01,155
P0142,L100,2025-06-01,36
P0143,L100,2025-06-01,25
P0144,L100,2025-06-01,42
P0145,L100,2025-06-01,0
P0146,L100,2025-06-01,82
P0147,L100,2025-06-01,132
P0148,L100,2025-06-01,58
P0149,L100,2025-06-01,124
P0150,L100,2025-06-01,154
P0001,L001,2025-07-01,52
P0002,L001,2025-07-01,18
P0003,L001,2025-07-01,16
P0004,L001,2025-07-01,71
P0005,L001,2025-07-01,0
P0006,L001,2025-07-01,135
P0007,L001,2025-07-01,80
P0008,L001,2025-07-01,154
P0009,L001,2025-07-01,113
P0010,L001,2025-07-01,92
P0011,L001,2025-07-01,102
P0012,L001,2025-07-01,7
P0013,L001,2025-07-01,136
P0014,L001,2025-07-01,78
P0015,L001,2025-07-01,31
P0016,L001,2025-07-01,19
P0017,L001,2025-07-01,55
P0018,L001,2025-07-01,24
P0019,L001,2025-07-01,168
P0020,L001,2025-07-01,125
P0021,L001,2025-07-01,196
P0022,L001,2025-07-01,86
P0023,L001,2025-07-01,151
P0024,L001,2025-07-01,27
P0025,L001,2025-07-01,149
P0026,L001,2025-07-01,170
P0027,L001,2025-07-01,122
P0028,L001,2025-07-01,61
P0029,L001,2025-07-01,154
P0030,L001,2025-07-01,162
P0031,L001,2025-07-01,108
P0032,L001,2025-07-01,133
P0033,L001,2025-07-01,75
P0034,L001,2025-07-01,94
P0035,L001,2025-07-01,199
P0036,L001,2025-07-01,67
P0037,L001,2025-07-01,51
P0038,L001,2025-07-01,71
P0039,L001,2025-07-01,146
P0040,L001,2025-07-01,137
P0041,L001,2025-07-01,92
P0042,L001,2025-07-01,86
P0043,L001,2025-07-01,136
P0044,L001,2025-07-01,66
P0045,L001,2025-07-01,31
P0046,L001,2025-07-01,152
P0047,L001,2025-07-01,130
P0048,L001,2025-07-01,133
P0049,L001,2025-07-01,97
P0050,L001,2025-07-01,4
P0051,L001,2025-07-01,133
P0052,L001,2025-07-01,59
P0053,L001,2025-07-01,156
P0054,L001,2025-07-01,131
P0055,L001,2025-07-01,81
P0056,L001,2025-07-01,13
P0057,L001,2025-07-01,155
P0058,L001,2025-07-01,57
P0059,L001,2025-07-01,196
P0060,L001,2025-07-01,63
P0061,L001,2025-07-01,185
P0062,L001,2025-07-01,113
P0063,L001,2025-07-01,19
P0064,L001,2025-07-01,68
P0065,L001,2025-07-01,173
P0066,L001,2025-07-01,48
P0067,L001,2025-07-01,43
P0068,L001,2025-07-01,79
P0069,L001,2025-07-01,31
P0070,L001,2025-07-01,124
P0071,L001,2025-07-01,141
P0072,L001,2025-07-01,155
P0073,L001,2025-07-01,188
P0074,L001,2025-07-01,171
P0075,L001,2025-07-01,176
P0076,L001,2025-07-01,120
P0077,L001,2025-07-01,143
P0078,L001,2025-07-01,2
P0079,L001,2025-07-01,47
P0080,L001,2025-07-01,50
P0081,L001,2025-07-01,174
P0082,L001,2025-07-01,74
P0083,L001,2025-07-01,52
P0084,L001,2025-07-01,138
P0085,L001,2025-07-01,178
P0086,L001,2025-07-01,153
P0087,L001,2025-07-01,91
P0088,L001,2025-07-01,112
P0089,L001,2025-07-01,22
P0090,L001,2025-07-01,142
P0091,L001,2025-07-01,128
P0092,L001,2025-07-01,2
P0093,L001,2025-07-01,168
P0094,L001,2025-07-01,180
P0095,L001,2025-07-01,69
P0096,L001,2025-07-01,37
P0097,L001,2025-07-01,121
P0098,L001,2025-07-01,127
P0099,L001,2025-07-01,187
P0100,L001,2025-07-01,33
P0101,L001,2025-07-01,38
P0102,L001,2025-07-01,89
P0103,L001,2025-07-01,125
P0104,L001,2025-07-01,101
P0105,L001,2025-07-01,95
P0106,L001,2025-07-01,95
P0107,L001,2025-07-01,197
P0108,L001,2025-07-01,43
P0109,L001,2025-07-01,178
P0110,L001,2025-07-01,37
P0111,L001,2025-07-01,165
P0112,L001,2025-07-01,118
P0113,L001,2025-07-01,150
P0114,L001,2025-07-01,35
P0115,L001,2025-07-01,49
P0116,L001,2025-07-01,45
P0117,L001,2025-07-01,116
P0118,L001,2025-07-01,148
P0119,L001,2025-07-01,192
P0120,L001,2025-07-01,62
P0121,L001,2025-07-01,-11
P0122,L001,2025-07-01,58
P0123,L001,2025-07-01,190
P0124,L001,2025-07-01,46
P0125,L001,2025-07-01,68
P0126,L001,2025-07-01,129
P0127,L001,2025-07-01,140
P0128,L001,2025-07-01,45
P0129,L001,2025-07-01,80
P0130,L001,2025-07-01,57
P0131,L001,2025-07-01,158
P0132,L001,2025-07-01,172
P0133,L001,2025-07-01,147
P0134,L001,2025-07-01,146
P0135,L001,2025-07-01,51
P0136,L001,2025-07-01,1
P0137,L001,2025-07-01,116
P0138,L001,2025-07-01,43
P0139,L001,2025-07-01,45
P0140,L001,2025-07-01,45
P0141,L001,2025-07-01,141
P0142,L001,2025-07-01,24
P0143,L001,2025-07-01,142
P0144,L001,2025-07-01,3
P0145,L001,2025-07-01,197
P0146,L001,2025-07-01,64
P0147,L001,2025-07-01,148
P0148,L001,2025-07-01,182
P0149,L001,2025-07-01,42
P0150,L001,2025-07-01,131
P0001,L002,2025-07-01,78
P0002,L002,2025-07-01,71
P0003,L002,2025-07-01,17
P0004,L002,2025-07-01,140
P0005,L002,2025-07-01,63
P0006,L002,2025-07-01,56
P0007,L002,2025-07-01,101
P0008,L002,2025-07-01,123
P0009,L002,2025-07-01,117
P0010,L002,2025-07-01,75
P0011,L002,2025-07-01,150
P0012,L002,2025-07-01,121
P0013,L002,2025-07-01,18
P0014,L002,2025-07-01,106
P0015,L002,2025-07-01,158
P0016,L002,2025-07-01,147
P0017,L002,2025-07-01,140
P0018,L002,2025-07-01,20
P0019,L002,2025-07-01,54
P0020,L002,2025-07-01,139
P0021,L002,2025-07-01,87
P0022,L002,2025-07-01,87
P0023,L002,2025-07-01,42
P0024,L002,2025-07-01,144
P0025,L002,2025-07-01,39
P0026,L002,2025-07-01,74
P0027,L002,2025-07-01,187
P0028,L002,2025-07-01,135
P0029,L002,2025-07-01,119
P0030,L002,2025-07-01,170
P0031,L002,2025-07-01,37
P0032,L002,2025-07-01,36
P0033,L002,2025-07-01,81
P0034,L002,2025-07-01,2
P0035,L002,2025-07-01,1
P0036,L002,2025-07-01,153
P0037,L002,2025-07-01,37
P0038,L002,2025-07-01,199
P0039,L002,2025-07-01,158
P0040,L002,2025-07-01,116
P0041,L002,2025-07-01,84
P0042,L002,2025-07-01,10
P0043,L002,2025-07-01,8
P0044,L002,2025-07-01,1
P0045,L002,2025-07-01,30
P0046,L002,2025-07-01,153
P0047,L002,2025-07-01,186
P0048,L002,2025-07-01,36
P0049,L002,2025-07-01,66
P0050,L002,2025-07-01,180
P0051,L002,2025-07-01,45
P0052,L002,2025-07-01,188
P0053,L002,2025-07-01,3
P0054,L002,2025-07-01,5
P0055,L002,2025-07-01,177
P0056,L002,2025-07-01,71
P0057,L002,2025-07-01,100
P0058,L002,2025-07-01,52
P0059,L002,2025-07-01,121
P0060,L002,2025-07-01,158
P0061,L002,2025-07-01,129
P0062,L002,2025-07-01,5
P0063,L002,2025-07-01,160
P0064,L002,2025-07-01,190
P0065,L002,2025-07-01,145
P0066,L002,2025-07-01,115
P0067,L002,2025-07-01,46
P0068,L002,2025-07-01,72
P0069,L002,2025-07-01,81
P0070,L002,2025-07-01,142
P0071,L002,2025-07-01,183
P0072,L002,2025-07-01,48
P0073,L002,2025-07-01,55
P0074,L002,2025-07-01,35
P0075,L002,2025-07-01,195
P0076,L002,2025-07-01,178
P0077,L002,2025-07-01,169
P0078,L002,2025-07-01,14
P0079,L002,2025-07-01,128
P0080,L002,2025-07-01,94
P0081,L002,2025-07-01,132
P0082,L002,2025-07-01,101
P0083,L002,2025-07-01,76
P0084,L002,2025-07-01,159
P0085,L002,2025-07-01,142
P0086,L002,2025-07-01,150
P0087,L002,2025-07-01,84
P0088,L002,2025-07-01,13
P0089,L002,2025-07-01,151
P0090,L002,2025-07-01,196
P0091,L002,2025-07-01,185
P0092,L002,2025-07-01,1
P0093,L002,2025-07-01,42
P0094,L002,2025-07-01,176
P0095,L002,2025-07-01,49
P0096,L002,2025-07-01,152
P0097,L002,2025-07-01,3
P0098,L002,2025-07-01,22
P0099,L002,2025-07-01,160
P0100,L002,2025-07-01,190
P0101,L002,2025-07-01,41
P0102,L002,2025-07-01,181
P0103,L002,2025-07-01,133
P0104,L002,2025-07-01,73
P0105,L002,2025-07-01,96
P0106,L002,2025-07-01,130
P0107,L002,2025-07-01,106
P0108,L002,2025-07-01,82
P0109,L002,2025-07-01,64
P0110,L002,2025-07-01,157
P0111,L002,2025-07-01,58
P0112,L002,2025-07-01,41
P0113,L002,2025-07-01,57
P0114,L002,2025-07-01,28
P0115,L002,2025-07-01,195
P0116,L002,2025-07-01,48
P0117,L002,2025-07-01,126
P0118,L002,2025-07-01,189
P0119,L002,2025-07-01,26
P0120,L002,2025-07-01,129
P0121,L002,2025-07-01,104
P0122,L002,2025-07-01,125
P0123,L002,2025-07-01,98
P0124,L002,2025-07-01,37
P0125,L002,2025-07-01,22
P0126,L002,2025-07-01,189
P0127,L002,2025-07-01,1
P0128,L002,2025-07-01,197
P0129,L002,2025-07-01,61
P0130,L002,2025-07-01,-5
P0131,L002,2025-07-01,120
P0132,L002,2025-07-01,18
P0133,L002,2025-07-01,78
P0134,L002,2025-07-01,102
P0135,L002,2025-07-01,20
P0136,L002,2025-07-01,192
P0137,L002,2025-07-01,5
P0138,L002,2025-07-01,61
P0139,L002,2025-07-01,6
P0140,L002,2025-07-01,115
P0141,L002,2025-07-01,151
P0142,L002,2025-07-01,188
P0143,L002,2025-07-01,25
P0144,L002,2025-07-01,9
P0145,L002,2025-07-01,128
P0146,L002,2025-07-01,173
P0147,L002,2025-07-01,33
P0148,L002,2025-07-01,114
P0149,L002,2025-07-01,87
P0150,L002,2025-07-01,17
P0001,L003,2025-07-01,5
P0002,L003,2025-07-01,65
P0003,L003,2025-07-01,24
P0004,L003,2025-07-01,180
P0005,L003,2025-07-01,169
P0006,L003,2025-07-01,155
P0007,L003,2025-07-01,97
P0008,L003,2025-07-01,23
P0009,L003,2025-07-01,120
P0010,L003,2025-07-01,171
P0011,L003,2025-07-01,90
P0012,L003,2025-07-01,10
P0013,L003,2025-07-01,69
P0014,L003,2025-07-01,182
P0015,L003,2025-07-01,4
P0016,L003,2025-07-01,141
P0017,L003,2025-07-01,120
P0018,L003,2025-07-01,138
P0019,L003,2025-07-01,133
P0020,L003,2025-07-01,143
P0021,L003,2025-07-01,192
P0022,L003,2025-07-01,17
P0023,L003,2025-07-01,2
P0024,L003,2025-07-01,67
P0025,L003,2025-07-01,179
P0026,L003,2025-07-01,189
P0027,L003,2025-07-01,31
P0028,L003,2025-07-01,144
P0029,L003,2025-07-01,93
P0030,L003,2025-07-01,15
P0031,L003,2025-07-01,118
P0032,L003,2025-07-01,77
P0033,L003,2025-07-01,42
P0034,L003,2025-07-01,11
P0035,L003,2025-07-01,64
P0036,L003,2025-07-01,196
P0037,L003,2025-07-01,104
P0038,L003,2025-07-01,6
P0039,L003,2025-07-01,106
P0040,L003,2025-07-01,150
P0041,L003,2025-07-01,149
P0042,L003,2025-07-01,12
P0043,L003,2025-07-01,50
P0044,L003,2025-07-01,90
P0045,L003,2025-07-01,98
P0046,L003,2025-07-01,73
P0047,L003,2025-07-01,63
P0048,L003,2025-07-01,188
P0049,L003,2025-07-01,88
P0050,L003,2025-07-01,11
P0051,L003,2025-07-01,13
P0052,L003,2025-07-01,0
P0053,L003,2025-07-01,110
P0054,L003,2025-07-01,171
P0055,L003,2025-07-01,121
P0056,L003,2025-07-01,48
P0057,L003,2025-07-01,66
P0058,L003,2025-07-01,28
P0059,L003,2025-07-01,100
P0060,L003,2025-07-01,2
P0061,L003,2025-07-01,63
P0062,L003,2025-07-01,152
P0063,L003,2025-07-01,100
P0064,L003,2025-07-01,86
P0065,L003,2025-07-01,16
P0066,L003,2025-07-01,167
P0067,L003,2025-07-01,90
P0068,L003,2025-07-01,126
P0069,L003,2025-07-01,49
P0070,L003,2025-07-01,163
P0071,L003,2025-07-01,164
P0072,L003,2025-07-01,36
P0073,L003,2025-07-01,22
P0074,L003,2025-07-01,66
P0075,L003,2025-07-01,165
P0076,L003,2025-07-01,150
P0077,L003,2025-07-01,30
P0078,L003,2025-07-01,137
P0079,L003,2025-07-01,45
P0080,L003,2025-07-01,135
P0081,L003,2025-07-01,155
P0082,L003,2025-07-01,126
P0083,L003,2025-07-01,39
P0084,L003,2025-07-01,42
P0085,L003,2025-07-01,178
P0086,L003,2025-07-01,174
P0087,L003,2025-07-01,124
P0088,L003,2025-07-01,86
P0089,L003,2025-07-01,76
P0090,L003,2025-07-01,81
P0091,L003,2025-07-01,166
P0092,L003,2025-07-01,89
P0093,L003,2025-07-01,156
P0094,L003,2025-07-01,124
P0095,L003,2025-07-01,4
P0096,L003,2025-07-01,39
P0097,L003,2025-07-01,33
P0098,L003,2025-07-01,164
P0099,L003,2025-07-01,65
P0100,L003,2025-07-01,42
P0101,L003,2025-07-01,15
P0102,L003,2025-07-01,71
P0103,L003,2025-07-01,158
P0104,L003,2025-07-01,12
P0105,L003,2025-07-01,183
P0106,L003,2025-07-01,193
P0107,L003,2025-07-01,37
P0108,L003,2025-07-01,9
P0109,L003,2025-07-01,153
P0110,L003,2025-07-01,38
P0111,L003,2025-07-01,186
P0112,L003,2025-07-01,189
P0113,L003,2025-07-01,94
P0114,L003,2025-07-01,177
P0115,L003,2025-07-01,197
P0116,L003,2025-07-01,14
P0117,L003,2025-07-01,25
P0118,L003,2025-07-01,56
P0119,L003,2025-07-01,72
P0120,L003,2025-07-01,182
P0121,L003,2025-07-01,96
P0122,L003,2025-07-01,36
P0123,L003,2025-07-01,7
P0124,L003,2025-07-01,194
P0125,L003,2025-07-01,190
P0126,L003,2025-07-01,104
P0127,L003,2025-07-01,86
P0128,L003,2025-07-01,193
P0129,L003,2025-07-01,101
P0130,L003,2025-07-01,18
P0131,L003,2025-07-01,163
P0132,L003,2025-07-01,47
P0133,L003,2025-07-01,157
P0134,L003,2025-07-01,165
P0135,L003,2025-07-01,186
P0136,L003,2025-07-01,173
P0137,L003,2025-07-01,199
P0138,L003,2025-07-01,35
P0139,L003,2025-07-01,127
P0140,L003,2025-07-01,13
P0141,L003,2025-07-01,83
P0142,L003,2025-07-01,89
P0143,L003,2025-07-01,186
P0144,L003,2025-07-01,144
P0145,L003,2025-07-01,127
P0146,L003,2025-07-01,142
P0147,L003,2025-07-01,41
P0148,L003,2025-07-01,56
P0149,L003,2025-07-01,98
P0150,L003,2025-07-01,153
P0001,L004,2025-07-01,119
P0002,L004,2025-07-01,148
P0003,L004,2025-07-01,151
P0004,L004,2025-07-01,21
P0005,L004,2025-07-01,148
P0006,L004,2025-07-01,105
P0007,L004,2025-07-01,164
P0008,L004,2025-07-01,75
P0009,L004,2025-07-01,99
P0010,L004,2025-07-01,77
P0011,L004,2025-07-01,7
P0012,L004,2025-07-01,47
P0013,L004,2025-07-01,91
P0014,L004,2025-07-01,159
P0015,L004,2025-07-01,105
P0016,L004,2025-07-01,110
P0017,L004,2025-07-01,57
P0018,L004,2025-07-01,178
P0019,L004,2025-07-01,56
P0020,L004,2025-07-01,74
P0021,L004,2025-07-01,170
P0022,L004,2025-07-01,141
P0023,L004,2025-07-01,58
P0024,L004,2025-07-01,14
P0025,L004,2025-07-01,89
P0026,L004,2025-07-01,118
P0027,L004,2025-07-01,-10
P0028,L004,2025-07-01,-8
P0029,L004,2025-07-01,140
P0030,L004,2025-07-01,68
P0031,L004,2025-07-01,54
P0032,L004,2025-07-01,60
P0033,L004,2025-07-01,185
P0034,L004,2025-07-01,135
P0035,L004,2025-07-01,134
P0036,L004,2025-07-01,147
P0037,L004,2025-07-01,49
P0038,L004,2025-07-01,179
P0039,L004,2025-07-01,22
P0040,L004,2025-07-01,146
P0041,L004,2025-07-01,167
P0042,L004,2025-07-01,181
P0043,L004,2025-07-01,97
P0044,L004,2025-07-01,192
P0045,L004,2025-07-01,139
P0046,L004,2025-07-01,169
P0047,L004,2025-07-01,156
P0048,L004,2025-07-01,175
P0049,L004,2025-07-01,169
P0050,L004,2025-07-01,79
P0051,L004,2025-07-01,60
P0052,L004,2025-07-01,48
P0053,L004,2025-07-01,58
P0054,L004,2025-07-01,143
P0055,L004,2025-07-01,47
P0056,L004,2025-07-01,86
P0057,L004,2025-07-01,158
P0058,L004,2025-07-01,160
P0059,L004,2025-07-01,171
P0060,L004,2025-07-01,170
P0061,L004,2025-07-01,74
P0062,L004,2025-07-01,17
P0063,L004,2025-07-01,52
P0064,L004,2025-07-01,121
P0065,L004,2025-07-01,79
P0066,L004,2025-07-01,183
P0067,L004,2025-07-01,172
P0068,L004,2025-07-01,163
P0069,L004,2025-07-01,184
P0070,L004,2025-07-01,92
P0071,L004,2025-07-01,7
P0072,L004,2025-07-01,131
P0073,L004,2025-07-01,150
P0074,L004,2025-07-01,174
P0075,L004,2025-07-01,126
P0076,L004,2025-07-01,186
P0077,L004,2025-07-01,174
P0078,L004,2025-07-01,121
P0079,L004,2025-07-01,100
P0080,L004,2025-07-01,52
P0081,L004,2025-07-01,18
P0082,L004,2025-07-01,197
P0083,L004,2025-07-01,106
P0084,L004,2025-07-01,147
P0085,L004,2025-07-01,49
P0086,L004,2025-07-01,11
P0087,L004,2025-07-01,121
P0088,L004,2025-07-01,175
P0089,L004,2025-07-01,128
P0090,L004,2025-07-01,16
P0091,L004,2025-07-01,168
P0092,L004,2025-07-01,131
P0093,L004,2025-07-01,69
P0094,L004,2025-07-01,54
P0095,L004,2025-07-01,192
P0096,L004,2025-07-01,76
P0097,L004,2025-07-01,189
P0098,L004,2025-07-01,162
P0099,L004,2025-07-01,155
P0100,L004,2025-07-01,63
P0101,L004,2025-07-01,191
P0102,L004,2025-07-01,129
P0103,L004,2025-07-01,22
P0104,L004,2025-07-01,170
P0105,L004,2025-07-01,88
P0106,L004,2025-07-01,-3
P0107,L004,2025-07-01,38
P0108,L004,2025-07-01,55
P0109,L004,2025-07-01,23
P0110,L004,2025-07-01,52
P0111,L004,2025-07-01,62
P0112,L004,2025-07-01,14
P0113,L004,2025-07-01,44
P0114,L004,2025-07-01,59
P0115,L004,2025-07-01,123
P0116,L004,2025-07-01,26
P0117,L004,2025-07-01,44
P0118,L004,2025-07-01,18
P0119,L004,2025-07-01,129
P0120,L004,2025-07-01,178
P0121,L004,2025-07-01,143
P0122,L004,2025-07-01,93
P0123,L004,2025-07-01,182
P0124,L004,2025-07-01,108
P0125,L004,2025-07-01,78
P0126,L004,2025-07-01,183
P0127,L004,2025-07-01,118
P0128,L004,2025-07-01,29
P0129,L004,2025-07-01,3
P0130,L004,2025-07-01,199
P0131,L004,2025-07-01,13
P0132,L004,2025-07-01,96
P0133,L004,2025-07-01,117
P0134,L004,2025-07-01,4
P0135,L004,2025-07-01,13
P0136,L004,2025-07-01,179
P0137,L004,2025-07-01,66
P0138,L004,2025-07-01,52
P0139,L004,2025-07-01,40
P0140,L004,2025-07-01,174
P0141,L004,2025-07-01,33
P0142,L004,2025-07-01,121
P0143,L004,2025-07-01,79
P0144,L004,2025-07-01,47
P0145,L004,2025-07-01,51
P0146,L004,2025-07-01,11
P0147,L004,2025-07-01,40
P0148,L004,2025-07-01,179
P0149,L004,2025-07-01,134
P0150,L004,2025-07-01,139
P0001,L005,2025-07-01,79
P0002,L005,2025-07-01,190
P0003,L005,2025-07-01,156
P0004,L005,2025-07-01,191
P0005,L005,2025-07-01,16
P0006,L005,2025-07-01,10
P0007,L005,2025-07-01,89
P0008,L005,2025-07-01,183
P0009,L005,2025-07-01,54
P0010,L005,2025-07-01,50
P0011,L005,2025-07-01,91
P0012,L005,2025-07-01,106
P0013,L005,2025-07-01,137
P0014,L005,2025-07-01,164
P0015,L005,2025-07-01,159
P0016,L005,2025-07-01,61
P0017,L005,2025-07-01,149
P0018,L005,2025-07-01,132
P0019,L005,2025-07-01,195
P0020,L005,2025-07-01,136
P0021,L005,2025-07-01,139
P0022,L005,2025-07-01,113
P0023,L005,2025-07-01,0
P0024,L005,2025-07-01,6
P0025,L005,2025-07-01,11
P0026,L005,2025-07-01,160
P0027,L005,2025-07-01,66
P0028,L005,2025-07-01,145
P0029,L005,2025-07-01,88
P0030,L005,2025-07-01,194
P0031,L005,2025-07-01,4
P0032,L005,2025-07-01,166
P0033,L005,2025-07-01,82
P0034,L005,2025-07-01,34
P0035,L005,2025-07-01,183
P0036,L005,2025-07-01,173
P0037,L005,2025-07-01,40
P0038,L005,2025-07-01,108
P0039,L005,2025-07-01,170
P0040,L005,2025-07-01,187
P0041,L005,2025-07-01,58
P0042,L005,2025-07-01,154
P0043,L005,2025-07-01,15
P0044,L005,2025-07-01,175
P0045,L005,2025-07-01,76
P0046,L005,2025-07-01,101
P0047,L005,2025-07-01,35
P9019,L005,2025-07-01,104
P0049,L005,2025-07-01,0
P0050,L005,2025-07-01,68
P0051,L005,2025-07-01,173
P0052,L005,2025-07-01,169
P0053,L005,2025-07-01,110
P0054,L005,2025-07-01,73
P0055,L005,2025-07-01,114
P0056,L005,2025-07-01,176
P0057,L005,2025-07-01,12
P0058,L005,2025-07-01,73
P0059,L005,2025-07-01,108
P0060,L005,2025-07-01,86
P0061,L005,2025-07-01,76
P0062,L005,2025-07-01,150
P0063,L005,2025-07-01,82
P0064,L005,2025-07-01,68
P9059,L005,2025-07-01,156
P0066,L005,2025-07-01,52
P0067,L005,2025-07-01,30
P0068,L005,2025-07-01,51
P0069,L005,2025-07-01,34
P0070,L005,2025-07-01,29
P0071,L005,2025-07-01,77
P0072,L005,2025-07-01,162
P0073,L005,2025-07-01,155
P0074,L005,2025-07-01,5
P0075,L005,2025-07-01,122
P0076,L005,2025-07-01,90
P0077,L005,2025-07-01,64
P0078,L005,2025-07-01,47
P0079,L005,2025-07-01,198
P0080,L005,2025-07-01,168
P0081,L005,2025-07-01,150
P0082,L005,2025-07-01,58
P0083,L005,2025-07-01,129
P0084,L005,2025-07-01,178
P0085,L005,2025-07-01,179
P0086,L005,2025-07-01,186
P0087,L005,2025-07-01,152
P0088,L005,2025-07-01,134
P0089,L005,2025-07-01,6
P0090,L005,2025-07-01,177
P0091,L005,2025-07-01,61
P0092,L005,2025-07-01,-14
P0093,L005,2025-07-01,117
P0094,L005,2025-07-01,178
P0095,L005,2025-07-01,5
P0096,L005,2025-07-01,64
P0097,L005,2025-07-01,108
P0098,L005,2025-07-01,180
P0099,L005,2025-07-01,5
P0100,L005,2025-07-01,13
P0101,L005,2025-07-01,199
P0102,L005,2025-07-01,24
P0103,L005,2025-07-01,158
P0104,L005,2025-07-01,19
P0105,L005,2025-07-01,22
P0106,L005,2025-07-01,179
P0107,L005,2025-07-01,151
P0108,L005,2025-07-01,30
P0109,L005,2025-07-01,55
P0110,L005,2025-07-01,134
P0111,L005,2025-07-01,36
P0112,L005,2025-07-01,137
P0113,L005,2025-07-01,99
P0114,L005,2025-07-01,127
P0115,L005,2025-07-01,99
P9016,L005,2025-07-01,73
P0117,L005,2025-07-01,88
P0118,L005,2025-07-01,152
P0119,L005,2025-07-01,72
P0120,L005,2025-07-01,113
P0121,L005,2025-07-01,40
P0122,L005,2025-07-01,156
P0123,L005,2025-07-01,28
P0124,L005,2025-07-01,71
P0125,L005,2025-07-01,14
P0126,L005,2025-07-01,4
P0127,L005,2025-07-01,142
P0128,L005,2025-07-01,143
P0129,L005,2025-07-01,5
P0130,L005,2025-07-01,43
P0131,L005,2025-07-01,69
P0132,L005,2025-07-01,194
P0133,L005,2025-07-01,117
P0134,L005,2025-07-01,17
P0135,L005,2025-07-01,3
P0136,L005,2025-07-01,112
P0137,L005,2025-07-01,83
P0138,L005,2025-07-01,182
P0139,L005,2025-07-01,113
P0140,L005,2025-07-01,6
P0141,L005,2025-07-01,136
P0142,L005,2025-07-01,100
P0143,L005,2025-07-01,31
P0144,L005,2025-07-01,187
P0145,L005,2025-07-01,159
P0146,L005,2025-07-01,30
P0147,L005,2025-07-01,178
P0148,L005,2025-07-01,46
P0149,L005,2025-07-01,0
P0150,L005,2025-07-01,152
P0001,L006,2025-07-01,46
P0002,L006,2025-07-01,9
P0003,L006,2025-07-01,130
P0004,L006,2025-07-01,115
P0005,L006,2025-07-01,103
P0006,L006,2025-07-01,170
P0007,L006,2025-07-01,-11
P0008,L006,2025-07-01,117
P0009,L006,2025-07-01,45
P0010,L006,2025-07-01,81
P0011,L006,2025-07-01,140
P0012,L006,2025-07-01,128
P0013,L006,2025-07-01,123
P0014,L006,2025-07-01,0
P0015,L006,2025-07-01,98
P0016,L006,2025-07-01,112
P0017,L006,2025-07-01,13
P0018,L006,2025-07-01,146
P0019,L006,2025-07-01,125
P0020,L006,2025-07-01,23
P0021,L006,2025-07-01,168
P0022,L006,2025-07-01,87
P0023,L006,2025-07-01,191
P0024,L006,2025-07-01,75
P0025,L006,2025-07-01,158
P0026,L006,2025-07-01,131
P0027,L006,2025-07-01,33
P0028,L006,2025-07-01,115
P0029,L006,2025-07-01,168
P0030,L006,2025-07-01,51
P0031,L006,2025-07-01,158
P0032,L006,2025-07-01,3
P0033,L006,2025-07-01,146
P0034,L006,2025-07-01,120
P0035,L006,2025-07-01,12
P0036,L006,2025-07-01,16
P0037,L006,2025-07-01,39
P0038,L006,2025-07-01,181
P0039,L006,2025-07-01,13
P0040,L006,2025-07-01,197
P0041,L006,2025-07-01,39
P0042,L006,2025-07-01,126
P0043,L006,2025-07-01,51
P0044,L006,2025-07-01,95
P0045,L006,2025-07-01,44
P0046,L006,2025-07-01,62
P0047,L006,2025-07-01,133
P0048,L006,2025-07-01,43
P0049,L006,2025-07-01,23
P0050,L006,2025-07-01,139
P0051,L006,2025-07-01,171
P0052,L006,2025-07-01,38
P0053,L006,2025-07-01,24
P0054,L006,2025-07-01,131
P0055,L006,2025-07-01,139
P0056,L006,2025-07-01,181
P0057,L006,2025-07-01,14
P0058,L006,2025-07-01,25
P0059,L006,2025-07-01,30
P0060,L006,2025-07-01,17
P0061,L006,2025-07-01,158
P0062,L006,2025-07-01,9
P0063,L006,2025-07-01,85
P0064,L006,2025-07-01,55
P0065,L006,2025-07-01,153
P0066,L006,2025-07-01,101
P0067,L006,2025-07-01,89
P0068,L006,2025-07-01,87
P0069,L006,2025-07-01,120
P0070,L006,2025-07-01,26
P0071,L006,2025-07-01,53
P0072,L006,2025-07-01,52
P0073,L006,2025-07-01,63
P0074,L006,2025-07-01,182
P0075,L006,2025-07-01,50
P0076,L006,2025-07-01,145
P0077,L006,2025-07-01,14
P0078,L006,2025-07-01,67
P0079,L006,2025-07-01,66
P0080,L006,2025-07-01,20
P0081,L006,2025-07-01,196
P0082,L006,2025-07-01,118
P0083,L006,2025-07-01,136
P0084,L006,2025-07-01,59
P0085,L006,2025-07-01,13
P0086,L006,2025-07-01,195
P0087,L006,2025-07-01,9
P0088,L006,2025-07-01,130
P0089,L006,2025-07-01,180
P0090,L006,2025-07-01,22
P0091,L006,2025-07-01,142
P0092,L006,2025-07-01,51
P0093,L006,2025-07-01,122
P0094,L006,2025-07-01,8
P0095,L006,2025-07-01,109
P0096,L006,2025-07-01,7
P0097,L006,2025-07-01,102
P0098,L006,2025-07-01,20
P0099,L006,2025-07-01,184
P0100,L006,2025-07-01,124
P0101,L006,2025-07-01,58
P0102,L006,2025-07-01,118
P0103,L006,2025-07-01,113
P0104,L006,2025-07-01,99
P0105,L006,2025-07-01,9
P0106,L006,2025-07-01,79
P0107,L006,2025-07-01,136
P0108,L006,2025-07-01,80
P0109,L006,2025-07-01,133
P0110,L006,2025-07-01,88
P0111,L006,2025-07-01,134
P0112,L006,2025-07-01,126
P0113,L006,2025-07-01,83
P0114,L006,2025-07-01,64
P0115,L006,2025-07-01,142
P0116,L006,2025-07-01,121
P0117,L006,2025-07-01,139
P0118,L006,2025-07-01,100
P0119,L006,2025-07-01,110
P0120,L006,2025-07-01,28
P0121,L006,2025-07-01,83
P0122,L006,2025-07-01,18
P0123,L006,2025-07-01,116
P0124,L006,2025-07-01,106
P0125,L006,2025-07-01,19
P0126,L006,2025-07-01,30
P0127,L006,2025-07-01,177
P0128,L006,2025-07-01,109
P0129,L006,2025-07-01,20
P0130,L006,2025-07-01,58
P0131,L006,2025-07-01,56
P0132,L006,2025-07-01,84
P0133,L006,2025-07-01,147
P0134,L006,2025-07-01,127
P0135,L006,2025-07-01,182
P0136,L006,2025-07-01,101
P0137,L006,2025-07-01,86
P0138,L006,2025-07-01,161
P0139,L006,2025-07-01,15
P0140,L006,2025-07-01,80
P0141,L006,2025-07-01,108
P0142,L006,2025-07-01,69
P0143,L006,2025-07-01,53
P0144,L006,2025-07-01,135
P0145,L006,2025-07-01,199
P0146,L006,2025-07-01,132
P0147,L006,2025-07-01,75
P0148,L006,2025-07-01,105
P0149,L006,2025-07-01,56
P0150,L006,2025-07-01,144
P0001,L100,2025-07-01,28
P0002,L100,2025-07-01,160
P0003,L100,2025-07-01,113
P0004,L100,2025-07-01,79
P0005,L100,2025-07-01,11
P0006,L100,2025-07-01,127
P0007,L100,2025-07-01,64
P0008,L100,2025-07-01,63
P0009,L100,2025-07-01,162
P0010,L100,2025-07-01,157
P0011,L100,2025-07-01,58
P0012,L100,2025-07-01,48
P0013,L100,2025-07-01,199
P0014,L100,2025-07-01,91
P0015,L100,2025-07-01,68
P0016,L100,2025-07-01,38
P0017,L100,2025-07-01,117
P0018,L100,2025-07-01,147
P0019,L100,2025-07-01,47
P0020,L100,2025-07-01,134
P0021,L100,2025-07-01,131
P0022,L100,2025-07-01,138
P0023,L100,2025-07-01,36
P0024,L100,2025-07-01,167
P0025,L100,2025-07-01,83
P0026,L100,2025-07-01,100
P0027,L100,2025-07-01,103
P0028,L100,2025-07-01,86
P0029,L100,2025-07-01,149
P0030,L100,2025-07-01,59
P0031,L100,2025-07-01,35
P0032,L100,2025-07-01,142
P0033,L100,2025-07-01,95
P0034,L100,2025-07-01,187
P0035,L100,2025-07-01,160
P0036,L100,2025-07-01,22
P0037,L100,2025-07-01,162
P0038,L100,2025-07-01,96
P0039,L100,2025-07-01,168
P0040,L100,2025-07-01,13
P0041,L100,2025-07-01,12
P0042,L100,2025-07-01,81
P0043,L100,2025-07-01,80
P0044,L100,2025-07-01,70
P0045,L100,2025-07-01,165
P0046,L100,2025-07-01,168
P0047,L100,2025-07-01,60
P0048,L100,2025-07-01,53
P0049,L100,2025-07-01,132
P0050,L100,2025-07-01,0
P0051,L100,2025-07-01,140
P0052,L100,2025-07-01,162
P0053,L100,2025-07-01,77
P0054,L100,2025-07-01,6
P0055,L100,2025-07-01,26
P0056,L100,2025-07-01,46
P0057,L100,2025-07-01,178
P0058,L100,2025-07-01,-8
P0059,L100,2025-07-01,37
P0060,L100,2025-07-01,183
P0061,L100,2025-07-01,176
P0062,L100,2025-07-01,1
P0063,L100,2025-07-01,90
P0064,L100,2025-07-01,58
P0065,L100,2025-07-01,171
P0066,L100,2025-07-01,182
P0067,L100,2025-07-01,153
P0068,L100,2025-07-01,155
P0069,L100,2025-07-01,12
P0070,L100,2025-07-01,90
P0071,L100,2025-07-01,188
P0072,L100,2025-07-01,199
P0073,L100,2025-07-01,56
P0074,L100,2025-07-01,170
P0075,L100,2025-07-01,6
P0076,L100,2025-07-01,18
P0077,L100,2025-07-01,141
P0078,L100,2025-07-01,127
P0079,L100,2025-07-01,156
P0080,L100,2025-07-01,165
P0081,L100,2025-07-01,15
P0082,L100,2025-07-01,54
P0083,L100,2025-07-01,-2
P0084,L100,2025-07-01,78
P0085,L100,2025-07-01,177
P0086,L100,2025-07-01,21
P0087,L100,2025-07-01,100
P0088,L100,2025-07-01,86
P0089,L100,2025-07-01,137
P0090,L100,2025-07-01,189
P0091,L100,2025-07-01,63
P0092,L100,2025-07-01,24
P0093,L100,2025-07-01,63
P0094,L100,2025-07-01,164
P0095,L100,2025-07-01,52
P0096,L100,2025-07-01,48
P0097,L100,2025-07-01,134
P0098,L100,2025-07-01,13
P0099,L100,2025-07-01,187
P0100,L100,2025-07-01,124
P0101,L100,2025-07-01,45
P0102,L100,2025-07-01,114
P0103,L100,2025-07-01,72
P0104,L100,2025-07-01,115
P0105,L100,2025-07-01,147
P0106,L100,2025-07-01,1
P0107,L100,2025-07-01,168
P0108,L100,2025-07-01,181
P0109,L100,2025-07-01,5
P0110,L100,2025-07-01,196
P0111,L100,2025-07-01,41
P0112,L100,2025-07-01,59
P0113,L100,2025-07-01,35
P0114,L100,2025-07-01,170
P0115,L100,2025-07-01,61
P0116,L100,2025-07-01,-14
P0117,L100,2025-07-01,172
P0118,L100,2025-07-01,3
P0119,L100,2025-07-01,174
P0120,L100,2025-07-01,183
P0121,L100,2025-07-01,64
P0122,L100,2025-07-01,183
P0123,L100,2025-07-01,137
P0124,L100,2025-07-01,-6
P0125,L100,2025-07-01,95
P0126,L100,2025-07-01,112
P0127,L100,2025-07-01,170
P0128,L100,2025-07-01,168
P0129,L100,2025-07-01,103
P0130,L100,2025-07-01,136
P0131,L100,2025-07-01,3
P0132,L100,2025-07-01,164
P0133,L100,2025-07-01,86
P0134,L100,2025-07-01,164
P0135,L100,2025-07-01,176
P0136,L100,2025-07-01,195
P0137,L100,2025-07-01,140
P0138,L100,2025-07-01,113
P0139,L100,2025-07-01,8
P0140,L100,2025-07-01,67
P0141,L100,2025-07-01,176
P0142,L100,2025-07-01,80
P0143,L100,2025-07-01,24
P0144,L100,2025-07-01,75
P0145,L100,2025-07-01,38
P0146,L100,2025-07-01,87
P0147,L100,2025-07-01,105
P0148,L100,2025-07-01,130
P0149,L100,2025-07-01,10
P0150,L100,2025-07-01,177
P0001,L001,2025-08-01,199
P0002,L001,2025-08-01,32
P0003,L001,2025-08-01,87
P0004,L001,2025-08-01,127
P0005,L001,2025-08-01,27
P0006,L001,2025-08-01,99
P0007,L001,2025-08-01,162
P0008,L001,2025-08-01,166
P0009,L001,2025-08-01,163
P0010,L001,2025-08-01,36
P0011,L001,2025-08-01,126
P0012,L001,2025-08-01,36
P0013,L001,2025-08-01,182
P0014,L001,2025-08-01,141
P0015,L001,2025-08-01,86
P0016,L001,2025-08-01,131
P0017,L001,2025-08-01,106
P0018,L001,2025-08-01,138
P0019,L001,2025-08-01,139
P0020,L001,2025-08-01,175
P0021,L001,2025-08-01,104
P0022,L001,2025-08-01,58
P0023,L001,2025-08-01,95
P0024,L001,2025-08-01,66
P0025,L001,2025-08-01,37
P0026,L001,2025-08-01,142
P0027,L001,2025-08-01,64
P0028,L001,2025-08-01,157
P0029,L001,2025-08-01,146
P0030,L001,2025-08-01,189
P0031,L001,2025-08-01,52
P0032,L001,2025-08-01,149
P0033,L001,2025-08-01,118
P0034,L001,2025-08-01,118
P0035,L001,2025-08-01,172
P0036,L001,2025-08-01,89
P0037,L001,2025-08-01,178
P0038,L001,2025-08-01,133
P0039,L001,2025-08-01,180
P0040,L001,2025-08-01,186
P0041,L001,2025-08-01,26
P0042,L001,2025-08-01,73
P0043,L001,2025-08-01,96
P0044,L001,2025-08-01,28
P0045,L001,2025-08-01,96
P0046,L001,2025-08-01,194
P0047,L001,2025-08-01,91
P0048,L001,2025-08-01,185
P0049,L001,2025-08-01,104
P0050,L001,2025-08-01,79
P0051,L001,2025-08-01,34
P0052,L001,2025-08-01,176
P0053,L001,2025-08-01,21
P0054,L001,2025-08-01,133
P0055,L001,2025-08-01,195
P0056,L001,2025-08-01,113
P0057,L001,2025-08-01,149
P0058,L001,2025-08-01,99
P0059,L001,2025-08-01,116
P0060,L001,2025-08-01,142
P0061,L001,2025-08-01,163
P0062,L001,2025-08-01,162
P0063,L001,2025-08-01,101
P0064,L001,2025-08-01,108
P0065,L001,2025-08-01,189
P0066,L001,2025-08-01,170
P0067,L001,2025-08-01,72
P0068,L001,2025-08-01,180
P0069,L001,2025-08-01,34
P0070,L001,2025-08-01,48
P0071,L001,2025-08-01,120
P0072,L001,2025-08-01,124
P0073,L001,2025-08-01,160
P0074,L001,2025-08-01,143
P0075,L001,2025-08-01,48
P0076,L001,2025-08-01,165
P0077,L001,2025-08-01,159
P0078,L001,2025-08-01,157
P0079,L001,2025-08-01,52
P0080,L001,2025-08-01,9
P0081,L001,2025-08-01,21
P0082,L001,2025-08-01,23
P0083,L001,2025-08-01,28
P0084,L001,2025-08-01,146
P0085,L001,2025-08-01,187
P0086,L001,2025-08-01,18
P0087,L001,2025-08-01,87
P0088,L001,2025-08-01,22
P0089,L001,2025-08-01,181
P0090,L001,2025-08-01,141
P0091,L001,2025-08-01,131
P0092,L001,2025-08-01,143
P0093,L001,2025-08-01,193
P0094,L001,2025-08-01,129
P0095,L001,2025-08-01,46
P0096,L001,2025-08-01,103
P0097,L001,2025-08-01,67
P0098,L001,2025-08-01,128
P0099,L001,2025-08-01,68
P0100,L001,2025-08-01,150
P0101,L001,2025-08-01,137
P0102,L001,2025-08-01,75
P0103,L001,2025-08-01,98
P0104,L001,2025-08-01,155
P0105,L001,2025-08-01,131
P0106,L001,2025-08-01,45
P0107,L001,2025-08-01,132
P0108,L001,2025-08-01,4
P0109,L001,2025-08-01,163
P0110,L001,2025-08-01,123
P0111,L001,2025-08-01,135
P0112,L001,2025-08-01,165
P0113,L001,2025-08-01,158
P0114,L001,2025-08-01,172
P0115,L001,2025-08-01,178
P0116,L001,2025-08-01,58
P0117,L001,2025-08-01,123
P0118,L001,2025-08-01,43
P0119,L001,2025-08-01,1
P0120,L001,2025-08-01,145
P0121,L001,2025-08-01,138
P0122,L001,2025-08-01,52
P0123,L001,2025-08-01,88
P0124,L001,2025-08-01,40
P0125,L001,2025-08-01,191
P0126,L001,2025-08-01,179
P0127,L001,2025-08-01,193
P0128,L001,2025-08-01,119
P0129,L001,2025-08-01,118
P0130,L001,2025-08-01,54
P0131,L001,2025-08-01,32
P0132,L001,2025-08-01,29
P0133,L001,2025-08-01,106
P0134,L001,2025-08-01,50
P0135,L001,2025-08-01,9
P0136,L001,2025-08-01,167
P0137,L001,2025-08-01,97
P0138,L001,2025-08-01,182
P0139,L001,2025-08-01,144
P0140,L001,2025-08-01,133
P0141,L001,2025-08-01,171
P0142,L001,2025-08-01,78
P0143,L001,2025-08-01,92
P0144,L001,2025-08-01,123
P0145,L001,2025-08-01,79
P0146,L001,2025-08-01,48
P0147,L001,2025-08-01,113
P0148,L001,2025-08-01,134
P0149,L001,2025-08-01,36
P0150,L001,2025-08-01,89
P0001,L002,2025-08-01,168
P0002,L002,2025-08-01,96
P0003,L002,2025-08-01,93
P0004,L002,2025-08-01,154
P0005,L002,2025-08-01,191
P0006,L002,2025-08-01,67
P0007,L002,2025-08-01,102
P0008,L002,2025-08-01,58
P0009,L002,2025-08-01,141
P0010,L002,2025-08-01,153
P0011,L002,2025-08-01,94
P0012,L002,2025-08-01,179
P0013,L002,2025-08-01,80
P0014,L002,2025-08-01,14
P0015,L002,2025-08-01,121
P0016,L002,2025-08-01,116
P0017,L002,2025-08-01,151
P0018,L002,2025-08-01,37
P0019,L002,2025-08-01,83
P0020,L002,2025-08-01,166
P0021,L002,2025-08-01,166
P0022,L002,2025-08-01,169
P0023,L002,2025-08-01,180
P0024,L002,2025-08-01,59
P0025,L002,2025-08-01,165
P0026,L002,2025-08-01,139
P0027,L002,2025-08-01,85
P0028,L002,2025-08-01,139
P0029,L002,2025-08-01,57
P0030,L002,2025-08-01,89
P0031,L002,2025-08-01,125
P0032,L002,2025-08-01,93
P0033,L002,2025-08-01,9
P0034,L002,2025-08-01,84
P0035,L002,2025-08-01,127
P0036,L002,2025-08-01,183
P0037,L002,2025-08-01,91
P0038,L002,2025-08-01,35
P0039,L002,2025-08-01,2
P0040,L002,2025-08-01,174
P0041,L002,2025-08-01,39
P0042,L002,2025-08-01,93
P0043,L002,2025-08-01,148
P0044,L002,2025-08-01,92
P0045,L002,2025-08-01,55
P0046,L002,2025-08-01,99
P0047,L002,2025-08-01,97
P0048,L002,2025-08-01,178
P0049,L002,2025-08-01,20
P0050,L002,2025-08-01,150
P0051,L002,2025-08-01,67
P0052,L002,2025-08-01,135
P0053,L002,2025-08-01,188
P0054,L002,2025-08-01,161
P0055,L002,2025-08-01,162
P0056,L002,2025-08-01,77
P0057,L002,2025-08-01,141
P0058,L002,2025-08-01,107
P0059,L002,2025-08-01,119
P0060,L002,2025-08-01,24
P0061,L002,2025-08-01,31
P0062,L002,2025-08-01,167
P0063,L002,2025-08-01,21
P0064,L002,2025-08-01,141
P0065,L002,2025-08-01,38
P0066,L002,2025-08-01,24
P0067,L002,2025-08-01,128
P0068,L002,2025-08-01,72
P0069,L002,2025-08-01,28
P0070,L002,2025-08-01,153
P0071,L002,2025-08-01,165
P0072,L002,2025-08-01,55
P0073,L002,2025-08-01,77
P0074,L002,2025-08-01,152
P0075,L002,2025-08-01,21
P0076,L002,2025-08-01,197
P0077,L002,2025-08-01,67
P0078,L002,2025-08-01,56
P0079,L002,2025-08-01,192
P0080,L002,2025-08-01,169
P0081,L002,2025-08-01,174
P0082,L002,2025-08-01,69
P0083,L002,2025-08-01,108
P0084,L002,2025-08-01,21
P0085,L002,2025-08-01,169
P0086,L002,2025-08-01,55
P0087,L002,2025-08-01,19
P0088,L002,2025-08-01,71
P0089,L002,2025-08-01,194
P0090,L002,2025-08-01,16
P0091,L002,2025-08-01,27
P0092,L002,2025-08-01,69
P0093,L002,2025-08-01,178
P0094,L002,2025-08-01,161
P0095,L002,2025-08-01,180
P0096,L002,2025-08-01,73
P0097,L002,2025-08-01,150
P0098,L002,2025-08-01,49
P0099,L002,2025-08-01,94
P0100,L002,2025-08-01,93
P0101,L002,2025-08-01,84
P0102,L002,2025-08-01,90
P0103,L002,2025-08-01,140
P0104,L002,2025-08-01,124
P0105,L002,2025-08-01,109
P0106,L002,2025-08-01,15
P0107,L002,2025-08-01,27
P0108,L002,2025-08-01,103
P0109,L002,2025-08-01,56
P0110,L002,2025-08-01,54
P0111,L002,2025-08-01,149
P0112,L002,2025-08-01,153
P0113,L002,2025-08-01,100
P0114,L002,2025-08-01,167
P0115,L002,2025-08-01,44
P0116,L002,2025-08-01,176
P0117,L002,2025-08-01,29
P0118,L002,2025-08-01,20
P0119,L002,2025-08-01,107
P0120,L002,2025-08-01,25
P0121,L002,2025-08-01,76
P0122,L002,2025-08-01,160
P0123,L002,2025-08-01,80
P0124,L002,2025-08-01,47
P0125,L002,2025-08-01,17
P0126,L002,2025-08-01,8
P0127,L002,2025-08-01,0
P0128,L002,2025-08-01,125
P0129,L002,2025-08-01,27
P0130,L002,2025-08-01,113
P0131,L002,2025-08-01,121
P0132,L002,2025-08-01,98
P0133,L002,2025-08-01,195
P0134,L002,2025-08-01,178
P0135,L002,2025-08-01,181
P0136,L002,2025-08-01,26
P0137,L002,2025-08-01,32
P0138,L002,2025-08-01,13
P0139,L002,2025-08-01,115
P0140,L002,2025-08-01,91
P0141,L002,2025-08-01,105
P0142,L002,2025-08-01,38
P9032,L002,2025-08-01,101
P0144,L002,2025-08-01,11
P0145,L002,2025-08-01,22
P0146,L002,2025-08-01,85
P0147,L002,2025-08-01,88
P0148,L002,2025-08-01,73
P0149,L002,2025-08-01,173
P0150,L002,2025-08-01,14
P0001,L003,2025-08-01,34
P0002,L003,2025-08-01,1
P0003,L003,2025-08-01,79
P0004,L003,2025-08-01,5
P0005,L003,2025-08-01,142
P0006,L003,2025-08-01,92
P0007,L003,2025-08-01,113
P0008,L003,2025-08-01,9
P0009,L003,2025-08-01,37
P0010,L003,2025-08-01,152
P0011,L003,2025-08-01,25
P0012,L003,2025-08-01,197
P0013,L003,2025-08-01,19
P0014,L003,2025-08-01,197
P0015,L003,2025-08-01,3
P0016,L003,2025-08-01,163
P0017,L003,2025-08-01,129
P0018,L003,2025-08-01,33
P0019,L003,2025-08-01,136
P0020,L003,2025-08-01,194
P0021,L003,2025-08-01,43
P0022,L003,2025-08-01,178
P0023,L003,2025-08-01,50
P0024,L003,2025-08-01,85
P0025,L003,2025-08-01,44
P0026,L003,2025-08-01,46
P0027,L003,2025-08-01,73
P0028,L003,2025-08-01,96
P0029,L003,2025-08-01,135
P0030,L003,2025-08-01,25
P0031,L003,2025-08-01,63
P0032,L003,2025-08-01,160
P0033,L003,2025-08-01,108
P0034,L003,2025-08-01,25
P0035,L003,2025-08-01,130
P0036,L003,2025-08-01,34
P0037,L003,2025-08-01,43
P0038,L003,2025-08-01,183
P0039,L003,2025-08-01,72
P0040,L003,2025-08-01,151
P0041,L003,2025-08-01,115
P0042,L003,2025-08-01,-5
P0043,L003,2025-08-01,111
P0044,L003,2025-08-01,58
P0045,L003,2025-08-01,160
P0046,L003,2025-08-01,160
P0047,L003,2025-08-01,193
P0048,L003,2025-08-01,5
P0049,L003,2025-08-01,113
P0050,L003,2025-08-01,138
P0051,L003,2025-08-01,143
P0052,L003,2025-08-01,111
P0053,L003,2025-08-01,48
P0054,L003,2025-08-01,141
P0055,L003,2025-08-01,145
P0056,L003,2025-08-01,98
P0057,L003,2025-08-01,144
P0058,L003,2025-08-01,43
P0059,L003,2025-08-01,29
P0060,L003,2025-08-01,117
P0061,L003,2025-08-01,184
P0062,L003,2025-08-01,116
P0063,L003,2025-08-01,99
P0064,L003,2025-08-01,28
P0065,L003,2025-08-01,64
P0066,L003,2025-08-01,195
P0067,L003,2025-08-01,35
P0068,L003,2025-08-01,166
P0069,L003,2025-08-01,70
P0070,L003,2025-08-01,176
P0071,L003,2025-08-01,31
P0072,L003,2025-08-01,122
P0073,L003,2025-08-01,17
P0074,L003,2025-08-01,104
P0075,L003,2025-08-01,89
P0076,L003,2025-08-01,15
P0077,L003,2025-08-01,63
P0078,L003,2025-08-01,6
P0079,L003,2025-08-01,61
P0080,L003,2025-08-01,118
P0081,L003,2025-08-01,121
P0082,L003,2025-08-01,25
P0083,L003,2025-08-01,134
P0084,L003,2025-08-01,148
P0085,L003,2025-08-01,16
P0086,L003,2025-08-01,44
P0087,L003,2025-08-01,186
P0088,L003,2025-08-01,44
P0089,L003,2025-08-01,128
P0090,L003,2025-08-01,146
P0091,L003,2025-08-01,109
P0092,L003,2025-08-01,101
P0093,L003,2025-08-01,106
P0094,L003,2025-08-01,46
P0095,L003,2025-08-01,8
P0096,L003,2025-08-01,37
P0097,L003,2025-08-01,29
P0098,L003,2025-08-01,14
P0099,L003,2025-08-01,167
P0100,L003,2025-08-01,115
P0101,L003,2025-08-01,158
P0102,L003,2025-08-01,16
P0103,L003,2025-08-01,78
P0104,L003,2025-08-01,94
P0105,L003,2025-08-01,179
P0106,L003,2025-08-01,100
P0107,L003,2025-08-01,173
P0108,L003,2025-08-01,46
P0109,L003,2025-08-01,148
P0110,L003,2025-08-01,149
P0111,L003,2025-08-01,173
P0112,L003,2025-08-01,122
P0113,L003,2025-08-01,32
P0114,L003,2025-08-01,149
P0115,L003,2025-08-01,165
P0116,L003,2025-08-01,180
P0117,L003,2025-08-01,196
P0118,L003,2025-08-01,79
P0119,L003,2025-08-01,142
P0120,L003,2025-08-01,102
P0121,L003,2025-08-01,73
P0122,L003,2025-08-01,105
P0123,L003,2025-08-01,104
P0124,L003,2025-08-01,136
P0125,L003,2025-08-01,30
P0126,L003,2025-08-01,37
P0127,L003,2025-08-01,139
P0128,L003,2025-08-01,64
P0129,L003,2025-08-01,43
P0130,L003,2025-08-01,117
P0131,L003,2025-08-01,72
P0132,L003,2025-08-01,33
P0133,L003,2025-08-01,27
P0134,L003,2025-08-01,58
P0135,L003,2025-08-01,63
P0136,L003,2025-08-01,114
P0137,L003,2025-08-01,85
P0138,L003,2025-08-01,16
P0139,L003,2025-08-01,160
P0140,L003,2025-08-01,127
P0141,L003,2025-08-01,57
P0142,L003,2025-08-01,88
P0143,L003,2025-08-01,1
P0144,L003,2025-08-01,166
P0145,L003,2025-08-01,22
P0146,L003,2025-08-01,67
P0147,L003,2025-08-01,32
P0148,L003,2025-08-01,127
P0149,L003,2025-08-01,41
P0150,L003,2025-08-01,8
P0001,L004,2025-08-01,60
P0002,L004,2025-08-01,73
P0003,L004,2025-08-01,131
P0004,L004,2025-08-01,110
P0005,L004,2025-08-01,1
P0006,L004,2025-08-01,127
P0007,L004,2025-08-01,34
P0008,L004,2025-08-01,92
P0009,L004,2025-08-01,187
P0010,L004,2025-08-01,45
P0011,L004,2025-08-01,109
P0012,L004,2025-08-01,9
P0013,L004,2025-08-01,66
P0014,L004,2025-08-01,42
P0015,L004,2025-08-01,187
P0016,L004,2025-08-01,188
P0017,L004,2025-08-01,32
P0018,L004,2025-08-01,125
P0019,L004,2025-08-01,157
P0020,L004,2025-08-01,188
P0021,L004,2025-08-01,53
P0022,L004,2025-08-01,171
P0023,L004,2025-08-01,132
P0024,L004,2025-08-01,171
P0025,L004,2025-08-01,83
P0026,L004,2025-08-01,70
P0027,L004,2025-08-01,16
P0028,L004,2025-08-01,95
P0029,L004,2025-08-01,169
P0030,L004,2025-08-01,175
P0031,L004,2025-08-01,167
P0032,L004,2025-08-01,110
P0033,L004,2025-08-01,166
P0034,L004,2025-08-01,48
P0035,L004,2025-08-01,161
P0036,L004,2025-08-01,147
P0037,L004,2025-08-01,73
P9010,L004,2025-08-01,18
P0039,L004,2025-08-01,149
P0040,L004,2025-08-01,194
P0041,L004,2025-08-01,57
P0042,L004,2025-08-01,45
P0043,L004,2025-08-01,16
P0044,L004,2025-08-01,37
P0045,L004,2025-08-01,120
P0046,L004,2025-08-01,173
P0047,L004,2025-08-01,16
P0048,L004,2025-08-01,34
P0049,L004,2025-08-01,122
P0050,L004,2025-08-01,171
P0051,L004,2025-08-01,38
P0052,L004,2025-08-01,117
P0053,L004,2025-08-01,19
P0054,L004,2025-08-01,37
P0055,L004,2025-08-01,76
P0056,L004,2025-08-01,143
P0057,L004,2025-08-01,190
P0058,L004,2025-08-01,193
P0059,L004,2025-08-01,97
P0060,L004,2025-08-01,15
P0061,L004,2025-08-01,16
P0062,L004,2025-08-01,51
P0063,L004,2025-08-01,195
P0064,L004,2025-08-01,10
P0065,L004,2025-08-01,67
P0066,L004,2025-08-01,154
P0067,L004,2025-08-01,6
P0068,L004,2025-08-01,7
P0069,L004,2025-08-01,186
P0070,L004,2025-08-01,78
P0071,L004,2025-08-01,118
P0072,L004,2025-08-01,178
P0073,L004,2025-08-01,184
P0074,L004,2025-08-01,54
P0075,L004,2025-08-01,33
P0076,L004,2025-08-01,98
P0077,L004,2025-08-01,49
P0078,L004,2025-08-01,36
P0079,L004,2025-08-01,123
P0080,L004,2025-08-01,111
P0081,L004,2025-08-01,144
P0082,L004,2025-08-01,35
P0083,L004,2025-08-01,180
P9005,L004,2025-08-01,27
P0085,L004,2025-08-01,141
P0086,L004,2025-08-01,135
P0087,L004,2025-08-01,188
P0088,L004,2025-08-01,166
P0089,L004,2025-08-01,28
P0090,L004,2025-08-01,38
P0091,L004,2025-08-01,54
P0092,L004,2025-08-01,147
P0093,L004,2025-08-01,156
P0094,L004,2025-08-01,115
P0095,L004,2025-08-01,121
P0096,L004,2025-08-01,162
P0097,L004,2025-08-01,198
P0098,L004,2025-08-01,123
P0099,L004,2025-08-01,169
P0100,L004,2025-08-01,49
P0101,L004,2025-08-01,152
P0102,L004,2025-08-01,65
P0103,L004,2025-08-01,174
P0104,L004,2025-08-01,135
P0105,L004,2025-08-01,15
P0106,L004,2025-08-01,57
P0107,L004,2025-08-01,194
P0108,L004,2025-08-01,61
P0109,L004,2025-08-01,196
P0110,L004,2025-08-01,133
P0111,L004,2025-08-01,147
P0112,L004,2025-08-01,190
P0113,L004,2025-08-01,142
P0114,L004,2025-08-01,172
P0115,L004,2025-08-01,20
P0116,L004,2025-08-01,118
P0117,L004,2025-08-01,178
P0118,L004,2025-08-01,163
P0119,L004,2025-08-01,8
P0120,L004,2025-08-01,24
P0121,L004,2025-08-01,145
P0122,L004,2025-08-01,159
P0123,L004,2025-08-01,10
P0124,L004,2025-08-01,84
P0125,L004,2025-08-01,98
P0126,L004,2025-08-01,82
P0127,L004,2025-08-01,197
P0128,L004,2025-08-01,104
P0129,L004,2025-08-01,90
P0130,L004,2025-08-01,123
P0131,L004,2025-08-01,52
P0132,L004,2025-08-01,178
P0133,L004,2025-08-01,193
P0134,L004,2025-08-01,143
P0135,L004,2025-08-01,185
P0136,L004,2025-08-01,12
P0137,L004,2025-08-01,84
P0138,L004,2025-08-01,187
P0139,L004,2025-08-01,3
P0140,L004,2025-08-01,114
P0141,L004,2025-08-01,113
P0142,L004,2025-08-01,112
P0143,L004,2025-08-01,171
P0144,L004,2025-08-01,30
P0145,L004,2025-08-01,46
P0146,L004,2025-08-01,79
P0147,L004,2025-08-01,157
P0148,L004,2025-08-01,107
P0149,L004,2025-08-01,185
P0150,L004,2025-08-01,47
P0001,L005,2025-08-01,173
P0002,L005,2025-08-01,140
P0003,L005,2025-08-01,8
P0004,L005,2025-08-01,162
P0005,L005,2025-08-01,194
P0006,L005,2025-08-01,60
P0007,L005,2025-08-01,156
P0008,L005,2025-08-01,67
P0009,L005,2025-08-01,122
P0010,L005,2025-08-01,60
P0011,L005,2025-08-01,107
P0012,L005,2025-08-01,183
P0013,L005,2025-08-01,61
P0014,L005,2025-08-01,195
P0015,L005,2025-08-01,139
P0016,L005,2025-08-01,91
P0017,L005,2025-08-01,162
P0018,L005,2025-08-01,175
P0019,L005,2025-08-01,191
P0020,L005,2025-08-01,136
P0021,L005,2025-08-01,129
P0022,L005,2025-08-01,86
P0023,L005,2025-08-01,64
P0024,L005,2025-08-01,93
P0025,L005,2025-08-01,155
P0026,L005,2025-08-01,42
P0027,L005,2025-08-01,92
P0028,L005,2025-08-01,185
P0029,L005,2025-08-01,105
P0030,L005,2025-08-01,85
P0031,L005,2025-08-01,165
P0032,L005,2025-08-01,67
P0033,L005,2025-08-01,134
P0034,L005,2025-08-01,5
P0035,L005,2025-08-01,109
P0036,L005,2025-08-01,39
P0037,L005,2025-08-01,115
P0038,L005,2025-08-01,54
P0039,L005,2025-08-01,101
P0040,L005,2025-08-01,97
P0041,L005,2025-08-01,86
P0042,L005,2025-08-01,99
P0043,L005,2025-08-01,59
P0044,L005,2025-08-01,19
P0045,L005,2025-08-01,43
P0046,L005,2025-08-01,125
P0047,L005,2025-08-01,78
P0048,L005,2025-08-01,115
P0049,L005,2025-08-01,44
P0050,L005,2025-08-01,61
P0051,L005,2025-08-01,7
P0052,L005,2025-08-01,35
P0053,L005,2025-08-01,51
P0054,L005,2025-08-01,91
P0055,L005,2025-08-01,168
P0056,L005,2025-08-01,116
P0057,L005,2025-08-01,161
P0058,L005,2025-08-01,182
P0059,L005,2025-08-01,13
P0060,L005,2025-08-01,112
P0061,L005,2025-08-01,95
P0062,L005,2025-08-01,194
P0063,L005,2025-08-01,186
P0064,L005,2025-08-01,153
P0065,L005,2025-08-01,82
P0066,L005,2025-08-01,73
P0067,L005,2025-08-01,161
P0068,L005,2025-08-01,65
P0069,L005,2025-08-01,86
P0070,L005,2025-08-01,6
P0071,L005,2025-08-01,62
P0072,L005,2025-08-01,41
P0073,L005,2025-08-01,100
P0074,L005,2025-08-01,152
P0075,L005,2025-08-01,14
P0076,L005,2025-08-01,4
P0077,L005,2025-08-01,147
P0078,L005,2025-08-01,3
P0079,L005,2025-08-01,165
P0080,L005,2025-08-01,192
P0081,L005,2025-08-01,136
P0082,L005,2025-08-01,15
P0083,L005,2025-08-01,74
P0084,L005,2025-08-01,130
P0085,L005,2025-08-01,163
P0086,L005,2025-08-01,47
P0087,L005,2025-08-01,144
P0088,L005,2025-08-01,112
P0089,L005,2025-08-01,8
P0090,L005,2025-08-01,188
P0091,L005,2025-08-01,193
P0092,L005,2025-08-01,197
P0093,L005,2025-08-01,164
P0094,L005,2025-08-01,180
P0095,L005,2025-08-01,106
P0096,L005,2025-08-01,195
P0097,L005,2025-08-01,40
P0098,L005,2025-08-01,22
P0099,L005,2025-08-01,175
P0100,L005,2025-08-01,139
P0101,L005,2025-08-01,196
P0102,L005,2025-08-01,60
P0103,L005,2025-08-01,91
P0104,L005,2025-08-01,194
P0105,L005,2025-08-01,193
P0106,L005,2025-08-01,8
P0107,L005,2025-08-01,85
P0108,L005,2025-08-01,34
P0109,L005,2025-08-01,167
P0110,L005,2025-08-01,148
P0111,L005,2025-08-01,78
P0112,L005,2025-08-01,162
P0113,L005,2025-08-01,119
P0114,L005,2025-08-01,63
P0115,L005,2025-08-01,23
P0116,L005,2025-08-01,22
P0117,L005,2025-08-01,69
P0118,L005,2025-08-01,178
P0119,L005,2025-08-01,197
P0120,L005,2025-08-01,143
P0121,L005,2025-08-01,153
P0122,L005,2025-08-01,71
P0123,L005,2025-08-01,88
P0124,L005,2025-08-01,55
P0125,L005,2025-08-01,9
P0126,L005,2025-08-01,140
P0127,L005,2025-08-01,154
P0128,L005,2025-08-01,121
P0129,L005,2025-08-01,75
P0130,L005,2025-08-01,118
P0131,L005,2025-08-01,20
P0132,L005,2025-08-01,136
P0133,L005,2025-08-01,55
P0134,L005,2025-08-01,98
P0135,L005,2025-08-01,30
P0136,L005,2025-08-01,187
P0137,L005,2025-08-01,92
P0138,L005,2025-08-01,109
P0139,L005,2025-08-01,98
P0140,L005,2025-08-01,193
P0141,L005,2025-08-01,73
P0142,L005,2025-08-01,196
P0143,L005,2025-08-01,66
P0144,L005,2025-08-01,52
P0145,L005,2025-08-01,164
P0146,L005,2025-08-01,155
P0147,L005,2025-08-01,140
P0148,L005,2025-08-01,147
P0149,L005,2025-08-01,63
P0150,L005,2025-08-01,172
P0001,L006,2025-08-01,158
P0002,L006,2025-08-01,185
P0003,L006,2025-08-01,145
P0004,L006,2025-08-01,4
P0005,L006,2025-08-01,169
P0006,L006,2025-08-01,6
P0007,L006,2025-08-01,52
P0008,L006,2025-08-01,25
P0009,L006,2025-08-01,173
P0010,L006,2025-08-01,36
P0011,L006,2025-08-01,147
P0012,L006,2025-08-01,66
P0013,L006,2025-08-01,18
P0014,L006,2025-08-01,124
P0015,L006,2025-08-01,6
P0016,L006,2025-08-01,132
P0017,L006,2025-08-01,177
P0018,L006,2025-08-01,97
P0019,L006,2025-08-01,85
P0020,L006,2025-08-01,132
P0021,L006,2025-08-01,53
P0022,L006,2025-08-01,51
P0023,L006,2025-08-01,175
P0024,L006,2025-08-01,81
P0025,L006,2025-08-01,111
P0026,L006,2025-08-01,24
P0027,L006,2025-08-01,74
P0028,L006,2025-08-01,112
P0029,L006,2025-08-01,28
P0030,L006,2025-08-01,99
P0031,L006,2025-08-01,81
P0032,L006,2025-08-01,34
P0033,L006,2025-08-01,143
P0034,L006,2025-08-01,18
P0035,L006,2025-08-01,158
P0036,L006,2025-08-01,10
P0037,L006,2025-08-01,159
P0038,L006,2025-08-01,192
P0039,L006,2025-08-01,186
P0040,L006,2025-08-01,137
P0041,L006,2025-08-01,130
P0042,L006,2025-08-01,84
P0043,L006,2025-08-01,166
P0044,L006,2025-08-01,90
P0045,L006,2025-08-01,176
P0046,L006,2025-08-01,56
P0047,L006,2025-08-01,20
P0048,L006,2025-08-01,181
P0049,L006,2025-08-01,62
P0050,L006,2025-08-01,113
P0051,L006,2025-08-01,134
P0052,L006,2025-08-01,102
P0053,L006,2025-08-01,50
P0054,L006,2025-08-01,65
P0055,L006,2025-08-01,183
P0056,L006,2025-08-01,185
P0057,L006,2025-08-01,87
P0058,L006,2025-08-01,95
P0059,L006,2025-08-01,33
P0060,L006,2025-08-01,165
P0061,L006,2025-08-01,125
P0062,L006,2025-08-01,153
P0063,L006,2025-08-01,54
P0064,L006,2025-08-01,20
P0065,L006,2025-08-01,36
P0066,L006,2025-08-01,97
P0067,L006,2025-08-01,85
P0068,L006,2025-08-01,105
P0069,L006,2025-08-01,66
P0070,L006,2025-08-01,68
P0071,L006,2025-08-01,34
P0072,L006,2025-08-01,155
P0073,L006,2025-08-01,74
P0074,L006,2025-08-01,72
P0075,L006,2025-08-01,162
P0076,L006,2025-08-01,106
P0077,L006,2025-08-01,63
P0078,L006,2025-08-01,135
P0079,L006,2025-08-01,138
P0080,L006,2025-08-01,145
P0081,L006,2025-08-01,156
P0082,L006,2025-08-01,163
P0083,L006,2025-08-01,9
P0084,L006,2025-08-01,6
P0085,L006,2025-08-01,144
P0086,L006,2025-08-01,178
P0087,L006,2025-08-01,124
P0088,L006,2025-08-01,16
P0089,L006,2025-08-01,173
P0090,L006,2025-08-01,5
P0091,L006,2025-08-01,29
P0092,L006,2025-08-01,149
P0093,L006,2025-08-01,112
P0094,L006,2025-08-01,62
P0095,L006,2025-08-01,150
P0096,L006,2025-08-01,12
P0097,L006,2025-08-01,114
P0098,L006,2025-08-01,98
P0099,L006,2025-08-01,198
P0100,L006,2025-08-01,21
P0101,L006,2025-08-01,86
P0102,L006,2025-08-01,126
P0103,L006,2025-08-01,125
P0104,L006,2025-08-01,109
P0105,L006,2025-08-01,47
P0106,L006,2025-08-01,65
P0107,L006,2025-08-01,2
P0108,L006,2025-08-01,176
P0109,L006,2025-08-01,42
P0110,L006,2025-08-01,144
P0111,L006,2025-08-01,40
P0112,L006,2025-08-01,42
P0113,L006,2025-08-01,148
P0114,L006,2025-08-01,149
P0115,L006,2025-08-01,132
P0116,L006,2025-08-01,15
P0117,L006,2025-08-01,167
P0118,L006,2025-08-01,197
P0119,L006,2025-08-01,17
P0120,L006,2025-08-01,41
P0121,L006,2025-08-01,47
P0122,L006,2025-08-01,87
P0123,L006,2025-08-01,186
P0124,L006,2025-08-01,120
P0125,L006,2025-08-01,163
P0126,L006,2025-08-01,95
P0127,L006,2025-08-01,129
P0128,L006,2025-08-01,96
P0129,L006,2025-08-01,61
P0130,L006,2025-08-01,132
P0131,L006,2025-08-01,61
P0132,L006,2025-08-01,5
P0133,L006,2025-08-01,19
P0134,L006,2025-08-01,114
P0135,L006,2025-08-01,121
P0136,L006,2025-08-01,198
P0137,L006,2025-08-01,194
P0138,L006,2025-08-01,82
P0139,L006,2025-08-01,158
P0140,L006,2025-08-01,120
P0141,L006,2025-08-01,82
P0142,L006,2025-08-01,94
P0143,L006,2025-08-01,13
P0144,L006,2025-08-01,117
P0145,L006,2025-08-01,174
P0146,L006,2025-08-01,189
P0147,L006,2025-08-01,141
P0148,L006,2025-08-01,199
P0149,L006,2025-08-01,158
P0150,L006,2025-08-01,185
P0001,L100,2025-08-01,-10
P0002,L100,2025-08-01,80
P0003,L100,2025-08-01,133
P0004,L100,2025-08-01,161
P0005,L100,2025-08-01,1
P0006,L100,2025-08-01,173
P0007,L100,2025-08-01,149
P0008,L100,2025-08-01,163
P0009,L100,2025-08-01,23
P0010,L100,2025-08-01,139
P0011,L100,2025-08-01,137
P0012,L100,2025-08-01,177
P0013,L100,2025-08-01,173
P0014,L100,2025-08-01,191
P0015,L100,2025-08-01,192
P0016,L100,2025-08-01,128
P0017,L100,2025-08-01,32
P0018,L100,2025-08-01,83
P0019,L100,2025-08-01,83
P0020,L100,2025-08-01,96
P0021,L100,2025-08-01,39
P0022,L100,2025-08-01,48
P0023,L100,2025-08-01,27
P0024,L100,2025-08-01,86
P0025,L100,2025-08-01,48
P0026,L100,2025-08-01,26
P0027,L100,2025-08-01,74
P0028,L100,2025-08-01,172
P0029,L100,2025-08-01,187
P0030,L100,2025-08-01,104
P0031,L100,2025-08-01,23
P0032,L100,2025-08-01,102
P0033,L100,2025-08-01,109
P0034,L100,2025-08-01,128
P0035,L100,2025-08-01,198
P0036,L100,2025-08-01,178
P0037,L100,2025-08-01,199
P0038,L100,2025-08-01,17
P0039,L100,2025-08-01,35
P0040,L100,2025-08-01,152
P0041,L100,2025-08-01,50
P0042,L100,2025-08-01,45
P0043,L100,2025-08-01,19
P0044,L100,2025-08-01,30
P0045,L100,2025-08-01,1
P0046,L100,2025-08-01,102
P0047,L100,2025-08-01,55
P0048,L100,2025-08-01,171
P0049,L100,2025-08-01,13
P0050,L100,2025-08-01,9
P0051,L100,2025-08-01,50
P0052,L100,2025-08-01,28
P0053,L100,2025-08-01,25
P0054,L100,2025-08-01,141
P0055,L100,2025-08-01,116
P0056,L100,2025-08-01,168
P0057,L100,2025-08-01,52
P0058,L100,2025-08-01,48
P0059,L100,2025-08-01,85
P0060,L100,2025-08-01,17
P0061,L100,2025-08-01,130
P0062,L100,2025-08-01,141
P0063,L100,2025-08-01,78
P0064,L100,2025-08-01,154
P0065,L100,2025-08-01,191
P0066,L100,2025-08-01,126
P0067,L100,2025-08-01,171
P0068,L100,2025-08-01,126
P0069,L100,2025-08-01,122
P0070,L100,2025-08-01,47
P0071,L100,2025-08-01,120
P0072,L100,2025-08-01,130
P0073,L100,2025-08-01,88
P0074,L100,2025-08-01,138
P0075,L100,2025-08-01,168
P0076,L100,2025-08-01,55
P0077,L100,2025-08-01,118
P0078,L100,2025-08-01,174
P0079,L100,2025-08-01,36
P0080,L100,2025-08-01,4
P0081,L100,2025-08-01,87
P0082,L100,2025-08-01,168
P0083,L100,2025-08-01,116
P0084,L100,2025-08-01,12
P0085,L100,2025-08-01,56
P0086,L100,2025-08-01,19
P0087,L100,2025-08-01,187
P0088,L100,2025-08-01,132
P0089,L100,2025-08-01,84
P0090,L100,2025-08-01,97
P0091,L100,2025-08-01,119
P0092,L100,2025-08-01,150
P0093,L100,2025-08-01,111
P0094,L100,2025-08-01,159
P0095,L100,2025-08-01,110
P0096,L100,2025-08-01,177
P0097,L100,2025-08-01,99
P0098,L100,2025-08-01,18
P0099,L100,2025-08-01,2
P0100,L100,2025-08-01,3
P0101,L100,2025-08-01,17
P0102,L100,2025-08-01,17
P0103,L100,2025-08-01,47
P0104,L100,2025-08-01,58
P0105,L100,2025-08-01,64
P0106,L100,2025-08-01,86
P0107,L100,2025-08-01,6
P0108,L100,2025-08-01,109
P0109,L100,2025-08-01,-8
P0110,L100,2025-08-01,169
P0111,L100,2025-08-01,158
P0112,L100,2025-08-01,137
P0113,L100,2025-08-01,163
P0114,L100,2025-08-01,173
P0115,L100,2025-08-01,69
P0116,L100,2025-08-01,35
P0117,L100,2025-08-01,65
P0118,L100,2025-08-01,123
P0119,L100,2025-08-01,54
P0120,L100,2025-08-01,9
P0121,L100,2025-08-01,39
P0122,L100,2025-08-01,153
P0123,L100,2025-08-01,188
P0124,L100,2025-08-01,84
P0125,L100,2025-08-01,20
P0126,L100,2025-08-01,162
P0127,L100,2025-08-01,77
P0128,L100,2025-08-01,52
P0129,L100,2025-08-01,145
P0130,L100,2025-08-01,94
P0131,L100,2025-08-01,198
P0132,L100,2025-08-01,66
P0133,L100,2025-08-01,3
P0134,L100,2025-08-01,143
P0135,L100,2025-08-01,15
P0136,L100,2025-08-01,192
P0137,L100,2025-08-01,161
P0138,L100,2025-08-01,172
P0139,L100,2025-08-01,111
P0140,L100,2025-08-01,92
P0141,L100,2025-08-01,104
P0142,L100,2025-08-01,89
P0143,L100,2025-08-01,84
P0144,L100,2025-08-01,52
P0145,L100,2025-08-01,97
P0146,L100,2025-08-01,40
P0147,L100,2025-08-01,114
P0148,L100,2025-08-01,63
P0149,L100,2025-08-01,96
P0150,L100,2025-08-01,77
P0001,L001,2025-09-01,163
P0002,L001,2025-09-01,33
P0003,L001,2025-09-01,24
P0004,L001,2025-09-01,10
P0005,L001,2025-09-01,133
P0006,L001,2025-09-01,92
P0007,L001,2025-09-01,76
P0008,L001,2025-09-01,199
P0009,L001,2025-09-01,93
P0010,L001,2025-09-01,79
P0011,L001,2025-09-01,90
P0012,L001,2025-09-01,32
P0013,L001,2025-09-01,134
P0014,L001,2025-09-01,71
P0015,L001,2025-09-01,-9
P0016,L001,2025-09-01,161
P0017,L001,2025-09-01,113
P0018,L001,2025-09-01,58
P0019,L001,2025-09-01,146
P0020,L001,2025-09-01,95
P0021,L001,2025-09-01,100
P0022,L001,2025-09-01,25
P0023,L001,2025-09-01,13
P0024,L001,2025-09-01,48
P0025,L001,2025-09-01,193
P0026,L001,2025-09-01,89
P0027,L001,2025-09-01,155
P0028,L001,2025-09-01,81
P0029,L001,2025-09-01,31
P0030,L001,2025-09-01,199
P0031,L001,2025-09-01,165
P0032,L001,2025-09-01,187
P0033,L001,2025-09-01,55
P0034,L001,2025-09-01,113
P0035,L001,2025-09-01,156
P0036,L001,2025-09-01,128
P0037,L001,2025-09-01,127
P0038,L001,2025-09-01,137
P0039,L001,2025-09-01,159
P0040,L001,2025-09-01,169
P0041,L001,2025-09-01,106
P0042,L001,2025-09-01,132
P0043,L001,2025-09-01,49
P0044,L001,2025-09-01,42
P0045,L001,2025-09-01,60
P0046,L001,2025-09-01,56
P0047,L001,2025-09-01,160
P0048,L001,2025-09-01,47
P0049,L001,2025-09-01,176
P0050,L001,2025-09-01,120
P0051,L001,2025-09-01,184
P0052,L001,2025-09-01,129
P0053,L001,2025-09-01,33
P0054,L001,2025-09-01,146
P0055,L001,2025-09-01,178
P0056,L001,2025-09-01,86
P0057,L001,2025-09-01,31
P0058,L001,2025-09-01,15
P0059,L001,2025-09-01,13
P0060,L001,2025-09-01,170
P0061,L001,2025-09-01,161
P0062,L001,2025-09-01,111
P0063,L001,2025-09-01,105
P0064,L001,2025-09-01,167
P0065,L001,2025-09-01,50
P0066,L001,2025-09-01,60
P0067,L001,2025-09-01,41
P0068,L001,2025-09-01,47
P0069,L001,2025-09-01,152
P0070,L001,2025-09-01,105
P0071,L001,2025-09-01,30
P0072,L001,2025-09-01,82
P0073,L001,2025-09-01,165
P0074,L001,2025-09-01,140
P0075,L001,2025-09-01,11
P0076,L001,2025-09-01,199
P0077,L001,2025-09-01,44
P0078,L001,2025-09-01,12
P0079,L001,2025-09-01,99
P0080,L001,2025-09-01,131
P0081,L001,2025-09-01,173
P0082,L001,2025-09-01,27
P0083,L001,2025-09-01,70
P0084,L001,2025-09-01,-8
P0085,L001,2025-09-01,45
P0086,L001,2025-09-01,45
P0087,L001,2025-09-01,6
P0088,L001,2025-09-01,110
P0089,L001,2025-09-01,162
P0090,L001,2025-09-01,96
P0091,L001,2025-09-01,94
P0092,L001,2025-09-01,70
P0093,L001,2025-09-01,157
P0094,L001,2025-09-01,195
P0095,L001,2025-09-01,79
P0096,L001,2025-09-01,20
P9060,L001,2025-09-01,115
P0098,L001,2025-09-01,98
P0099,L001,2025-09-01,43
P0100,L001,2025-09-01,121
P0101,L001,2025-09-01,43
P0102,L001,2025-09-01,161
P0103,L001,2025-09-01,48
P0104,L001,2025-09-01,82
P0105,L001,2025-09-01,28
P0106,L001,2025-09-01,78
P0107,L001,2025-09-01,120
P0108,L001,2025-09-01,35
P0109,L001,2025-09-01,152
P0110,L001,2025-09-01,63
P0111,L001,2025-09-01,82
P0112,L001,2025-09-01,18
P0113,L001,2025-09-01,125
P0114,L001,2025-09-01,41
P0115,L001,2025-09-01,26
P0116,L001,2025-09-01,197
P0117,L001,2025-09-01,16
P0118,L001,2025-09-01,82
P0119,L001,2025-09-01,87
P0120,L001,2025-09-01,168
P0121,L001,2025-09-01,15
P0122,L001,2025-09-01,73
P0123,L001,2025-09-01,97
P0124,L001,2025-09-01,125
P0125,L001,2025-09-01,36
P0126,L001,2025-09-01,94
P0127,L001,2025-09-01,-9
P0128,L001,2025-09-01,74
P0129,L001,2025-09-01,29
P0130,L001,2025-09-01,30
P0131,L001,2025-09-01,2
P0132,L001,2025-09-01,63
P0133,L001,2025-09-01,-12
P0134,L001,2025-09-01,137
P0135,L001,2025-09-01,11
P0136,L001,2025-09-01,41
P0137,L001,2025-09-01,96
P0138,L001,2025-09-01,162
P0139,L001,2025-09-01,6
P0140,L001,2025-09-01,169
P0141,L001,2025-09-01,63
P0142,L001,2025-09-01,67
P0143,L001,2025-09-01,162
P0144,L001,2025-09-01,160
P0145,L001,2025-09-01,150
P0146,L001,2025-09-01,91
P0147,L001,2025-09-01,15
P0148,L001,2025-09-01,-19
P0149,L001,2025-09-01,-10
P0150,L001,2025-09-01,107
P0001,L002,2025-09-01,120
P0002,L002,2025-09-01,155
P0003,L002,2025-09-01,169
P0004,L002,2025-09-01,172
P0005,L002,2025-09-01,108
P0006,L002,2025-09-01,159
P0007,L002,2025-09-01,144
P0008,L002,2025-09-01,137
P0009,L002,2025-09-01,110
P0010,L002,2025-09-01,119
P0011,L002,2025-09-01,159
P0012,L002,2025-09-01,8
P0013,L002,2025-09-01,159
P0014,L002,2025-09-01,170
P0015,L002,2025-09-01,156
P0016,L002,2025-09-01,147
P0017,L002,2025-09-01,142
P0018,L002,2025-09-01,74
P0019,L002,2025-09-01,119
P0020,L002,2025-09-01,152
P0021,L002,2025-09-01,179
P0022,L002,2025-09-01,66
P0023,L002,2025-09-01,118
P0024,L002,2025-09-01,174
P0025,L002,2025-09-01,193
P0026,L002,2025-09-01,57
P0027,L002,2025-09-01,60
P0028,L002,2025-09-01,166
P0029,L002,2025-09-01,93
P0030,L002,2025-09-01,153
P0031,L002,2025-09-01,44
P0032,L002,2025-09-01,170
P0033,L002,2025-09-01,56
P0034,L002,2025-09-01,117
P0035,L002,2025-09-01,126
P0036,L002,2025-09-01,15
P0037,L002,2025-09-01,111
P0038,L002,2025-09-01,19
P0039,L002,2025-09-01,54
P0040,L002,2025-09-01,28
P0041,L002,2025-09-01,98
P0042,L002,2025-09-01,89
P0043,L002,2025-09-01,189
P0044,L002,2025-09-01,31
P0045,L002,2025-09-01,139
P0046,L002,2025-09-01,99
P0047,L002,2025-09-01,149
P0048,L002,2025-09-01,42
P0049,L002,2025-09-01,27
P0050,L002,2025-09-01,93
P0051,L002,2025-09-01,38
P0052,L002,2025-09-01,8
P0053,L002,2025-09-01,197
P0054,L002,2025-09-01,63
P0055,L002,2025-09-01,146
P0056,L002,2025-09-01,109
P0057,L002,2025-09-01,112
P0058,L002,2025-09-01,51
P0059,L002,2025-09-01,142
P0060,L002,2025-09-01,62
P0061,L002,2025-09-01,193
P0062,L002,2025-09-01,142
P0063,L002,2025-09-01,113
P0064,L002,2025-09-01,52
P0065,L002,2025-09-01,54
P0066,L002,2025-09-01,19
P0067,L002,2025-09-01,77
P0068,L002,2025-09-01,65
P0069,L002,2025-09-01,93
P0070,L002,2025-09-01,117
P0071,L002,2025-09-01,115
P0072,L002,2025-09-01,118
P0073,L002,2025-09-01,10
P0074,L002,2025-09-01,152
P0075,L002,2025-09-01,106
P0076,L002,2025-09-01,81
P0077,L002,2025-09-01,84
P0078,L002,2025-09-01,11
P0079,L002,2025-09-01,177
P0080,L002,2025-09-01,124
P0081,L002,2025-09-01,199
P0082,L002,2025-09-01,20
P0083,L002,2025-09-01,37
P0084,L002,2025-09-01,49
P0085,L002,2025-09-01,85
P0086,L002,2025-09-01,122
P0087,L002,2025-09-01,55
P0088,L002,2025-09-01,11
P0089,L002,2025-09-01,104
P0090,L002,2025-09-01,114
P0091,L002,2025-09-01,96
P0092,L002,2025-09-01,127
P0093,L002,2025-09-01,31
P0094,L002,2025-09-01,80
P0095,L002,2025-09-01,155
P0096,L002,2025-09-01,148
P0097,L002,2025-09-01,97
P0098,L002,2025-09-01,90
P0099,L002,2025-09-01,17
P0100,L002,2025-09-01,26
P0101,L002,2025-09-01,81
P0102,L002,2025-09-01,124
P0103,L002,2025-09-01,90
P0104,L002,2025-09-01,51
P0105,L002,2025-09-01,195
P0106,L002,2025-09-01,75
P0107,L002,2025-09-01,193
P0108,L002,2025-09-01,9
P0109,L002,2025-09-01,153
P0110,L002,2025-09-01,59
P0111,L002,2025-09-01,86
P0112,L002,2025-09-01,-11
P0113,L002,2025-09-01,113
P0114,L002,2025-09-01,39
P0115,L002,2025-09-01,38
P0116,L002,2025-09-01,192
P0117,L002,2025-09-01,34
P0118,L002,2025-09-01,77
P0119,L002,2025-09-01,95
P0120,L002,2025-09-01,160
P0121,L002,2025-09-01,142
P0122,L002,2025-09-01,196
P0123,L002,2025-09-01,82
P0124,L002,2025-09-01,127
P0125,L002,2025-09-01,154
P9070,L002,2025-09-01,78
P0127,L002,2025-09-01,134
P0128,L002,2025-09-01,34
P0129,L002,2025-09-01,164
P0130,L002,2025-09-01,144
P0131,L002,2025-09-01,20
P0132,L002,2025-09-01,199
P0133,L002,2025-09-01,91
P0134,L002,2025-09-01,51
P0135,L002,2025-09-01,160
P0136,L002,2025-09-01,97
P0137,L002,2025-09-01,186
P0138,L002,2025-09-01,166
P0139,L002,2025-09-01,28
P0140,L002,2025-09-01,42
P0141,L002,2025-09-01,87
P0142,L002,2025-09-01,111
P0143,L002,2025-09-01,64
P0144,L002,2025-09-01,96
P0145,L002,2025-09-01,102
P0146,L002,2025-09-01,129
P0147,L002,2025-09-01,107
P0148,L002,2025-09-01,104
P0149,L002,2025-09-01,122
P0150,L002,2025-09-01,46
P0001,L003,2025-09-01,106
P0002,L003,2025-09-01,107
P0003,L003,2025-09-01,174
P0004,L003,2025-09-01,50
P0005,L003,2025-09-01,8
P0006,L003,2025-09-01,172
P0007,L003,2025-09-01,176
P0008,L003,2025-09-01,90
P0009,L003,2025-09-01,112
P0010,L003,2025-09-01,102
P0011,L003,2025-09-01,127
P0012,L003,2025-09-01,79
P0013,L003,2025-09-01,14
P0014,L003,2025-09-01,143
P0015,L003,2025-09-01,89
P0016,L003,2025-09-01,154
P0017,L003,2025-09-01,192
P0018,L003,2025-09-01,90
P0019,L003,2025-09-01,88
P0020,L003,2025-09-01,195
P0021,L003,2025-09-01,145
P0022,L003,2025-09-01,108
P0023,L003,2025-09-01,177
P0024,L003,2025-09-01,142
P0025,L003,2025-09-01,17
P0026,L003,2025-09-01,108
P0027,L003,2025-09-01,177
P0028,L003,2025-09-01,173
P0029,L003,2025-09-01,27
P0030,L003,2025-09-01,94
P0031,L003,2025-09-01,26
P0032,L003,2025-09-01,19
P0033,L003,2025-09-01,5
P0034,L003,2025-09-01,-5
P0035,L003,2025-09-01,181
P0036,L003,2025-09-01,11
P0037,L003,2025-09-01,2
P0038,L003,2025-09-01,109
P0039,L003,2025-09-01,128
P0040,L003,2025-09-01,98
P0041,L003,2025-09-01,130
P0042,L003,2025-09-01,67
P0043,L003,2025-09-01,119
P0044,L003,2025-09-01,96
P0045,L003,2025-09-01,127
P0046,L003,2025-09-01,151
P0047,L003,2025-09-01,108
P0048,L003,2025-09-01,70
P0049,L003,2025-09-01,6
P0050,L003,2025-09-01,197
P0051,L003,2025-09-01,177
P0052,L003,2025-09-01,97
P0053,L003,2025-09-01,181
P0054,L003,2025-09-01,186
P0055,L003,2025-09-01,108
P0056,L003,2025-09-01,76
P0057,L003,2025-09-01,121
P0058,L003,2025-09-01,128
P0059,L003,2025-09-01,35
P0060,L003,2025-09-01,75
P0061,L003,2025-09-01,188
P0062,L003,2025-09-01,136
P0063,L003,2025-09-01,141
P0064,L003,2025-09-01,76
P0065,L003,2025-09-01,185
P0066,L003,2025-09-01,51
P0067,L003,2025-09-01,133
P0068,L003,2025-09-01,166
P0069,L003,2025-09-01,149
P0070,L003,2025-09-01,167
P0071,L003,2025-09-01,80
P0072,L003,2025-09-01,135
P0073,L003,2025-09-01,164
P0074,L003,2025-09-01,154
P0075,L003,2025-09-01,99
P0076,L003,2025-09-01,21
P0077,L003,2025-09-01,6
P0078,L003,2025-09-01,146
P0079,L003,2025-09-01,92
P0080,L003,2025-09-01,6
P0081,L003,2025-09-01,10
P0082,L003,2025-09-01,157
P0083,L003,2025-09-01,105
P0084,L003,2025-09-01,137
P0085,L003,2025-09-01,97
P0086,L003,2025-09-01,183
P0087,L003,2025-09-01,-13
P0088,L003,2025-09-01,35
P0089,L003,2025-09-01,81
P0090,L003,2025-09-01,148
P0091,L003,2025-09-01,46
P0092,L003,2025-09-01,35
P0093,L003,2025-09-01,18
P0094,L003,2025-09-01,166
P0095,L003,2025-09-01,121
P0096,L003,2025-09-01,24
P0097,L003,2025-09-01,33
P0098,L003,2025-09-01,131
P0099,L003,2025-09-01,5
P0100,L003,2025-09-01,100
P0101,L003,2025-09-01,59
P0102,L003,2025-09-01,125
P0103,L003,2025-09-01,9
P0104,L003,2025-09-01,10
P0105,L003,2025-09-01,19
P0106,L003,2025-09-01,16
P0107,L003,2025-09-01,69
P0108,L003,2025-09-01,126
P0109,L003,2025-09-01,114
P0110,L003,2025-09-01,72
P0111,L003,2025-09-01,113
P0112,L003,2025-09-01,153
P0113,L003,2025-09-01,54
P0114,L003,2025-09-01,91
P0115,L003,2025-09-01,129
P0116,L003,2025-09-01,108
P0117,L003,2025-09-01,63
P0118,L003,2025-09-01,168
P0119,L003,2025-09-01,155
P0120,L003,2025-09-01,114
P0121,L003,2025-09-01,184
P0122,L003,2025-09-01,30
P0123,L003,2025-09-01,49
P0124,L003,2025-09-01,152
P0125,L003,2025-09-01,27
P0126,L003,2025-09-01,151
P0127,L003,2025-09-01,141
P0128,L003,2025-09-01,14
P0129,L003,2025-09-01,183
P0130,L003,2025-09-01,131
P0131,L003,2025-09-01,28
P0132,L003,2025-09-01,141
P0133,L003,2025-09-01,60
P0134,L003,2025-09-01,61
P0135,L003,2025-09-01,179
P0136,L003,2025-09-01,131
P0137,L003,2025-09-01,31
P0138,L003,2025-09-01,174
P0139,L003,2025-09-01,82
P0140,L003,2025-09-01,58
P0141,L003,2025-09-01,100
P0142,L003,2025-09-01,49
P0143,L003,2025-09-01,69
P0144,L003,2025-09-01,168
P0145,L003,2025-09-01,175
P0146,L003,2025-09-01,35
P0147,L003,2025-09-01,194
P0148,L003,2025-09-01,37
P0149,L003,2025-09-01,119
P0150,L003,2025-09-01,127
P0001,L004,2025-09-01,142
P0002,L004,2025-09-01,67
P0003,L004,2025-09-01,140
P0004,L004,2025-09-01,3
P0005,L004,2025-09-01,13
P0006,L004,2025-09-01,133
P0007,L004,2025-09-01,94
P0008,L004,2025-09-01,137
P0009,L004,2025-09-01,183
P0010,L004,2025-09-01,45
P0011,L004,2025-09-01,57
P0012,L004,2025-09-01,95
P0013,L004,2025-09-01,92
P0014,L004,2025-09-01,179
P0015,L004,2025-09-01,68
P0016,L004,2025-09-01,83
P0017,L004,2025-09-01,144
P0018,L004,2025-09-01,139
P0019,L004,2025-09-01,185
P0020,L004,2025-09-01,110
P0021,L004,2025-09-01,15
P0022,L004,2025-09-01,150
P0023,L004,2025-09-01,32
P0024,L004,2025-09-01,196
P0025,L004,2025-09-01,158
P0026,L004,2025-09-01,130
P0027,L004,2025-09-01,199
P0028,L004,2025-09-01,136
P0029,L004,2025-09-01,13
P0030,L004,2025-09-01,4
P0031,L004,2025-09-01,58
P0032,L004,2025-09-01,9
P0033,L004,2025-09-01,7
P0034,L004,2025-09-01,193
P0035,L004,2025-09-01,141
P0036,L004,2025-09-01,145
P0037,L004,2025-09-01,0
P0038,L004,2025-09-01,94
P0039,L004,2025-09-01,9
P0040,L004,2025-09-01,181
P0041,L004,2025-09-01,132
P0042,L004,2025-09-01,138
P0043,L004,2025-09-01,144
P0044,L004,2025-09-01,156
P0045,L004,2025-09-01,68
P0046,L004,2025-09-01,148
P0047,L004,2025-09-01,71
P0048,L004,2025-09-01,61
P0049,L004,2025-09-01,166
P0050,L004,2025-09-01,150
P0051,L004,2025-09-01,125
P0052,L004,2025-09-01,183
P0053,L004,2025-09-01,6
P0054,L004,2025-09-01,93
P0055,L004,2025-09-01,28
P0056,L004,2025-09-01,24
P0057,L004,2025-09-01,194
P0058,L004,2025-09-01,43
P0059,L004,2025-09-01,15
P0060,L004,2025-09-01,164
P0061,L004,2025-09-01,57
P0062,L004,2025-09-01,189
P0063,L004,2025-09-01,174
P0064,L004,2025-09-01,133
P0065,L004,2025-09-01,175
P0066,L004,2025-09-01,16
P0067,L004,2025-09-01,108
P0068,L004,2025-09-01,21
P0069,L004,2025-09-01,17
P0070,L004,2025-09-01,0
P0071,L004,2025-09-01,83
P0072,L004,2025-09-01,183
P0073,L004,2025-09-01,123
P0074,L004,2025-09-01,173
P0075,L004,2025-09-01,49
P0076,L004,2025-09-01,33
P0077,L004,2025-09-01,0
P0078,L004,2025-09-01,21
P0079,L004,2025-09-01,52
P0080,L004,2025-09-01,160
P0081,L004,2025-09-01,54
P0082,L004,2025-09-01,64
P0083,L004,2025-09-01,126
P0084,L004,2025-09-01,133
P0085,L004,2025-09-01,24
P0086,L004,2025-09-01,121
P0087,L004,2025-09-01,155
P0088,L004,2025-09-01,116
P0089,L004,2025-09-01,88
P0090,L004,2025-09-01,189
P0091,L004,2025-09-01,47
P0092,L004,2025-09-01,148
P0093,L004,2025-09-01,24
P0094,L004,2025-09-01,101
P0095,L004,2025-09-01,162
P0096,L004,2025-09-01,73
P0097,L004,2025-09-01,144
P0098,L004,2025-09-01,67
P0099,L004,2025-09-01,36
P0100,L004,2025-09-01,18
P0101,L004,2025-09-01,12
P0102,L004,2025-09-01,124
P0103,L004,2025-09-01,136
P0104,L004,2025-09-01,133
P0105,L004,2025-09-01,126
P0106,L004,2025-09-01,114
P0107,L004,2025-09-01,50
P0108,L004,2025-09-01,155
P0109,L004,2025-09-01,180
P0110,L004,2025-09-01,192
P0111,L004,2025-09-01,101
P0112,L004,2025-09-01,28
P0113,L004,2025-09-01,60
P0114,L004,2025-09-01,125
P0115,L004,2025-09-01,72
P0116,L004,2025-09-01,24
P0117,L004,2025-09-01,5
P0118,L004,2025-09-01,2
P0119,L004,2025-09-01,47
P0120,L004,2025-09-01,32
P0121,L004,2025-09-01,83
P0122,L004,2025-09-01,181
P0123,L004,2025-09-01,134
P0124,L004,2025-09-01,36
P0125,L004,2025-09-01,156
P0126,L004,2025-09-01,136
P0127,L004,2025-09-01,182
P0128,L004,2025-09-01,48
P0129,L004,2025-09-01,196
P0130,L004,2025-09-01,179
P0131,L004,2025-09-01,139
P0132,L004,2025-09-01,31
P0133,L004,2025-09-01,48
P0134,L004,2025-09-01,77
P0135,L004,2025-09-01,81
P0136,L004,2025-09-01,196
P0137,L004,2025-09-01,84
P0138,L004,2025-09-01,36
P0139,L004,2025-09-01,22
P0140,L004,2025-09-01,129
P0141,L004,2025-09-01,69
P0142,L004,2025-09-01,58
P0143,L004,2025-09-01,55
P0144,L004,2025-09-01,95
P0145,L004,2025-09-01,34
P0146,L004,2025-09-01,191
P0147,L004,2025-09-01,157
P0148,L004,2025-09-01,2
P0149,L004,2025-09-01,157
P0150,L004,2025-09-01,137
P0001,L005,2025-09-01,129
P0002,L005,2025-09-01,79
P0003,L005,2025-09-01,170
P0004,L005,2025-09-01,190
P0005,L005,2025-09-01,25
P0006,L005,2025-09-01,15
P0007,L005,2025-09-01,178
P0008,L005,2025-09-01,78
P0009,L005,2025-09-01,107
P0010,L005,2025-09-01,116
P0011,L005,2025-09-01,73
P0012,L005,2025-09-01,24
P0013,L005,2025-09-01,151
P0014,L005,2025-09-01,67
P0015,L005,2025-09-01,52
P0016,L005,2025-09-01,126
P0017,L005,2025-09-01,158
P0018,L005,2025-09-01,84
P0019,L005,2025-09-01,115
P0020,L005,2025-09-01,90
P0021,L005,2025-09-01,158
P0022,L005,2025-09-01,48
P0023,L005,2025-09-01,167
P0024,L005,2025-09-01,33
P0025,L005,2025-09-01,31
P0026,L005,2025-09-01,131
P0027,L005,2025-09-01,60
P0028,L005,2025-09-01,176
P0029,L005,2025-09-01,154
P0030,L005,2025-09-01,14
P0031,L005,2025-09-01,196
P0032,L005,2025-09-01,68
P0033,L005,2025-09-01,3
P0034,L005,2025-09-01,114
P0035,L005,2025-09-01,128
P0036,L005,2025-09-01,116
P0037,L005,2025-09-01,118
P0038,L005,2025-09-01,111
P0039,L005,2025-09-01,24
P0040,L005,2025-09-01,35
P0041,L005,2025-09-01,3
P0042,L005,2025-09-01,127
P0043,L005,2025-09-01,116
P0044,L005,2025-09-01,54
P0045,L005,2025-09-01,96
P0046,L005,2025-09-01,172
P0047,L005,2025-09-01,196
P0048,L005,2025-09-01,152
P0049,L005,2025-09-01,9
P0050,L005,2025-09-01,17
P0051,L005,2025-09-01,35
P0052,L005,2025-09-01,31
P0053,L005,2025-09-01,170
P0054,L005,2025-09-01,107
P0055,L005,2025-09-01,103
P0056,L005,2025-09-01,88
P0057,L005,2025-09-01,51
P0058,L005,2025-09-01,166
P0059,L005,2025-09-01,17
P0060,L005,2025-09-01,1
P0061,L005,2025-09-01,45
P0062,L005,2025-09-01,141
P0063,L005,2025-09-01,66
P0064,L005,2025-09-01,79
P0065,L005,2025-09-01,34
P0066,L005,2025-09-01,142
P0067,L005,2025-09-01,138
P0068,L005,2025-09-01,68
P0069,L005,2025-09-01,99
P0070,L005,2025-09-01,60
P0071,L005,2025-09-01,62
P0072,L005,2025-09-01,153
P0073,L005,2025-09-01,95
P0074,L005,2025-09-01,89
P0075,L005,2025-09-01,147
P0076,L005,2025-09-01,34
P0077,L005,2025-09-01,64
P0078,L005,2025-09-01,147
P0079,L005,2025-09-01,58
P0080,L005,2025-09-01,98
P0081,L005,2025-09-01,146
P0082,L005,2025-09-01,19
P0083,L005,2025-09-01,144
P0084,L005,2025-09-01,198
P0085,L005,2025-09-01,122
P0086,L005,2025-09-01,62
P0087,L005,2025-09-01,143
P0088,L005,2025-09-01,34
P0089,L005,2025-09-01,110
P0090,L005,2025-09-01,3
P0091,L005,2025-09-01,9
P0092,L005,2025-09-01,21
P0093,L005,2025-09-01,79
P0094,L005,2025-09-01,175
P0095,L005,2025-09-01,130
P0096,L005,2025-09-01,5
P0097,L005,2025-09-01,125
P0098,L005,2025-09-01,47
P0099,L005,2025-09-01,185
P0100,L005,2025-09-01,97
P0101,L005,2025-09-01,12
P0102,L005,2025-09-01,30
P0103,L005,2025-09-01,174
P0104,L005,2025-09-01,166
P0105,L005,2025-09-01,114
P0106,L005,2025-09-01,190
P0107,L005,2025-09-01,195
P0108,L005,2025-09-01,34
P0109,L005,2025-09-01,183
P0110,L005,2025-09-01,28
P0111,L005,2025-09-01,31
P0112,L005,2025-09-01,151
P0113,L005,2025-09-01,189
P0114,L005,2025-09-01,194
P0115,L005,2025-09-01,60
P0116,L005,2025-09-01,63
P0117,L005,2025-09-01,170
P0118,L005,2025-09-01,129
P0119,L005,2025-09-01,87
P0120,L005,2025-09-01,90
P0121,L005,2025-09-01,106
P0122,L005,2025-09-01,121
P0123,L005,2025-09-01,8
P0124,L005,2025-09-01,127
P0125,L005,2025-09-01,122
P0126,L005,2025-09-01,198
P0127,L005,2025-09-01,184
P0128,L005,2025-09-01,137
P0129,L005,2025-09-01,194
P0130,L005,2025-09-01,61
P0131,L005,2025-09-01,83
P0132,L005,2025-09-01,134
P0133,L005,2025-09-01,71
P0134,L005,2025-09-01,161
P0135,L005,2025-09-01,17
P0136,L005,2025-09-01,76
P0137,L005,2025-09-01,84
P0138,L005,2025-09-01,133
P0139,L005,2025-09-01,59
P0140,L005,2025-09-01,73
P0141,L005,2025-09-01,123
P0142,L005,2025-09-01,89
P0143,L005,2025-09-01,187
P0144,L005,2025-09-01,94
P0145,L005,2025-09-01,180
P0146,L005,2025-09-01,87
P0147,L005,2025-09-01,160
P0148,L005,2025-09-01,76
P0149,L005,2025-09-01,1
P0150,L005,2025-09-01,32
P0001,L006,2025-09-01,83
P0002,L006,2025-09-01,129
P0003,L006,2025-09-01,100
P0004,L006,2025-09-01,148
P0005,L006,2025-09-01,179
P0006,L006,2025-09-01,22
P0007,L006,2025-09-01,18
P0008,L006,2025-09-01,107
P0009,L006,2025-09-01,144
P0010,L006,2025-09-01,46
P0011,L006,2025-09-01,170
P0012,L006,2025-09-01,71
P0013,L006,2025-09-01,193
P0014,L006,2025-09-01,172
P0015,L006,2025-09-01,111
P0016,L006,2025-09-01,92
P0017,L006,2025-09-01,76
P0018,L006,2025-09-01,127
P0019,L006,2025-09-01,16
P0020,L006,2025-09-01,68
P0021,L006,2025-09-01,159
P0022,L006,2025-09-01,199
P0023,L006,2025-09-01,179
P0024,L006,2025-09-01,140
P0025,L006,2025-09-01,190
P0026,L006,2025-09-01,112
P0027,L006,2025-09-01,144
P0028,L006,2025-09-01,122
P0029,L006,2025-09-01,155
P0030,L006,2025-09-01,50
P0031,L006,2025-09-01,57
P0032,L006,2025-09-01,150
P0033,L006,2025-09-01,108
P0034,L006,2025-09-01,166
P0035,L006,2025-09-01,39
P0036,L006,2025-09-01,68
P0037,L006,2025-09-01,192
P0038,L006,2025-09-01,145
P0039,L006,2025-09-01,71
P0040,L006,2025-09-01,94
P0041,L006,2025-09-01,-6
P0042,L006,2025-09-01,191
P0043,L006,2025-09-01,155
P0044,L006,2025-09-01,136
P0045,L006,2025-09-01,134
P0046,L006,2025-09-01,7
P0047,L006,2025-09-01,28
P0048,L006,2025-09-01,188
P0049,L006,2025-09-01,185
P0050,L006,2025-09-01,153
P0051,L006,2025-09-01,187
P0052,L006,2025-09-01,144
P0053,L006,2025-09-01,120
P0054,L006,2025-09-01,5
P0055,L006,2025-09-01,127
P0056,L006,2025-09-01,71
P0057,L006,2025-09-01,42
P0058,L006,2025-09-01,59
P0059,L006,2025-09-01,4
P0060,L006,2025-09-01,157
P0061,L006,2025-09-01,61
P0062,L006,2025-09-01,81
P0063,L006,2025-09-01,60
P0064,L006,2025-09-01,87
P0065,L006,2025-09-01,45
P0066,L006,2025-09-01,34
P0067,L006,2025-09-01,196
P0068,L006,2025-09-01,151
P0069,L006,2025-09-01,41
P0070,L006,2025-09-01,130
P0071,L006,2025-09-01,98
P0072,L006,2025-09-01,117
P0073,L006,2025-09-01,99
P0074,L006,2025-09-01,120
P0075,L006,2025-09-01,110
P0076,L006,2025-09-01,93
P0077,L006,2025-09-01,101
P0078,L006,2025-09-01,73
P0079,L006,2025-09-01,100
P0080,L006,2025-09-01,17
P0081,L006,2025-09-01,7
P0082,L006,2025-09-01,8
P0083,L006,2025-09-01,176
P0084,L006,2025-09-01,56
P0085,L006,2025-09-01,29
P0086,L006,2025-09-01,7
P0087,L006,2025-09-01,185
P0088,L006,2025-09-01,192
P0089,L006,2025-09-01,39
P0090,L006,2025-09-01,5
P0091,L006,2025-09-01,45
P0092,L006,2025-09-01,143
P0093,L006,2025-09-01,139
P0094,L006,2025-09-01,96
P0095,L006,2025-09-01,101
P0096,L006,2025-09-01,195
P0097,L006,2025-09-01,194
P0098,L006,2025-09-01,109
P0099,L006,2025-09-01,69
P0100,L006,2025-09-01,136
P0101,L006,2025-09-01,109
P0102,L006,2025-09-01,120
P0103,L006,2025-09-01,164
P0104,L006,2025-09-01,1
P0105,L006,2025-09-01,96
P9014,L006,2025-09-01,23
P0107,L006,2025-09-01,111
P0108,L006,2025-09-01,97
P0109,L006,2025-09-01,84
P0110,L006,2025-09-01,4
P0111,L006,2025-09-01,54
P0112,L006,2025-09-01,164
P0113,L006,2025-09-01,40
P0114,L006,2025-09-01,52
P0115,L006,2025-09-01,122
P0116,L006,2025-09-01,49
P0117,L006,2025-09-01,127
P0118,L006,2025-09-01,61
P0119,L006,2025-09-01,90
P0120,L006,2025-09-01,116
P0121,L006,2025-09-01,53
P0122,L006,2025-09-01,144
P0123,L006,2025-09-01,37
P0124,L006,2025-09-01,74
P0125,L006,2025-09-01,109
P0126,L006,2025-09-01,155
P0127,L006,2025-09-01,103
P0128,L006,2025-09-01,63
P0129,L006,2025-09-01,195
P0130,L006,2025-09-01,-17
P0131,L006,2025-09-01,52
P0132,L006,2025-09-01,72
P0133,L006,2025-09-01,12
P0134,L006,2025-09-01,97
P0135,L006,2025-09-01,63
P0136,L006,2025-09-01,51
P0137,L006,2025-09-01,183
P0138,L006,2025-09-01,91
P0139,L006,2025-09-01,79
P0140,L006,2025-09-01,63
P0141,L006,2025-09-01,187
P0142,L006,2025-09-01,105
P0143,L006,2025-09-01,79
P0144,L006,2025-09-01,89
P0145,L006,2025-09-01,69
P0146,L006,2025-09-01,107
P0147,L006,2025-09-01,143
P0148,L006,2025-09-01,104
P0149,L006,2025-09-01,97
P0150,L006,2025-09-01,25
P0001,L100,2025-09-01,65
P0002,L100,2025-09-01,53
P0003,L100,2025-09-01,196
P0004,L100,2025-09-01,57
P0005,L100,2025-09-01,145
P0006,L100,2025-09-01,170
P0007,L100,2025-09-01,132
P0008,L100,2025-09-01,87
P0009,L100,2025-09-01,199
P0010,L100,2025-09-01,25
P0011,L100,2025-09-01,181
P0012,L100,2025-09-01,163
P0013,L100,2025-09-01,114
P0014,L100,2025-09-01,16
P0015,L100,2025-09-01,87
P0016,L100,2025-09-01,124
P0017,L100,2025-09-01,184
P0018,L100,2025-09-01,146
P0019,L100,2025-09-01,125
P0020,L100,2025-09-01,38
P0021,L100,2025-09-01,126
P0022,L100,2025-09-01,58
P0023,L100,2025-09-01,-11
P0024,L100,2025-09-01,63
P0025,L100,2025-09-01,8
P9037,L100,2025-09-01,120
P0027,L100,2025-09-01,65
P0028,L100,2025-09-01,146
P0029,L100,2025-09-01,147
P0030,L100,2025-09-01,9
P0031,L100,2025-09-01,94
P0032,L100,2025-09-01,12
P0033,L100,2025-09-01,103
P0034,L100,2025-09-01,143
P0035,L100,2025-09-01,65
P0036,L100,2025-09-01,126
P0037,L100,2025-09-01,142
P0038,L100,2025-09-01,121
P0039,L100,2025-09-01,10
P0040,L100,2025-09-01,53
P0041,L100,2025-09-01,163
P0042,L100,2025-09-01,187
P0043,L100,2025-09-01,21
P0044,L100,2025-09-01,143
P0045,L100,2025-09-01,192
P0046,L100,2025-09-01,106
P0047,L100,2025-09-01,105
P0048,L100,2025-09-01,22
P0049,L100,2025-09-01,66
P0050,L100,2025-09-01,50
P0051,L100,2025-09-01,65
P0052,L100,2025-09-01,30
P0053,L100,2025-09-01,173
P0054,L100,2025-09-01,0
P0055,L100,2025-09-01,10
P0056,L100,2025-09-01,102
P0057,L100,2025-09-01,187
P0058,L100,2025-09-01,26
P0059,L100,2025-09-01,1
P0060,L100,2025-09-01,186
P0061,L100,2025-09-01,130
P0062,L100,2025-09-01,162
P0063,L100,2025-09-01,39
P0064,L100,2025-09-01,45
P0065,L100,2025-09-01,3
P0066,L100,2025-09-01,80
P0067,L100,2025-09-01,178
P0068,L100,2025-09-01,89
P0069,L100,2025-09-01,126
P0070,L100,2025-09-01,184
P0071,L100,2025-09-01,56
P0072,L100,2025-09-01,25
P0073,L100,2025-09-01,88
P0074,L100,2025-09-01,136
P0075,L100,2025-09-01,99
P0076,L100,2025-09-01,87
P0077,L100,2025-09-01,186
P0078,L100,2025-09-01,139
P0079,L100,2025-09-01,2
P0080,L100,2025-09-01,143
P0081,L100,2025-09-01,95
P0082,L100,2025-09-01,71
P0083,L100,2025-09-01,197
P0084,L100,2025-09-01,25
P0085,L100,2025-09-01,175
P0086,L100,2025-09-01,199
P0087,L100,2025-09-01,91
P0088,L100,2025-09-01,62
P0089,L100,2025-09-01,165
P0090,L100,2025-09-01,89
P0091,L100,2025-09-01,132
P0092,L100,2025-09-01,195
P0093,L100,2025-09-01,79
P0094,L100,2025-09-01,15
P0095,L100,2025-09-01,116
P0096,L100,2025-09-01,140
P0097,L100,2025-09-01,109
P0098,L100,2025-09-01,104
P0099,L100,2025-09-01,103
P0100,L100,2025-09-01,131
P0101,L100,2025-09-01,49
P0102,L100,2025-09-01,128
P0103,L100,2025-09-01,173
P0104,L100,2025-09-01,70
P0105,L100,2025-09-01,165
P0106,L100,2025-09-01,125
P0107,L100,2025-09-01,58
P0108,L100,2025-09-01,36
P0109,L100,2025-09-01,35
P0110,L100,2025-09-01,35
P0111,L100,2025-09-01,113
P0112,L100,2025-09-01,19
P0113,L100,2025-09-01,171
P0114,L100,2025-09-01,18
P0115,L100,2025-09-01,157
P0116,L100,2025-09-01,128
P0117,L100,2025-09-01,167
P0118,L100,2025-09-01,85
P0119,L100,2025-09-01,80
P0120,L100,2025-09-01,33
P0121,L100,2025-09-01,89
P0122,L100,2025-09-01,121
P0123,L100,2025-09-01,23
P0124,L100,2025-09-01,107
P0125,L100,2025-09-01,93
P0126,L100,2025-09-01,182
P0127,L100,2025-09-01,182
P0128,L100,2025-09-01,95
P0129,L100,2025-09-01,15
P0130,L100,2025-09-01,174
P0131,L100,2025-09-01,106
P0132,L100,2025-09-01,81
P0133,L100,2025-09-01,71
P0134,L100,2025-09-01,75
P0135,L100,2025-09-01,135
P0136,L100,2025-09-01,25
P0137,L100,2025-09-01,181
P0138,L100,2025-09-01,92
P0139,L100,2025-09-01,156
P0140,L100,2025-09-01,136
P0141,L100,2025-09-01,24
P0142,L100,2025-09-01,37
P0143,L100,2025-09-01,141
P0144,L100,2025-09-01,138
P0145,L100,2025-09-01,157
P0146,L100,2025-09-01,110
P0147,L100,2025-09-01,26
P0148,L100,2025-09-01,113
P0149,L100,2025-09-01,187
P0150,L100,2025-09-01,-16
P0001,L001,2025-10-01,40
P0002,L001,2025-10-01,126
P0003,L001,2025-10-01,9
P0004,L001,2025-10-01,139
P0005,L001,2025-10-01,101
P0006,L001,2025-10-01,192
P0007,L001,2025-10-01,154
P0008,L001,2025-10-01,59
P0009,L001,2025-10-01,172
P0010,L001,2025-10-01,83
P0011,L001,2025-10-01,159
P0012,L001,2025-10-01,131
P0013,L001,2025-10-01,23
P0014,L001,2025-10-01,185
P0015,L001,2025-10-01,135
P0016,L001,2025-10-01,33
P0017,L001,2025-10-01,88
P0018,L001,2025-10-01,119
P0019,L001,2025-10-01,181
P0020,L001,2025-10-01,72
P0021,L001,2025-10-01,31
P0022,L001,2025-10-01,-16
P0023,L001,2025-10-01,49
P0024,L001,2025-10-01,160
P0025,L001,2025-10-01,146
P0026,L001,2025-10-01,156
P0027,L001,2025-10-01,107
P0028,L001,2025-10-01,158
P0029,L001,2025-10-01,131
P0030,L001,2025-10-01,167
P0031,L001,2025-10-01,79
P0032,L001,2025-10-01,145
P0033,L001,2025-10-01,193
P0034,L001,2025-10-01,90
P0035,L001,2025-10-01,116
P0036,L001,2025-10-01,196
P0037,L001,2025-10-01,184
P0038,L001,2025-10-01,128
P0039,L001,2025-10-01,116
P0040,L001,2025-10-01,149
P0041,L001,2025-10-01,76
P0042,L001,2025-10-01,22
P0043,L001,2025-10-01,160
P0044,L001,2025-10-01,102
P0045,L001,2025-10-01,154
P0046,L001,2025-10-01,38
P0047,L001,2025-10-01,96
P0048,L001,2025-10-01,28
P0049,L001,2025-10-01,54
P0050,L001,2025-10-01,147
P0051,L001,2025-10-01,185
P0052,L001,2025-10-01,28
P0053,L001,2025-10-01,168
P0054,L001,2025-10-01,93
P0055,L001,2025-10-01,57
P0056,L001,2025-10-01,96
P0057,L001,2025-10-01,112
P0058,L001,2025-10-01,143
P0059,L001,2025-10-01,38
P0060,L001,2025-10-01,77
P0061,L001,2025-10-01,19
P0062,L001,2025-10-01,8
P0063,L001,2025-10-01,98
P0064,L001,2025-10-01,173
P0065,L001,2025-10-01,165
P0066,L001,2025-10-01,186
P0067,L001,2025-10-01,88
P0068,L001,2025-10-01,17
P0069,L001,2025-10-01,186
P0070,L001,2025-10-01,77
P0071,L001,2025-10-01,147
P0072,L001,2025-10-01,182
P0073,L001,2025-10-01,160
P0074,L001,2025-10-01,182
P0075,L001,2025-10-01,123
P0076,L001,2025-10-01,49
P0077,L001,2025-10-01,95
P0078,L001,2025-10-01,14
P0079,L001,2025-10-01,44
P0080,L001,2025-10-01,2
P0081,L001,2025-10-01,111
P0082,L001,2025-10-01,30
P0083,L001,2025-10-01,10
P0084,L001,2025-10-01,18
P0085,L001,2025-10-01,15
P0086,L001,2025-10-01,128
P0087,L001,2025-10-01,114
P0088,L001,2025-10-01,29
P0089,L001,2025-10-01,51
P0090,L001,2025-10-01,183
P0091,L001,2025-10-01,45
P0092,L001,2025-10-01,101
P0093,L001,2025-10-01,10
P0094,L001,2025-10-01,39
P0095,L001,2025-10-01,80
P0096,L001,2025-10-01,156
P0097,L001,2025-10-01,55
P0098,L001,2025-10-01,10
P0099,L001,2025-10-01,86
P0100,L001,2025-10-01,125
P0101,L001,2025-10-01,58
P0102,L001,2025-10-01,38
P0103,L001,2025-10-01,21
P0104,L001,2025-10-01,65
P0105,L001,2025-10-01,32
P0106,L001,2025-10-01,142
P0107,L001,2025-10-01,114
P0108,L001,2025-10-01,135
P0109,L001,2025-10-01,127
P0110,L001,2025-10-01,123
P0111,L001,2025-10-01,7
P0112,L001,2025-10-01,73
P0113,L001,2025-10-01,162
P0114,L001,2025-10-01,8
P0115,L001,2025-10-01,181
P0116,L001,2025-10-01,182
P0117,L001,2025-10-01,-1
P0118,L001,2025-10-01,67
P0119,L001,2025-10-01,180
P0120,L001,2025-10-01,21
P0121,L001,2025-10-01,25
P0122,L001,2025-10-01,76
P0123,L001,2025-10-01,105
P0124,L001,2025-10-01,34
P0125,L001,2025-10-01,185
P0126,L001,2025-10-01,21
P0127,L001,2025-10-01,112
P0128,L001,2025-10-01,112
P0129,L001,2025-10-01,30
P0130,L001,2025-10-01,94
P0131,L001,2025-10-01,42
P0132,L001,2025-10-01,196
P0133,L001,2025-10-01,22
P0134,L001,2025-10-01,42
P0135,L001,2025-10-01,132
P0136,L001,2025-10-01,137
P0137,L001,2025-10-01,70
P0138,L001,2025-10-01,75
P0139,L001,2025-10-01,125
P0140,L001,2025-10-01,168
P0141,L001,2025-10-01,82
P0142,L001,2025-10-01,43
P0143,L001,2025-10-01,112
P0144,L001,2025-10-01,137
P0145,L001,2025-10-01,5
P0146,L001,2025-10-01,143
P0147,L001,2025-10-01,17
P0148,L001,2025-10-01,54
P0149,L001,2025-10-01,147
P0150,L001,2025-10-01,65
P0001,L002,2025-10-01,151
P0002,L002,2025-10-01,153
P0003,L002,2025-10-01,105
P0004,L002,2025-10-01,194
P0005,L002,2025-10-01,105
P0006,L002,2025-10-01,50
P0007,L002,2025-10-01,69
P0008,L002,2025-10-01,26
P0009,L002,2025-10-01,7
P0010,L002,2025-10-01,126
P0011,L002,2025-10-01,113
P0012,L002,2025-10-01,149
P0013,L002,2025-10-01,34
P0014,L002,2025-10-01,114
P0015,L002,2025-10-01,147
P0016,L002,2025-10-01,187
P0017,L002,2025-10-01,39
P0018,L002,2025-10-01,102
P0019,L002,2025-10-01,-16
P0020,L002,2025-10-01,-7
P0021,L002,2025-10-01,31
P0022,L002,2025-10-01,72
P0023,L002,2025-10-01,27
P0024,L002,2025-10-01,171
P0025,L002,2025-10-01,27
P0026,L002,2025-10-01,120
P0027,L002,2025-10-01,155
P0028,L002,2025-10-01,47
P0029,L002,2025-10-01,110
P0030,L002,2025-10-01,101
P0031,L002,2025-10-01,43
P0032,L002,2025-10-01,160
P0033,L002,2025-10-01,14
P0034,L002,2025-10-01,155
P0035,L002,2025-10-01,96
P0036,L002,2025-10-01,177
P0037,L002,2025-10-01,173
P0038,L002,2025-10-01,109
P0039,L002,2025-10-01,199
P0040,L002,2025-10-01,38
P0041,L002,2025-10-01,9
P0042,L002,2025-10-01,125
P0043,L002,2025-10-01,197
P0044,L002,2025-10-01,141
P0045,L002,2025-10-01,41
P0046,L002,2025-10-01,138
P0047,L002,2025-10-01,43
P0048,L002,2025-10-01,49
P9050,L002,2025-10-01,125
P0050,L002,2025-10-01,197
P0051,L002,2025-10-01,169
P0052,L002,2025-10-01,122
P0053,L002,2025-10-01,25
P0054,L002,2025-10-01,191
P0055,L002,2025-10-01,45
P0056,L002,2025-10-01,169
P0057,L002,2025-10-01,19
P0058,L002,2025-10-01,176
P0059,L002,2025-10-01,81
P0060,L002,2025-10-01,124
P0061,L002,2025-10-01,179
P0062,L002,2025-10-01,77
P0063,L002,2025-10-01,79
P0064,L002,2025-10-01,55
P0065,L002,2025-10-01,30
P0066,L002,2025-10-01,121
P0067,L002,2025-10-01,37
P0068,L002,2025-10-01,138
P0069,L002,2025-10-01,110
P0070,L002,2025-10-01,158
P0071,L002,2025-10-01,42
P0072,L002,2025-10-01,25
P0073,L002,2025-10-01,186
P0074,L002,2025-10-01,85
P0075,L002,2025-10-01,4
P0076,L002,2025-10-01,133
P0077,L002,2025-10-01,134
P0078,L002,2025-10-01,133
P0079,L002,2025-10-01,60
P0080,L002,2025-10-01,106
P0081,L002,2025-10-01,148
P0082,L002,2025-10-01,29
P0083,L002,2025-10-01,137
P0084,L002,2025-10-01,111
P0085,L002,2025-10-01,143
P0086,L002,2025-10-01,90
P0087,L002,2025-10-01,114
P0088,L002,2025-10-01,169
P0089,L002,2025-10-01,177
P0090,L002,2025-10-01,27
P0091,L002,2025-10-01,21
P0092,L002,2025-10-01,137
P0093,L002,2025-10-01,109
P0094,L002,2025-10-01,143
P0095,L002,2025-10-01,132
P0096,L002,2025-10-01,87
P0097,L002,2025-10-01,91
P0098,L002,2025-10-01,149
P0099,L002,2025-10-01,88
P0100,L002,2025-10-01,84
P0101,L002,2025-10-01,191
P0102,L002,2025-10-01,187
P0103,L002,2025-10-01,59
P0104,L002,2025-10-01,162
P0105,L002,2025-10-01,46
P0106,L002,2025-10-01,54
P0107,L002,2025-10-01,133
P0108,L002,2025-10-01,73
P0109,L002,2025-10-01,158
P0110,L002,2025-10-01,24
P0111,L002,2025-10-01,100
P0112,L002,2025-10-01,16
P0113,L002,2025-10-01,59
P0114,L002,2025-10-01,5
P0115,L002,2025-10-01,146
P0116,L002,2025-10-01,55
P0117,L002,2025-10-01,18
P0118,L002,2025-10-01,45
P0119,L002,2025-10-01,41
P0120,L002,2025-10-01,151
P0121,L002,2025-10-01,20
P0122,L002,2025-10-01,31
P0123,L002,2025-10-01,117
P0124,L002,2025-10-01,94
P0125,L002,2025-10-01,41
P0126,L002,2025-10-01,139
P0127,L002,2025-10-01,59
P0128,L002,2025-10-01,90
P0129,L002,2025-10-01,25
P0130,L002,2025-10-01,87
P0131,L002,2025-10-01,8
P0132,L002,2025-10-01,38
P0133,L002,2025-10-01,135
P0134,L002,2025-10-01,31
P0135,L002,2025-10-01,37
P0136,L002,2025-10-01,85
P0137,L002,2025-10-01,132
P0138,L002,2025-10-01,193
P0139,L002,2025-10-01,22
P0140,L002,2025-10-01,62
P0141,L002,2025-10-01,10
P0142,L002,2025-10-01,172
P0143,L002,2025-10-01,129
P0144,L002,2025-10-01,12
P0145,L002,2025-10-01,-1
P0146,L002,2025-10-01,42
P0147,L002,2025-10-01,32
P0148,L002,2025-10-01,61
P0149,L002,2025-10-01,114
P0150,L002,2025-10-01,181
P0001,L003,2025-10-01,135
P0002,L003,2025-10-01,100
P0003,L003,2025-10-01,99
P0004,L003,2025-10-01,164
P0005,L003,2025-10-01,2
P0006,L003,2025-10-01,35
P0007,L003,2025-10-01,43
P0008,L003,2025-10-01,177
P0009,L003,2025-10-01,10
P0010,L003,2025-10-01,92
P0011,L003,2025-10-01,19
P0012,L003,2025-10-01,11
P0013,L003,2025-10-01,177
P0014,L003,2025-10-01,41
P0015,L003,2025-10-01,83
P0016,L003,2025-10-01,39
P0017,L003,2025-10-01,157
P0018,L003,2025-10-01,3
P0019,L003,2025-10-01,148
P0020,L003,2025-10-01,137
P0021,L003,2025-10-01,62
P0022,L003,2025-10-01,105
P0023,L003,2025-10-01,104
P0024,L003,2025-10-01,140
P0025,L003,2025-10-01,86
P0026,L003,2025-10-01,126
P0027,L003,2025-10-01,168
P0028,L003,2025-10-01,127
P0029,L003,2025-10-01,191
P0030,L003,2025-10-01,53
P0031,L003,2025-10-01,21
P0032,L003,2025-10-01,124
P0033,L003,2025-10-01,3
P0034,L003,2025-10-01,182
P0035,L003,2025-10-01,148
P0036,L003,2025-10-01,158
P0037,L003,2025-10-01,161
P0038,L003,2025-10-01,73
P0039,L003,2025-10-01,178
P0040,L003,2025-10-01,58
P0041,L003,2025-10-01,12
P0042,L003,2025-10-01,178
P0043,L003,2025-10-01,9
P0044,L003,2025-10-01,169
P0045,L003,2025-10-01,98
P0046,L003,2025-10-01,15
P0047,L003,2025-10-01,53
P0048,L003,2025-10-01,17
P0049,L003,2025-10-01,42
P0050,L003,2025-10-01,162
P0051,L003,2025-10-01,154
P0052,L003,2025-10-01,83
P0053,L003,2025-10-01,14
P0054,L003,2025-10-01,89
P0055,L003,2025-10-01,31
P0056,L003,2025-10-01,58
P0057,L003,2025-10-01,66
P0058,L003,2025-10-01,65
P0059,L003,2025-10-01,99
P0060,L003,2025-10-01,113
P0061,L003,2025-10-01,123
P0062,L003,2025-10-01,167
P0063,L003,2025-10-01,171
P0064,L003,2025-10-01,129
P0065,L003,2025-10-01,14
P0066,L003,2025-10-01,53
P0067,L003,2025-10-01,155
P0068,L003,2025-10-01,166
P0069,L003,2025-10-01,178
P0070,L003,2025-10-01,144
P0071,L003,2025-10-01,13
P0072,L003,2025-10-01,69
P0073,L003,2025-10-01,33
P0074,L003,2025-10-01,87
P0075,L003,2025-10-01,197
P0076,L003,2025-10-01,151
P0077,L003,2025-10-01,152
P0078,L003,2025-10-01,77
P0079,L003,2025-10-01,131
P0080,L003,2025-10-01,155
P0081,L003,2025-10-01,156
P0082,L003,2025-10-01,66
P0083,L003,2025-10-01,54
P0084,L003,2025-10-01,131
P0085,L003,2025-10-01,92
P0086,L003,2025-10-01,99
P0087,L003,2025-10-01,29
P0088,L003,2025-10-01,12
P0089,L003,2025-10-01,53
P0090,L003,2025-10-01,96
P0091,L003,2025-10-01,161
P0092,L003,2025-10-01,10
P0093,L003,2025-10-01,90
P0094,L003,2025-10-01,45
P0095,L003,2025-10-01,3
P0096,L003,2025-10-01,150
P0097,L003,2025-10-01,145
P0098,L003,2025-10-01,72
P0099,L003,2025-10-01,12
P0100,L003,2025-10-01,70
P0101,L003,2025-10-01,126
P0102,L003,2025-10-01,-11
P0103,L003,2025-10-01,99
P0104,L003,2025-10-01,22
P0105,L003,2025-10-01,138
P0106,L003,2025-10-01,98
P0107,L003,2025-10-01,-12
P0108,L003,2025-10-01,146
P0109,L003,2025-10-01,47
P0110,L003,2025-10-01,138
P0111,L003,2025-10-01,30
P0112,L003,2025-10-01,123
P0113,L003,2025-10-01,46
P0114,L003,2025-10-01,72
P0115,L003,2025-10-01,16
P0116,L003,2025-10-01,56
P0117,L003,2025-10-01,11
P0118,L003,2025-10-01,122
P0119,L003,2025-10-01,32
P0120,L003,2025-10-01,73
P0121,L003,2025-10-01,14
P0122,L003,2025-10-01,76
P0123,L003,2025-10-01,104
P0124,L003,2025-10-01,24
P0125,L003,2025-10-01,172
P0126,L003,2025-10-01,70
P0127,L003,2025-10-01,155
P0128,L003,2025-10-01,186
P0129,L003,2025-10-01,140
P0130,L003,2025-10-01,151
P0131,L003,2025-10-01,45
P0132,L003,2025-10-01,172
P0133,L003,2025-10-01,105
P0134,L003,2025-10-01,85
P0135,L003,2025-10-01,65
P0136,L003,2025-10-01,12
P0137,L003,2025-10-01,24
P0138,L003,2025-10-01,83
P0139,L003,2025-10-01,187
P0140,L003,2025-10-01,26
P0141,L003,2025-10-01,40
P0142,L003,2025-10-01,122
P0143,L003,2025-10-01,48
P0144,L003,2025-10-01,8
P0145,L003,2025-10-01,142
P0146,L003,2025-10-01,28
P0147,L003,2025-10-01,-4
P0148,L003,2025-10-01,157
P0149,L003,2025-10-01,64
P0150,L003,2025-10-01,128
P0001,L004,2025-10-01,16
P0002,L004,2025-10-01,114
P0003,L004,2025-10-01,48
P0004,L004,2025-10-01,79
P0005,L004,2025-10-01,45
P0006,L004,2025-10-01,42
P0007,L004,2025-10-01,119
P0008,L004,2025-10-01,186
P0009,L004,2025-10-01,1
P0010,L004,2025-10-01,134
P0011,L004,2025-10-01,23
P0012,L004,2025-10-01,169
P0013,L004,2025-10-01,129
P0014,L004,2025-10-01,53
P0015,L004,2025-10-01,110
P0016,L004,2025-10-01,57
P0017,L004,2025-10-01,21
P0018,L004,2025-10-01,196
P0019,L004,2025-10-01,30
P0020,L004,2025-10-01,0
P0021,L004,2025-10-01,20
P0022,L004,2025-10-01,180
P0023,L004,2025-10-01,144
P0024,L004,2025-10-01,37
P0025,L004,2025-10-01,51
P0026,L004,2025-10-01,147
P0027,L004,2025-10-01,32
P0028,L004,2025-10-01,9
P0029,L004,2025-10-01,135
P0030,L004,2025-10-01,149
P0031,L004,2025-10-01,62
P0032,L004,2025-10-01,117
P0033,L004,2025-10-01,62
P0034,L004,2025-10-01,25
P0035,L004,2025-10-01,186
P0036,L004,2025-10-01,60
P0037,L004,2025-10-01,158
P0038,L004,2025-10-01,56
P0039,L004,2025-10-01,151
P0040,L004,2025-10-01,48
P0041,L004,2025-10-01,52
P0042,L004,2025-10-01,171
P0043,L004,2025-10-01,122
P0044,L004,2025-10-01,10
P0045,L004,2025-10-01,47
P0046,L004,2025-10-01,117
P0047,L004,2025-10-01,171
P0048,L004,2025-10-01,196
P0049,L004,2025-10-01,51
P0050,L004,2025-10-01,62
P0051,L004,2025-10-01,181
P0052,L004,2025-10-01,118
P0053,L004,2025-10-01,26
P0054,L004,2025-10-01,38
P0055,L004,2025-10-01,40
P0056,L004,2025-10-01,119
P0057,L004,2025-10-01,101
P0058,L004,2025-10-01,161
P0059,L004,2025-10-01,104
P0060,L004,2025-10-01,18
P0061,L004,2025-10-01,95
P0062,L004,2025-10-01,199
P0063,L004,2025-10-01,29
P0064,L004,2025-10-01,39
P0065,L004,2025-10-01,30
P0066,L004,2025-10-01,132
P0067,L004,2025-10-01,103
P0068,L004,2025-10-01,13
P0069,L004,2025-10-01,194
P0070,L004,2025-10-01,57
P0071,L004,2025-10-01,46
P0072,L004,2025-10-01,123
P0073,L004,2025-10-01,18
P0074,L004,2025-10-01,164
P0075,L004,2025-10-01,186
P0076,L004,2025-10-01,94
P0077,L004,2025-10-01,103
P0078,L004,2025-10-01,124
P0079,L004,2025-10-01,154
P0080,L004,2025-10-01,173
P0081,L004,2025-10-01,161
P0082,L004,2025-10-01,164
P0083,L004,2025-10-01,163
P0084,L004,2025-10-01,53
P0085,L004,2025-10-01,134
P0086,L004,2025-10-01,92
P0087,L004,2025-10-01,145
P0088,L004,2025-10-01,31
P0089,L004,2025-10-01,171
P0090,L004,2025-10-01,189
P0091,L004,2025-10-01,100
P0092,L004,2025-10-01,69
P0093,L004,2025-10-01,35
P0094,L004,2025-10-01,107
P0095,L004,2025-10-01,24
P0096,L004,2025-10-01,135
P0097,L004,2025-10-01,48
P0098,L004,2025-10-01,27
P0099,L004,2025-10-01,199
P0100,L004,2025-10-01,118
P0101,L004,2025-10-01,-14
P0102,L004,2025-10-01,119
P0103,L004,2025-10-01,163
P0104,L004,2025-10-01,98
P0105,L004,2025-10-01,188
P0106,L004,2025-10-01,78
P0107,L004,2025-10-01,111
P0108,L004,2025-10-01,152
P0109,L004,2025-10-01,105
P0110,L004,2025-10-01,49
P0111,L004,2025-10-01,144
P0112,L004,2025-10-01,28
P0113,L004,2025-10-01,135
P0114,L004,2025-10-01,33
P0115,L004,2025-10-01,58
P0116,L004,2025-10-01,77
P0117,L004,2025-10-01,169
P0118,L004,2025-10-01,85
P0119,L004,2025-10-01,187
P0120,L004,2025-10-01,174
P0121,L004,2025-10-01,52
P0122,L004,2025-10-01,8
P0123,L004,2025-10-01,142
P0124,L004,2025-10-01,40
P0125,L004,2025-10-01,98
P0126,L004,2025-10-01,187
P0127,L004,2025-10-01,167
P0128,L004,2025-10-01,51
P0129,L004,2025-10-01,102
P0130,L004,2025-10-01,144
P0131,L004,2025-10-01,93
P0132,L004,2025-10-01,101
P0133,L004,2025-10-01,187
P0134,L004,2025-10-01,4
P0135,L004,2025-10-01,45
P0136,L004,2025-10-01,123
P0137,L004,2025-10-01,91
P0138,L004,2025-10-01,183
P0139,L004,2025-10-01,55
P0140,L004,2025-10-01,63
P0141,L004,2025-10-01,60
P0142,L004,2025-10-01,93
P0143,L004,2025-10-01,116
P0144,L004,2025-10-01,151
P0145,L004,2025-10-01,118
P0146,L004,2025-10-01,188
P0147,L004,2025-10-01,176
P9054,L004,2025-10-01,24
P0149,L004,2025-10-01,62
P0150,L004,2025-10-01,75
P0001,L005,2025-10-01,126
P0002,L005,2025-10-01,170
P0003,L005,2025-10-01,66
P0004,L005,2025-10-01,145
P0005,L005,2025-10-01,106
P0006,L005,2025-10-01,36
P0007,L005,2025-10-01,196
P0008,L005,2025-10-01,86
P0009,L005,2025-10-01,83
P0010,L005,2025-10-01,120
P0011,L005,2025-10-01,69
P0012,L005,2025-10-01,146
P0013,L005,2025-10-01,114
P0014,L005,2025-10-01,126
P0015,L005,2025-10-01,183
P0016,L005,2025-10-01,128
P0017,L005,2025-10-01,21
P0018,L005,2025-10-01,193
P0019,L005,2025-10-01,-4
P0020,L005,2025-10-01,142
P0021,L005,2025-10-01,185
P0022,L005,2025-10-01,25
P0023,L005,2025-10-01,150
P0024,L005,2025-10-01,105
P0025,L005,2025-10-01,161
P0026,L005,2025-10-01,45
P0027,L005,2025-10-01,113
P0028,L005,2025-10-01,89
P0029,L005,2025-10-01,65
P0030,L005,2025-10-01,150
P0031,L005,2025-10-01,100
P0032,L005,2025-10-01,109
P0033,L005,2025-10-01,165
P0034,L005,2025-10-01,46
P0035,L005,2025-10-01,13
P0036,L005,2025-10-01,165
P0037,L005,2025-10-01,51
P0038,L005,2025-10-01,7
P0039,L005,2025-10-01,147
P0040,L005,2025-10-01,173
P0041,L005,2025-10-01,77
P0042,L005,2025-10-01,176
P0043,L005,2025-10-01,194
P0044,L005,2025-10-01,104
P0045,L005,2025-10-01,146
P0046,L005,2025-10-01,99
P0047,L005,2025-10-01,120
P0048,L005,2025-10-01,4
P0049,L005,2025-10-01,86
P0050,L005,2025-10-01,39
P0051,L005,2025-10-01,173
P0052,L005,2025-10-01,54
P0053,L005,2025-10-01,108
P0054,L005,2025-10-01,165
P0055,L005,2025-10-01,101
P0056,L005,2025-10-01,147
P0057,L005,2025-10-01,75
P0058,L005,2025-10-01,171
P0059,L005,2025-10-01,50
P0060,L005,2025-10-01,77
P0061,L005,2025-10-01,50
P0062,L005,2025-10-01,84
P0063,L005,2025-10-01,68
P0064,L005,2025-10-01,78
P0065,L005,2025-10-01,53
P0066,L005,2025-10-01,34
P0067,L005,2025-10-01,59
P0068,L005,2025-10-01,193
P0069,L005,2025-10-01,101
P0070,L005,2025-10-01,46
P0071,L005,2025-10-01,171
P0072,L005,2025-10-01,133
P0073,L005,2025-10-01,2
P0074,L005,2025-10-01,177
P0075,L005,2025-10-01,142
P0076,L005,2025-10-01,91
P0077,L005,2025-10-01,33
P0078,L005,2025-10-01,130
P0079,L005,2025-10-01,138
P0080,L005,2025-10-01,153
P0081,L005,2025-10-01,145
P0082,L005,2025-10-01,87
P0083,L005,2025-10-01,133
P0084,L005,2025-10-01,74
P0085,L005,2025-10-01,126
P0086,L005,2025-10-01,32
P0087,L005,2025-10-01,77
P0088,L005,2025-10-01,57
P0089,L005,2025-10-01,34
P0090,L005,2025-10-01,112
P0091,L005,2025-10-01,127
P0092,L005,2025-10-01,117
P0093,L005,2025-10-01,107
P0094,L005,2025-10-01,58
P0095,L005,2025-10-01,3
P0096,L005,2025-10-01,157
P0097,L005,2025-10-01,17
P0098,L005,2025-10-01,57
P0099,L005,2025-10-01,79
P0100,L005,2025-10-01,132
P0101,L005,2025-10-01,2
P0102,L005,2025-10-01,128
P0103,L005,2025-10-01,156
P0104,L005,2025-10-01,32
P0105,L005,2025-10-01,118
P0106,L005,2025-10-01,154
P0107,L005,2025-10-01,56
P0108,L005,2025-10-01,140
P0109,L005,2025-10-01,51
P0110,L005,2025-10-01,155
P0111,L005,2025-10-01,58
P0112,L005,2025-10-01,147
P0113,L005,2025-10-01,12
P0114,L005,2025-10-01,61
P0115,L005,2025-10-01,112
P0116,L005,2025-10-01,15
P0117,L005,2025-10-01,55
P0118,L005,2025-10-01,132
P0119,L005,2025-10-01,107
P0120,L005,2025-10-01,25
P0121,L005,2025-10-01,41
P0122,L005,2025-10-01,114
P0123,L005,2025-10-01,75
P0124,L005,2025-10-01,118
P0125,L005,2025-10-01,170
P0126,L005,2025-10-01,140
P0127,L005,2025-10-01,114
P0128,L005,2025-10-01,49
P0129,L005,2025-10-01,39
P0130,L005,2025-10-01,184
P0131,L005,2025-10-01,65
P0132,L005,2025-10-01,104
P0133,L005,2025-10-01,10
P0134,L005,2025-10-01,10
P0135,L005,2025-10-01,46
P0136,L005,2025-10-01,164
P0137,L005,2025-10-01,152
P0138,L005,2025-10-01,10
P0139,L005,2025-10-01,3
P0140,L005,2025-10-01,11
P0141,L005,2025-10-01,28
P0142,L005,2025-10-01,32
P0143,L005,2025-10-01,184
P0144,L005,2025-10-01,46
P0145,L005,2025-10-01,108
P0146,L005,2025-10-01,195
P0147,L005,2025-10-01,93
P0148,L005,2025-10-01,87
P0149,L005,2025-10-01,65
P0150,L005,2025-10-01,71
P0001,L006,2025-10-01,164
P0002,L006,2025-10-01,43
P0003,L006,2025-10-01,118
P0004,L006,2025-10-01,189
P0005,L006,2025-10-01,178
P0006,L006,2025-10-01,172
P0007,L006,2025-10-01,73
P0008,L006,2025-10-01,67
P0009,L006,2025-10-01,159
P0010,L006,2025-10-01,44
P0011,L006,2025-10-01,158
P0012,L006,2025-10-01,37
P0013,L006,2025-10-01,47
P0014,L006,2025-10-01,186
P0015,L006,2025-10-01,13
P0016,L006,2025-10-01,-1
P0017,L006,2025-10-01,111
P0018,L006,2025-10-01,131
P0019,L006,2025-10-01,159
P0020,L006,2025-10-01,67
P0021,L006,2025-10-01,7
P0022,L006,2025-10-01,56
P0023,L006,2025-10-01,78
P0024,L006,2025-10-01,84
P0025,L006,2025-10-01,131
P0026,L006,2025-10-01,56
P0027,L006,2025-10-01,38
P0028,L006,2025-10-01,3
P0029,L006,2025-10-01,36
P0030,L006,2025-10-01,185
P0031,L006,2025-10-01,153
P0032,L006,2025-10-01,183
P0033,L006,2025-10-01,19
P0034,L006,2025-10-01,69
P0035,L006,2025-10-01,41
P0036,L006,2025-10-01,118
P0037,L006,2025-10-01,46
P0038,L006,2025-10-01,12
P0039,L006,2025-10-01,60
P0040,L006,2025-10-01,198
P0041,L006,2025-10-01,76
P0042,L006,2025-10-01,174
P0043,L006,2025-10-01,12
P0044,L006,2025-10-01,26
P0045,L006,2025-10-01,175
P0046,L006,2025-10-01,64
P0047,L006,2025-10-01,57
P0048,L006,2025-10-01,124
P0049,L006,2025-10-01,36
P0050,L006,2025-10-01,90
P0051,L006,2025-10-01,190
P0052,L006,2025-10-01,20
P0053,L006,2025-10-01,10
P0054,L006,2025-10-01,106
P0055,L006,2025-10-01,154
P0056,L006,2025-10-01,0
P0057,L006,2025-10-01,183
P0058,L006,2025-10-01,169
P0059,L006,2025-10-01,194
P0060,L006,2025-10-01,174
P0061,L006,2025-10-01,174
P0062,L006,2025-10-01,3
P0063,L006,2025-10-01,149
P0064,L006,2025-10-01,131
P0065,L006,2025-10-01,44
P0066,L006,2025-10-01,155
P0067,L006,2025-10-01,172
P0068,L006,2025-10-01,-18
P0069,L006,2025-10-01,114
P0070,L006,2025-10-01,33
P0071,L006,2025-10-01,26
P9042,L006,2025-10-01,102
P0073,L006,2025-10-01,184
P0074,L006,2025-10-01,149
P0075,L006,2025-10-01,10
P0076,L006,2025-10-01,9
P0077,L006,2025-10-01,107
P0078,L006,2025-10-01,53
P0079,L006,2025-10-01,139
P0080,L006,2025-10-01,126
P0081,L006,2025-10-01,151
P0082,L006,2025-10-01,152
P0083,L006,2025-10-01,27
P0084,L006,2025-10-01,19
P0085,L006,2025-10-01,89
P0086,L006,2025-10-01,173
P0087,L006,2025-10-01,133
P0088,L006,2025-10-01,178
P0089,L006,2025-10-01,94
P0090,L006,2025-10-01,190
P0091,L006,2025-10-01,179
P0092,L006,2025-10-01,105
P0093,L006,2025-10-01,54
P0094,L006,2025-10-01,135
P0095,L006,2025-10-01,54
P0096,L006,2025-10-01,138
P0097,L006,2025-10-01,76
P0098,L006,2025-10-01,63
P0099,L006,2025-10-01,11
P0100,L006,2025-10-01,172
P0101,L006,2025-10-01,46
P0102,L006,2025-10-01,111
P0103,L006,2025-10-01,71
P0104,L006,2025-10-01,58
P0105,L006,2025-10-01,160
P0106,L006,2025-10-01,19
P0107,L006,2025-10-01,130
P0108,L006,2025-10-01,86
P0109,L006,2025-10-01,166
P0110,L006,2025-10-01,85
P0111,L006,2025-10-01,184
P0112,L006,2025-10-01,127
P0113,L006,2025-10-01,137
P0114,L006,2025-10-01,46
P0115,L006,2025-10-01,183
P0116,L006,2025-10-01,108
P0117,L006,2025-10-01,7
P0118,L006,2025-10-01,28
P0119,L006,2025-10-01,105
P0120,L006,2025-10-01,130
P0121,L006,2025-10-01,82
P0122,L006,2025-10-01,159
P0123,L006,2025-10-01,87
P0124,L006,2025-10-01,70
P0125,L006,2025-10-01,94
P0126,L006,2025-10-01,125
P0127,L006,2025-10-01,-1
P0128,L006,2025-10-01,39
P0129,L006,2025-10-01,92
P0130,L006,2025-10-01,110
P0131,L006,2025-10-01,185
P0132,L006,2025-10-01,148
P0133,L006,2025-10-01,22
P0134,L006,2025-10-01,93
P0135,L006,2025-10-01,82
P0136,L006,2025-10-01,108
P0137,L006,2025-10-01,31
P0138,L006,2025-10-01,73
P0139,L006,2025-10-01,118
P0140,L006,2025-10-01,25
P0141,L006,2025-10-01,67
P0142,L006,2025-10-01,176
P0143,L006,2025-10-01,107
P0144,L006,2025-10-01,97
P0145,L006,2025-10-01,106
P0146,L006,2025-10-01,169
P0147,L006,2025-10-01,32
P0148,L006,2025-10-01,176
P0149,L006,2025-10-01,89
P0150,L006,2025-10-01,135
P0001,L100,2025-10-01,155
P0002,L100,2025-10-01,69
P0003,L100,2025-10-01,118
P0004,L100,2025-10-01,129
P0005,L100,2025-10-01,133
P0006,L100,2025-10-01,120
P0007,L100,2025-10-01,44
P0008,L100,2025-10-01,115
P0009,L100,2025-10-01,136
P0010,L100,2025-10-01,136
P0011,L100,2025-10-01,109
P0012,L100,2025-10-01,158
P0013,L100,2025-10-01,33
P0014,L100,2025-10-01,107
P0015,L100,2025-10-01,153
P0016,L100,2025-10-01,63
P0017,L100,2025-10-01,136
P0018,L100,2025-10-01,199
P0019,L100,2025-10-01,87
P0020,L100,2025-10-01,43
P0021,L100,2025-10-01,111
P0022,L100,2025-10-01,93
P0023,L100,2025-10-01,106
P0024,L100,2025-10-01,148
P0025,L100,2025-10-01,136
P0026,L100,2025-10-01,43
P0027,L100,2025-10-01,70
P0028,L100,2025-10-01,130
P0029,L100,2025-10-01,134
P0030,L100,2025-10-01,107
P0031,L100,2025-10-01,85
P0032,L100,2025-10-01,1
P0033,L100,2025-10-01,22
P0034,L100,2025-10-01,83
P0035,L100,2025-10-01,47
P0036,L100,2025-10-01,163
P0037,L100,2025-10-01,20
P0038,L100,2025-10-01,150
P0039,L100,2025-10-01,184
P0040,L100,2025-10-01,47
P0041,L100,2025-10-01,118
P0042,L100,2025-10-01,129
P0043,L100,2025-10-01,46
P0044,L100,2025-10-01,17
P0045,L100,2025-10-01,171
P0046,L100,2025-10-01,85
P0047,L100,2025-10-01,79
P0048,L100,2025-10-01,120
P0049,L100,2025-10-01,77
P0050,L100,2025-10-01,146
P0051,L100,2025-10-01,113
P0052,L100,2025-10-01,97
P0053,L100,2025-10-01,93
P0054,L100,2025-10-01,44
P0055,L100,2025-10-01,184
P0056,L100,2025-10-01,51
P0057,L100,2025-10-01,30
P0058,L100,2025-10-01,180
P0059,L100,2025-10-01,10
P0060,L100,2025-10-01,8
P0061,L100,2025-10-01,98
P0062,L100,2025-10-01,68
P0063,L100,2025-10-01,-18
P0064,L100,2025-10-01,110
P0065,L100,2025-10-01,50
P0066,L100,2025-10-01,122
P0067,L100,2025-10-01,7
P0068,L100,2025-10-01,46
P0069,L100,2025-10-01,88
P0070,L100,2025-10-01,36
P0071,L100,2025-10-01,134
P0072,L100,2025-10-01,54
P0073,L100,2025-10-01,52
P0074,L100,2025-10-01,82
P0075,L100,2025-10-01,14
P0076,L100,2025-10-01,62
P0077,L100,2025-10-01,136
P0078,L100,2025-10-01,4
P0079,L100,2025-10-01,156
P0080,L100,2025-10-01,91
P0081,L100,2025-10-01,63
P0082,L100,2025-10-01,171
P0083,L100,2025-10-01,112
P0084,L100,2025-10-01,97
P0085,L100,2025-10-01,111
P0086,L100,2025-10-01,14
P0087,L100,2025-10-01,163
P0088,L100,2025-10-01,12
P0089,L100,2025-10-01,57
P0090,L100,2025-10-01,86
P0091,L100,2025-10-01,68
P0092,L100,2025-10-01,69
P0093,L100,2025-10-01,104
P0094,L100,2025-10-01,106
P0095,L100,2025-10-01,126
P0096,L100,2025-10-01,10
P0097,L100,2025-10-01,127
P0098,L100,2025-10-01,79
P0099,L100,2025-10-01,126
P0100,L100,2025-10-01,159
P0101,L100,2025-10-01,16
P0102,L100,2025-10-01,99
P0103,L100,2025-10-01,39
P0104,L100,2025-10-01,131
P0105,L100,2025-10-01,34
P0106,L100,2025-10-01,140
P0107,L100,2025-10-01,113
P0108,L100,2025-10-01,38
P0109,L100,2025-10-01,195
P0110,L100,2025-10-01,29
P0111,L100,2025-10-01,119
P0112,L100,2025-10-01,1
P0113,L100,2025-10-01,78
P0114,L100,2025-10-01,9
P0115,L100,2025-10-01,155
P0116,L100,2025-10-01,147
P0117,L100,2025-10-01,140
P0118,L100,2025-10-01,97
P0119,L100,2025-10-01,4
P0120,L100,2025-10-01,179
P0121,L100,2025-10-01,41
P0122,L100,2025-10-01,21
P0123,L100,2025-10-01,78
P0124,L100,2025-10-01,99
P0125,L100,2025-10-01,164
P0126,L100,2025-10-01,71
P0127,L100,2025-10-01,126
P0128,L100,2025-10-01,110
P0129,L100,2025-10-01,152
P0130,L100,2025-10-01,173
P0131,L100,2025-10-01,169
P0132,L100,2025-10-01,61
P0133,L100,2025-10-01,95
P0134,L100,2025-10-01,40
P0135,L100,2025-10-01,91
P0136,L100,2025-10-01,114
P0137,L100,2025-10-01,116
P0138,L100,2025-10-01,6
P0139,L100,2025-10-01,183
P0140,L100,2025-10-01,126
P0141,L100,2025-10-01,21
P0142,L100,2025-10-01,74
P0143,L100,2025-10-01,72
P0144,L100,2025-10-01,178
P0145,L100,2025-10-01,116
P0146,L100,2025-10-01,72
P0147,L100,2025-10-01,32
P0148,L100,2025-10-01,8
P0149,L100,2025-10-01,61
P0150,L100,2025-10-01,126
P0001,L001,2025-11-01,153
P0002,L001,2025-11-01,159
P0003,L001,2025-11-01,47
P0004,L001,2025-11-01,90
P0005,L001,2025-11-01,163
P9034,L001,2025-11-01,153
P0007,L001,2025-11-01,33
P0008,L001,2025-11-01,148
P0009,L001,2025-11-01,184
P0010,L001,2025-11-01,48
P0011,L001,2025-11-01,174
P0012,L001,2025-11-01,107
P0013,L001,2025-11-01,78
P0014,L001,2025-11-01,154
P0015,L001,2025-11-01,146
P0016,L001,2025-11-01,70
P0017,L001,2025-11-01,61
P0018,L001,2025-11-01,121
P0019,L001,2025-11-01,91
P9027,L001,2025-11-01,162
P0021,L001,2025-11-01,153
P0022,L001,2025-11-01,89
P0023,L001,2025-11-01,134
P0024,L001,2025-11-01,14
P0025,L001,2025-11-01,112
P0026,L001,2025-11-01,158
P0027,L001,2025-11-01,12
P0028,L001,2025-11-01,-3
P0029,L001,2025-11-01,37
P0030,L001,2025-11-01,163
P0031,L001,2025-11-01,108
P0032,L001,2025-11-01,7
P0033,L001,2025-11-01,73
P0034,L001,2025-11-01,91
P0035,L001,2025-11-01,199
P0036,L001,2025-11-01,137
P0037,L001,2025-11-01,81
P0038,L001,2025-11-01,17
P0039,L001,2025-11-01,52
P0040,L001,2025-11-01,139
P0041,L001,2025-11-01,65
P0042,L001,2025-11-01,194
P0043,L001,2025-11-01,67
P0044,L001,2025-11-01,126
P0045,L001,2025-11-01,47
P0046,L001,2025-11-01,165
P0047,L001,2025-11-01,146
P0048,L001,2025-11-01,19
P0049,L001,2025-11-01,88
P0050,L001,2025-11-01,107
P0051,L001,2025-11-01,32
P0052,L001,2025-11-01,73
P0053,L001,2025-11-01,156
P0054,L001,2025-11-01,106
P0055,L001,2025-11-01,54
P0056,L001,2025-11-01,147
P0057,L001,2025-11-01,96
P0058,L001,2025-11-01,69
P0059,L001,2025-11-01,78
P0060,L001,2025-11-01,183
P0061,L001,2025-11-01,84
P0062,L001,2025-11-01,47
P0063,L001,2025-11-01,178
P0064,L001,2025-11-01,37
P0065,L001,2025-11-01,27
P0066,L001,2025-11-01,191
P0067,L001,2025-11-01,190
P0068,L001,2025-11-01,69
P0069,L001,2025-11-01,9
P0070,L001,2025-11-01,134
P0071,L001,2025-11-01,118
P0072,L001,2025-11-01,114
P0073,L001,2025-11-01,176
P0074,L001,2025-11-01,92
P0075,L001,2025-11-01,51
P0076,L001,2025-11-01,171
P0077,L001,2025-11-01,137
P0078,L001,2025-11-01,190
P0079,L001,2025-11-01,108
P0080,L001,2025-11-01,61
P0081,L001,2025-11-01,6
P0082,L001,2025-11-01,119
P0083,L001,2025-11-01,102
P0084,L001,2025-11-01,19
P0085,L001,2025-11-01,28
P0086,L001,2025-11-01,40
P0087,L001,2025-11-01,26
P0088,L001,2025-11-01,186
P0089,L001,2025-11-01,134
P0090,L001,2025-11-01,11
P0091,L001,2025-11-01,174
P0092,L001,2025-11-01,184
P0093,L001,2025-11-01,119
P0094,L001,2025-11-01,7
P0095,L001,2025-11-01,27
P0096,L001,2025-11-01,15
P0097,L001,2025-11-01,99
P0098,L001,2025-11-01,20
P0099,L001,2025-11-01,128
P0100,L001,2025-11-01,153
P0101,L001,2025-11-01,116
P0102,L001,2025-11-01,37
P0103,L001,2025-11-01,14
P0104,L001,2025-11-01,129
P0105,L001,2025-11-01,185
P0106,L001,2025-11-01,13
P0107,L001,2025-11-01,197
P0108,L001,2025-11-01,79
P0109,L001,2025-11-01,196
P0110,L001,2025-11-01,115
P0111,L001,2025-11-01,95
P0112,L001,2025-11-01,98
P0113,L001,2025-11-01,121
P0114,L001,2025-11-01,56
P0115,L001,2025-11-01,101
P0116,L001,2025-11-01,141
P0117,L001,2025-11-01,64
P0118,L001,2025-11-01,101
P0119,L001,2025-11-01,84
P0120,L001,2025-11-01,43
P0121,L001,2025-11-01,5
P0122,L001,2025-11-01,85
P0123,L001,2025-11-01,128
P0124,L001,2025-11-01,72
P0125,L001,2025-11-01,166
P0126,L001,2025-11-01,137
P0127,L001,2025-11-01,194
P0128,L001,2025-11-01,49
P0129,L001,2025-11-01,85
P0130,L001,2025-11-01,189
P0131,L001,2025-11-01,191
P0132,L001,2025-11-01,0
P0133,L001,2025-11-01,85
P0134,L001,2025-11-01,42
P0135,L001,2025-11-01,109
P0136,L001,2025-11-01,115
P0137,L001,2025-11-01,102
P0138,L001,2025-11-01,33
P0139,L001,2025-11-01,77
P0140,L001,2025-11-01,27
P0141,L001,2025-11-01,35
P0142,L001,2025-11-01,6
P0143,L001,2025-11-01,192
P0144,L001,2025-11-01,150
P0145,L001,2025-11-01,163
P0146,L001,2025-11-01,0
P0147,L001,2025-11-01,82
P0148,L001,2025-11-01,111
P0149,L001,2025-11-01,31
P0150,L001,2025-11-01,193
P0001,L002,2025-11-01,80
P0002,L002,2025-11-01,138
P0003,L002,2025-11-01,138
P0004,L002,2025-11-01,131
P0005,L002,2025-11-01,33
P0006,L002,2025-11-01,192
P0007,L002,2025-11-01,5
P0008,L002,2025-11-01,105
P0009,L002,2025-11-01,121
P0010,L002,2025-11-01,50
P0011,L002,2025-11-01,179
P0012,L002,2025-11-01,154
P0013,L002,2025-11-01,35
P0014,L002,2025-11-01,164
P0015,L002,2025-11-01,47
P0016,L002,2025-11-01,97
P0017,L002,2025-11-01,97
P0018,L002,2025-11-01,-7
P0019,L002,2025-11-01,183
P0020,L002,2025-11-01,171
P0021,L002,2025-11-01,5
P0022,L002,2025-11-01,194
P0023,L002,2025-11-01,174
P0024,L002,2025-11-01,94
P0025,L002,2025-11-01,115
P0026,L002,2025-11-01,142
P0027,L002,2025-11-01,53
P0028,L002,2025-11-01,147
P0029,L002,2025-11-01,182
P0030,L002,2025-11-01,68
P0031,L002,2025-11-01,55
P0032,L002,2025-11-01,56
P0033,L002,2025-11-01,148
P0034,L002,2025-11-01,177
P0035,L002,2025-11-01,13
P0036,L002,2025-11-01,88
P0037,L002,2025-11-01,18
P0038,L002,2025-11-01,15
P0039,L002,2025-11-01,-2
P0040,L002,2025-11-01,140
P0041,L002,2025-11-01,108
P0042,L002,2025-11-01,129
P0043,L002,2025-11-01,167
P0044,L002,2025-11-01,153
P0045,L002,2025-11-01,178
P0046,L002,2025-11-01,-11
P0047,L002,2025-11-01,4
P0048,L002,2025-11-01,41
P0049,L002,2025-11-01,19
P0050,L002,2025-11-01,82
P0051,L002,2025-11-01,50
P0052,L002,2025-11-01,100
P0053,L002,2025-11-01,85
P0054,L002,2025-11-01,159
P0055,L002,2025-11-01,77
P0056,L002,2025-11-01,50
P0057,L002,2025-11-01,157
P0058,L002,2025-11-01,75
P0059,L002,2025-11-01,42
P0060,L002,2025-11-01,157
P0061,L002,2025-11-01,172
P0062,L002,2025-11-01,116
P0063,L002,2025-11-01,175
P0064,L002,2025-11-01,170
P0065,L002,2025-11-01,6
P0066,L002,2025-11-01,135
P0067,L002,2025-11-01,84
P0068,L002,2025-11-01,182
P0069,L002,2025-11-01,49
P0070,L002,2025-11-01,173
P0071,L002,2025-11-01,76
P0072,L002,2025-11-01,25
P0073,L002,2025-11-01,89
P0074,L002,2025-11-01,140
P0075,L002,2025-11-01,133
P0076,L002,2025-11-01,165
P0077,L002,2025-11-01,9
P0078,L002,2025-11-01,3
P0079,L002,2025-11-01,182
P0080,L002,2025-11-01,13
P0081,L002,2025-11-01,45
P0082,L002,2025-11-01,80
P0083,L002,2025-11-01,58
P0084,L002,2025-11-01,17
P0085,L002,2025-11-01,91
P0086,L002,2025-11-01,161
P0087,L002,2025-11-01,172
P0088,L002,2025-11-01,163
P0089,L002,2025-11-01,147
P0090,L002,2025-11-01,23
P0091,L002,2025-11-01,113
P0092,L002,2025-11-01,191
P0093,L002,2025-11-01,107
P0094,L002,2025-11-01,84
P0095,L002,2025-11-01,129
P0096,L002,2025-11-01,33
P0097,L002,2025-11-01,46
P0098,L002,2025-11-01,144
P0099,L002,2025-11-01,97
P0100,L002,2025-11-01,3
P0101,L002,2025-11-01,119
P0102,L002,2025-11-01,109
P0103,L002,2025-11-01,96
P0104,L002,2025-11-01,124
P0105,L002,2025-11-01,78
P0106,L002,2025-11-01,29
P0107,L002,2025-11-01,179
P0108,L002,2025-11-01,8
P0109,L002,2025-11-01,14
P0110,L002,2025-11-01,169
P0111,L002,2025-11-01,80
P0112,L002,2025-11-01,60
P0113,L002,2025-11-01,90
P0114,L002,2025-11-01,177
P9028,L002,2025-11-01,119
P0116,L002,2025-11-01,132
P0117,L002,2025-11-01,189
P0118,L002,2025-11-01,129
P0119,L002,2025-11-01,60
P0120,L002,2025-11-01,183
P0121,L002,2025-11-01,118
P0122,L002,2025-11-01,116
P0123,L002,2025-11-01,11
P0124,L002,2025-11-01,46
P0125,L002,2025-11-01,154
P0126,L002,2025-11-01,0
P0127,L002,2025-11-01,118
P0128,L002,2025-11-01,70
P0129,L002,2025-11-01,99
P0130,L002,2025-11-01,164
P0131,L002,2025-11-01,126
P0132,L002,2025-11-01,9
P0133,L002,2025-11-01,142
P0134,L002,2025-11-01,-12
P0135,L002,2025-11-01,164
P0136,L002,2025-11-01,160
P0137,L002,2025-11-01,93
P0138,L002,2025-11-01,143
P0139,L002,2025-11-01,83
P0140,L002,2025-11-01,98
P0141,L002,2025-11-01,19
P0142,L002,2025-11-01,9
P0143,L002,2025-11-01,95
P0144,L002,2025-11-01,107
P0145,L002,2025-11-01,73
P0146,L002,2025-11-01,126
P0147,L002,2025-11-01,66
P0148,L002,2025-11-01,136
P0149,L002,2025-11-01,102
P0150,L002,2025-11-01,61
P0001,L003,2025-11-01,28
P0002,L003,2025-11-01,3
P0003,L003,2025-11-01,65
P0004,L003,2025-11-01,85
P0005,L003,2025-11-01,166
P0006,L003,2025-11-01,0
P0007,L003,2025-11-01,109
P0008,L003,2025-11-01,136
P0009,L003,2025-11-01,115
P0010,L003,2025-11-01,176
P0011,L003,2025-11-01,10
P0012,L003,2025-11-01,75
P0013,L003,2025-11-01,140
P0014,L003,2025-11-01,167
P0015,L003,2025-11-01,197
P0016,L003,2025-11-01,195
P0017,L003,2025-11-01,103
P0018,L003,2025-11-01,144
P0019,L003,2025-11-01,158
P0020,L003,2025-11-01,90
P0021,L003,2025-11-01,87
P0022,L003,2025-11-01,161
P0023,L003,2025-11-01,91
P0024,L003,2025-11-01,122
P0025,L003,2025-11-01,24
P0026,L003,2025-11-01,9
P0027,L003,2025-11-01,183
P0028,L003,2025-11-01,189
P0029,L003,2025-11-01,62
P0030,L003,2025-11-01,91
P0031,L003,2025-11-01,34
P0032,L003,2025-11-01,16
P0033,L003,2025-11-01,32
P0034,L003,2025-11-01,64
P0035,L003,2025-11-01,162
P0036,L003,2025-11-01,80
P0037,L003,2025-11-01,152
P0038,L003,2025-11-01,191
P0039,L003,2025-11-01,98
P0040,L003,2025-11-01,80
P0041,L003,2025-11-01,161
P0042,L003,2025-11-01,38
P0043,L003,2025-11-01,161
P0044,L003,2025-11-01,194
P0045,L003,2025-11-01,181
P0046,L003,2025-11-01,55
P0047,L003,2025-11-01,174
P0048,L003,2025-11-01,53
P0049,L003,2025-11-01,101
P0050,L003,2025-11-01,149
P0051,L003,2025-11-01,139
P0052,L003,2025-11-01,163
P0053,L003,2025-11-01,146
P0054,L003,2025-11-01,198
P0055,L003,2025-11-01,70
P0056,L003,2025-11-01,154
P0057,L003,2025-11-01,94
P0058,L003,2025-11-01,71
P0059,L003,2025-11-01,54
P0060,L003,2025-11-01,164
P0061,L003,2025-11-01,196
P0062,L003,2025-11-01,87
P0063,L003,2025-11-01,112
P0064,L003,2025-11-01,126
P0065,L003,2025-11-01,134
P0066,L003,2025-11-01,157
P0067,L003,2025-11-01,128
P0068,L003,2025-11-01,56
P0069,L003,2025-11-01,150
P0070,L003,2025-11-01,155
P0071,L003,2025-11-01,17
P0072,L003,2025-11-01,26
P0073,L003,2025-11-01,5
P0074,L003,2025-11-01,111
P0075,L003,2025-11-01,199
P0076,L003,2025-11-01,169
P0077,L003,2025-11-01,187
P0078,L003,2025-11-01,182
P0079,L003,2025-11-01,99
P0080,L003,2025-11-01,103
P0081,L003,2025-11-01,158
P0082,L003,2025-11-01,114
P0083,L003,2025-11-01,189
P0084,L003,2025-11-01,3
P0085,L003,2025-11-01,163
P0086,L003,2025-11-01,104
P0087,L003,2025-11-01,176
P0088,L003,2025-11-01,116
P0089,L003,2025-11-01,157
P0090,L003,2025-11-01,27
P0091,L003,2025-11-01,110
P0092,L003,2025-11-01,33
P0093,L003,2025-11-01,70
P0094,L003,2025-11-01,6
P0095,L003,2025-11-01,180
P0096,L003,2025-11-01,182
P0097,L003,2025-11-01,97
P0098,L003,2025-11-01,129
P0099,L003,2025-11-01,-12
P0100,L003,2025-11-01,2
P0101,L003,2025-11-01,193
P0102,L003,2025-11-01,138
P0103,L003,2025-11-01,73
P0104,L003,2025-11-01,67
P0105,L003,2025-11-01,20
P0106,L003,2025-11-01,187
P0107,L003,2025-11-01,124
P0108,L003,2025-11-01,77
P0109,L003,2025-11-01,6
P0110,L003,2025-11-01,34
P0111,L003,2025-11-01,121
P0112,L003,2025-11-01,141
P0113,L003,2025-11-01,92
P0114,L003,2025-11-01,61
P0115,L003,2025-11-01,148
P0116,L003,2025-11-01,16
P0117,L003,2025-11-01,100
P0118,L003,2025-11-01,80
P0119,L003,2025-11-01,4
P0120,L003,2025-11-01,165
P0121,L003,2025-11-01,93
P0122,L003,2025-11-01,191
P0123,L003,2025-11-01,89
P0124,L003,2025-11-01,72
P0125,L003,2025-11-01,128
P0126,L003,2025-11-01,126
P0127,L003,2025-11-01,147
P0128,L003,2025-11-01,30
P0129,L003,2025-11-01,178
P0130,L003,2025-11-01,75
P0131,L003,2025-11-01,199
P0132,L003,2025-11-01,0
P0133,L003,2025-11-01,91
P0134,L003,2025-11-01,116
P0135,L003,2025-11-01,192
P0136,L003,2025-11-01,114
P0137,L003,2025-11-01,137
P0138,L003,2025-11-01,178
P0139,L003,2025-11-01,103
P0140,L003,2025-11-01,59
P0141,L003,2025-11-01,94
P0142,L003,2025-11-01,85
P0143,L003,2025-11-01,93
P0144,L003,2025-11-01,159
P0145,L003,2025-11-01,108
P0146,L003,2025-11-01,12
P0147,L003,2025-11-01,96
P0148,L003,2025-11-01,118
P0149,L003,2025-11-01,69
P0150,L003,2025-11-01,144
P0001,L004,2025-11-01,116
P0002,L004,2025-11-01,122
P0003,L004,2025-11-01,75
P0004,L004,2025-11-01,158
P0005,L004,2025-11-01,7
P0006,L004,2025-11-01,145
P0007,L004,2025-11-01,175
P0008,L004,2025-11-01,137
P0009,L004,2025-11-01,35
P0010,L004,2025-11-01,36
P0011,L004,2025-11-01,1
P0012,L004,2025-11-01,19
P0013,L004,2025-11-01,123
P0014,L004,2025-11-01,170
P0015,L004,2025-11-01,46
P0016,L004,2025-11-01,187
P0017,L004,2025-11-01,99
P0018,L004,2025-11-01,34
P0019,L004,2025-11-01,75
P0020,L004,2025-11-01,48
P0021,L004,2025-11-01,172
P9009,L004,2025-11-01,100
P0023,L004,2025-11-01,120
P0024,L004,2025-11-01,25
P0025,L004,2025-11-01,137
P0026,L004,2025-11-01,91
P0027,L004,2025-11-01,61
P0028,L004,2025-11-01,88
P0029,L004,2025-11-01,183
P0030,L004,2025-11-01,185
P0031,L004,2025-11-01,80
P0032,L004,2025-11-01,151
P0033,L004,2025-11-01,75
P0034,L004,2025-11-01,44
P0035,L004,2025-11-01,66
P0036,L004,2025-11-01,88
P0037,L004,2025-11-01,109
P0038,L004,2025-11-01,4
P0039,L004,2025-11-01,131
P0040,L004,2025-11-01,18
P0041,L004,2025-11-01,178
P0042,L004,2025-11-01,17
P0043,L004,2025-11-01,169
P0044,L004,2025-11-01,5
P0045,L004,2025-11-01,59
P0046,L004,2025-11-01,75
P0047,L004,2025-11-01,54
P0048,L004,2025-11-01,168
P0049,L004,2025-11-01,134
P0050,L004,2025-11-01,17
P0051,L004,2025-11-01,118
P0052,L004,2025-11-01,154
P0053,L004,2025-11-01,34
P0054,L004,2025-11-01,190
P0055,L004,2025-11-01,170
P0056,L004,2025-11-01,132
P0057,L004,2025-11-01,76
P0058,L004,2025-11-01,117
P0059,L004,2025-11-01,24
P0060,L004,2025-11-01,162
P0061,L004,2025-11-01,80
P0062,L004,2025-11-01,109
P0063,L004,2025-11-01,144
P0064,L004,2025-11-01,64
P0065,L004,2025-11-01,91
P0066,L004,2025-11-01,157
P0067,L004,2025-11-01,51
P0068,L004,2025-11-01,47
P0069,L004,2025-11-01,26
P0070,L004,2025-11-01,95
P0071,L004,2025-11-01,108
P0072,L004,2025-11-01,38
P0073,L004,2025-11-01,20
P0074,L004,2025-11-01,100
P0075,L004,2025-11-01,183
P0076,L004,2025-11-01,171
P0077,L004,2025-11-01,108
P0078,L004,2025-11-01,45
P0079,L004,2025-11-01,87
P0080,L004,2025-11-01,89
P0081,L004,2025-11-01,164
P0082,L004,2025-11-01,100
P0083,L004,2025-11-01,48
P0084,L004,2025-11-01,102
P0085,L004,2025-11-01,136
P0086,L004,2025-11-01,47
P0087,L004,2025-11-01,86
P0088,L004,2025-11-01,133
P0089,L004,2025-11-01,41
P0090,L004,2025-11-01,158
P0091,L004,2025-11-01,183
P0092,L004,2025-11-01,37
P0093,L004,2025-11-01,114
P0094,L004,2025-11-01,167
P0095,L004,2025-11-01,15
P0096,L004,2025-11-01,74
P0097,L004,2025-11-01,167
P0098,L004,2025-11-01,70
P0099,L004,2025-11-01,46
P0100,L004,2025-11-01,93
P0101,L004,2025-11-01,78
P0102,L004,2025-11-01,117
P0103,L004,2025-11-01,4
P0104,L004,2025-11-01,120
P0105,L004,2025-11-01,0
P0106,L004,2025-11-01,23
P0107,L004,2025-11-01,87
P0108,L004,2025-11-01,164
P0109,L004,2025-11-01,182
P0110,L004,2025-11-01,118
P0111,L004,2025-11-01,89
P0112,L004,2025-11-01,46
P0113,L004,2025-11-01,142
P0114,L004,2025-11-01,38
P0115,L004,2025-11-01,105
P0116,L004,2025-11-01,144
P0117,L004,2025-11-01,34
P0118,L004,2025-11-01,172
P0119,L004,2025-11-01,166
P0120,L004,2025-11-01,70
P0121,L004,2025-11-01,53
P0122,L004,2025-11-01,97
P0123,L004,2025-11-01,126
P0124,L004,2025-11-01,161
P0125,L004,2025-11-01,140
P0126,L004,2025-11-01,183
P0127,L004,2025-11-01,116
P0128,L004,2025-11-01,163
P0129,L004,2025-11-01,194
P0130,L004,2025-11-01,105
P0131,L004,2025-11-01,103
P0132,L004,2025-11-01,98
P0133,L004,2025-11-01,99
P0134,L004,2025-11-01,31
P0135,L004,2025-11-01,34
P0136,L004,2025-11-01,100
P0137,L004,2025-11-01,129
P0138,L004,2025-11-01,154
P0139,L004,2025-11-01,186
P0140,L004,2025-11-01,144
P0141,L004,2025-11-01,5
P0142,L004,2025-11-01,16
P0143,L004,2025-11-01,70
P0144,L004,2025-11-01,166
P0145,L004,2025-11-01,35
P0146,L004,2025-11-01,133
P0147,L004,2025-11-01,171
P0148,L004,2025-11-01,102
P0149,L004,2025-11-01,126
P0150,L004,2025-11-01,1
P0001,L005,2025-11-01,60
P0002,L005,2025-11-01,179
P0003,L005,2025-11-01,108
P0004,L005,2025-11-01,95
P0005,L005,2025-11-01,194
P0006,L005,2025-11-01,186
P0007,L005,2025-11-01,141
P0008,L005,2025-11-01,41
P0009,L005,2025-11-01,144
P0010,L005,2025-11-01,70
P0011,L005,2025-11-01,186
P0012,L005,2025-11-01,194
P0013,L005,2025-11-01,16
P0014,L005,2025-11-01,114
P0015,L005,2025-11-01,95
P0016,L005,2025-11-01,197
P0017,L005,2025-11-01,27
P0018,L005,2025-11-01,7
P0019,L005,2025-11-01,98
P0020,L005,2025-11-01,6
P0021,L005,2025-11-01,121
P0022,L005,2025-11-01,10
P0023,L005,2025-11-01,76
P0024,L005,2025-11-01,17
P0025,L005,2025-11-01,130
P0026,L005,2025-11-01,42
P0027,L005,2025-11-01,185
P0028,L005,2025-11-01,52
P0029,L005,2025-11-01,50
P0030,L005,2025-11-01,115
P0031,L005,2025-11-01,32
P0032,L005,2025-11-01,82
P0033,L005,2025-11-01,10
P0034,L005,2025-11-01,34
P0035,L005,2025-11-01,97
P0036,L005,2025-11-01,191
P0037,L005,2025-11-01,86
P0038,L005,2025-11-01,76
P0039,L005,2025-11-01,11
P0040,L005,2025-11-01,77
P0041,L005,2025-11-01,52
P0042,L005,2025-11-01,89
P0043,L005,2025-11-01,160
P0044,L005,2025-11-01,63
P0045,L005,2025-11-01,0
P0046,L005,2025-11-01,44
P0047,L005,2025-11-01,89
P0048,L005,2025-11-01,111
P0049,L005,2025-11-01,49
P0050,L005,2025-11-01,123
P0051,L005,2025-11-01,135
P0052,L005,2025-11-01,185
P0053,L005,2025-11-01,11
P0054,L005,2025-11-01,73
P0055,L005,2025-11-01,79
P0056,L005,2025-11-01,160
P0057,L005,2025-11-01,197
P0058,L005,2025-11-01,41
P0059,L005,2025-11-01,56
P0060,L005,2025-11-01,185
P0061,L005,2025-11-01,123
P0062,L005,2025-11-01,46
P0063,L005,2025-11-01,81
P0064,L005,2025-11-01,165
P0065,L005,2025-11-01,30
P0066,L005,2025-11-01,88
P0067,L005,2025-11-01,102
P0068,L005,2025-11-01,78
P0069,L005,2025-11-01,8
P0070,L005,2025-11-01,183
P0071,L005,2025-11-01,59
P0072,L005,2025-11-01,150
P0073,L005,2025-11-01,146
P0074,L005,2025-11-01,34
P0075,L005,2025-11-01,130
P0076,L005,2025-11-01,116
P0077,L005,2025-11-01,177
P0078,L005,2025-11-01,92
P0079,L005,2025-11-01,15
P0080,L005,2025-11-01,68
P0081,L005,2025-11-01,68
P0082,L005,2025-11-01,150
P0083,L005,2025-11-01,71
P0084,L005,2025-11-01,54
P0085,L005,2025-11-01,89
P0086,L005,2025-11-01,138
P0087,L005,2025-11-01,168
P0088,L005,2025-11-01,155
P0089,L005,2025-11-01,167
P0090,L005,2025-11-01,88
P0091,L005,2025-11-01,132
P0092,L005,2025-11-01,19
P0093,L005,2025-11-01,56
P0094,L005,2025-11-01,36
P0095,L005,2025-11-01,116
P0096,L005,2025-11-01,198
P0097,L005,2025-11-01,76
P0098,L005,2025-11-01,49
P0099,L005,2025-11-01,109
P0100,L005,2025-11-01,70
P0101,L005,2025-11-01,164
P0102,L005,2025-11-01,198
P0103,L005,2025-11-01,25
P0104,L005,2025-11-01,61
P0105,L005,2025-11-01,41
P0106,L005,2025-11-01,36
P0107,L005,2025-11-01,104
P0108,L005,2025-11-01,177
P0109,L005,2025-11-01,191
P0110,L005,2025-11-01,146
P0111,L005,2025-11-01,5
P0112,L005,2025-11-01,38
P0113,L005,2025-11-01,100
P0114,L005,2025-11-01,49
P0115,L005,2025-11-01,52
P0116,L005,2025-11-01,17
P0117,L005,2025-11-01,-7
P0118,L005,2025-11-01,38
P0119,L005,2025-11-01,184
P0120,L005,2025-11-01,184
P0121,L005,2025-11-01,116
P0122,L005,2025-11-01,176
P0123,L005,2025-11-01,177
P0124,L005,2025-11-01,113
P0125,L005,2025-11-01,137
P0126,L005,2025-11-01,10
P0127,L005,2025-11-01,186
P0128,L005,2025-11-01,30
P0129,L005,2025-11-01,65
P0130,L005,2025-11-01,87
P0131,L005,2025-11-01,162
P0132,L005,2025-11-01,2
P0133,L005,2025-11-01,77
P0134,L005,2025-11-01,31
P0135,L005,2025-11-01,130
P0136,L005,2025-11-01,103
P0137,L005,2025-11-01,149
P0138,L005,2025-11-01,169
P0139,L005,2025-11-01,172
P0140,L005,2025-11-01,56
P0141,L005,2025-11-01,132
P0142,L005,2025-11-01,20
P0143,L005,2025-11-01,143
P0144,L005,2025-11-01,47
P0145,L005,2025-11-01,173
P0146,L005,2025-11-01,112
P0147,L005,2025-11-01,160
P0148,L005,2025-11-01,83
P0149,L005,2025-11-01,39
P0150,L005,2025-11-01,159
P0001,L006,2025-11-01,32
P0002,L006,2025-11-01,172
P0003,L006,2025-11-01,47
P0004,L006,2025-11-01,159
P0005,L006,2025-11-01,67
P0006,L006,2025-11-01,59
P0007,L006,2025-11-01,9
P0008,L006,2025-11-01,142
P0009,L006,2025-11-01,37
P0010,L006,2025-11-01,145
P0011,L006,2025-11-01,136
P0012,L006,2025-11-01,42
P0013,L006,2025-11-01,35
P0014,L006,2025-11-01,177
P0015,L006,2025-11-01,20
P0016,L006,2025-11-01,18
P0017,L006,2025-11-01,160
P0018,L006,2025-11-01,106
P0019,L006,2025-11-01,198
P0020,L006,2025-11-01,59
P0021,L006,2025-11-01,145
P0022,L006,2025-11-01,56
P0023,L006,2025-11-01,151
P0024,L006,2025-11-01,159
P0025,L006,2025-11-01,10
P0026,L006,2025-11-01,122
P0027,L006,2025-11-01,180
P0028,L006,2025-11-01,179
P0029,L006,2025-11-01,8
P0030,L006,2025-11-01,0
P0031,L006,2025-11-01,144
P0032,L006,2025-11-01,105
P0033,L006,2025-11-01,35
P0034,L006,2025-11-01,110
P0035,L006,2025-11-01,25
P0036,L006,2025-11-01,141
P0037,L006,2025-11-01,177
P0038,L006,2025-11-01,180
P0039,L006,2025-11-01,196
P0040,L006,2025-11-01,196
P0041,L006,2025-11-01,93
P0042,L006,2025-11-01,20
P0043,L006,2025-11-01,148
P0044,L006,2025-11-01,17
P0045,L006,2025-11-01,15
P0046,L006,2025-11-01,-9
P0047,L006,2025-11-01,187
P0048,L006,2025-11-01,113
P0049,L006,2025-11-01,69
P0050,L006,2025-11-01,2
P0051,L006,2025-11-01,157
P0052,L006,2025-11-01,49
P0053,L006,2025-11-01,172
P0054,L006,2025-11-01,190
P0055,L006,2025-11-01,44
P0056,L006,2025-11-01,158
P0057,L006,2025-11-01,196
P0058,L006,2025-11-01,135
P0059,L006,2025-11-01,191
P0060,L006,2025-11-01,135
P0061,L006,2025-11-01,43
P0062,L006,2025-11-01,37
P0063,L006,2025-11-01,164
P0064,L006,2025-11-01,21
P0065,L006,2025-11-01,30
P0066,L006,2025-11-01,122
P0067,L006,2025-11-01,169
P0068,L006,2025-11-01,172
P0069,L006,2025-11-01,46
P0070,L006,2025-11-01,67
P0071,L006,2025-11-01,124
P0072,L006,2025-11-01,63
P0073,L006,2025-11-01,161
P0074,L006,2025-11-01,125
P0075,L006,2025-11-01,117
P0076,L006,2025-11-01,198
P0077,L006,2025-11-01,63
P0078,L006,2025-11-01,23
P0079,L006,2025-11-01,176
P0080,L006,2025-11-01,37
P0081,L006,2025-11-01,20
P0082,L006,2025-11-01,4
P0083,L006,2025-11-01,153
P0084,L006,2025-11-01,28
P0085,L006,2025-11-01,4
P0086,L006,2025-11-01,75
P0087,L006,2025-11-01,137
P0088,L006,2025-11-01,171
P0089,L006,2025-11-01,178
P0090,L006,2025-11-01,30
P0091,L006,2025-11-01,48
P0092,L006,2025-11-01,180
P0093,L006,2025-11-01,148
P0094,L006,2025-11-01,9
P0095,L006,2025-11-01,-1
P0096,L006,2025-11-01,108
P0097,L006,2025-11-01,58
P0098,L006,2025-11-01,41
P0099,L006,2025-11-01,69
P0100,L006,2025-11-01,89
P0101,L006,2025-11-01,0
P0102,L006,2025-11-01,131
P0103,L006,2025-11-01,185
P0104,L006,2025-11-01,44
P0105,L006,2025-11-01,26
P0106,L006,2025-11-01,131
P0107,L006,2025-11-01,41
P0108,L006,2025-11-01,181
P0109,L006,2025-11-01,182
P0110,L006,2025-11-01,96
P0111,L006,2025-11-01,66
P0112,L006,2025-11-01,197
P0113,L006,2025-11-01,11
P0114,L006,2025-11-01,141
P0115,L006,2025-11-01,193
P0116,L006,2025-11-01,61
P0117,L006,2025-11-01,60
P0118,L006,2025-11-01,36
P0119,L006,2025-11-01,82
P0120,L006,2025-11-01,182
P0121,L006,2025-11-01,96
P0122,L006,2025-11-01,184
P0123,L006,2025-11-01,15
P0124,L006,2025-11-01,76
P0125,L006,2025-11-01,-19
P0126,L006,2025-11-01,177
P0127,L006,2025-11-01,46
P0128,L006,2025-11-01,86
P0129,L006,2025-11-01,129
P0130,L006,2025-11-01,173
P0131,L006,2025-11-01,0
P0132,L006,2025-11-01,158
P0133,L006,2025-11-01,56
P0134,L006,2025-11-01,42
P0135,L006,2025-11-01,186
P0136,L006,2025-11-01,1
P0137,L006,2025-11-01,36
P0138,L006,2025-11-01,28
P0139,L006,2025-11-01,195
P0140,L006,2025-11-01,47
P0141,L006,2025-11-01,69
P0142,L006,2025-11-01,47
P0143,L006,2025-11-01,43
P0144,L006,2025-11-01,86
P0145,L006,2025-11-01,65
P0146,L006,2025-11-01,65
P0147,L006,2025-11-01,192
P0148,L006,2025-11-01,172
P0149,L006,2025-11-01,107
P0150,L006,2025-11-01,36
P0001,L100,2025-11-01,181
P0002,L100,2025-11-01,129
P0003,L100,2025-11-01,171
P0004,L100,2025-11-01,9
P0005,L100,2025-11-01,148
P0006,L100,2025-11-01,22
P0007,L100,2025-11-01,155
P0008,L100,2025-11-01,78
P0009,L100,2025-11-01,189
P0010,L100,2025-11-01,82
P0011,L100,2025-11-01,172
P0012,L100,2025-11-01,179
P0013,L100,2025-11-01,10
P0014,L100,2025-11-01,87
P0015,L100,2025-11-01,164
P0016,L100,2025-11-01,122
P0017,L100,2025-11-01,44
P0018,L100,2025-11-01,67
P0019,L100,2025-11-01,70
P0020,L100,2025-11-01,95
P0021,L100,2025-11-01,108
P0022,L100,2025-11-01,20
P0023,L100,2025-11-01,176
P0024,L100,2025-11-01,73
P0025,L100,2025-11-01,134
P0026,L100,2025-11-01,173
P0027,L100,2025-11-01,192
P0028,L100,2025-11-01,116
P0029,L100,2025-11-01,91
P0030,L100,2025-11-01,19
P0031,L100,2025-11-01,130
P0032,L100,2025-11-01,141
P0033,L100,2025-11-01,6
P0034,L100,2025-11-01,114
P0035,L100,2025-11-01,53
P0036,L100,2025-11-01,48
P0037,L100,2025-11-01,91
P0038,L100,2025-11-01,66
P0039,L100,2025-11-01,177
P0040,L100,2025-11-01,79
P0041,L100,2025-11-01,183
P0042,L100,2025-11-01,104
P0043,L100,2025-11-01,19
P0044,L100,2025-11-01,21
P0045,L100,2025-11-01,18
P0046,L100,2025-11-01,177
P0047,L100,2025-11-01,30
P0048,L100,2025-11-01,39
P0049,L100,2025-11-01,132
P0050,L100,2025-11-01,38
P0051,L100,2025-11-01,136
P0052,L100,2025-11-01,131
P0053,L100,2025-11-01,75
P0054,L100,2025-11-01,107
P0055,L100,2025-11-01,179
P0056,L100,2025-11-01,110
P0057,L100,2025-11-01,1
P0058,L100,2025-11-01,85
P0059,L100,2025-11-01,44
P0060,L100,2025-11-01,61
P0061,L100,2025-11-01,58
P0062,L100,2025-11-01,194
P0063,L100,2025-11-01,197
P0064,L100,2025-11-01,73
P0065,L100,2025-11-01,146
P0066,L100,2025-11-01,37
P0067,L100,2025-11-01,132
P0068,L100,2025-11-01,123
P0069,L100,2025-11-01,53
P0070,L100,2025-11-01,128
P0071,L100,2025-11-01,98
P0072,L100,2025-11-01,103
P0073,L100,2025-11-01,56
P0074,L100,2025-11-01,154
P0075,L100,2025-11-01,33
P0076,L100,2025-11-01,198
P0077,L100,2025-11-01,56
P0078,L100,2025-11-01,93
P0079,L100,2025-11-01,161
P0080,L100,2025-11-01,109
P0081,L100,2025-11-01,27
P0082,L100,2025-11-01,68
P0083,L100,2025-11-01,132
P0084,L100,2025-11-01,11
P0085,L100,2025-11-01,138
P0086,L100,2025-11-01,58
P0087,L100,2025-11-01,3
P0088,L100,2025-11-01,66
P0089,L100,2025-11-01,190
P0090,L100,2025-11-01,111
P0091,L100,2025-11-01,66
P0092,L100,2025-11-01,193
P0093,L100,2025-11-01,131
P0094,L100,2025-11-01,70
P0095,L100,2025-11-01,31
P0096,L100,2025-11-01,45
P0097,L100,2025-11-01,0
P0098,L100,2025-11-01,174
P0099,L100,2025-11-01,70
P0100,L100,2025-11-01,110
P0101,L100,2025-11-01,161
P0102,L100,2025-11-01,51
P0103,L100,2025-11-01,178
P0104,L100,2025-11-01,48
P0105,L100,2025-11-01,112
P0106,L100,2025-11-01,83
P0107,L100,2025-11-01,134
P0108,L100,2025-11-01,195
P0109,L100,2025-11-01,42
P0110,L100,2025-11-01,16
P0111,L100,2025-11-01,7
P0112,L100,2025-11-01,64
P0113,L100,2025-11-01,138
P0114,L100,2025-11-01,107
P0115,L100,2025-11-01,140
P0116,L100,2025-11-01,153
P0117,L100,2025-11-01,5
P0118,L100,2025-11-01,106
P0119,L100,2025-11-01,35
P0120,L100,2025-11-01,82
P0121,L100,2025-11-01,31
P0122,L100,2025-11-01,62
P0123,L100,2025-11-01,113
P0124,L100,2025-11-01,138
P0125,L100,2025-11-01,166
P0126,L100,2025-11-01,182
P0127,L100,2025-11-01,167
P0128,L100,2025-11-01,71
P0129,L100,2025-11-01,163
P0130,L100,2025-11-01,136
P0131,L100,2025-11-01,2
P0132,L100,2025-11-01,197
P0133,L100,2025-11-01,31
P0134,L100,2025-11-01,163
P0135,L100,2025-11-01,135
P0136,L100,2025-11-01,192
P0137,L100,2025-11-01,178
P0138,L100,2025-11-01,47
P0139,L100,2025-11-01,68
P0140,L100,2025-11-01,131
P0141,L100,2025-11-01,7
P0142,L100,2025-11-01,94
P0143,L100,2025-11-01,118
P0144,L100,2025-11-01,129
P0145,L100,2025-11-01,40
P0146,L100,2025-11-01,175
P0147,L100,2025-11-01,163
P0148,L100,2025-11-01,178
P0149,L100,2025-11-01,35
P0150,L100,2025-11-01,156
P0001,L001,2025-12-01,192
P0002,L001,2025-12-01,166
P0003,L001,2025-12-01,105
P0004,L001,2025-12-01,89
P0005,L001,2025-12-01,152
P0006,L001,2025-12-01,149
P0007,L001,2025-12-01,169
P0008,L001,2025-12-01,27
P0009,L001,2025-12-01,68
P0010,L001,2025-12-01,81
P0011,L001,2025-12-01,91
P0012,L001,2025-12-01,4
P0013,L001,2025-12-01,189
P0014,L001,2025-12-01,91
P0015,L001,2025-12-01,111
P0016,L001,2025-12-01,47
P0017,L001,2025-12-01,136
P0018,L001,2025-12-01,93
P0019,L001,2025-12-01,0
P0020,L001,2025-12-01,31
P0021,L001,2025-12-01,8
P0022,L001,2025-12-01,177
P0023,L001,2025-12-01,145
P0024,L001,2025-12-01,85
P0025,L001,2025-12-01,47
P0026,L001,2025-12-01,186
P0027,L001,2025-12-01,141
P0028,L001,2025-12-01,86
P0029,L001,2025-12-01,109
P0030,L001,2025-12-01,126
P0031,L001,2025-12-01,58
P0032,L001,2025-12-01,30
P0033,L001,2025-12-01,188
P0034,L001,2025-12-01,18
P0035,L001,2025-12-01,20
P0036,L001,2025-12-01,98
P0037,L001,2025-12-01,90
P0038,L001,2025-12-01,64
P0039,L001,2025-12-01,71
P0040,L001,2025-12-01,53
P0041,L001,2025-12-01,184
P0042,L001,2025-12-01,67
P0043,L001,2025-12-01,130
P0044,L001,2025-12-01,82
P0045,L001,2025-12-01,148
P0046,L001,2025-12-01,92
P0047,L001,2025-12-01,128
P0048,L001,2025-12-01,168
P0049,L001,2025-12-01,30
P0050,L001,2025-12-01,-7
P0051,L001,2025-12-01,86
P0052,L001,2025-12-01,169
P0053,L001,2025-12-01,12
P0054,L001,2025-12-01,13
P0055,L001,2025-12-01,3
P0056,L001,2025-12-01,176
P0057,L001,2025-12-01,15
P0058,L001,2025-12-01,126
P0059,L001,2025-12-01,57
P0060,L001,2025-12-01,96
P0061,L001,2025-12-01,101
P0062,L001,2025-12-01,70
P0063,L001,2025-12-01,90
P0064,L001,2025-12-01,37
P0065,L001,2025-12-01,98
P0066,L001,2025-12-01,2
P0067,L001,2025-12-01,33
P0068,L001,2025-12-01,12
P0069,L001,2025-12-01,14
P0070,L001,2025-12-01,178
P0071,L001,2025-12-01,138
P0072,L001,2025-12-01,82
P0073,L001,2025-12-01,116
P0074,L001,2025-12-01,108
P0075,L001,2025-12-01,121
P0076,L001,2025-12-01,152
P0077,L001,2025-12-01,124
P0078,L001,2025-12-01,63
P0079,L001,2025-12-01,104
P0080,L001,2025-12-01,141
P0081,L001,2025-12-01,73
P0082,L001,2025-12-01,179
P0083,L001,2025-12-01,16
P0084,L001,2025-12-01,190
P0085,L001,2025-12-01,126
P0086,L001,2025-12-01,36
P0087,L001,2025-12-01,34
P0088,L001,2025-12-01,196
P0089,L001,2025-12-01,94
P0090,L001,2025-12-01,112
P0091,L001,2025-12-01,137
P0092,L001,2025-12-01,187
P0093,L001,2025-12-01,54
P0094,L001,2025-12-01,188
P0095,L001,2025-12-01,142
P0096,L001,2025-12-01,54
P0097,L001,2025-12-01,126
P0098,L001,2025-12-01,110
P0099,L001,2025-12-01,131
P0100,L001,2025-12-01,100
P0101,L001,2025-12-01,74
P0102,L001,2025-12-01,65
P0103,L001,2025-12-01,138
P0104,L001,2025-12-01,28
P0105,L001,2025-12-01,171
P0106,L001,2025-12-01,68
P0107,L001,2025-12-01,7
P0108,L001,2025-12-01,155
P0109,L001,2025-12-01,92
P0110,L001,2025-12-01,77
P0111,L001,2025-12-01,64
P0112,L001,2025-12-01,125
P0113,L001,2025-12-01,105
P0114,L001,2025-12-01,141
P0115,L001,2025-12-01,98
P0116,L001,2025-12-01,121
P0117,L001,2025-12-01,85
P0118,L001,2025-12-01,106
P0119,L001,2025-12-01,3
P0120,L001,2025-12-01,13
P0121,L001,2025-12-01,40
P0122,L001,2025-12-01,54
P0123,L001,2025-12-01,117
P0124,L001,2025-12-01,103
P0125,L001,2025-12-01,135
P0126,L001,2025-12-01,85
P0127,L001,2025-12-01,183
P0128,L001,2025-12-01,57
P0129,L001,2025-12-01,-3
P0130,L001,2025-12-01,80
P0131,L001,2025-12-01,129
P0132,L001,2025-12-01,91
P0133,L001,2025-12-01,74
P0134,L001,2025-12-01,17
P0135,L001,2025-12-01,10
P0136,L001,2025-12-01,103
P0137,L001,2025-12-01,138
P0138,L001,2025-12-01,65
P0139,L001,2025-12-01,103
P0140,L001,2025-12-01,82
P0141,L001,2025-12-01,169
P0142,L001,2025-12-01,135
P0143,L001,2025-12-01,63
P0144,L001,2025-12-01,-16
P0145,L001,2025-12-01,42
P0146,L001,2025-12-01,131
P0147,L001,2025-12-01,36
P0148,L001,2025-12-01,12
P0149,L001,2025-12-01,81
P0150,L001,2025-12-01,111
P0001,L002,2025-12-01,104
P0002,L002,2025-12-01,25
P0003,L002,2025-12-01,19
P0004,L002,2025-12-01,198
P0005,L002,2025-12-01,122
P0006,L002,2025-12-01,94
P0007,L002,2025-12-01,29
P0008,L002,2025-12-01,105
P0009,L002,2025-12-01,62
P0010,L002,2025-12-01,172
P0011,L002,2025-12-01,119
P0012,L002,2025-12-01,5
P0013,L002,2025-12-01,21
P0014,L002,2025-12-01,39
P0015,L002,2025-12-01,196
P0016,L002,2025-12-01,51
P0017,L002,2025-12-01,115
P0018,L002,2025-12-01,132
P0019,L002,2025-12-01,117
P0020,L002,2025-12-01,158
P0021,L002,2025-12-01,100
P0022,L002,2025-12-01,179
P0023,L002,2025-12-01,100
P0024,L002,2025-12-01,66
P0025,L002,2025-12-01,63
P0026,L002,2025-12-01,51
P0027,L002,2025-12-01,160
P0028,L002,2025-12-01,156
P0029,L002,2025-12-01,82
P0030,L002,2025-12-01,67
P0031,L002,2025-12-01,59
P0032,L002,2025-12-01,196
P0033,L002,2025-12-01,143
P0034,L002,2025-12-01,146
P0035,L002,2025-12-01,22
P0036,L002,2025-12-01,91
P0037,L002,2025-12-01,167
P0038,L002,2025-12-01,51
P0039,L002,2025-12-01,55
P0040,L002,2025-12-01,175
P0041,L002,2025-12-01,25
P0042,L002,2025-12-01,70
P0043,L002,2025-12-01,148
P0044,L002,2025-12-01,6
P0045,L002,2025-12-01,78
P0046,L002,2025-12-01,25
P0047,L002,2025-12-01,65
P0048,L002,2025-12-01,182
P0049,L002,2025-12-01,45
P0050,L002,2025-12-01,179
P0051,L002,2025-12-01,147
P0052,L002,2025-12-01,13
P0053,L002,2025-12-01,1
P0054,L002,2025-12-01,143
P0055,L002,2025-12-01,44
P0056,L002,2025-12-01,36
P0057,L002,2025-12-01,0
P0058,L002,2025-12-01,71
P0059,L002,2025-12-01,13
P0060,L002,2025-12-01,148
P0061,L002,2025-12-01,193
P0062,L002,2025-12-01,128
P0063,L002,2025-12-01,176
P0064,L002,2025-12-01,50
P0065,L002,2025-12-01,74
P0066,L002,2025-12-01,134
P0067,L002,2025-12-01,21
P0068,L002,2025-12-01,156
P0069,L002,2025-12-01,132
P0070,L002,2025-12-01,151
P0071,L002,2025-12-01,192
P0072,L002,2025-12-01,22
P0073,L002,2025-12-01,32
P0074,L002,2025-12-01,18
P0075,L002,2025-12-01,177
P0076,L002,2025-12-01,172
P0077,L002,2025-12-01,96
P0078,L002,2025-12-01,27
P0079,L002,2025-12-01,96
P0080,L002,2025-12-01,130
P0081,L002,2025-12-01,116
P0082,L002,2025-12-01,42
P0083,L002,2025-12-01,36
P0084,L002,2025-12-01,178
P0085,L002,2025-12-01,195
P0086,L002,2025-12-01,80
P0087,L002,2025-12-01,134
P0088,L002,2025-12-01,182
P0089,L002,2025-12-01,50
P0090,L002,2025-12-01,177
P0091,L002,2025-12-01,144
P0092,L002,2025-12-01,26
P0093,L002,2025-12-01,180
P0094,L002,2025-12-01,113
P0095,L002,2025-12-01,9
P0096,L002,2025-12-01,180
P0097,L002,2025-12-01,159
P0098,L002,2025-12-01,148
P0099,L002,2025-12-01,131
P0100,L002,2025-12-01,182
P0101,L002,2025-12-01,153
P0102,L002,2025-12-01,187
P0103,L002,2025-12-01,183
P0104,L002,2025-12-01,-8
P0105,L002,2025-12-01,42
P0106,L002,2025-12-01,4
P0107,L002,2025-12-01,94
P0108,L002,2025-12-01,3
P0109,L002,2025-12-01,9
P0110,L002,2025-12-01,95
P0111,L002,2025-12-01,148
P0112,L002,2025-12-01,197
P0113,L002,2025-12-01,93
P0114,L002,2025-12-01,36
P0115,L002,2025-12-01,8
P0116,L002,2025-12-01,104
P0117,L002,2025-12-01,70
P0118,L002,2025-12-01,34
P0119,L002,2025-12-01,61
P0120,L002,2025-12-01,102
P0121,L002,2025-12-01,105
P0122,L002,2025-12-01,179
P0123,L002,2025-12-01,-9
P0124,L002,2025-12-01,195
P0125,L002,2025-12-01,100
P0126,L002,2025-12-01,179
P0127,L002,2025-12-01,146
P0128,L002,2025-12-01,142
P0129,L002,2025-12-01,174
P0130,L002,2025-12-01,179
P0131,L002,2025-12-01,76
P0132,L002,2025-12-01,115
P0133,L002,2025-12-01,81
P0134,L002,2025-12-01,195
P0135,L002,2025-12-01,89
P0136,L002,2025-12-01,21
P0137,L002,2025-12-01,159
P0138,L002,2025-12-01,30
P0139,L002,2025-12-01,11
P0140,L002,2025-12-01,167
P0141,L002,2025-12-01,199
P0142,L002,2025-12-01,169
P0143,L002,2025-12-01,150
P0144,L002,2025-12-01,176
P0145,L002,2025-12-01,48
P0146,L002,2025-12-01,3
P0147,L002,2025-12-01,176
P0148,L002,2025-12-01,70
P0149,L002,2025-12-01,117
P0150,L002,2025-12-01,51
P0001,L003,2025-12-01,104
P0002,L003,2025-12-01,110
P0003,L003,2025-12-01,0
P0004,L003,2025-12-01,194
P0005,L003,2025-12-01,161
P0006,L003,2025-12-01,187
P0007,L003,2025-12-01,49
P0008,L003,2025-12-01,32
P0009,L003,2025-12-01,37
P0010,L003,2025-12-01,199
P0011,L003,2025-12-01,52
P0012,L003,2025-12-01,166
P0013,L003,2025-12-01,62
P0014,L003,2025-12-01,166
P0015,L003,2025-12-01,47
P0016,L003,2025-12-01,118
P0017,L003,2025-12-01,104
P0018,L003,2025-12-01,114
P0019,L003,2025-12-01,168
P0020,L003,2025-12-01,147
P0021,L003,2025-12-01,116
P0022,L003,2025-12-01,171
P0023,L003,2025-12-01,150
P0024,L003,2025-12-01,103
P0025,L003,2025-12-01,138
P0026,L003,2025-12-01,122
P0027,L003,2025-12-01,136
P0028,L003,2025-12-01,83
P0029,L003,2025-12-01,88
P0030,L003,2025-12-01,105
P0031,L003,2025-12-01,91
P0032,L003,2025-12-01,37
P0033,L003,2025-12-01,193
P0034,L003,2025-12-01,141
P0035,L003,2025-12-01,122
P0036,L003,2025-12-01,188
P0037,L003,2025-12-01,84
P0038,L003,2025-12-01,144
P0039,L003,2025-12-01,52
P0040,L003,2025-12-01,58
P0041,L003,2025-12-01,59
P0042,L003,2025-12-01,7
P0043,L003,2025-12-01,68
P0044,L003,2025-12-01,44
P0045,L003,2025-12-01,96
P0046,L003,2025-12-01,47
P0047,L003,2025-12-01,6
P0048,L003,2025-12-01,83
P0049,L003,2025-12-01,172
P0050,L003,2025-12-01,69
P0051,L003,2025-12-01,1
P0052,L003,2025-12-01,11
P0053,L003,2025-12-01,176
P0054,L003,2025-12-01,44
P0055,L003,2025-12-01,20
P0056,L003,2025-12-01,46
P0057,L003,2025-12-01,24
P0058,L003,2025-12-01,190
P0059,L003,2025-12-01,112
P0060,L003,2025-12-01,127
P0061,L003,2025-12-01,123
P0062,L003,2025-12-01,22
P0063,L003,2025-12-01,110
P0064,L003,2025-12-01,75
P0065,L003,2025-12-01,42
P0066,L003,2025-12-01,96
P0067,L003,2025-12-01,40
P0068,L003,2025-12-01,195
P0069,L003,2025-12-01,154
P0070,L003,2025-12-01,54
P0071,L003,2025-12-01,72
P0072,L003,2025-12-01,160
P0073,L003,2025-12-01,26
P0074,L003,2025-12-01,159
P0075,L003,2025-12-01,166
P0076,L003,2025-12-01,122
P0077,L003,2025-12-01,10
P0078,L003,2025-12-01,175
P0079,L003,2025-12-01,117
P0080,L003,2025-12-01,28
P0081,L003,2025-12-01,164
P0082,L003,2025-12-01,167
P0083,L003,2025-12-01,136
P0084,L003,2025-12-01,76
P0085,L003,2025-12-01,177
P0086,L003,2025-12-01,81
P0087,L003,2025-12-01,188
P0088,L003,2025-12-01,21
P0089,L003,2025-12-01,48
P0090,L003,2025-12-01,145
P0091,L003,2025-12-01,38
P0092,L003,2025-12-01,163
P0093,L003,2025-12-01,54
P0094,L003,2025-12-01,65
P0095,L003,2025-12-01,85
P0096,L003,2025-12-01,46
P0097,L003,2025-12-01,55
P0098,L003,2025-12-01,23
P0099,L003,2025-12-01,90
P0100,L003,2025-12-01,54
P0101,L003,2025-12-01,40
P0102,L003,2025-12-01,59
P0103,L003,2025-12-01,112
P0104,L003,2025-12-01,99
P0105,L003,2025-12-01,194
P0106,L003,2025-12-01,183
P0107,L003,2025-12-01,100
P0108,L003,2025-12-01,56
P0109,L003,2025-12-01,49
P0110,L003,2025-12-01,169
P0111,L003,2025-12-01,110
P0112,L003,2025-12-01,32
P0113,L003,2025-12-01,127
P0114,L003,2025-12-01,69
P0115,L003,2025-12-01,98
P0116,L003,2025-12-01,128
P0117,L003,2025-12-01,98
P0118,L003,2025-12-01,110
P0119,L003,2025-12-01,118
P0120,L003,2025-12-01,199
P0121,L003,2025-12-01,156
P0122,L003,2025-12-01,123
P0123,L003,2025-12-01,10
P0124,L003,2025-12-01,10
P0125,L003,2025-12-01,106
P0126,L003,2025-12-01,117
P0127,L003,2025-12-01,120
P0128,L003,2025-12-01,153
P0129,L003,2025-12-01,17
P0130,L003,2025-12-01,103
P0131,L003,2025-12-01,147
P0132,L003,2025-12-01,136
P0133,L003,2025-12-01,190
P0134,L003,2025-12-01,187
P0135,L003,2025-12-01,193
P0136,L003,2025-12-01,152
P0137,L003,2025-12-01,87
P0138,L003,2025-12-01,80
P0139,L003,2025-12-01,199
P0140,L003,2025-12-01,120
P0141,L003,2025-12-01,101
P0142,L003,2025-12-01,24
P0143,L003,2025-12-01,13
P0144,L003,2025-12-01,96
P0145,L003,2025-12-01,92
P0146,L003,2025-12-01,97
P0147,L003,2025-12-01,69
P0148,L003,2025-12-01,88
P0149,L003,2025-12-01,25
P0150,L003,2025-12-01,149
P0001,L004,2025-12-01,45
P0002,L004,2025-12-01,13
P0003,L004,2025-12-01,99
P0004,L004,2025-12-01,83
P0005,L004,2025-12-01,129
P0006,L004,2025-12-01,158
P0007,L004,2025-12-01,183
P0008,L004,2025-12-01,124
P0009,L004,2025-12-01,56
P0010,L004,2025-12-01,90
P0011,L004,2025-12-01,108
P0012,L004,2025-12-01,55
P0013,L004,2025-12-01,175
P0014,L004,2025-12-01,3
P0015,L004,2025-12-01,12
P0016,L004,2025-12-01,79
P0017,L004,2025-12-01,162
P0018,L004,2025-12-01,78
P0019,L004,2025-12-01,-11
P0020,L004,2025-12-01,52
P0021,L004,2025-12-01,72
P0022,L004,2025-12-01,139
P0023,L004,2025-12-01,173
P0024,L004,2025-12-01,90
P0025,L004,2025-12-01,129
P0026,L004,2025-12-01,144
P0027,L004,2025-12-01,197
P0028,L004,2025-12-01,197
P0029,L004,2025-12-01,17
P0030,L004,2025-12-01,64
P0031,L004,2025-12-01,118
P0032,L004,2025-12-01,107
P0033,L004,2025-12-01,178
P0034,L004,2025-12-01,1
P0035,L004,2025-12-01,14
P0036,L004,2025-12-01,192
P0037,L004,2025-12-01,48
P0038,L004,2025-12-01,176
P0039,L004,2025-12-01,39
P0040,L004,2025-12-01,129
P0041,L004,2025-12-01,155
P0042,L004,2025-12-01,87
P0043,L004,2025-12-01,170
P0044,L004,2025-12-01,44
P0045,L004,2025-12-01,40
P0046,L004,2025-12-01,174
P0047,L004,2025-12-01,45
P0048,L004,2025-12-01,179
P0049,L004,2025-12-01,2
P0050,L004,2025-12-01,103
P0051,L004,2025-12-01,189
P0052,L004,2025-12-01,144
P0053,L004,2025-12-01,98
P0054,L004,2025-12-01,182
P0055,L004,2025-12-01,78
P0056,L004,2025-12-01,129
P0057,L004,2025-12-01,83
P0058,L004,2025-12-01,145
P0059,L004,2025-12-01,177
P0060,L004,2025-12-01,20
P0061,L004,2025-12-01,163
P0062,L004,2025-12-01,7
P0063,L004,2025-12-01,174
P0064,L004,2025-12-01,115
P0065,L004,2025-12-01,30
P0066,L004,2025-12-01,17
P0067,L004,2025-12-01,195
P0068,L004,2025-12-01,76
P0069,L004,2025-12-01,63
P0070,L004,2025-12-01,145
P0071,L004,2025-12-01,42
P0072,L004,2025-12-01,46
P0073,L004,2025-12-01,7
P0074,L004,2025-12-01,67
P0075,L004,2025-12-01,165
P0076,L004,2025-12-01,66
P0077,L004,2025-12-01,133
P0078,L004,2025-12-01,126
P0079,L004,2025-12-01,161
P0080,L004,2025-12-01,29
P0081,L004,2025-12-01,199
P0082,L004,2025-12-01,62
P0083,L004,2025-12-01,162
P0084,L004,2025-12-01,63
P0085,L004,2025-12-01,80
P0086,L004,2025-12-01,111
P0087,L004,2025-12-01,56
P0088,L004,2025-12-01,77
P0089,L004,2025-12-01,198
P0090,L004,2025-12-01,6
P0091,L004,2025-12-01,96
P0092,L004,2025-12-01,76
P0093,L004,2025-12-01,1
P0094,L004,2025-12-01,14
P0095,L004,2025-12-01,23
P0096,L004,2025-12-01,176
P0097,L004,2025-12-01,32
P0098,L004,2025-12-01,53
P0099,L004,2025-12-01,66
P0100,L004,2025-12-01,49
P0101,L004,2025-12-01,194
P0102,L004,2025-12-01,14
P0103,L004,2025-12-01,181
P0104,L004,2025-12-01,114
P0105,L004,2025-12-01,140
P0106,L004,2025-12-01,169
P0107,L004,2025-12-01,95
P0108,L004,2025-12-01,186
P0109,L004,2025-12-01,11
P0110,L004,2025-12-01,128
P0111,L004,2025-12-01,140
P0112,L004,2025-12-01,28
P0113,L004,2025-12-01,133
P0114,L004,2025-12-01,184
P0115,L004,2025-12-01,129
P0116,L004,2025-12-01,33
P0117,L004,2025-12-01,33
P0118,L004,2025-12-01,86
P0119,L004,2025-12-01,154
P0120,L004,2025-12-01,132
P0121,L004,2025-12-01,-2
P0122,L004,2025-12-01,66
P0123,L004,2025-12-01,89
P0124,L004,2025-12-01,129
P0125,L004,2025-12-01,-3
P0126,L004,2025-12-01,97
P0127,L004,2025-12-01,50
P0128,L004,2025-12-01,166
P0129,L004,2025-12-01,11
P0130,L004,2025-12-01,146
P0131,L004,2025-12-01,97
P0132,L004,2025-12-01,150
P0133,L004,2025-12-01,79
P0134,L004,2025-12-01,132
P0135,L004,2025-12-01,44
P0136,L004,2025-12-01,166
P0137,L004,2025-12-01,30
P0138,L004,2025-12-01,87
P0139,L004,2025-12-01,77
P0140,L004,2025-12-01,130
P0141,L004,2025-12-01,52
P0142,L004,2025-12-01,146
P0143,L004,2025-12-01,119
P0144,L004,2025-12-01,51
P0145,L004,2025-12-01,50
P0146,L004,2025-12-01,83
P0147,L004,2025-12-01,90
P0148,L004,2025-12-01,194
P0149,L004,2025-12-01,152
P0150,L004,2025-12-01,93
P0001,L005,2025-12-01,23
P0002,L005,2025-12-01,160
P0003,L005,2025-12-01,122
P0004,L005,2025-12-01,27
P0005,L005,2025-12-01,124
P0006,L005,2025-12-01,47
P0007,L005,2025-12-01,145
P0008,L005,2025-12-01,91
P0009,L005,2025-12-01,96
P0010,L005,2025-12-01,93
P0011,L005,2025-12-01,146
P0012,L005,2025-12-01,66
P0013,L005,2025-12-01,14
P0014,L005,2025-12-01,184
P0015,L005,2025-12-01,163
P0016,L005,2025-12-01,141
P0017,L005,2025-12-01,83
P0018,L005,2025-12-01,116
P0019,L005,2025-12-01,19
P0020,L005,2025-12-01,33
P0021,L005,2025-12-01,157
P0022,L005,2025-12-01,199
P0023,L005,2025-12-01,109
P0024,L005,2025-12-01,146
P0025,L005,2025-12-01,123
P0026,L005,2025-12-01,185
P0027,L005,2025-12-01,44
P0028,L005,2025-12-01,69
P0029,L005,2025-12-01,181
P0030,L005,2025-12-01,135
P0031,L005,2025-12-01,133
P0032,L005,2025-12-01,187
P0033,L005,2025-12-01,21
P0034,L005,2025-12-01,180
P0035,L005,2025-12-01,159
P0036,L005,2025-12-01,168
P0037,L005,2025-12-01,36
P0038,L005,2025-12-01,79
P0039,L005,2025-12-01,184
P0040,L005,2025-12-01,95
P0041,L005,2025-12-01,65
P0042,L005,2025-12-01,10
P0043,L005,2025-12-01,32
P0044,L005,2025-12-01,129
P0045,L005,2025-12-01,62
P0046,L005,2025-12-01,28
P0047,L005,2025-12-01,177
P0048,L005,2025-12-01,98
P0049,L005,2025-12-01,153
P0050,L005,2025-12-01,128
P0051,L005,2025-12-01,171
P0052,L005,2025-12-01,23
P0053,L005,2025-12-01,175
P0054,L005,2025-12-01,50
P0055,L005,2025-12-01,44
P0056,L005,2025-12-01,36
P0057,L005,2025-12-01,141
P0058,L005,2025-12-01,178
P0059,L005,2025-12-01,150
P0060,L005,2025-12-01,155
P0061,L005,2025-12-01,130
P0062,L005,2025-12-01,10
P0063,L005,2025-12-01,153
P0064,L005,2025-12-01,168
P0065,L005,2025-12-01,91
P0066,L005,2025-12-01,169
P0067,L005,2025-12-01,35
P0068,L005,2025-12-01,189
P0069,L005,2025-12-01,109
P0070,L005,2025-12-01,27
P0071,L005,2025-12-01,178
P0072,L005,2025-12-01,62
P0073,L005,2025-12-01,111
P0074,L005,2025-12-01,181
P0075,L005,2025-12-01,199
P0076,L005,2025-12-01,169
P0077,L005,2025-12-01,160
P0078,L005,2025-12-01,150
P0079,L005,2025-12-01,150
P0080,L005,2025-12-01,115
P0081,L005,2025-12-01,75
P0082,L005,2025-12-01,80
P0083,L005,2025-12-01,104
P0084,L005,2025-12-01,99
P0085,L005,2025-12-01,85
P0086,L005,2025-12-01,75
P0087,L005,2025-12-01,6
P0088,L005,2025-12-01,21
P0089,L005,2025-12-01,193
P0090,L005,2025-12-01,142
P0091,L005,2025-12-01,47
P0092,L005,2025-12-01,13
P0093,L005,2025-12-01,148
P0094,L005,2025-12-01,131
P0095,L005,2025-12-01,138
P0096,L005,2025-12-01,81
P0097,L005,2025-12-01,116
P0098,L005,2025-12-01,2
P0099,L005,2025-12-01,22
P0100,L005,2025-12-01,172
P0101,L005,2025-12-01,34
P0102,L005,2025-12-01,157
P0103,L005,2025-12-01,65
P0104,L005,2025-12-01,91
P0105,L005,2025-12-01,74
P0106,L005,2025-12-01,53
P0107,L005,2025-12-01,162
P0108,L005,2025-12-01,149
P0109,L005,2025-12-01,78
P0110,L005,2025-12-01,51
P0111,L005,2025-12-01,17
P0112,L005,2025-12-01,106
P0113,L005,2025-12-01,199
P0114,L005,2025-12-01,105
P0115,L005,2025-12-01,36
P0116,L005,2025-12-01,13
P0117,L005,2025-12-01,186
P0118,L005,2025-12-01,46
P0119,L005,2025-12-01,47
P0120,L005,2025-12-01,72
P0121,L005,2025-12-01,15
P0122,L005,2025-12-01,104
P0123,L005,2025-12-01,135
P0124,L005,2025-12-01,49
P0125,L005,2025-12-01,47
P0126,L005,2025-12-01,177
P0127,L005,2025-12-01,50
P0128,L005,2025-12-01,77
P0129,L005,2025-12-01,6
P0130,L005,2025-12-01,190
P0131,L005,2025-12-01,178
P0132,L005,2025-12-01,109
P0133,L005,2025-12-01,189
P0134,L005,2025-12-01,102
P0135,L005,2025-12-01,69
P0136,L005,2025-12-01,81
P0137,L005,2025-12-01,160
P0138,L005,2025-12-01,195
P0139,L005,2025-12-01,38
P0140,L005,2025-12-01,108
P0141,L005,2025-12-01,55
P0142,L005,2025-12-01,91
P0143,L005,2025-12-01,174
P0144,L005,2025-12-01,48
P0145,L005,2025-12-01,165
P0146,L005,2025-12-01,177
P0147,L005,2025-12-01,18
P0148,L005,2025-12-01,124
P0149,L005,2025-12-01,156
P0150,L005,2025-12-01,76
P0001,L006,2025-12-01,71
P0002,L006,2025-12-01,142
P0003,L006,2025-12-01,153
P0004,L006,2025-12-01,12
P0005,L006,2025-12-01,27
P0006,L006,2025-12-01,60
P0007,L006,2025-12-01,190
P0008,L006,2025-12-01,83
P0009,L006,2025-12-01,137
P0010,L006,2025-12-01,48
P0011,L006,2025-12-01,62
P0012,L006,2025-12-01,49
P0013,L006,2025-12-01,61
P0014,L006,2025-12-01,3
P0015,L006,2025-12-01,124
P0016,L006,2025-12-01,138
P0017,L006,2025-12-01,26
P0018,L006,2025-12-01,25
P0019,L006,2025-12-01,106
P0020,L006,2025-12-01,41
P0021,L006,2025-12-01,162
P0022,L006,2025-12-01,98
P0023,L006,2025-12-01,120
P0024,L006,2025-12-01,104
P0025,L006,2025-12-01,152
P0026,L006,2025-12-01,3
P0027,L006,2025-12-01,152
P0028,L006,2025-12-01,58
P0029,L006,2025-12-01,11
P0030,L006,2025-12-01,64
P0031,L006,2025-12-01,197
P0032,L006,2025-12-01,47
P0033,L006,2025-12-01,113
P0034,L006,2025-12-01,12
P0035,L006,2025-12-01,181
P0036,L006,2025-12-01,28
P0037,L006,2025-12-01,99
P0038,L006,2025-12-01,106
P0039,L006,2025-12-01,174
P0040,L006,2025-12-01,167
P0041,L006,2025-12-01,176
P0042,L006,2025-12-01,17
P0043,L006,2025-12-01,3
P0044,L006,2025-12-01,151
P0045,L006,2025-12-01,84
P0046,L006,2025-12-01,9
P0047,L006,2025-12-01,55
P0048,L006,2025-12-01,150
P0049,L006,2025-12-01,158
P0050,L006,2025-12-01,82
P0051,L006,2025-12-01,199
P0052,L006,2025-12-01,120
P0053,L006,2025-12-01,153
P0054,L006,2025-12-01,148
P0055,L006,2025-12-01,122
P0056,L006,2025-12-01,37
P0057,L006,2025-12-01,39
P0058,L006,2025-12-01,34
P0059,L006,2025-12-01,131
P0060,L006,2025-12-01,194
P0061,L006,2025-12-01,60
P0062,L006,2025-12-01,127
P0063,L006,2025-12-01,132
P0064,L006,2025-12-01,89
P0065,L006,2025-12-01,148
P0066,L006,2025-12-01,73
P0067,L006,2025-12-01,45
P0068,L006,2025-12-01,50
P0069,L006,2025-12-01,58
P0070,L006,2025-12-01,189
P0071,L006,2025-12-01,169
P0072,L006,2025-12-01,181
P0073,L006,2025-12-01,46
P0074,L006,2025-12-01,127
P0075,L006,2025-12-01,70
P0076,L006,2025-12-01,6
P0077,L006,2025-12-01,111
P0078,L006,2025-12-01,159
P0079,L006,2025-12-01,12
P0080,L006,2025-12-01,179
P0081,L006,2025-12-01,164
P0082,L006,2025-12-01,73
P0083,L006,2025-12-01,176
P0084,L006,2025-12-01,27
P0085,L006,2025-12-01,40
P0086,L006,2025-12-01,128
P0087,L006,2025-12-01,81
P0088,L006,2025-12-01,11
P0089,L006,2025-12-01,189
P0090,L006,2025-12-01,10
P0091,L006,2025-12-01,160
P0092,L006,2025-12-01,163
P0093,L006,2025-12-01,55
P0094,L006,2025-12-01,106
P0095,L006,2025-12-01,10
P0096,L006,2025-12-01,72
P0097,L006,2025-12-01,79
P0098,L006,2025-12-01,15
P0099,L006,2025-12-01,37
P0100,L006,2025-12-01,12
P0101,L006,2025-12-01,2
P0102,L006,2025-12-01,36
P0103,L006,2025-12-01,14
P0104,L006,2025-12-01,41
P0105,L006,2025-12-01,176
P0106,L006,2025-12-01,133
P0107,L006,2025-12-01,17
P0108,L006,2025-12-01,149
P0109,L006,2025-12-01,93
P0110,L006,2025-12-01,31
P0111,L006,2025-12-01,142
P0112,L006,2025-12-01,136
P0113,L006,2025-12-01,91
P0114,L006,2025-12-01,80
P0115,L006,2025-12-01,180
P0116,L006,2025-12-01,167
P0117,L006,2025-12-01,86
P0118,L006,2025-12-01,104
P0119,L006,2025-12-01,33
P0120,L006,2025-12-01,153
P0121,L006,2025-12-01,15
P0122,L006,2025-12-01,74
P0123,L006,2025-12-01,90
P0124,L006,2025-12-01,41
P0125,L006,2025-12-01,97
P0126,L006,2025-12-01,190
P0127,L006,2025-12-01,75
P0128,L006,2025-12-01,61
P0129,L006,2025-12-01,71
P0130,L006,2025-12-01,146
P0131,L006,2025-12-01,138
P0132,L006,2025-12-01,195
P0133,L006,2025-12-01,148
P0134,L006,2025-12-01,103
P0135,L006,2025-12-01,87
P0136,L006,2025-12-01,26
P0137,L006,2025-12-01,110
P0138,L006,2025-12-01,90
P0139,L006,2025-12-01,81
P0140,L006,2025-12-01,155
P0141,L006,2025-12-01,46
P0142,L006,2025-12-01,63
P0143,L006,2025-12-01,13
P0144,L006,2025-12-01,49
P0145,L006,2025-12-01,92
P0146,L006,2025-12-01,75
P0147,L006,2025-12-01,126
P0148,L006,2025-12-01,132
P0149,L006,2025-12-01,126
P0150,L006,2025-12-01,58
P0001,L100,2025-12-01,96
P0002,L100,2025-12-01,-6
P0003,L100,2025-12-01,91
P0004,L100,2025-12-01,87
P0005,L100,2025-12-01,197
P0006,L100,2025-12-01,3
P0007,L100,2025-12-01,67
P0008,L100,2025-12-01,88
P0009,L100,2025-12-01,129
P0010,L100,2025-12-01,75
P0011,L100,2025-12-01,120
P0012,L100,2025-12-01,112
P0013,L100,2025-12-01,167
P0014,L100,2025-12-01,57
P0015,L100,2025-12-01,63
P0016,L100,2025-12-01,114
P0017,L100,2025-12-01,58
P0018,L100,2025-12-01,53
P0019,L100,2025-12-01,90
P0020,L100,2025-12-01,32
P0021,L100,2025-12-01,126
P0022,L100,2025-12-01,3
P0023,L100,2025-12-01,122
P0024,L100,2025-12-01,55
P0025,L100,2025-12-01,51
P0026,L100,2025-12-01,6
P0027,L100,2025-12-01,126
P0028,L100,2025-12-01,73
P0029,L100,2025-12-01,33
P0030,L100,2025-12-01,138
P0031,L100,2025-12-01,193
P0032,L100,2025-12-01,0
P0033,L100,2025-12-01,110
P0034,L100,2025-12-01,190
P0035,L100,2025-12-01,79
P0036,L100,2025-12-01,81
P0037,L100,2025-12-01,17
P0038,L100,2025-12-01,55
P0039,L100,2025-12-01,67
P0040,L100,2025-12-01,145
P0041,L100,2025-12-01,85
P0042,L100,2025-12-01,196
P0043,L100,2025-12-01,5
P0044,L100,2025-12-01,188
P0045,L100,2025-12-01,81
P0046,L100,2025-12-01,43
P0047,L100,2025-12-01,51
P0048,L100,2025-12-01,96
P0049,L100,2025-12-01,84
P0050,L100,2025-12-01,70
P0051,L100,2025-12-01,100
P0052,L100,2025-12-01,105
P0053,L100,2025-12-01,156
P0054,L100,2025-12-01,69
P0055,L100,2025-12-01,71
P0056,L100,2025-12-01,51
P0057,L100,2025-12-01,74
P0058,L100,2025-12-01,169
P0059,L100,2025-12-01,47
P0060,L100,2025-12-01,165
P0061,L100,2025-12-01,150
P0062,L100,2025-12-01,2
P0063,L100,2025-12-01,185
P0064,L100,2025-12-01,87
P0065,L100,2025-12-01,76
P0066,L100,2025-12-01,32
P0067,L100,2025-12-01,193
P0068,L100,2025-12-01,53
P0069,L100,2025-12-01,152
P0070,L100,2025-12-01,-6
P0071,L100,2025-12-01,188
P0072,L100,2025-12-01,73
P0073,L100,2025-12-01,153
P0074,L100,2025-12-01,94
P0075,L100,2025-12-01,37
P0076,L100,2025-12-01,161
P0077,L100,2025-12-01,57
P0078,L100,2025-12-01,197
P0079,L100,2025-12-01,147
P0080,L100,2025-12-01,22
P0081,L100,2025-12-01,71
P0082,L100,2025-12-01,154
P0083,L100,2025-12-01,82
P0084,L100,2025-12-01,129
P0085,L100,2025-12-01,66
P0086,L100,2025-12-01,75
P0087,L100,2025-12-01,48
P0088,L100,2025-12-01,82
P0089,L100,2025-12-01,145
P0090,L100,2025-12-01,41
P0091,L100,2025-12-01,90
P0092,L100,2025-12-01,128
P0093,L100,2025-12-01,172
P0094,L100,2025-12-01,120
P0095,L100,2025-12-01,157
P0096,L100,2025-12-01,35
P0097,L100,2025-12-01,178
P0098,L100,2025-12-01,39
P0099,L100,2025-12-01,124
P0100,L100,2025-12-01,7
P0101,L100,2025-12-01,34
P0102,L100,2025-12-01,107
P0103,L100,2025-12-01,122
P0104,L100,2025-12-01,177
P0105,L100,2025-12-01,141
P0106,L100,2025-12-01,32
P0107,L100,2025-12-01,21
P0108,L100,2025-12-01,16
P0109,L100,2025-12-01,0
P0110,L100,2025-12-01,1
P0111,L100,2025-12-01,56
P0112,L100,2025-12-01,60
P0113,L100,2025-12-01,19
P0114,L100,2025-12-01,77
P0115,L100,2025-12-01,185
P0116,L100,2025-12-01,94
P0117,L100,2025-12-01,106
P0118,L100,2025-12-01,118
P0119,L100,2025-12-01,43
P0120,L100,2025-12-01,43
P0121,L100,2025-12-01,106
P0122,L100,2025-12-01,47
P0123,L100,2025-12-01,50
P0124,L100,2025-12-01,63
P0125,L100,2025-12-01,88
P0126,L100,2025-12-01,96
P0127,L100,2025-12-01,2
P0128,L100,2025-12-01,61
P0129,L100,2025-12-01,32
P0130,L100,2025-12-01,101
P0131,L100,2025-12-01,112
P0132,L100,2025-12-01,1
P0133,L100,2025-12-01,158
P0134,L100,2025-12-01,183
P0135,L100,2025-12-01,196
P0136,L100,2025-12-01,97
P0137,L100,2025-12-01,192
P0138,L100,2025-12-01,143
P0139,L100,2025-12-01,102
P0140,L100,2025-12-01,74
P0141,L100,2025-12-01,152
P0142,L100,2025-12-01,123
P0143,L100,2025-12-01,49
P0144,L100,2025-12-01,152
P0145,L100,2025-12-01,132
P0146,L100,2025-12-01,49
P0147,L100,2025-12-01,71
P0148,L100,2025-12-01,15
P0149,L100,2025-12-01,156
P0150,L100,2025-12-01,188
